grid_id,date,year,month,day,day_of_year,doy_sin,doy_cos,is_winter,is_stubble_burning,facility_count,centroid_lat,centroid_lon,daily_avg_pm25,morning_rush_avg_pm25,daily_peak_pm25
GRID_R02_C05,2021-10-01,2021,10,1,274,-1.0,0.0011,0,0,1,28.525,77.175,50.61,68.41,177.0
GRID_R02_C05,2021-10-02,2021,10,2,275,-0.9998,0.0183,0,0,1,28.525,77.175,54.83,55.51,178.5
GRID_R02_C05,2021-10-03,2021,10,3,276,-0.9994,0.0355,0,0,1,28.525,77.175,37.36,49.38,114.33
GRID_R02_C05,2021-10-04,2021,10,4,277,-0.9986,0.0527,0,0,1,28.525,77.175,31.82,36.44,482.25
GRID_R02_C05,2021-10-05,2021,10,5,278,-0.9976,0.0698,0,0,1,28.525,77.175,40.86,32.54,129.73
GRID_R02_C05,2021-10-06,2021,10,6,279,-0.9962,0.087,0,0,1,28.525,77.175,51.69,62.61,703.3
GRID_R02_C05,2021-10-07,2021,10,7,280,-0.9946,0.1041,0,0,1,28.525,77.175,64.6,64.7,287.25
GRID_R02_C05,2021-10-08,2021,10,8,281,-0.9926,0.1212,0,0,1,28.525,77.175,71.38,81.18,261.75
GRID_R02_C05,2021-10-09,2021,10,9,282,-0.9904,0.1383,0,0,1,28.525,77.175,67.06,72.61,196.82
GRID_R02_C05,2021-10-10,2021,10,10,283,-0.9879,0.1553,0,0,1,28.525,77.175,64.56,73.76,191.25
GRID_R02_C05,2021-10-11,2021,10,11,284,-0.9851,0.1722,0,0,1,28.525,77.175,65.95,77.68,410.33
GRID_R02_C05,2021-10-12,2021,10,12,285,-0.9819,0.1892,0,0,1,28.525,77.175,70.25,97.36,458.45
GRID_R02_C05,2021-10-13,2021,10,13,286,-0.9785,0.206,0,0,1,28.525,77.175,77.42,89.43,166.0
GRID_R02_C05,2021-10-14,2021,10,14,287,-0.9749,0.2228,0,0,1,28.525,77.175,75.29,88.05,215.48
GRID_R02_C05,2021-10-15,2021,10,15,288,-0.9709,0.2396,1,0,1,28.525,77.175,91.62,99.28,230.0
GRID_R02_C05,2021-10-16,2021,10,16,289,-0.9666,0.2562,1,0,1,28.525,77.175,160.6,172.85,361.5
GRID_R02_C05,2021-10-17,2021,10,17,290,-0.9621,0.2728,1,0,1,28.525,77.175,113.29,165.29,654.75
GRID_R02_C05,2021-10-18,2021,10,18,291,-0.9572,0.2893,1,0,1,28.525,77.175,16.65,9.86,205.1
GRID_R02_C05,2021-10-19,2021,10,19,292,-0.9521,0.3057,1,0,1,28.525,77.175,52.53,30.74,186.91
GRID_R02_C05,2021-10-20,2021,10,20,293,-0.9467,0.3221,1,1,1,28.525,77.175,100.85,96.99,499.75
GRID_R02_C05,2021-10-21,2021,10,21,294,-0.941,0.3383,1,1,1,28.525,77.175,72.64,65.57,366.97
GRID_R02_C05,2021-10-22,2021,10,22,295,-0.9351,0.3545,1,1,1,28.525,77.175,56.72,47.4,298.0
GRID_R02_C05,2021-10-23,2021,10,23,296,-0.9288,0.3705,1,1,1,28.525,77.175,62.65,87.92,226.8
GRID_R02_C05,2021-10-24,2021,10,24,297,-0.9223,0.3864,1,1,1,28.525,77.175,65.97,88.51,297.68
GRID_R02_C05,2021-10-25,2021,10,25,298,-0.9155,0.4022,1,1,1,28.525,77.175,42.21,38.28,158.2
GRID_R02_C05,2021-10-26,2021,10,26,299,-0.9085,0.4179,1,1,1,28.525,77.175,69.24,73.6,325.66
GRID_R02_C05,2021-10-27,2021,10,27,300,-0.9012,0.4335,1,1,1,28.525,77.175,109.05,132.76,962.47
GRID_R02_C05,2021-10-28,2021,10,28,301,-0.8936,0.4489,1,1,1,28.525,77.175,124.19,149.44,466.25
GRID_R02_C05,2021-10-29,2021,10,29,302,-0.8857,0.4642,1,1,1,28.525,77.175,130.53,166.58,432.43
GRID_R02_C05,2021-10-30,2021,10,30,303,-0.8776,0.4794,1,1,1,28.525,77.175,112.9,148.67,269.0
GRID_R02_C05,2021-10-31,2021,10,31,304,-0.8692,0.4944,1,1,1,28.525,77.175,134.45,158.28,680.02
GRID_R02_C05,2021-11-01,2021,11,1,305,-0.8606,0.5093,1,1,1,28.525,77.175,139.16,150.74,417.56
GRID_R02_C05,2021-11-02,2021,11,2,306,-0.8517,0.524,1,1,1,28.525,77.175,134.71,158.39,401.0
GRID_R02_C05,2021-11-03,2021,11,3,307,-0.8426,0.5386,1,1,1,28.525,77.175,162.74,158.28,704.5
GRID_R02_C05,2021-11-04,2021,11,4,308,-0.8332,0.553,1,1,1,28.525,77.175,316.9,267.75,995.0
GRID_R02_C05,2021-11-05,2021,11,5,309,-0.8235,0.5672,1,1,1,28.525,77.175,416.77,519.22,997.63
GRID_R02_C05,2021-11-06,2021,11,6,310,-0.8137,0.5813,1,1,1,28.525,77.175,319.47,332.39,765.0
GRID_R02_C05,2021-11-07,2021,11,7,311,-0.8035,0.5952,1,1,1,28.525,77.175,262.63,321.22,593.5
GRID_R02_C05,2021-11-08,2021,11,8,312,-0.7932,0.609,1,1,1,28.525,77.175,253.53,332.58,650.67
GRID_R02_C05,2021-11-09,2021,11,9,313,-0.7826,0.6225,1,1,1,28.525,77.175,265.25,323.17,751.35
GRID_R02_C05,2021-11-10,2021,11,10,314,-0.7718,0.6359,1,1,1,28.525,77.175,233.41,205.8,975.1
GRID_R02_C05,2021-11-11,2021,11,11,315,-0.7607,0.6491,1,1,1,28.525,77.175,306.53,285.69,997.6
GRID_R02_C05,2021-11-12,2021,11,12,316,-0.7494,0.6621,1,1,1,28.525,77.175,384.56,440.73,699.75
GRID_R02_C05,2021-11-13,2021,11,13,317,-0.7379,0.6749,1,1,1,28.525,77.175,263.07,360.29,663.0
GRID_R02_C05,2021-11-14,2021,11,14,318,-0.7262,0.6875,1,1,1,28.525,77.175,183.04,182.18,559.29
GRID_R02_C05,2021-11-15,2021,11,15,319,-0.7143,0.6998,1,1,1,28.525,77.175,208.8,195.1,652.86
GRID_R02_C05,2021-11-16,2021,11,16,320,-0.7021,0.712,1,1,1,28.525,77.175,252.06,314.24,573.9
GRID_R02_C05,2021-11-17,2021,11,17,321,-0.6898,0.724,1,1,1,28.525,77.175,213.03,249.61,545.68
GRID_R02_C05,2021-11-18,2021,11,18,322,-0.6772,0.7358,1,1,1,28.525,77.175,213.94,273.22,646.09
GRID_R02_C05,2021-11-19,2021,11,19,323,-0.6645,0.7473,1,1,1,28.525,77.175,230.41,286.23,473.25
GRID_R02_C05,2021-11-20,2021,11,20,324,-0.6515,0.7586,1,1,1,28.525,77.175,222.03,248.07,543.81
GRID_R02_C05,2021-11-21,2021,11,21,325,-0.6384,0.7697,1,0,1,28.525,77.175,187.73,249.24,521.07
GRID_R02_C05,2021-11-22,2021,11,22,326,-0.625,0.7806,1,0,1,28.525,77.175,139.41,164.24,300.25
GRID_R02_C05,2021-11-23,2021,11,23,327,-0.6115,0.7912,1,0,1,28.525,77.175,152.83,146.69,558.85
GRID_R02_C05,2021-11-24,2021,11,24,328,-0.5978,0.8016,1,0,1,28.525,77.175,232.67,238.73,630.92
GRID_R02_C05,2021-11-25,2021,11,25,329,-0.584,0.8118,1,0,1,28.525,77.175,258.26,281.81,647.5
GRID_R02_C05,2021-11-26,2021,11,26,330,-0.5699,0.8217,1,0,1,28.525,77.175,272.51,342.73,920.5
GRID_R02_C05,2021-11-27,2021,11,27,331,-0.5557,0.8314,1,0,1,28.525,77.175,252.82,277.26,564.9
GRID_R02_C05,2021-11-28,2021,11,28,332,-0.5413,0.8408,1,0,1,28.525,77.175,268.55,303.6,571.25
GRID_R02_C05,2021-11-29,2021,11,29,333,-0.5268,0.85,1,0,1,28.525,77.175,214.44,280.48,591.75
GRID_R02_C05,2021-11-30,2021,11,30,334,-0.5121,0.859,1,0,1,28.525,77.175,174.95,178.7,418.7
GRID_R02_C05,2021-12-01,2021,12,1,335,-0.4972,0.8676,1,0,1,28.525,77.175,251.75,224.22,628.25
GRID_R02_C05,2021-12-02,2021,12,2,336,-0.4822,0.8761,1,0,1,28.525,77.175,262.35,303.28,728.75
GRID_R02_C05,2021-12-03,2021,12,3,337,-0.4671,0.8842,1,0,1,28.525,77.175,203.28,200.73,689.0
GRID_R02_C05,2021-12-04,2021,12,4,338,-0.4518,0.8921,1,0,1,28.525,77.175,171.39,225.64,515.5
GRID_R02_C05,2021-12-05,2021,12,5,339,-0.4364,0.8998,1,0,1,28.525,77.175,182.26,212.15,633.25
GRID_R02_C05,2021-12-06,2021,12,6,340,-0.4208,0.9071,1,0,1,28.525,77.175,143.38,158.74,633.9
GRID_R02_C05,2021-12-07,2021,12,7,341,-0.4052,0.9142,1,0,1,28.525,77.175,109.64,123.65,298.75
GRID_R02_C05,2021-12-08,2021,12,8,342,-0.3894,0.9211,1,0,1,28.525,77.175,115.53,127.39,389.45
GRID_R02_C05,2021-12-09,2021,12,9,343,-0.3735,0.9276,1,0,1,28.525,77.175,158.44,158.08,686.75
GRID_R02_C05,2021-12-10,2021,12,10,344,-0.3575,0.9339,1,0,1,28.525,77.175,150.32,162.28,433.25
GRID_R02_C05,2021-12-11,2021,12,11,345,-0.3413,0.9399,1,0,1,28.525,77.175,122.17,130.1,659.0
GRID_R02_C05,2021-12-12,2021,12,12,346,-0.3251,0.9457,1,0,1,28.525,77.175,143.5,134.15,629.5
GRID_R02_C05,2021-12-13,2021,12,13,347,-0.3088,0.9511,1,0,1,28.525,77.175,208.48,262.92,938.0
GRID_R02_C05,2021-12-14,2021,12,14,348,-0.2924,0.9563,1,0,1,28.525,77.175,226.41,276.31,658.75
GRID_R02_C05,2021-12-15,2021,12,15,349,-0.2759,0.9612,1,0,1,28.525,77.175,189.78,199.17,524.0
GRID_R02_C05,2021-12-16,2021,12,16,350,-0.2593,0.9658,1,0,1,28.525,77.175,219.25,233.31,550.25
GRID_R02_C05,2021-12-17,2021,12,17,351,-0.2427,0.9701,1,0,1,28.525,77.175,151.99,187.97,383.0
GRID_R02_C05,2021-12-18,2021,12,18,352,-0.226,0.9741,1,0,1,28.525,77.175,139.07,141.5,418.8
GRID_R02_C05,2021-12-19,2021,12,19,353,-0.2092,0.9779,1,0,1,28.525,77.175,145.13,122.5,489.5
GRID_R02_C05,2021-12-20,2021,12,20,354,-0.1923,0.9813,1,0,1,28.525,77.175,196.18,164.86,985.0
GRID_R02_C05,2021-12-21,2021,12,21,355,-0.1754,0.9845,1,0,1,28.525,77.175,296.12,370.11,985.0
GRID_R02_C05,2021-12-22,2021,12,22,356,-0.1585,0.9874,1,0,1,28.525,77.175,304.49,357.49,918.5
GRID_R02_C05,2021-12-23,2021,12,23,357,-0.1414,0.9899,1,0,1,28.525,77.175,352.64,422.22,840.0
GRID_R02_C05,2021-12-24,2021,12,24,358,-0.1244,0.9922,1,0,1,28.525,77.175,290.86,319.31,879.5
GRID_R02_C05,2021-12-25,2021,12,25,359,-0.1073,0.9942,1,0,1,28.525,77.175,365.24,386.2,973.0
GRID_R02_C05,2021-12-26,2021,12,26,360,-0.0902,0.9959,1,0,1,28.525,77.175,367.61,427.16,835.5
GRID_R02_C05,2021-12-27,2021,12,27,361,-0.073,0.9973,1,0,1,28.525,77.175,119.32,105.9,707.25
GRID_R02_C05,2021-12-28,2021,12,28,362,-0.0559,0.9984,1,0,1,28.525,77.175,149.27,152.45,465.0
GRID_R02_C05,2021-12-29,2021,12,29,363,-0.0387,0.9993,1,0,1,28.525,77.175,138.01,156.99,751.75
GRID_R02_C05,2021-12-30,2021,12,30,364,-0.0215,0.9998,1,0,1,28.525,77.175,164.4,186.85,931.8
GRID_R02_C05,2021-12-31,2021,12,31,365,-0.0043,1.0,1,0,1,28.525,77.175,188.11,204.05,934.1
GRID_R02_C05,2022-01-01,2022,1,1,1,0.0172,0.9999,1,0,1,28.525,77.175,238.69,202.42,773.5
GRID_R02_C05,2022-01-02,2022,1,2,2,0.0344,0.9994,1,0,1,28.525,77.175,265.11,270.07,818.75
GRID_R02_C05,2022-01-03,2022,1,3,3,0.0516,0.9987,1,0,1,28.525,77.175,246.69,235.29,856.0
GRID_R02_C05,2022-01-04,2022,1,4,4,0.0688,0.9976,1,0,1,28.525,77.175,220.81,252.29,698.75
GRID_R02_C05,2022-01-05,2022,1,5,5,0.0859,0.9963,1,0,1,28.525,77.175,265.96,349.82,682.2
GRID_R02_C05,2022-01-06,2022,1,6,6,0.103,0.9947,1,0,1,28.525,77.175,109.5,153.98,291.12
GRID_R02_C05,2022-01-07,2022,1,7,7,0.1201,0.9928,1,0,1,28.525,77.175,70.24,82.85,174.0
GRID_R02_C05,2022-01-08,2022,1,8,8,0.1372,0.9905,1,0,1,28.525,77.175,46.6,48.84,597.2
GRID_R02_C05,2022-01-09,2022,1,9,9,0.1542,0.988,1,0,1,28.525,77.175,44.1,26.94,195.67
GRID_R02_C05,2022-01-10,2022,1,10,10,0.1712,0.9852,1,0,1,28.525,77.175,90.21,81.79,309.67
GRID_R02_C05,2022-01-11,2022,1,11,11,0.1881,0.9821,1,0,1,28.525,77.175,93.39,95.03,458.75
GRID_R02_C05,2022-01-12,2022,1,12,12,0.205,0.9788,1,0,1,28.525,77.175,111.43,78.9,493.4
GRID_R02_C05,2022-01-13,2022,1,13,13,0.2218,0.9751,1,0,1,28.525,77.175,205.32,160.48,813.75
GRID_R02_C05,2022-01-14,2022,1,14,14,0.2385,0.9711,1,0,1,28.525,77.175,187.32,129.87,479.33
GRID_R02_C05,2022-01-15,2022,1,15,15,0.2552,0.9669,1,0,1,28.525,77.175,118.68,68.27,375.67
GRID_R02_C05,2022-01-16,2022,1,16,16,0.2718,0.9624,1,0,1,28.525,77.175,137.41,95.92,415.0
GRID_R02_C05,2022-01-17,2022,1,17,17,0.2883,0.9575,1,0,1,28.525,77.175,174.77,126.57,505.33
GRID_R02_C05,2022-01-18,2022,1,18,18,0.3047,0.9524,1,0,1,28.525,77.175,178.79,201.62,444.0
GRID_R02_C05,2022-01-19,2022,1,19,19,0.3211,0.9471,1,0,1,28.525,77.175,186.01,155.28,600.1
GRID_R02_C05,2022-01-20,2022,1,20,20,0.3373,0.9414,1,0,1,28.525,77.175,238.21,193.92,451.7
GRID_R02_C05,2022-01-21,2022,1,21,21,0.3534,0.9355,1,0,1,28.525,77.175,197.22,153.95,560.75
GRID_R02_C05,2022-01-22,2022,1,22,22,0.3695,0.9292,1,0,1,28.525,77.175,130.02,117.19,903.7
GRID_R02_C05,2022-01-23,2022,1,23,23,0.3854,0.9227,1,0,1,28.525,77.175,109.91,71.84,534.0
GRID_R02_C05,2022-01-24,2022,1,24,24,0.4012,0.916,1,0,1,28.525,77.175,112.47,65.48,570.0
GRID_R02_C05,2022-01-25,2022,1,25,25,0.4169,0.9089,1,0,1,28.525,77.175,119.76,70.15,547.0
GRID_R02_C05,2022-01-26,2022,1,26,26,0.4325,0.9016,1,0,1,28.525,77.175,126.34,94.48,646.5
GRID_R02_C05,2022-01-27,2022,1,27,27,0.4479,0.8941,1,0,1,28.525,77.175,118.13,105.53,538.1
GRID_R02_C05,2022-01-28,2022,1,28,28,0.4633,0.8862,1,0,1,28.525,77.175,103.89,98.14,841.5
GRID_R02_C05,2022-01-29,2022,1,29,29,0.4784,0.8781,1,0,1,28.525,77.175,124.1,115.06,895.9
GRID_R02_C05,2022-01-30,2022,1,30,30,0.4935,0.8698,1,0,1,28.525,77.175,143.1,148.19,953.6
GRID_R02_C05,2022-01-31,2022,1,31,31,0.5084,0.8611,1,0,1,28.525,77.175,215.21,207.11,871.6
GRID_R02_C05,2022-02-01,2022,2,1,32,0.5231,0.8523,0,0,1,28.525,77.175,202.33,203.1,833.8
GRID_R02_C05,2022-02-02,2022,2,2,33,0.5377,0.8432,0,0,1,28.525,77.175,161.68,148.87,730.45
GRID_R02_C05,2022-02-03,2022,2,3,34,0.5521,0.8338,0,0,1,28.525,77.175,142.22,166.98,558.3
GRID_R02_C05,2022-02-04,2022,2,4,35,0.5664,0.8242,0,0,1,28.525,77.175,64.38,48.62,813.1
GRID_R02_C05,2022-02-05,2022,2,5,36,0.5805,0.8143,0,0,1,28.525,77.175,129.48,86.26,694.75
GRID_R02_C05,2022-02-06,2022,2,6,37,0.5944,0.8042,0,0,1,28.525,77.175,162.97,199.03,732.25
GRID_R02_C05,2022-02-07,2022,2,7,38,0.6081,0.7938,0,0,1,28.525,77.175,123.8,133.18,850.0
GRID_R02_C05,2022-02-08,2022,2,8,39,0.6217,0.7833,0,0,1,28.525,77.175,146.36,164.75,554.05
GRID_R02_C05,2022-02-09,2022,2,9,40,0.6351,0.7725,0,0,1,28.525,77.175,95.7,58.05,756.35
GRID_R02_C05,2022-02-10,2022,2,10,41,0.6483,0.7614,0,0,1,28.525,77.175,82.18,74.62,614.8
GRID_R02_C05,2022-02-11,2022,2,11,42,0.6613,0.7502,0,0,1,28.525,77.175,88.88,104.79,658.4
GRID_R02_C05,2022-02-12,2022,2,12,43,0.6741,0.7387,0,0,1,28.525,77.175,93.96,101.03,819.8
GRID_R02_C05,2022-02-13,2022,2,13,44,0.6867,0.727,0,0,1,28.525,77.175,125.88,164.91,572.25
GRID_R02_C05,2022-02-14,2022,2,14,45,0.6991,0.715,0,0,1,28.525,77.175,116.5,152.48,685.73
GRID_R02_C05,2022-02-15,2022,2,15,46,0.7113,0.7029,0,0,1,28.525,77.175,105.06,142.07,680.8
GRID_R02_C05,2022-02-16,2022,2,16,47,0.7233,0.6906,0,0,1,28.525,77.175,139.55,187.94,518.0
GRID_R02_C05,2022-02-17,2022,2,17,48,0.735,0.678,0,0,1,28.525,77.175,113.76,128.62,393.5
GRID_R02_C05,2022-02-18,2022,2,18,49,0.7466,0.6653,0,0,1,28.525,77.175,114.55,180.36,557.7
GRID_R02_C05,2022-02-19,2022,2,19,50,0.7579,0.6523,0,0,1,28.525,77.175,85.13,98.02,792.75
GRID_R02_C05,2022-02-20,2022,2,20,51,0.769,0.6392,0,0,1,28.525,77.175,82.67,99.35,814.1
GRID_R02_C05,2022-02-21,2022,2,21,52,0.7799,0.6259,0,0,1,28.525,77.175,80.89,77.72,841.5
GRID_R02_C05,2022-02-22,2022,2,22,53,0.7906,0.6124,0,0,1,28.525,77.175,99.45,127.66,669.0
GRID_R02_C05,2022-02-23,2022,2,23,54,0.801,0.5987,0,0,1,28.525,77.175,112.36,111.56,491.55
GRID_R02_C05,2022-02-24,2022,2,24,55,0.8112,0.5848,0,0,1,28.525,77.175,149.33,203.59,458.5
GRID_R02_C05,2022-02-25,2022,2,25,56,0.8211,0.5708,0,0,1,28.525,77.175,126.85,191.24,410.0
GRID_R02_C05,2022-02-26,2022,2,26,57,0.8308,0.5566,0,0,1,28.525,77.175,27.32,18.8,276.0
GRID_R02_C05,2022-02-27,2022,2,27,58,0.8402,0.5422,0,0,1,28.525,77.175,43.55,49.78,141.75
GRID_R02_C05,2022-02-28,2022,2,28,59,0.8495,0.5277,0,0,1,28.525,77.175,46.79,51.25,302.2
GRID_R02_C05,2022-03-01,2022,3,1,60,0.8584,0.513,0,0,1,28.525,77.175,85.2,103.27,518.8
GRID_R02_C05,2022-03-02,2022,3,2,61,0.8671,0.4981,0,0,1,28.525,77.175,103.09,149.55,315.75
GRID_R02_C05,2022-03-03,2022,3,3,62,0.8755,0.4831,0,0,1,28.525,77.175,81.43,89.55,355.0
GRID_R02_C05,2022-03-04,2022,3,4,63,0.8837,0.468,0,0,1,28.525,77.175,76.79,110.28,265.15
GRID_R02_C05,2022-03-05,2022,3,5,64,0.8916,0.4527,0,0,1,28.525,77.175,57.07,67.97,177.75
GRID_R02_C05,2022-03-06,2022,3,6,65,0.8993,0.4373,0,0,1,28.525,77.175,86.4,100.89,624.6
GRID_R02_C05,2022-03-07,2022,3,7,66,0.9067,0.4218,0,0,1,28.525,77.175,120.95,154.56,475.25
GRID_R02_C05,2022-03-08,2022,3,8,67,0.9138,0.4061,0,0,1,28.525,77.175,120.12,206.2,489.05
GRID_R02_C05,2022-03-09,2022,3,9,68,0.9207,0.3904,0,0,1,28.525,77.175,68.32,98.59,244.0
GRID_R02_C05,2022-03-10,2022,3,10,69,0.9272,0.3745,0,0,1,28.525,77.175,64.08,84.09,397.0
GRID_R02_C05,2022-03-11,2022,3,11,70,0.9335,0.3585,0,0,1,28.525,77.175,77.38,116.53,253.25
GRID_R02_C05,2022-03-12,2022,3,12,71,0.9396,0.3424,0,0,1,28.525,77.175,73.17,100.11,228.5
GRID_R02_C05,2022-03-13,2022,3,13,72,0.9453,0.3261,0,0,1,28.525,77.175,89.79,107.3,258.7
GRID_R02_C05,2022-03-14,2022,3,14,73,0.9508,0.3098,0,0,1,28.525,77.175,118.62,184.2,354.32
GRID_R02_C05,2022-03-15,2022,3,15,74,0.956,0.2934,0,0,1,28.525,77.175,116.63,173.89,563.52
GRID_R02_C05,2022-03-16,2022,3,16,75,0.9609,0.2769,0,0,1,28.525,77.175,92.63,122.83,655.1
GRID_R02_C05,2022-03-17,2022,3,17,76,0.9655,0.2604,0,0,1,28.525,77.175,118.24,126.48,271.25
GRID_R02_C05,2022-03-18,2022,3,18,77,0.9698,0.2437,0,0,1,28.525,77.175,137.76,161.62,424.92
GRID_R02_C05,2022-03-19,2022,3,19,78,0.9739,0.227,0,0,1,28.525,77.175,106.58,114.19,322.88
GRID_R02_C05,2022-03-20,2022,3,20,79,0.9777,0.2102,0,0,1,28.525,77.175,104.26,125.51,606.98
GRID_R02_C05,2022-03-21,2022,3,21,80,0.9811,0.1934,0,0,1,28.525,77.175,130.28,188.16,417.5
GRID_R02_C05,2022-03-22,2022,3,22,81,0.9843,0.1765,0,0,1,28.525,77.175,80.13,91.92,367.0
GRID_R02_C05,2022-03-23,2022,3,23,82,0.9872,0.1595,0,0,1,28.525,77.175,100.6,131.08,507.0
GRID_R02_C05,2022-03-24,2022,3,24,83,0.9898,0.1425,0,0,1,28.525,77.175,114.07,193.47,395.0
GRID_R02_C05,2022-03-25,2022,3,25,84,0.9921,0.1255,0,0,1,28.525,77.175,88.68,120.84,258.08
GRID_R02_C05,2022-03-26,2022,3,26,85,0.9941,0.1084,0,0,1,28.525,77.175,84.56,130.38,266.25
GRID_R02_C05,2022-03-27,2022,3,27,86,0.9958,0.0913,0,0,1,28.525,77.175,89.19,117.92,273.95
GRID_R02_C05,2022-03-28,2022,3,28,87,0.9972,0.0741,0,0,1,28.525,77.175,103.39,141.58,363.7
GRID_R02_C05,2022-03-29,2022,3,29,88,0.9984,0.057,0,0,1,28.525,77.175,120.23,174.75,392.0
GRID_R02_C05,2022-03-30,2022,3,30,89,0.9992,0.0398,0,0,1,28.525,77.175,125.33,184.83,482.0
GRID_R02_C05,2022-03-31,2022,3,31,90,0.9997,0.0226,0,0,1,28.525,77.175,141.8,190.73,621.41
GRID_R02_C05,2022-04-01,2022,4,1,91,1.0,0.0054,0,0,1,28.525,77.175,73.4,110.61,261.08
GRID_R02_C05,2022-04-02,2022,4,2,92,0.9999,-0.0118,0,0,1,28.525,77.175,106.92,155.26,486.75
GRID_R02_C05,2022-04-03,2022,4,3,93,0.9996,-0.029,0,0,1,28.525,77.175,105.31,147.27,554.12
GRID_R02_C05,2022-04-04,2022,4,4,94,0.9989,-0.0462,0,0,1,28.525,77.175,106.92,119.72,412.75
GRID_R02_C05,2022-04-05,2022,4,5,95,0.998,-0.0634,0,0,1,28.525,77.175,102.59,199.12,403.5
GRID_R02_C05,2022-04-06,2022,4,6,96,0.9968,-0.0805,0,0,1,28.525,77.175,118.61,218.45,657.1
GRID_R02_C05,2022-04-07,2022,4,7,97,0.9952,-0.0977,0,0,1,28.525,77.175,124.24,194.43,451.0
GRID_R02_C05,2022-04-08,2022,4,8,98,0.9934,-0.1148,0,0,1,28.525,77.175,110.12,151.85,420.0
GRID_R02_C05,2022-04-09,2022,4,9,99,0.9913,-0.1319,0,0,1,28.525,77.175,109.85,156.71,713.2
GRID_R02_C05,2022-04-10,2022,4,10,100,0.9889,-0.1489,0,0,1,28.525,77.175,106.36,144.57,376.0
GRID_R02_C05,2022-04-11,2022,4,11,101,0.9861,-0.1659,0,0,1,28.525,77.175,109.75,168.72,458.7
GRID_R02_C05,2022-04-12,2022,4,12,102,0.9831,-0.1828,0,0,1,28.525,77.175,92.42,92.16,743.0
GRID_R02_C05,2022-04-13,2022,4,13,103,0.9799,-0.1997,0,0,1,28.525,77.175,111.71,204.68,412.32
GRID_R02_C05,2022-04-14,2022,4,14,104,0.9763,-0.2165,0,0,1,28.525,77.175,76.82,100.49,367.6
GRID_R02_C05,2022-04-15,2022,4,15,105,0.9724,-0.2333,0,0,1,28.525,77.175,70.63,77.51,257.88
GRID_R02_C05,2022-04-16,2022,4,16,106,0.9683,-0.25,0,0,1,28.525,77.175,102.22,135.16,257.25
GRID_R02_C05,2022-04-17,2022,4,17,107,0.9638,-0.2666,0,0,1,28.525,77.175,106.5,148.91,350.08
GRID_R02_C05,2022-04-18,2022,4,18,108,0.9591,-0.2831,0,0,1,28.525,77.175,112.05,143.79,894.0
GRID_R02_C05,2022-04-19,2022,4,19,109,0.9541,-0.2996,0,0,1,28.525,77.175,133.61,225.39,487.0
GRID_R02_C05,2022-04-20,2022,4,20,110,0.9488,-0.316,0,0,1,28.525,77.175,95.54,125.03,438.0
GRID_R02_C05,2022-04-21,2022,4,21,111,0.9432,-0.3322,0,0,1,28.525,77.175,104.24,115.77,340.9
GRID_R02_C05,2022-04-22,2022,4,22,112,0.9373,-0.3484,0,0,1,28.525,77.175,65.22,57.95,426.05
GRID_R02_C05,2022-04-23,2022,4,23,113,0.9312,-0.3645,0,0,1,28.525,77.175,110.12,190.55,412.47
GRID_R02_C05,2022-04-24,2022,4,24,114,0.9248,-0.3804,0,0,1,28.525,77.175,120.75,201.2,501.67
GRID_R02_C05,2022-04-25,2022,4,25,115,0.9181,-0.3963,0,0,1,28.525,77.175,100.34,132.63,394.4
GRID_R02_C05,2022-04-26,2022,4,26,116,0.9112,-0.412,0,0,1,28.525,77.175,81.97,78.35,458.1
GRID_R02_C05,2022-04-27,2022,4,27,117,0.9039,-0.4276,0,0,1,28.525,77.175,153.86,283.33,723.0
GRID_R02_C05,2022-04-28,2022,4,28,118,0.8965,-0.4431,0,0,1,28.525,77.175,163.21,204.22,765.92
GRID_R02_C05,2022-04-29,2022,4,29,119,0.8887,-0.4585,0,0,1,28.525,77.175,148.54,173.09,510.0
GRID_R02_C05,2022-04-30,2022,4,30,120,0.8807,-0.4737,0,0,1,28.525,77.175,121.09,152.58,444.0
GRID_R02_C05,2022-05-01,2022,5,1,121,0.8724,-0.4888,0,0,1,28.525,77.175,90.46,85.1,378.1
GRID_R02_C05,2022-05-02,2022,5,2,122,0.8639,-0.5037,0,0,1,28.525,77.175,73.78,73.02,193.8
GRID_R02_C05,2022-05-03,2022,5,3,123,0.8551,-0.5185,0,0,1,28.525,77.175,98.47,75.58,378.55
GRID_R02_C05,2022-05-04,2022,5,4,124,0.846,-0.5331,0,0,1,28.525,77.175,73.54,91.45,294.5
GRID_R02_C05,2022-05-05,2022,5,5,125,0.8367,-0.5476,0,0,1,28.525,77.175,71.62,82.66,213.25
GRID_R02_C05,2022-05-06,2022,5,6,126,0.8272,-0.5619,0,0,1,28.525,77.175,115.78,151.07,393.79
GRID_R02_C05,2022-05-07,2022,5,7,127,0.8174,-0.5761,0,0,1,28.525,77.175,86.89,94.49,394.15
GRID_R02_C05,2022-05-08,2022,5,8,128,0.8074,-0.59,0,0,1,28.525,77.175,82.76,82.24,317.93
GRID_R02_C05,2022-05-09,2022,5,9,129,0.7971,-0.6038,0,0,1,28.525,77.175,66.6,68.42,342.57
GRID_R02_C05,2022-05-10,2022,5,10,130,0.7866,-0.6175,0,0,1,28.525,77.175,64.78,71.54,208.72
GRID_R02_C05,2022-05-11,2022,5,11,131,0.7759,-0.6309,0,0,1,28.525,77.175,62.23,62.55,195.1
GRID_R02_C05,2022-05-12,2022,5,12,132,0.7649,-0.6442,0,0,1,28.525,77.175,67.67,63.77,284.5
GRID_R02_C05,2022-05-13,2022,5,13,133,0.7537,-0.6572,0,0,1,28.525,77.175,76.01,56.15,302.82
GRID_R02_C05,2022-05-14,2022,5,14,134,0.7423,-0.6701,0,0,1,28.525,77.175,108.68,171.32,482.76
GRID_R02_C05,2022-05-15,2022,5,15,135,0.7306,-0.6828,0,0,1,28.525,77.175,98.88,154.71,394.61
GRID_R02_C05,2022-05-16,2022,5,16,136,0.7188,-0.6952,0,0,1,28.525,77.175,96.8,85.25,889.56
GRID_R02_C05,2022-05-17,2022,5,17,137,0.7067,-0.7075,0,0,1,28.525,77.175,68.76,46.22,236.42
GRID_R02_C05,2022-05-18,2022,5,18,138,0.6945,-0.7195,0,0,1,28.525,77.175,76.49,78.65,284.62
GRID_R02_C05,2022-05-19,2022,5,19,139,0.682,-0.7314,0,0,1,28.525,77.175,88.25,96.65,260.2
GRID_R02_C05,2022-05-20,2022,5,20,140,0.6693,-0.743,0,0,1,28.525,77.175,92.72,114.24,470.15
GRID_R02_C05,2022-05-21,2022,5,21,141,0.6564,-0.7544,0,0,1,28.525,77.175,76.87,70.19,404.62
GRID_R02_C05,2022-05-22,2022,5,22,142,0.6433,-0.7656,0,0,1,28.525,77.175,64.57,75.6,273.0
GRID_R02_C05,2022-05-23,2022,5,23,143,0.6301,-0.7765,0,0,1,28.525,77.175,30.37,21.62,130.0
GRID_R02_C05,2022-05-24,2022,5,24,144,0.6166,-0.7873,0,0,1,28.525,77.175,36.28,30.55,192.42
GRID_R02_C05,2022-05-25,2022,5,25,145,0.603,-0.7978,0,0,1,28.525,77.175,81.34,108.12,534.0
GRID_R02_C05,2022-05-26,2022,5,26,146,0.5892,-0.808,0,0,1,28.525,77.175,94.83,125.56,622.6
GRID_R02_C05,2022-05-27,2022,5,27,147,0.5752,-0.818,0,0,1,28.525,77.175,81.91,106.06,217.0
GRID_R02_C05,2022-05-28,2022,5,28,148,0.561,-0.8278,0,0,1,28.525,77.175,75.39,65.53,283.68
GRID_R02_C05,2022-05-29,2022,5,29,149,0.5467,-0.8373,0,0,1,28.525,77.175,72.29,83.49,209.15
GRID_R02_C05,2022-05-30,2022,5,30,150,0.5322,-0.8466,0,0,1,28.525,77.175,65.49,69.05,436.25
GRID_R02_C05,2022-05-31,2022,5,31,151,0.5176,-0.8556,0,0,1,28.525,77.175,99.01,83.63,344.67
GRID_R02_C05,2022-06-01,2022,6,1,152,0.5028,-0.8644,0,0,1,28.525,77.175,97.93,147.1,353.12
GRID_R02_C05,2022-06-02,2022,6,2,153,0.4878,-0.8729,0,0,1,28.525,77.175,77.59,103.56,269.05
GRID_R02_C05,2022-06-03,2022,6,3,154,0.4728,-0.8812,0,0,1,28.525,77.175,89.98,136.35,275.25
GRID_R02_C05,2022-06-04,2022,6,4,155,0.4575,-0.8892,0,0,1,28.525,77.175,81.09,113.17,306.58
GRID_R02_C05,2022-06-05,2022,6,5,156,0.4422,-0.8969,0,0,1,28.525,77.175,59.21,52.12,298.7
GRID_R02_C05,2022-06-06,2022,6,6,157,0.4267,-0.9044,0,0,1,28.525,77.175,53.82,52.72,193.75
GRID_R02_C05,2022-06-07,2022,6,7,158,0.4111,-0.9116,0,0,1,28.525,77.175,88.0,71.28,388.0
GRID_R02_C05,2022-06-08,2022,6,8,159,0.3953,-0.9185,0,0,1,28.525,77.175,78.4,82.01,360.25
GRID_R02_C05,2022-06-09,2022,6,9,160,0.3795,-0.9252,0,0,1,28.525,77.175,62.57,61.73,252.6
GRID_R02_C05,2022-06-10,2022,6,10,161,0.3635,-0.9316,0,0,1,28.525,77.175,75.31,77.98,269.25
GRID_R02_C05,2022-06-11,2022,6,11,162,0.3474,-0.9377,0,0,1,28.525,77.175,70.14,68.3,192.75
GRID_R02_C05,2022-06-12,2022,6,12,163,0.3312,-0.9436,0,0,1,28.525,77.175,74.34,86.06,261.25
GRID_R02_C05,2022-06-13,2022,6,13,164,0.3149,-0.9491,0,0,1,28.525,77.175,51.93,34.18,190.75
GRID_R02_C05,2022-06-14,2022,6,14,165,0.2986,-0.9544,0,0,1,28.525,77.175,56.4,61.94,210.0
GRID_R02_C05,2022-06-15,2022,6,15,166,0.2821,-0.9594,0,0,1,28.525,77.175,35.44,36.86,187.7
GRID_R02_C05,2022-06-16,2022,6,16,167,0.2656,-0.9641,0,0,1,28.525,77.175,34.81,34.26,398.45
GRID_R02_C05,2022-06-17,2022,6,17,168,0.2489,-0.9685,0,0,1,28.525,77.175,28.28,19.79,90.1
GRID_R02_C05,2022-06-18,2022,6,18,169,0.2322,-0.9727,0,0,1,28.525,77.175,34.62,42.9,120.08
GRID_R02_C05,2022-06-19,2022,6,19,170,0.2155,-0.9765,0,0,1,28.525,77.175,42.72,54.49,173.0
GRID_R02_C05,2022-06-20,2022,6,20,171,0.1986,-0.9801,0,0,1,28.525,77.175,53.46,65.93,271.0
GRID_R02_C05,2022-06-21,2022,6,21,172,0.1818,-0.9833,0,0,1,28.525,77.175,44.11,63.39,193.5
GRID_R02_C05,2022-06-22,2022,6,22,173,0.1648,-0.9863,0,0,1,28.525,77.175,51.49,38.76,153.0
GRID_R02_C05,2022-06-23,2022,6,23,174,0.1478,-0.989,0,0,1,28.525,77.175,56.32,53.84,209.5
GRID_R02_C05,2022-06-24,2022,6,24,175,0.1308,-0.9914,0,0,1,28.525,77.175,72.0,102.15,258.75
GRID_R02_C05,2022-06-25,2022,6,25,176,0.1137,-0.9935,0,0,1,28.525,77.175,80.74,103.06,343.0
GRID_R02_C05,2022-06-26,2022,6,26,177,0.0966,-0.9953,0,0,1,28.525,77.175,65.27,65.89,295.6
GRID_R02_C05,2022-06-27,2022,6,27,178,0.0795,-0.9968,0,0,1,28.525,77.175,55.02,51.71,141.45
GRID_R02_C05,2022-06-28,2022,6,28,179,0.0623,-0.9981,0,0,1,28.525,77.175,74.87,68.65,221.0
GRID_R02_C05,2022-06-29,2022,6,29,180,0.0451,-0.999,0,0,1,28.525,77.175,60.43,39.46,226.7
GRID_R02_C05,2022-06-30,2022,6,30,181,0.028,-0.9996,0,0,1,28.525,77.175,37.61,33.29,430.33
GRID_R02_C05,2022-07-01,2022,7,1,182,0.0108,-0.9999,0,0,1,28.525,77.175,36.33,45.16,338.0
GRID_R02_C05,2022-07-02,2022,7,2,183,-0.0065,-1.0,0,0,1,28.525,77.175,42.77,66.61,165.67
GRID_R02_C05,2022-07-03,2022,7,3,184,-0.0237,-0.9997,0,0,1,28.525,77.175,30.43,20.7,138.25
GRID_R02_C05,2022-07-04,2022,7,4,185,-0.0408,-0.9992,0,0,1,28.525,77.175,63.45,56.27,172.0
GRID_R02_C05,2022-07-05,2022,7,5,186,-0.058,-0.9983,0,0,1,28.525,77.175,65.09,83.93,204.0
GRID_R02_C05,2022-07-06,2022,7,6,187,-0.0752,-0.9972,0,0,1,28.525,77.175,51.42,50.91,221.88
GRID_R02_C05,2022-07-07,2022,7,7,188,-0.0923,-0.9957,0,0,1,28.525,77.175,39.84,45.99,250.25
GRID_R02_C05,2022-07-08,2022,7,8,189,-0.1094,-0.994,0,0,1,28.525,77.175,37.09,41.18,248.0
GRID_R02_C05,2022-07-09,2022,7,9,190,-0.1265,-0.992,0,0,1,28.525,77.175,40.97,56.32,118.75
GRID_R02_C05,2022-07-10,2022,7,10,191,-0.1436,-0.9896,0,0,1,28.525,77.175,32.83,33.02,101.02
GRID_R02_C05,2022-07-11,2022,7,11,192,-0.1606,-0.987,0,0,1,28.525,77.175,44.83,46.68,170.25
GRID_R02_C05,2022-07-12,2022,7,12,193,-0.1775,-0.9841,0,0,1,28.525,77.175,41.83,40.27,682.03
GRID_R02_C05,2022-07-13,2022,7,13,194,-0.1944,-0.9809,0,0,1,28.525,77.175,34.51,34.52,176.78
GRID_R02_C05,2022-07-14,2022,7,14,195,-0.2113,-0.9774,0,0,1,28.525,77.175,30.76,34.16,137.45
GRID_R02_C05,2022-07-15,2022,7,15,196,-0.2281,-0.9736,0,0,1,28.525,77.175,26.49,20.34,170.16
GRID_R02_C05,2022-07-16,2022,7,16,197,-0.2448,-0.9696,0,0,1,28.525,77.175,24.89,24.14,355.38
GRID_R02_C05,2022-07-17,2022,7,17,198,-0.2614,-0.9652,0,0,1,28.525,77.175,28.45,11.8,453.8
GRID_R02_C05,2022-07-18,2022,7,18,199,-0.278,-0.9606,0,0,1,28.525,77.175,43.29,52.97,234.61
GRID_R02_C05,2022-07-19,2022,7,19,200,-0.2945,-0.9557,0,0,1,28.525,77.175,42.92,40.34,156.0
GRID_R02_C05,2022-07-20,2022,7,20,201,-0.3109,-0.9505,0,0,1,28.525,77.175,33.38,46.79,122.0
GRID_R02_C05,2022-07-21,2022,7,21,202,-0.3272,-0.945,0,0,1,28.525,77.175,44.16,24.17,180.5
GRID_R02_C05,2022-07-22,2022,7,22,203,-0.3434,-0.9392,0,0,1,28.525,77.175,55.16,72.88,175.0
GRID_R02_C05,2022-07-23,2022,7,23,204,-0.3595,-0.9332,0,0,1,28.525,77.175,29.52,28.55,83.75
GRID_R02_C05,2022-07-24,2022,7,24,205,-0.3755,-0.9268,0,0,1,28.525,77.175,24.77,20.19,120.7
GRID_R02_C05,2022-07-25,2022,7,25,206,-0.3914,-0.9202,0,0,1,28.525,77.175,24.63,23.37,89.18
GRID_R02_C05,2022-07-26,2022,7,26,207,-0.4071,-0.9134,0,0,1,28.525,77.175,28.09,31.65,87.0
GRID_R02_C05,2022-07-27,2022,7,27,208,-0.4228,-0.9062,0,0,1,28.525,77.175,30.82,30.24,171.0
GRID_R02_C05,2022-07-28,2022,7,28,209,-0.4383,-0.8988,0,0,1,28.525,77.175,22.01,22.15,83.28
GRID_R02_C05,2022-07-29,2022,7,29,210,-0.4537,-0.8912,0,0,1,28.525,77.175,19.28,21.15,89.7
GRID_R02_C05,2022-07-30,2022,7,30,211,-0.469,-0.8832,0,0,1,28.525,77.175,22.14,19.05,89.0
GRID_R02_C05,2022-07-31,2022,7,31,212,-0.4841,-0.875,0,0,1,28.525,77.175,23.89,23.02,82.25
GRID_R02_C05,2022-08-01,2022,8,1,213,-0.4991,-0.8666,0,0,1,28.525,77.175,26.41,26.42,133.09
GRID_R02_C05,2022-08-02,2022,8,2,214,-0.5139,-0.8578,0,0,1,28.525,77.175,32.31,25.05,149.25
GRID_R02_C05,2022-08-03,2022,8,3,215,-0.5286,-0.8489,0,0,1,28.525,77.175,48.43,39.76,165.39
GRID_R02_C05,2022-08-04,2022,8,4,216,-0.5431,-0.8397,0,0,1,28.525,77.175,46.68,59.37,128.0
GRID_R02_C05,2022-08-05,2022,8,5,217,-0.5575,-0.8302,0,0,1,28.525,77.175,38.62,34.97,162.5
GRID_R02_C05,2022-08-06,2022,8,6,218,-0.5717,-0.8205,0,0,1,28.525,77.175,52.04,52.92,182.75
GRID_R02_C05,2022-08-07,2022,8,7,219,-0.5857,-0.8105,0,0,1,28.525,77.175,45.98,72.95,153.0
GRID_R02_C05,2022-08-08,2022,8,8,220,-0.5996,-0.8003,0,0,1,28.525,77.175,44.97,46.35,158.13
GRID_R02_C05,2022-08-09,2022,8,9,221,-0.6132,-0.7899,0,0,1,28.525,77.175,41.5,54.17,143.0
GRID_R02_C05,2022-08-10,2022,8,10,222,-0.6267,-0.7792,0,0,1,28.525,77.175,27.02,34.2,136.97
GRID_R02_C05,2022-08-11,2022,8,11,223,-0.64,-0.7683,0,0,1,28.525,77.175,16.74,14.3,114.94
GRID_R02_C05,2022-08-12,2022,8,12,224,-0.6532,-0.7572,0,0,1,28.525,77.175,19.39,18.36,74.0
GRID_R02_C05,2022-08-13,2022,8,13,225,-0.6661,-0.7459,0,0,1,28.525,77.175,27.24,32.25,83.0
GRID_R02_C05,2022-08-14,2022,8,14,226,-0.6788,-0.7343,0,0,1,28.525,77.175,26.21,13.74,83.0
GRID_R02_C05,2022-08-15,2022,8,15,227,-0.6914,-0.7225,0,0,1,28.525,77.175,18.8,14.02,83.0
GRID_R02_C05,2022-08-16,2022,8,16,228,-0.7037,-0.7105,0,0,1,28.525,77.175,15.86,15.28,60.01
GRID_R02_C05,2022-08-17,2022,8,17,229,-0.7158,-0.6983,0,0,1,28.525,77.175,14.19,11.42,171.6
GRID_R02_C05,2022-08-18,2022,8,18,230,-0.7277,-0.6859,0,0,1,28.525,77.175,20.33,13.35,75.42
GRID_R02_C05,2022-08-19,2022,8,19,231,-0.7394,-0.6733,0,0,1,28.525,77.175,18.3,12.36,287.0
GRID_R02_C05,2022-08-20,2022,8,20,232,-0.7509,-0.6605,0,0,1,28.525,77.175,31.77,23.33,139.0
GRID_R02_C05,2022-08-21,2022,8,21,233,-0.7621,-0.6474,0,0,1,28.525,77.175,46.88,54.4,130.5
GRID_R02_C05,2022-08-22,2022,8,22,234,-0.7731,-0.6342,0,0,1,28.525,77.175,35.87,54.37,111.12
GRID_R02_C05,2022-08-23,2022,8,23,235,-0.7839,-0.6208,0,0,1,28.525,77.175,24.97,32.75,75.0
GRID_R02_C05,2022-08-24,2022,8,24,236,-0.7945,-0.6073,0,0,1,28.525,77.175,22.73,18.38,277.92
GRID_R02_C05,2022-08-25,2022,8,25,237,-0.8048,-0.5935,0,0,1,28.525,77.175,36.41,28.57,348.25
GRID_R02_C05,2022-08-26,2022,8,26,238,-0.8149,-0.5796,0,0,1,28.525,77.175,35.46,31.33,157.0
GRID_R02_C05,2022-08-27,2022,8,27,239,-0.8248,-0.5655,0,0,1,28.525,77.175,32.05,30.52,225.35
GRID_R02_C05,2022-08-28,2022,8,28,240,-0.8344,-0.5512,0,0,1,28.525,77.175,37.18,33.27,159.6
GRID_R02_C05,2022-08-29,2022,8,29,241,-0.8437,-0.5368,0,0,1,28.525,77.175,40.54,37.8,138.65
GRID_R02_C05,2022-08-30,2022,8,30,242,-0.8528,-0.5222,0,0,1,28.525,77.175,48.48,49.26,185.75
GRID_R02_C05,2022-08-31,2022,8,31,243,-0.8617,-0.5074,0,0,1,28.525,77.175,43.79,44.25,234.32
GRID_R02_C05,2022-09-01,2022,9,1,244,-0.8703,-0.4925,0,0,1,28.525,77.175,45.12,44.81,279.62
GRID_R02_C05,2022-09-02,2022,9,2,245,-0.8786,-0.4775,0,0,1,28.525,77.175,45.72,38.34,228.45
GRID_R02_C05,2022-09-03,2022,9,3,246,-0.8867,-0.4623,0,0,1,28.525,77.175,32.63,26.34,151.07
GRID_R02_C05,2022-09-04,2022,9,4,247,-0.8945,-0.447,0,0,1,28.525,77.175,26.45,23.94,209.71
GRID_R02_C05,2022-09-05,2022,9,5,248,-0.9021,-0.4315,0,0,1,28.525,77.175,26.79,22.54,209.21
GRID_R02_C05,2022-09-06,2022,9,6,249,-0.9094,-0.4159,0,0,1,28.525,77.175,40.21,43.33,161.12
GRID_R02_C05,2022-09-07,2022,9,7,250,-0.9164,-0.4002,0,0,1,28.525,77.175,46.22,52.1,466.0
GRID_R02_C05,2022-09-08,2022,9,8,251,-0.9232,-0.3844,0,0,1,28.525,77.175,63.62,68.09,151.0
GRID_R02_C05,2022-09-09,2022,9,9,252,-0.9296,-0.3685,0,0,1,28.525,77.175,59.85,68.97,173.2
GRID_R02_C05,2022-09-10,2022,9,10,253,-0.9358,-0.3524,0,0,1,28.525,77.175,49.78,60.63,111.4
GRID_R02_C05,2022-09-11,2022,9,11,254,-0.9418,-0.3363,0,0,1,28.525,77.175,32.13,26.0,167.07
GRID_R02_C05,2022-09-12,2022,9,12,255,-0.9474,-0.32,0,0,1,28.525,77.175,26.74,24.83,187.43
GRID_R02_C05,2022-09-13,2022,9,13,256,-0.9528,-0.3037,0,0,1,28.525,77.175,19.75,16.85,106.58
GRID_R02_C05,2022-09-14,2022,9,14,257,-0.9579,-0.2873,0,0,1,28.525,77.175,17.79,15.23,78.67
GRID_R02_C05,2022-09-15,2022,9,15,258,-0.9627,-0.2707,0,0,1,28.525,77.175,16.06,20.15,71.81
GRID_R02_C05,2022-09-16,2022,9,16,259,-0.9672,-0.2541,0,0,1,28.525,77.175,15.98,10.93,80.67
GRID_R02_C05,2022-09-17,2022,9,17,260,-0.9714,-0.2375,0,0,1,28.525,77.175,33.32,27.66,98.7
GRID_R02_C05,2022-09-18,2022,9,18,261,-0.9753,-0.2207,0,0,1,28.525,77.175,47.58,29.97,167.25
GRID_R02_C05,2022-09-19,2022,9,19,262,-0.979,-0.2039,0,0,1,28.525,77.175,72.39,83.14,249.75
GRID_R02_C05,2022-09-20,2022,9,20,263,-0.9824,-0.187,0,0,1,28.525,77.175,49.55,68.87,146.0
GRID_R02_C05,2022-09-21,2022,9,21,264,-0.9854,-0.1701,0,0,1,28.525,77.175,41.57,62.06,170.25
GRID_R02_C05,2022-09-22,2022,9,22,265,-0.9882,-0.1531,0,0,1,28.525,77.175,26.29,31.08,474.7
GRID_R02_C05,2022-09-23,2022,9,23,266,-0.9907,-0.1361,0,0,1,28.525,77.175,26.13,16.24,90.0
GRID_R02_C05,2022-09-24,2022,9,24,267,-0.9929,-0.1191,0,0,1,28.525,77.175,23.39,26.79,74.99
GRID_R02_C05,2022-09-25,2022,9,25,268,-0.9948,-0.102,0,0,1,28.525,77.175,21.57,11.84,128.15
GRID_R02_C05,2022-09-26,2022,9,26,269,-0.9964,-0.0848,0,0,1,28.525,77.175,47.79,61.88,156.25
GRID_R02_C05,2022-09-27,2022,9,27,270,-0.9977,-0.0677,0,0,1,28.525,77.175,40.29,44.09,132.88
GRID_R02_C05,2022-09-28,2022,9,28,271,-0.9987,-0.0505,0,0,1,28.525,77.175,55.13,59.02,182.85
GRID_R02_C05,2022-09-29,2022,9,29,272,-0.9994,-0.0333,0,0,1,28.525,77.175,66.05,82.87,205.25
GRID_R02_C05,2022-09-30,2022,9,30,273,-0.9999,-0.0161,0,0,1,28.525,77.175,80.25,91.86,214.82
GRID_R02_C05,2022-10-01,2022,10,1,274,-1.0,0.0011,0,0,1,28.525,77.175,81.41,104.02,174.0
GRID_R02_C05,2022-10-02,2022,10,2,275,-0.9998,0.0183,0,0,1,28.525,77.175,69.05,94.49,175.0
GRID_R02_C05,2022-10-03,2022,10,3,276,-0.9994,0.0355,0,0,1,28.525,77.175,42.71,51.5,258.45
GRID_R02_C05,2022-10-04,2022,10,4,277,-0.9986,0.0527,0,0,1,28.525,77.175,63.03,61.51,251.1
GRID_R02_C05,2022-10-05,2022,10,5,278,-0.9976,0.0698,0,0,1,28.525,77.175,89.36,110.49,285.6
GRID_R02_C05,2022-10-06,2022,10,6,279,-0.9962,0.087,0,0,1,28.525,77.175,16.63,13.15,103.28
GRID_R02_C05,2022-10-07,2022,10,7,280,-0.9946,0.1041,0,0,1,28.525,77.175,16.3,12.44,61.0
GRID_R02_C05,2022-10-08,2022,10,8,281,-0.9926,0.1212,0,0,1,28.525,77.175,14.32,14.32,82.5
GRID_R02_C05,2022-10-09,2022,10,9,282,-0.9904,0.1383,0,0,1,28.525,77.175,9.59,10.84,61.0
GRID_R02_C05,2022-10-10,2022,10,10,283,-0.9879,0.1553,0,0,1,28.525,77.175,14.76,9.01,61.0
GRID_R02_C05,2022-10-11,2022,10,11,284,-0.9851,0.1722,0,0,1,28.525,77.175,36.29,25.93,231.67
GRID_R02_C05,2022-10-12,2022,10,12,285,-0.9819,0.1892,0,0,1,28.525,77.175,62.49,72.65,205.75
GRID_R02_C05,2022-10-13,2022,10,13,286,-0.9785,0.206,0,0,1,28.525,77.175,53.52,60.34,172.25
GRID_R02_C05,2022-10-14,2022,10,14,287,-0.9749,0.2228,0,0,1,28.525,77.175,71.74,81.89,216.8
GRID_R02_C05,2022-10-15,2022,10,15,288,-0.9709,0.2396,1,0,1,28.525,77.175,89.6,103.27,401.5
GRID_R02_C05,2022-10-16,2022,10,16,289,-0.9666,0.2562,1,0,1,28.525,77.175,105.64,123.99,349.3
GRID_R02_C05,2022-10-17,2022,10,17,290,-0.9621,0.2728,1,0,1,28.525,77.175,108.94,127.64,383.5
GRID_R02_C05,2022-10-18,2022,10,18,291,-0.9572,0.2893,1,0,1,28.525,77.175,109.72,118.14,398.33
GRID_R02_C05,2022-10-19,2022,10,19,292,-0.9521,0.3057,1,0,1,28.525,77.175,102.01,124.26,331.92
GRID_R02_C05,2022-10-20,2022,10,20,293,-0.9467,0.3221,1,1,1,28.525,77.175,110.64,111.76,302.75
GRID_R02_C05,2022-10-21,2022,10,21,294,-0.941,0.3383,1,1,1,28.525,77.175,117.39,145.08,386.33
GRID_R02_C05,2022-10-22,2022,10,22,295,-0.9351,0.3545,1,1,1,28.525,77.175,122.89,153.83,322.0
GRID_R02_C05,2022-10-23,2022,10,23,296,-0.9288,0.3705,1,1,1,28.525,77.175,129.76,128.29,357.75
GRID_R02_C05,2022-10-24,2022,10,24,297,-0.9223,0.3864,1,1,1,28.525,77.175,177.52,168.07,921.25
GRID_R02_C05,2022-10-25,2022,10,25,298,-0.9155,0.4022,1,1,1,28.525,77.175,166.47,149.56,986.0
GRID_R02_C05,2022-10-26,2022,10,26,299,-0.9085,0.4179,1,1,1,28.525,77.175,142.96,114.47,621.5
GRID_R02_C05,2022-10-27,2022,10,27,300,-0.9012,0.4335,1,1,1,28.525,77.175,192.39,218.98,494.34
GRID_R02_C05,2022-10-28,2022,10,28,301,-0.8936,0.4489,1,1,1,28.525,77.175,223.13,226.04,514.0
GRID_R02_C05,2022-10-29,2022,10,29,302,-0.8857,0.4642,1,1,1,28.525,77.175,230.76,287.07,502.09
GRID_R02_C05,2022-10-30,2022,10,30,303,-0.8776,0.4794,1,1,1,28.525,77.175,211.77,210.91,749.6
GRID_R02_C05,2022-10-31,2022,10,31,304,-0.8692,0.4944,1,1,1,28.525,77.175,263.69,208.96,562.75
GRID_R02_C05,2022-11-01,2022,11,1,305,-0.8606,0.5093,1,1,1,28.525,77.175,248.88,294.21,705.25
GRID_R02_C05,2022-11-02,2022,11,2,306,-0.8517,0.524,1,1,1,28.525,77.175,241.74,214.26,589.0
GRID_R02_C05,2022-11-03,2022,11,3,307,-0.8426,0.5386,1,1,1,28.525,77.175,402.69,529.11,928.0
GRID_R02_C05,2022-11-04,2022,11,4,308,-0.8332,0.553,1,1,1,28.525,77.175,324.12,346.39,566.0
GRID_R02_C05,2022-11-05,2022,11,5,309,-0.8235,0.5672,1,1,1,28.525,77.175,193.45,200.61,425.0
GRID_R02_C05,2022-11-06,2022,11,6,310,-0.8137,0.5813,1,1,1,28.525,77.175,172.85,181.1,375.0
GRID_R02_C05,2022-11-07,2022,11,7,311,-0.8035,0.5952,1,1,1,28.525,77.175,193.57,227.11,449.82
GRID_R02_C05,2022-11-08,2022,11,8,312,-0.7932,0.609,1,1,1,28.525,77.175,240.17,245.39,445.7
GRID_R02_C05,2022-11-09,2022,11,9,313,-0.7826,0.6225,1,1,1,28.525,77.175,105.75,112.76,335.75
GRID_R02_C05,2022-11-10,2022,11,10,314,-0.7718,0.6359,1,1,1,28.525,77.175,162.28,178.2,478.0
GRID_R02_C05,2022-11-11,2022,11,11,315,-0.7607,0.6491,1,1,1,28.525,77.175,208.58,357.3,547.78
GRID_R02_C05,2022-11-12,2022,11,12,316,-0.7494,0.6621,1,1,1,28.525,77.175,186.89,259.16,421.27
GRID_R02_C05,2022-11-13,2022,11,13,317,-0.7379,0.6749,1,1,1,28.525,77.175,160.63,196.5,326.69
GRID_R02_C05,2022-11-14,2022,11,14,318,-0.7262,0.6875,1,1,1,28.525,77.175,140.22,172.86,415.5
GRID_R02_C05,2022-11-15,2022,11,15,319,-0.7143,0.6998,1,1,1,28.525,77.175,102.24,99.43,274.0
GRID_R02_C05,2022-11-16,2022,11,16,320,-0.7021,0.712,1,1,1,28.525,77.175,118.88,174.92,414.2
GRID_R02_C05,2022-11-17,2022,11,17,321,-0.6898,0.724,1,1,1,28.525,77.175,139.59,199.17,386.09
GRID_R02_C05,2022-11-18,2022,11,18,322,-0.6772,0.7358,1,1,1,28.525,77.175,157.43,240.44,551.78
GRID_R02_C05,2022-11-19,2022,11,19,323,-0.6645,0.7473,1,1,1,28.525,77.175,144.5,178.83,532.85
GRID_R02_C05,2022-11-20,2022,11,20,324,-0.6515,0.7586,1,1,1,28.525,77.175,171.28,216.63,551.35
GRID_R02_C05,2022-11-21,2022,11,21,325,-0.6384,0.7697,1,0,1,28.525,77.175,143.93,174.07,350.6
GRID_R02_C05,2022-11-22,2022,11,22,326,-0.625,0.7806,1,0,1,28.525,77.175,113.47,136.13,245.25
GRID_R02_C05,2022-11-23,2022,11,23,327,-0.6115,0.7912,1,0,1,28.525,77.175,103.72,127.52,416.48
GRID_R02_C05,2022-11-24,2022,11,24,328,-0.5978,0.8016,1,0,1,28.525,77.175,108.55,109.77,569.33
GRID_R02_C05,2022-11-25,2022,11,25,329,-0.584,0.8118,1,0,1,28.525,77.175,158.6,173.91,591.25
GRID_R02_C05,2022-11-26,2022,11,26,330,-0.5699,0.8217,1,0,1,28.525,77.175,180.96,192.28,757.0
GRID_R02_C05,2022-11-27,2022,11,27,331,-0.5557,0.8314,1,0,1,28.525,77.175,174.61,195.31,509.45
GRID_R02_C05,2022-11-28,2022,11,28,332,-0.5413,0.8408,1,0,1,28.525,77.175,198.65,227.57,680.0
GRID_R02_C05,2022-11-29,2022,11,29,333,-0.5268,0.85,1,0,1,28.525,77.175,230.27,284.3,658.91
GRID_R02_C05,2022-11-30,2022,11,30,334,-0.5121,0.859,1,0,1,28.525,77.175,207.63,223.34,533.0
GRID_R02_C05,2022-12-01,2022,12,1,335,-0.4972,0.8676,1,0,1,28.525,77.175,213.69,231.84,492.99
GRID_R02_C05,2022-12-02,2022,12,2,336,-0.4822,0.8761,1,0,1,28.525,77.175,200.39,204.94,605.25
GRID_R02_C05,2022-12-03,2022,12,3,337,-0.4671,0.8842,1,0,1,28.525,77.175,245.25,260.2,667.75
GRID_R02_C05,2022-12-04,2022,12,4,338,-0.4518,0.8921,1,0,1,28.525,77.175,250.6,293.9,635.75
GRID_R02_C05,2022-12-05,2022,12,5,339,-0.4364,0.8998,1,0,1,28.525,77.175,187.08,202.78,560.75
GRID_R02_C05,2022-12-06,2022,12,6,340,-0.4208,0.9071,1,0,1,28.525,77.175,184.23,189.48,359.0
GRID_R02_C05,2022-12-07,2022,12,7,341,-0.4052,0.9142,1,0,1,28.525,77.175,133.43,143.42,336.05
GRID_R02_C05,2022-12-08,2022,12,8,342,-0.3894,0.9211,1,0,1,28.525,77.175,143.94,139.75,466.58
GRID_R02_C05,2022-12-09,2022,12,9,343,-0.3735,0.9276,1,0,1,28.525,77.175,169.88,151.03,691.0
GRID_R02_C05,2022-12-10,2022,12,10,344,-0.3575,0.9339,1,0,1,28.525,77.175,211.95,254.19,646.75
GRID_R02_C05,2022-12-11,2022,12,11,345,-0.3413,0.9399,1,0,1,28.525,77.175,134.03,153.58,476.75
GRID_R02_C05,2022-12-12,2022,12,12,346,-0.3251,0.9457,1,0,1,28.525,77.175,95.92,100.39,620.75
GRID_R02_C05,2022-12-13,2022,12,13,347,-0.3088,0.9511,1,0,1,28.525,77.175,70.68,81.54,233.75
GRID_R02_C05,2022-12-14,2022,12,14,348,-0.2924,0.9563,1,0,1,28.525,77.175,85.59,94.24,367.25
GRID_R02_C05,2022-12-15,2022,12,15,349,-0.2759,0.9612,1,0,1,28.525,77.175,89.92,84.74,424.25
GRID_R02_C05,2022-12-16,2022,12,16,350,-0.2593,0.9658,1,0,1,28.525,77.175,124.19,111.4,659.18
GRID_R02_C05,2022-12-17,2022,12,17,351,-0.2427,0.9701,1,0,1,28.525,77.175,167.33,151.3,760.25
GRID_R02_C05,2022-12-18,2022,12,18,352,-0.226,0.9741,1,0,1,28.525,77.175,254.25,203.4,813.75
GRID_R02_C05,2022-12-19,2022,12,19,353,-0.2092,0.9779,1,0,1,28.525,77.175,259.11,226.32,843.5
GRID_R02_C05,2022-12-20,2022,12,20,354,-0.1923,0.9813,1,0,1,28.525,77.175,199.94,168.09,544.0
GRID_R02_C05,2022-12-21,2022,12,21,355,-0.1754,0.9845,1,0,1,28.525,77.175,188.4,149.22,490.33
GRID_R02_C05,2022-12-22,2022,12,22,356,-0.1585,0.9874,1,0,1,28.525,77.175,202.24,126.13,541.5
GRID_R02_C05,2022-12-23,2022,12,23,357,-0.1414,0.9899,1,0,1,28.525,77.175,202.07,128.73,592.25
GRID_R02_C05,2022-12-24,2022,12,24,358,-0.1244,0.9922,1,0,1,28.525,77.175,160.66,177.3,457.75
GRID_R02_C05,2022-12-25,2022,12,25,359,-0.1073,0.9942,1,0,1,28.525,77.175,168.91,143.09,840.0
GRID_R02_C05,2022-12-26,2022,12,26,360,-0.0902,0.9959,1,0,1,28.525,77.175,193.84,121.15,854.02
GRID_R02_C05,2022-12-27,2022,12,27,361,-0.073,0.9973,1,0,1,28.525,77.175,166.8,128.51,554.62
GRID_R02_C05,2022-12-28,2022,12,28,362,-0.0559,0.9984,1,0,1,28.525,77.175,151.84,165.35,701.2
GRID_R02_C05,2022-12-29,2022,12,29,363,-0.0387,0.9993,1,0,1,28.525,77.175,196.73,149.79,589.5
GRID_R02_C05,2022-12-30,2022,12,30,364,-0.0215,0.9998,1,0,1,28.525,77.175,256.68,236.1,805.0
GRID_R02_C05,2022-12-31,2022,12,31,365,-0.0043,1.0,1,0,1,28.525,77.175,156.24,154.1,582.0
GRID_R02_C05,2023-01-01,2023,1,1,1,0.0172,0.9999,1,0,1,28.525,77.175,140.59,112.69,679.25
GRID_R02_C05,2023-01-02,2023,1,2,2,0.0344,0.9994,1,0,1,28.525,77.175,233.11,193.92,516.68
GRID_R02_C05,2023-01-03,2023,1,3,3,0.0516,0.9987,1,0,1,28.525,77.175,239.57,221.13,472.25
GRID_R02_C05,2023-01-04,2023,1,4,4,0.0688,0.9976,1,0,1,28.525,77.175,179.33,118.26,546.75
GRID_R02_C05,2023-01-05,2023,1,5,5,0.0859,0.9963,1,0,1,28.525,77.175,208.96,121.88,788.25
GRID_R02_C05,2023-01-06,2023,1,6,6,0.103,0.9947,1,0,1,28.525,77.175,258.51,192.14,565.75
GRID_R02_C05,2023-01-07,2023,1,7,7,0.1201,0.9928,1,0,1,28.525,77.175,226.55,148.25,845.15
GRID_R02_C05,2023-01-08,2023,1,8,8,0.1372,0.9905,1,0,1,28.525,77.175,254.55,135.77,968.0
GRID_R02_C05,2023-01-09,2023,1,9,9,0.1542,0.988,1,0,1,28.525,77.175,377.61,262.54,979.0
GRID_R02_C05,2023-01-10,2023,1,10,10,0.1712,0.9852,1,0,1,28.525,77.175,232.43,146.22,805.2
GRID_R02_C05,2023-01-11,2023,1,11,11,0.1881,0.9821,1,0,1,28.525,77.175,175.13,93.59,915.0
GRID_R02_C05,2023-01-12,2023,1,12,12,0.205,0.9788,1,0,1,28.525,77.175,203.36,198.28,351.25
GRID_R02_C05,2023-01-13,2023,1,13,13,0.2218,0.9751,1,0,1,28.525,77.175,215.69,210.06,412.25
GRID_R02_C05,2023-01-14,2023,1,14,14,0.2385,0.9711,1,0,1,28.525,77.175,153.77,170.89,335.25
GRID_R02_C05,2023-01-15,2023,1,15,15,0.2552,0.9669,1,0,1,28.525,77.175,98.57,97.09,423.75
GRID_R02_C05,2023-01-16,2023,1,16,16,0.2718,0.9624,1,0,1,28.525,77.175,143.33,131.44,582.0
GRID_R02_C05,2023-01-17,2023,1,17,17,0.2883,0.9575,1,0,1,28.525,77.175,152.32,167.19,593.0
GRID_R02_C05,2023-01-18,2023,1,18,18,0.3047,0.9524,1,0,1,28.525,77.175,191.89,203.4,818.25
GRID_R02_C05,2023-01-19,2023,1,19,19,0.3211,0.9471,1,0,1,28.525,77.175,198.04,198.56,609.88
GRID_R02_C05,2023-01-20,2023,1,20,20,0.3373,0.9414,1,0,1,28.525,77.175,91.12,56.01,458.5
GRID_R02_C05,2023-01-21,2023,1,21,21,0.3534,0.9355,1,0,1,28.525,77.175,210.88,164.5,931.1
GRID_R02_C05,2023-01-22,2023,1,22,22,0.3695,0.9292,1,0,1,28.525,77.175,248.86,279.16,593.75
GRID_R02_C05,2023-01-23,2023,1,23,23,0.3854,0.9227,1,0,1,28.525,77.175,168.8,185.13,697.65
GRID_R02_C05,2023-01-24,2023,1,24,24,0.4012,0.916,1,0,1,28.525,77.175,86.73,102.82,335.0
GRID_R02_C05,2023-01-25,2023,1,25,25,0.4169,0.9089,1,0,1,28.525,77.175,105.39,103.56,282.5
GRID_R02_C05,2023-01-26,2023,1,26,26,0.4325,0.9016,1,0,1,28.525,77.175,138.53,158.69,261.25
GRID_R02_C05,2023-01-27,2023,1,27,27,0.4479,0.8941,1,0,1,28.525,77.175,92.74,98.78,201.25
GRID_R02_C05,2023-01-28,2023,1,28,28,0.4633,0.8862,1,0,1,28.525,77.175,123.06,110.04,415.0
GRID_R02_C05,2023-01-29,2023,1,29,29,0.4784,0.8781,1,0,1,28.525,77.175,187.89,219.15,553.75
GRID_R02_C05,2023-01-30,2023,1,30,30,0.4935,0.8698,1,0,1,28.525,77.175,79.17,31.48,953.9
GRID_R02_C05,2023-01-31,2023,1,31,31,0.5084,0.8611,1,0,1,28.525,77.175,85.1,78.2,724.1
GRID_R02_C05,2023-02-01,2023,2,1,32,0.5231,0.8523,0,0,1,28.525,77.175,84.61,84.26,818.42
GRID_R02_C05,2023-02-02,2023,2,2,33,0.5377,0.8432,0,0,1,28.525,77.175,87.18,96.8,635.88
GRID_R02_C05,2023-02-03,2023,2,3,34,0.5521,0.8338,0,0,1,28.525,77.175,103.31,96.71,753.0
GRID_R02_C05,2023-02-04,2023,2,4,35,0.5664,0.8242,0,0,1,28.525,77.175,118.23,104.62,517.0
GRID_R02_C05,2023-02-05,2023,2,5,36,0.5805,0.8143,0,0,1,28.525,77.175,105.12,112.14,550.5
GRID_R02_C05,2023-02-06,2023,2,6,37,0.5944,0.8042,0,0,1,28.525,77.175,142.37,178.57,410.75
GRID_R02_C05,2023-02-07,2023,2,7,38,0.6081,0.7938,0,0,1,28.525,77.175,116.41,192.85,424.25
GRID_R02_C05,2023-02-08,2023,2,8,39,0.6217,0.7833,0,0,1,28.525,77.175,73.83,78.85,281.0
GRID_R02_C05,2023-02-09,2023,2,9,40,0.6351,0.7725,0,0,1,28.525,77.175,91.53,116.1,255.75
GRID_R02_C05,2023-02-10,2023,2,10,41,0.6483,0.7614,0,0,1,28.525,77.175,93.96,97.32,266.5
GRID_R02_C05,2023-02-11,2023,2,11,42,0.6613,0.7502,0,0,1,28.525,77.175,137.57,177.28,403.1
GRID_R02_C05,2023-02-12,2023,2,12,43,0.6741,0.7387,0,0,1,28.525,77.175,55.0,74.17,211.8
GRID_R02_C05,2023-02-13,2023,2,13,44,0.6867,0.727,0,0,1,28.525,77.175,48.7,52.97,261.9
GRID_R02_C05,2023-02-14,2023,2,14,45,0.6991,0.715,0,0,1,28.525,77.175,63.39,69.72,284.48
GRID_R02_C05,2023-02-15,2023,2,15,46,0.7113,0.7029,0,0,1,28.525,77.175,91.34,97.16,302.0
GRID_R02_C05,2023-02-16,2023,2,16,47,0.7233,0.6906,0,0,1,28.525,77.175,166.5,140.14,489.0
GRID_R02_C05,2023-02-17,2023,2,17,48,0.735,0.678,0,0,1,28.525,77.175,221.81,254.05,493.0
GRID_R02_C05,2023-02-18,2023,2,18,49,0.7466,0.6653,0,0,1,28.525,77.175,202.82,256.19,552.75
GRID_R02_C05,2023-02-19,2023,2,19,50,0.7579,0.6523,0,0,1,28.525,77.175,180.82,197.74,421.18
GRID_R02_C05,2023-02-20,2023,2,20,51,0.769,0.6392,0,0,1,28.525,77.175,147.09,204.27,375.5
GRID_R02_C05,2023-02-21,2023,2,21,52,0.7799,0.6259,0,0,1,28.525,77.175,125.63,121.27,656.0
GRID_R02_C05,2023-02-22,2023,2,22,53,0.7906,0.6124,0,0,1,28.525,77.175,137.12,142.42,598.33
GRID_R02_C05,2023-02-23,2023,2,23,54,0.801,0.5987,0,0,1,28.525,77.175,82.06,100.74,433.71
GRID_R02_C05,2023-02-24,2023,2,24,55,0.8112,0.5848,0,0,1,28.525,77.175,80.97,101.45,294.0
GRID_R02_C05,2023-02-25,2023,2,25,56,0.8211,0.5708,0,0,1,28.525,77.175,115.56,131.95,342.93
GRID_R02_C05,2023-02-26,2023,2,26,57,0.8308,0.5566,0,0,1,28.525,77.175,138.48,183.46,388.62
GRID_R02_C05,2023-02-27,2023,2,27,58,0.8402,0.5422,0,0,1,28.525,77.175,119.02,171.7,601.25
GRID_R02_C05,2023-02-28,2023,2,28,59,0.8495,0.5277,0,0,1,28.525,77.175,90.5,131.14,342.25
GRID_R02_C05,2023-03-01,2023,3,1,60,0.8584,0.513,0,0,1,28.525,77.175,74.16,60.12,336.12
GRID_R02_C05,2023-03-02,2023,3,2,61,0.8671,0.4981,0,0,1,28.525,77.175,91.36,122.77,494.45
GRID_R02_C05,2023-03-03,2023,3,3,62,0.8755,0.4831,0,0,1,28.525,77.175,61.71,80.19,223.43
GRID_R02_C05,2023-03-04,2023,3,4,63,0.8837,0.468,0,0,1,28.525,77.175,54.64,54.04,213.2
GRID_R02_C05,2023-03-05,2023,3,5,64,0.8916,0.4527,0,0,1,28.525,77.175,56.31,73.75,238.5
GRID_R02_C05,2023-03-06,2023,3,6,65,0.8993,0.4373,0,0,1,28.525,77.175,67.11,102.74,260.5
GRID_R02_C05,2023-03-07,2023,3,7,66,0.9067,0.4218,0,0,1,28.525,77.175,85.44,122.07,859.6
GRID_R02_C05,2023-03-08,2023,3,8,67,0.9138,0.4061,0,0,1,28.525,77.175,112.71,170.69,449.76
GRID_R02_C05,2023-03-09,2023,3,9,68,0.9207,0.3904,0,0,1,28.525,77.175,55.22,43.35,174.25
GRID_R02_C05,2023-03-10,2023,3,10,69,0.9272,0.3745,0,0,1,28.525,77.175,90.97,142.38,363.25
GRID_R02_C05,2023-03-11,2023,3,11,70,0.9335,0.3585,0,0,1,28.525,77.175,92.21,126.75,376.25
GRID_R02_C05,2023-03-12,2023,3,12,71,0.9396,0.3424,0,0,1,28.525,77.175,96.52,128.32,343.0
GRID_R02_C05,2023-03-13,2023,3,13,72,0.9453,0.3261,0,0,1,28.525,77.175,106.76,170.57,539.25
GRID_R02_C05,2023-03-14,2023,3,14,73,0.9508,0.3098,0,0,1,28.525,77.175,101.82,169.29,405.0
GRID_R02_C05,2023-03-15,2023,3,15,74,0.956,0.2934,0,0,1,28.525,77.175,99.28,144.25,493.0
GRID_R02_C05,2023-03-16,2023,3,16,75,0.9609,0.2769,0,0,1,28.525,77.175,103.45,169.42,311.0
GRID_R02_C05,2023-03-17,2023,3,17,76,0.9655,0.2604,0,0,1,28.525,77.175,95.66,126.99,277.0
GRID_R02_C05,2023-03-18,2023,3,18,77,0.9698,0.2437,0,0,1,28.525,77.175,68.73,68.92,246.33
GRID_R02_C05,2023-03-19,2023,3,19,78,0.9739,0.227,0,0,1,28.525,77.175,81.25,107.01,194.0
GRID_R02_C05,2023-03-20,2023,3,20,79,0.9777,0.2102,0,0,1,28.525,77.175,56.77,86.71,484.7
GRID_R02_C05,2023-03-21,2023,3,21,80,0.9811,0.1934,0,0,1,28.525,77.175,46.16,46.26,421.4
GRID_R02_C05,2023-03-22,2023,3,22,81,0.9843,0.1765,0,0,1,28.525,77.175,78.51,103.87,263.7
GRID_R02_C05,2023-03-23,2023,3,23,82,0.9872,0.1595,0,0,1,28.525,77.175,72.64,126.92,389.37
GRID_R02_C05,2023-03-24,2023,3,24,83,0.9898,0.1425,0,0,1,28.525,77.175,87.5,147.35,331.25
GRID_R02_C05,2023-03-25,2023,3,25,84,0.9921,0.1255,0,0,1,28.525,77.175,40.65,22.9,265.23
GRID_R02_C05,2023-03-26,2023,3,26,85,0.9941,0.1084,0,0,1,28.525,77.175,65.61,67.31,296.75
GRID_R02_C05,2023-03-27,2023,3,27,86,0.9958,0.0913,0,0,1,28.525,77.175,59.22,104.09,897.0
GRID_R02_C05,2023-03-28,2023,3,28,87,0.9972,0.0741,0,0,1,28.525,77.175,68.09,117.08,303.75
GRID_R02_C05,2023-03-29,2023,3,29,88,0.9984,0.057,0,0,1,28.525,77.175,86.06,147.88,297.25
GRID_R02_C05,2023-03-30,2023,3,30,89,0.9992,0.0398,0,0,1,28.525,77.175,71.1,110.89,393.2
GRID_R02_C05,2023-03-31,2023,3,31,90,0.9997,0.0226,0,0,1,28.525,77.175,30.7,33.22,368.03
GRID_R02_C05,2023-04-01,2023,4,1,91,1.0,0.0054,0,0,1,28.525,77.175,45.0,50.95,280.2
GRID_R02_C05,2023-04-02,2023,4,2,92,0.9999,-0.0118,0,0,1,28.525,77.175,59.81,80.84,224.28
GRID_R02_C05,2023-04-03,2023,4,3,93,0.9996,-0.029,0,0,1,28.525,77.175,72.19,121.82,333.0
GRID_R02_C05,2023-04-04,2023,4,4,94,0.9989,-0.0462,0,0,1,28.525,77.175,45.44,29.36,231.75
GRID_R02_C05,2023-04-05,2023,4,5,95,0.998,-0.0634,0,0,1,28.525,77.175,54.84,74.72,301.97
GRID_R02_C05,2023-04-06,2023,4,6,96,0.9968,-0.0805,0,0,1,28.525,77.175,41.83,38.85,274.75
GRID_R02_C05,2023-04-07,2023,4,7,97,0.9952,-0.0977,0,0,1,28.525,77.175,50.13,62.82,231.4
GRID_R02_C05,2023-04-08,2023,4,8,98,0.9934,-0.1148,0,0,1,28.525,77.175,70.16,112.22,310.8
GRID_R02_C05,2023-04-09,2023,4,9,99,0.9913,-0.1319,0,0,1,28.525,77.175,104.17,193.79,517.0
GRID_R02_C05,2023-04-10,2023,4,10,100,0.9889,-0.1489,0,0,1,28.525,77.175,90.88,162.06,345.5
GRID_R02_C05,2023-04-11,2023,4,11,101,0.9861,-0.1659,0,0,1,28.525,77.175,125.55,211.25,484.0
GRID_R02_C05,2023-04-12,2023,4,12,102,0.9831,-0.1828,0,0,1,28.525,77.175,80.5,109.18,301.75
GRID_R02_C05,2023-04-13,2023,4,13,103,0.9799,-0.1997,0,0,1,28.525,77.175,91.21,134.67,408.07
GRID_R02_C05,2023-04-14,2023,4,14,104,0.9763,-0.2165,0,0,1,28.525,77.175,101.61,180.79,637.98
GRID_R02_C05,2023-04-15,2023,4,15,105,0.9724,-0.2333,0,0,1,28.525,77.175,102.14,168.04,426.0
GRID_R02_C05,2023-04-16,2023,4,16,106,0.9683,-0.25,0,0,1,28.525,77.175,74.74,116.52,292.25
GRID_R02_C05,2023-04-17,2023,4,17,107,0.9638,-0.2666,0,0,1,28.525,77.175,73.07,100.08,843.0
GRID_R02_C05,2023-04-18,2023,4,18,108,0.9591,-0.2831,0,0,1,28.525,77.175,77.58,87.12,341.25
GRID_R02_C05,2023-04-19,2023,4,19,109,0.9541,-0.2996,0,0,1,28.525,77.175,61.25,60.06,355.0
GRID_R02_C05,2023-04-20,2023,4,20,110,0.9488,-0.316,0,0,1,28.525,77.175,43.08,46.28,257.25
GRID_R02_C05,2023-04-21,2023,4,21,111,0.9432,-0.3322,0,0,1,28.525,77.175,42.14,38.9,132.0
GRID_R02_C05,2023-04-22,2023,4,22,112,0.9373,-0.3484,0,0,1,28.525,77.175,42.02,47.82,285.6
GRID_R02_C05,2023-04-23,2023,4,23,113,0.9312,-0.3645,0,0,1,28.525,77.175,27.04,22.57,116.15
GRID_R02_C05,2023-04-24,2023,4,24,114,0.9248,-0.3804,0,0,1,28.525,77.175,60.44,93.49,284.25
GRID_R02_C05,2023-04-25,2023,4,25,115,0.9181,-0.3963,0,0,1,28.525,77.175,57.03,54.03,232.0
GRID_R02_C05,2023-04-26,2023,4,26,116,0.9112,-0.412,0,0,1,28.525,77.175,89.57,102.38,227.88
GRID_R02_C05,2023-04-27,2023,4,27,117,0.9039,-0.4276,0,0,1,28.525,77.175,81.27,126.06,347.77
GRID_R02_C05,2023-04-28,2023,4,28,118,0.8965,-0.4431,0,0,1,28.525,77.175,69.6,79.05,230.5
GRID_R02_C05,2023-04-29,2023,4,29,119,0.8887,-0.4585,0,0,1,28.525,77.175,74.43,104.95,512.24
GRID_R02_C05,2023-04-30,2023,4,30,120,0.8807,-0.4737,0,0,1,28.525,77.175,51.31,52.35,388.1
GRID_R02_C05,2023-05-01,2023,5,1,121,0.8724,-0.4888,0,0,1,28.525,77.175,42.14,40.18,123.7
GRID_R02_C05,2023-05-02,2023,5,2,122,0.8639,-0.5037,0,0,1,28.525,77.175,40.17,33.05,142.0
GRID_R02_C05,2023-05-03,2023,5,3,123,0.8551,-0.5185,0,0,1,28.525,77.175,46.47,61.87,161.0
GRID_R02_C05,2023-05-04,2023,5,4,124,0.846,-0.5331,0,0,1,28.525,77.175,61.21,69.35,212.75
GRID_R02_C05,2023-05-05,2023,5,5,125,0.8367,-0.5476,0,0,1,28.525,77.175,81.37,90.75,335.0
GRID_R02_C05,2023-05-06,2023,5,6,126,0.8272,-0.5619,0,0,1,28.525,77.175,104.11,196.28,426.25
GRID_R02_C05,2023-05-07,2023,5,7,127,0.8174,-0.5761,0,0,1,28.525,77.175,65.47,75.25,269.5
GRID_R02_C05,2023-05-08,2023,5,8,128,0.8074,-0.59,0,0,1,28.525,77.175,54.44,80.29,242.4
GRID_R02_C05,2023-05-09,2023,5,9,129,0.7971,-0.6038,0,0,1,28.525,77.175,95.57,166.97,316.75
GRID_R02_C05,2023-05-10,2023,5,10,130,0.7866,-0.6175,0,0,1,28.525,77.175,91.05,128.71,319.0
GRID_R02_C05,2023-05-11,2023,5,11,131,0.7759,-0.6309,0,0,1,28.525,77.175,130.6,209.36,393.0
GRID_R02_C05,2023-05-12,2023,5,12,132,0.7649,-0.6442,0,0,1,28.525,77.175,91.49,100.45,348.88
GRID_R02_C05,2023-05-13,2023,5,13,133,0.7537,-0.6572,0,0,1,28.525,77.175,99.09,109.57,485.68
GRID_R02_C05,2023-05-14,2023,5,14,134,0.7423,-0.6701,0,0,1,28.525,77.175,98.57,136.92,479.27
GRID_R02_C05,2023-05-15,2023,5,15,135,0.7306,-0.6828,0,0,1,28.525,77.175,38.31,29.97,302.67
GRID_R02_C05,2023-05-16,2023,5,16,136,0.7188,-0.6952,0,0,1,28.525,77.175,136.34,257.39,858.0
GRID_R02_C05,2023-05-17,2023,5,17,137,0.7067,-0.7075,0,0,1,28.525,77.175,90.2,128.36,439.2
GRID_R02_C05,2023-05-18,2023,5,18,138,0.6945,-0.7195,0,0,1,28.525,77.175,41.38,32.39,475.8
GRID_R02_C05,2023-05-19,2023,5,19,139,0.682,-0.7314,0,0,1,28.525,77.175,66.91,82.41,324.2
GRID_R02_C05,2023-05-20,2023,5,20,140,0.6693,-0.743,0,0,1,28.525,77.175,69.13,97.72,410.08
GRID_R02_C05,2023-05-21,2023,5,21,141,0.6564,-0.7544,0,0,1,28.525,77.175,81.61,112.52,418.88
GRID_R02_C05,2023-05-22,2023,5,22,142,0.6433,-0.7656,0,0,1,28.525,77.175,62.36,47.74,293.65
GRID_R02_C05,2023-05-23,2023,5,23,143,0.6301,-0.7765,0,0,1,28.525,77.175,51.37,39.71,426.07
GRID_R02_C05,2023-05-24,2023,5,24,144,0.6166,-0.7873,0,0,1,28.525,77.175,30.2,33.36,224.1
GRID_R02_C05,2023-05-25,2023,5,25,145,0.603,-0.7978,0,0,1,28.525,77.175,25.89,20.93,134.75
GRID_R02_C05,2023-05-26,2023,5,26,146,0.5892,-0.808,0,0,1,28.525,77.175,26.17,23.94,150.6
GRID_R02_C05,2023-05-27,2023,5,27,147,0.5752,-0.818,0,0,1,28.525,77.175,33.7,29.09,523.54
GRID_R02_C05,2023-05-28,2023,5,28,148,0.561,-0.8278,0,0,1,28.525,77.175,56.8,80.39,233.0
GRID_R02_C05,2023-05-29,2023,5,29,149,0.5467,-0.8373,0,0,1,28.525,77.175,37.1,30.3,130.5
GRID_R02_C05,2023-05-30,2023,5,30,150,0.5322,-0.8466,0,0,1,28.525,77.175,40.46,55.96,135.7
GRID_R02_C05,2023-05-31,2023,5,31,151,0.5176,-0.8556,0,0,1,28.525,77.175,33.88,31.72,143.0
GRID_R02_C05,2023-06-01,2023,6,1,152,0.5028,-0.8644,0,0,1,28.525,77.175,46.64,58.04,292.76
GRID_R02_C05,2023-06-02,2023,6,2,153,0.4878,-0.8729,0,0,1,28.525,77.175,41.96,45.19,187.5
GRID_R02_C05,2023-06-03,2023,6,3,154,0.4728,-0.8812,0,0,1,28.525,77.175,53.0,61.51,386.5
GRID_R02_C05,2023-06-04,2023,6,4,155,0.4575,-0.8892,0,0,1,28.525,77.175,78.77,80.91,325.5
GRID_R02_C05,2023-06-05,2023,6,5,156,0.4422,-0.8969,0,0,1,28.525,77.175,62.55,71.0,251.1
GRID_R02_C05,2023-06-06,2023,6,6,157,0.4267,-0.9044,0,0,1,28.525,77.175,67.29,33.7,572.5
GRID_R02_C05,2023-06-07,2023,6,7,158,0.4111,-0.9116,0,0,1,28.525,77.175,68.05,92.24,474.55
GRID_R02_C05,2023-06-08,2023,6,8,159,0.3953,-0.9185,0,0,1,28.525,77.175,53.69,69.34,233.88
GRID_R02_C05,2023-06-09,2023,6,9,160,0.3795,-0.9252,0,0,1,28.525,77.175,43.43,43.51,173.5
GRID_R02_C05,2023-06-10,2023,6,10,161,0.3635,-0.9316,0,0,1,28.525,77.175,40.9,41.88,253.85
GRID_R02_C05,2023-06-11,2023,6,11,162,0.3474,-0.9377,0,0,1,28.525,77.175,39.92,35.37,191.32
GRID_R02_C05,2023-06-12,2023,6,12,163,0.3312,-0.9436,0,0,1,28.525,77.175,51.16,50.58,183.13
GRID_R02_C05,2023-06-13,2023,6,13,164,0.3149,-0.9491,0,0,1,28.525,77.175,58.07,62.85,247.82
GRID_R02_C05,2023-06-14,2023,6,14,165,0.2986,-0.9544,0,0,1,28.525,77.175,45.05,47.56,165.3
GRID_R02_C05,2023-06-15,2023,6,15,166,0.2821,-0.9594,0,0,1,28.525,77.175,36.9,41.12,210.9
GRID_R02_C05,2023-06-16,2023,6,16,167,0.2656,-0.9641,0,0,1,28.525,77.175,37.95,48.17,185.82
GRID_R02_C05,2023-06-17,2023,6,17,168,0.2489,-0.9685,0,0,1,28.525,77.175,42.72,46.56,196.94
GRID_R02_C05,2023-06-18,2023,6,18,169,0.2322,-0.9727,0,0,1,28.525,77.175,30.42,37.76,95.27
GRID_R02_C05,2023-06-19,2023,6,19,170,0.2155,-0.9765,0,0,1,28.525,77.175,26.76,19.09,89.0
GRID_R02_C05,2023-06-20,2023,6,20,171,0.1986,-0.9801,0,0,1,28.525,77.175,40.77,53.19,135.0
GRID_R02_C05,2023-06-21,2023,6,21,172,0.1818,-0.9833,0,0,1,28.525,77.175,37.05,27.92,126.36
GRID_R02_C05,2023-06-22,2023,6,22,173,0.1648,-0.9863,0,0,1,28.525,77.175,41.72,35.46,199.0
GRID_R02_C05,2023-06-23,2023,6,23,174,0.1478,-0.989,0,0,1,28.525,77.175,49.84,32.79,132.8
GRID_R02_C05,2023-06-24,2023,6,24,175,0.1308,-0.9914,0,0,1,28.525,77.175,53.71,59.12,164.0
GRID_R02_C05,2023-06-25,2023,6,25,176,0.1137,-0.9935,0,0,1,28.525,77.175,26.17,10.57,213.9
GRID_R02_C05,2023-06-26,2023,6,26,177,0.0966,-0.9953,0,0,1,28.525,77.175,45.76,58.46,238.0
GRID_R02_C05,2023-06-27,2023,6,27,178,0.0795,-0.9968,0,0,1,28.525,77.175,35.56,22.2,134.5
GRID_R02_C05,2023-06-28,2023,6,28,179,0.0623,-0.9981,0,0,1,28.525,77.175,33.49,42.22,122.25
GRID_R02_C05,2023-06-29,2023,6,29,180,0.0451,-0.999,0,0,1,28.525,77.175,40.76,45.28,206.0
GRID_R02_C05,2023-06-30,2023,6,30,181,0.028,-0.9996,0,0,1,28.525,77.175,25.96,19.04,324.97
GRID_R02_C05,2023-07-01,2023,7,1,182,0.0108,-0.9999,0,0,1,28.525,77.175,23.8,26.41,96.0
GRID_R02_C05,2023-07-02,2023,7,2,183,-0.0065,-1.0,0,0,1,28.525,77.175,34.21,26.01,119.0
GRID_R02_C05,2023-07-03,2023,7,3,184,-0.0237,-0.9997,0,0,1,28.525,77.175,53.81,37.97,133.0
GRID_R02_C05,2023-07-04,2023,7,4,185,-0.0408,-0.9992,0,0,1,28.525,77.175,49.22,51.84,135.02
GRID_R02_C05,2023-07-05,2023,7,5,186,-0.058,-0.9983,0,0,1,28.525,77.175,37.45,41.64,86.0
GRID_R02_C05,2023-07-06,2023,7,6,187,-0.0752,-0.9972,0,0,1,28.525,77.175,28.22,45.88,88.58
GRID_R02_C05,2023-07-07,2023,7,7,188,-0.0923,-0.9957,0,0,1,28.525,77.175,33.63,33.24,155.48
GRID_R02_C05,2023-07-08,2023,7,8,189,-0.1094,-0.994,0,0,1,28.525,77.175,27.02,21.61,192.15
GRID_R02_C05,2023-07-09,2023,7,9,190,-0.1265,-0.992,0,0,1,28.525,77.175,23.16,29.5,102.5
GRID_R02_C05,2023-07-10,2023,7,10,191,-0.1436,-0.9896,0,0,1,28.525,77.175,27.0,34.64,127.0
GRID_R02_C05,2023-07-11,2023,7,11,192,-0.1606,-0.987,0,0,1,28.525,77.175,33.59,36.34,95.5
GRID_R02_C05,2023-07-12,2023,7,12,193,-0.1775,-0.9841,0,0,1,28.525,77.175,32.39,32.56,101.15
GRID_R02_C05,2023-07-13,2023,7,13,194,-0.1944,-0.9809,0,0,1,28.525,77.175,37.11,36.05,103.0
GRID_R02_C05,2023-07-14,2023,7,14,195,-0.2113,-0.9774,0,0,1,28.525,77.175,36.83,37.88,86.6
GRID_R02_C05,2023-07-15,2023,7,15,196,-0.2281,-0.9736,0,0,1,28.525,77.175,37.5,32.62,135.25
GRID_R02_C05,2023-07-16,2023,7,16,197,-0.2448,-0.9696,0,0,1,28.525,77.175,28.46,25.38,107.4
GRID_R02_C05,2023-07-17,2023,7,17,198,-0.2614,-0.9652,0,0,1,28.525,77.175,45.31,30.88,158.0
GRID_R02_C05,2023-07-18,2023,7,18,199,-0.278,-0.9606,0,0,1,28.525,77.175,35.48,38.27,74.89
GRID_R02_C05,2023-07-19,2023,7,19,200,-0.2945,-0.9557,0,0,1,28.525,77.175,32.01,28.76,70.43
GRID_R02_C05,2023-07-20,2023,7,20,201,-0.3109,-0.9505,0,0,1,28.525,77.175,43.29,44.02,244.25
GRID_R02_C05,2023-07-21,2023,7,21,202,-0.3272,-0.945,0,0,1,28.525,77.175,53.1,60.53,274.0
GRID_R02_C05,2023-07-22,2023,7,22,203,-0.3434,-0.9392,0,0,1,28.525,77.175,34.44,34.98,124.7
GRID_R02_C05,2023-07-23,2023,7,23,204,-0.3595,-0.9332,0,0,1,28.525,77.175,27.59,26.55,94.0
GRID_R02_C05,2023-07-24,2023,7,24,205,-0.3755,-0.9268,0,0,1,28.525,77.175,30.6,33.99,141.0
GRID_R02_C05,2023-07-25,2023,7,25,206,-0.3914,-0.9202,0,0,1,28.525,77.175,43.11,37.92,123.33
GRID_R02_C05,2023-07-26,2023,7,26,207,-0.4071,-0.9134,0,0,1,28.525,77.175,24.52,10.76,91.6
GRID_R02_C05,2023-07-27,2023,7,27,208,-0.4228,-0.9062,0,0,1,28.525,77.175,39.93,45.29,160.75
GRID_R02_C05,2023-07-28,2023,7,28,209,-0.4383,-0.8988,0,0,1,28.525,77.175,35.1,43.94,172.36
GRID_R02_C05,2023-07-29,2023,7,29,210,-0.4537,-0.8912,0,0,1,28.525,77.175,16.8,18.34,95.0
GRID_R02_C05,2023-07-30,2023,7,30,211,-0.469,-0.8832,0,0,1,28.525,77.175,23.51,21.03,138.43
GRID_R02_C05,2023-07-31,2023,7,31,212,-0.4841,-0.875,0,0,1,28.525,77.175,45.49,57.92,853.8
GRID_R02_C05,2023-08-01,2023,8,1,213,-0.4991,-0.8666,0,0,1,28.525,77.175,28.05,23.08,105.33
GRID_R02_C05,2023-08-02,2023,8,2,214,-0.5139,-0.8578,0,0,1,28.525,77.175,27.37,27.07,335.4
GRID_R02_C05,2023-08-03,2023,8,3,215,-0.5286,-0.8489,0,0,1,28.525,77.175,31.06,25.45,183.33
GRID_R02_C05,2023-08-04,2023,8,4,216,-0.5431,-0.8397,0,0,1,28.525,77.175,36.88,30.03,250.75
GRID_R02_C05,2023-08-05,2023,8,5,217,-0.5575,-0.8302,0,0,1,28.525,77.175,40.65,37.91,558.29
GRID_R02_C05,2023-08-06,2023,8,6,218,-0.5717,-0.8205,0,0,1,28.525,77.175,30.95,26.53,315.18
GRID_R02_C05,2023-08-07,2023,8,7,219,-0.5857,-0.8105,0,0,1,28.525,77.175,29.26,26.44,98.5
GRID_R02_C05,2023-08-08,2023,8,8,220,-0.5996,-0.8003,0,0,1,28.525,77.175,30.8,27.08,137.0
GRID_R02_C05,2023-08-09,2023,8,9,221,-0.6132,-0.7899,0,0,1,28.525,77.175,36.83,29.18,150.12
GRID_R02_C05,2023-08-10,2023,8,10,222,-0.6267,-0.7792,0,0,1,28.525,77.175,37.31,33.22,129.6
GRID_R02_C05,2023-08-11,2023,8,11,223,-0.64,-0.7683,0,0,1,28.525,77.175,40.24,35.46,237.7
GRID_R02_C05,2023-08-12,2023,8,12,224,-0.6532,-0.7572,0,0,1,28.525,77.175,35.54,31.69,172.82
GRID_R02_C05,2023-08-13,2023,8,13,225,-0.6661,-0.7459,0,0,1,28.525,77.175,30.13,26.24,177.0
GRID_R02_C05,2023-08-14,2023,8,14,226,-0.6788,-0.7343,0,0,1,28.525,77.175,36.36,35.75,161.0
GRID_R02_C05,2023-08-15,2023,8,15,227,-0.6914,-0.7225,0,0,1,28.525,77.175,46.34,49.85,262.0
GRID_R02_C05,2023-08-16,2023,8,16,228,-0.7037,-0.7105,0,0,1,28.525,77.175,47.54,49.9,166.25
GRID_R02_C05,2023-08-17,2023,8,17,229,-0.7158,-0.6983,0,0,1,28.525,77.175,41.3,39.35,117.0
GRID_R02_C05,2023-08-18,2023,8,18,230,-0.7277,-0.6859,0,0,1,28.525,77.175,45.5,38.4,223.76
GRID_R02_C05,2023-08-19,2023,8,19,231,-0.7394,-0.6733,0,0,1,28.525,77.175,45.16,23.41,160.25
GRID_R02_C05,2023-08-20,2023,8,20,232,-0.7509,-0.6605,0,0,1,28.525,77.175,38.0,45.6,180.0
GRID_R02_C05,2023-08-21,2023,8,21,233,-0.7621,-0.6474,0,0,1,28.525,77.175,39.39,38.68,118.25
GRID_R02_C05,2023-08-22,2023,8,22,234,-0.7731,-0.6342,0,0,1,28.525,77.175,37.83,42.07,167.0
GRID_R02_C05,2023-08-23,2023,8,23,235,-0.7839,-0.6208,0,0,1,28.525,77.175,24.4,25.96,129.0
GRID_R02_C05,2023-08-24,2023,8,24,236,-0.7945,-0.6073,0,0,1,28.525,77.175,31.87,25.48,625.79
GRID_R02_C05,2023-08-25,2023,8,25,237,-0.8048,-0.5935,0,0,1,28.525,77.175,35.18,29.15,122.33
GRID_R02_C05,2023-08-26,2023,8,26,238,-0.8149,-0.5796,0,0,1,28.525,77.175,45.15,39.47,163.97
GRID_R02_C05,2023-08-27,2023,8,27,239,-0.8248,-0.5655,0,0,1,28.525,77.175,53.2,65.29,151.2
GRID_R02_C05,2023-08-28,2023,8,28,240,-0.8344,-0.5512,0,0,1,28.525,77.175,48.16,46.22,196.04
GRID_R02_C05,2023-08-29,2023,8,29,241,-0.8437,-0.5368,0,0,1,28.525,77.175,44.85,31.69,135.5
GRID_R02_C05,2023-08-30,2023,8,30,242,-0.8528,-0.5222,0,0,1,28.525,77.175,48.19,45.46,289.6
GRID_R02_C05,2023-08-31,2023,8,31,243,-0.8617,-0.5074,0,0,1,28.525,77.175,48.55,56.61,188.69
GRID_R02_C05,2023-09-01,2023,9,1,244,-0.8703,-0.4925,0,0,1,28.525,77.175,41.84,47.03,117.0
GRID_R02_C05,2023-09-02,2023,9,2,245,-0.8786,-0.4775,0,0,1,28.525,77.175,41.91,42.76,425.9
GRID_R02_C05,2023-09-03,2023,9,3,246,-0.8867,-0.4623,0,0,1,28.525,77.175,40.67,41.45,167.62
GRID_R02_C05,2023-09-04,2023,9,4,247,-0.8945,-0.447,0,0,1,28.525,77.175,39.55,47.47,201.6
GRID_R02_C05,2023-09-05,2023,9,5,248,-0.9021,-0.4315,0,0,1,28.525,77.175,39.25,33.24,126.67
GRID_R02_C05,2023-09-06,2023,9,6,249,-0.9094,-0.4159,0,0,1,28.525,77.175,31.96,31.6,240.07
GRID_R02_C05,2023-09-07,2023,9,7,250,-0.9164,-0.4002,0,0,1,28.525,77.175,34.79,29.54,120.0
GRID_R02_C05,2023-09-08,2023,9,8,251,-0.9232,-0.3844,0,0,1,28.525,77.175,23.47,18.74,134.67
GRID_R02_C05,2023-09-09,2023,9,9,252,-0.9296,-0.3685,0,0,1,28.525,77.175,13.58,11.89,238.75
GRID_R02_C05,2023-09-10,2023,9,10,253,-0.9358,-0.3524,0,0,1,28.525,77.175,11.76,19.09,276.5
GRID_R02_C05,2023-09-11,2023,9,11,254,-0.9418,-0.3363,0,0,1,28.525,77.175,26.75,21.54,129.8
GRID_R02_C05,2023-09-12,2023,9,12,255,-0.9474,-0.32,0,0,1,28.525,77.175,37.65,35.75,132.4
GRID_R02_C05,2023-09-13,2023,9,13,256,-0.9528,-0.3037,0,0,1,28.525,77.175,51.37,42.36,155.33
GRID_R02_C05,2023-09-14,2023,9,14,257,-0.9579,-0.2873,0,0,1,28.525,77.175,57.35,57.39,183.8
GRID_R02_C05,2023-09-15,2023,9,15,258,-0.9627,-0.2707,0,0,1,28.525,77.175,35.66,32.14,119.3
GRID_R02_C05,2023-09-16,2023,9,16,259,-0.9672,-0.2541,0,0,1,28.525,77.175,31.21,36.63,587.47
GRID_R02_C05,2023-09-17,2023,9,17,260,-0.9714,-0.2375,0,0,1,28.525,77.175,25.16,25.36,129.0
GRID_R02_C05,2023-09-18,2023,9,18,261,-0.9753,-0.2207,0,0,1,28.525,77.175,18.76,21.04,147.5
GRID_R02_C05,2023-09-19,2023,9,19,262,-0.979,-0.2039,0,0,1,28.525,77.175,27.1,25.77,759.58
GRID_R02_C05,2023-09-20,2023,9,20,263,-0.9824,-0.187,0,0,1,28.525,77.175,39.61,45.44,246.0
GRID_R02_C05,2023-09-21,2023,9,21,264,-0.9854,-0.1701,0,0,1,28.525,77.175,40.36,40.94,282.0
GRID_R02_C05,2023-09-22,2023,9,22,265,-0.9882,-0.1531,0,0,1,28.525,77.175,51.72,57.98,134.35
GRID_R02_C05,2023-09-23,2023,9,23,266,-0.9907,-0.1361,0,0,1,28.525,77.175,47.3,44.72,563.34
GRID_R02_C05,2023-09-24,2023,9,24,267,-0.9929,-0.1191,0,0,1,28.525,77.175,60.51,87.9,237.75
GRID_R02_C05,2023-09-25,2023,9,25,268,-0.9948,-0.102,0,0,1,28.525,77.175,63.7,70.64,709.0
GRID_R02_C05,2023-09-26,2023,9,26,269,-0.9964,-0.0848,0,0,1,28.525,77.175,69.31,82.78,152.0
GRID_R02_C05,2023-09-27,2023,9,27,270,-0.9977,-0.0677,0,0,1,28.525,77.175,51.92,52.16,442.17
GRID_R02_C05,2023-09-28,2023,9,28,271,-0.9987,-0.0505,0,0,1,28.525,77.175,58.6,63.85,141.5
GRID_R02_C05,2023-09-29,2023,9,29,272,-0.9994,-0.0333,0,0,1,28.525,77.175,69.08,76.33,157.9
GRID_R02_C05,2023-09-30,2023,9,30,273,-0.9999,-0.0161,0,0,1,28.525,77.175,65.54,84.43,275.0
GRID_R02_C05,2023-10-01,2023,10,1,274,-1.0,0.0011,0,0,1,28.525,77.175,64.31,77.34,153.8
GRID_R02_C05,2023-10-02,2023,10,2,275,-0.9998,0.0183,0,0,1,28.525,77.175,61.74,71.87,269.05
GRID_R02_C05,2023-10-03,2023,10,3,276,-0.9994,0.0355,0,0,1,28.525,77.175,64.71,76.32,278.07
GRID_R02_C05,2023-10-04,2023,10,4,277,-0.9986,0.0527,0,0,1,28.525,77.175,72.24,87.17,179.1
GRID_R02_C05,2023-10-05,2023,10,5,278,-0.9976,0.0698,0,0,1,28.525,77.175,83.87,80.79,335.83
GRID_R02_C05,2023-10-06,2023,10,6,279,-0.9962,0.087,0,0,1,28.525,77.175,91.94,95.15,480.25
GRID_R02_C05,2023-10-07,2023,10,7,280,-0.9946,0.1041,0,0,1,28.525,77.175,81.62,92.96,329.0
GRID_R02_C05,2023-10-08,2023,10,8,281,-0.9926,0.1212,0,0,1,28.525,77.175,65.44,53.8,451.02
GRID_R02_C05,2023-10-09,2023,10,9,282,-0.9904,0.1383,0,0,1,28.525,77.175,70.25,49.29,422.12
GRID_R02_C05,2023-10-10,2023,10,10,283,-0.9879,0.1553,0,0,1,28.525,77.175,69.95,48.84,763.0
GRID_R02_C05,2023-10-11,2023,10,11,284,-0.9851,0.1722,0,0,1,28.525,77.175,84.32,101.64,250.0
GRID_R02_C05,2023-10-12,2023,10,12,285,-0.9819,0.1892,0,0,1,28.525,77.175,107.82,156.92,527.25
GRID_R02_C05,2023-10-13,2023,10,13,286,-0.9785,0.206,0,0,1,28.525,77.175,130.11,184.16,805.25
GRID_R02_C05,2023-10-14,2023,10,14,287,-0.9749,0.2228,0,0,1,28.525,77.175,110.14,146.24,452.2
GRID_R02_C05,2023-10-15,2023,10,15,288,-0.9709,0.2396,1,0,1,28.525,77.175,89.09,113.73,439.25
GRID_R02_C05,2023-10-16,2023,10,16,289,-0.9666,0.2562,1,0,1,28.525,77.175,65.05,98.0,189.5
GRID_R02_C05,2023-10-17,2023,10,17,290,-0.9621,0.2728,1,0,1,28.525,77.175,42.19,28.41,171.0
GRID_R02_C05,2023-10-18,2023,10,18,291,-0.9572,0.2893,1,0,1,28.525,77.175,52.36,63.07,180.0
GRID_R02_C05,2023-10-19,2023,10,19,292,-0.9521,0.3057,1,0,1,28.525,77.175,55.38,60.28,166.5
GRID_R02_C05,2023-10-20,2023,10,20,293,-0.9467,0.3221,1,1,1,28.525,77.175,98.18,145.11,425.42
GRID_R02_C05,2023-10-21,2023,10,21,294,-0.941,0.3383,1,1,1,28.525,77.175,139.65,189.46,458.48
GRID_R02_C05,2023-10-22,2023,10,22,295,-0.9351,0.3545,1,1,1,28.525,77.175,153.79,194.82,410.0
GRID_R02_C05,2023-10-23,2023,10,23,296,-0.9288,0.3705,1,1,1,28.525,77.175,129.89,228.84,407.75
GRID_R02_C05,2023-10-24,2023,10,24,297,-0.9223,0.3864,1,1,1,28.525,77.175,101.39,127.4,323.5
GRID_R02_C05,2023-10-25,2023,10,25,298,-0.9155,0.4022,1,1,1,28.525,77.175,123.36,152.14,404.0
GRID_R02_C05,2023-10-26,2023,10,26,299,-0.9085,0.4179,1,1,1,28.525,77.175,117.31,144.12,613.0
GRID_R02_C05,2023-10-27,2023,10,27,300,-0.9012,0.4335,1,1,1,28.525,77.175,136.62,153.67,534.5
GRID_R02_C05,2023-10-28,2023,10,28,301,-0.8936,0.4489,1,1,1,28.525,77.175,162.96,200.82,563.0
GRID_R02_C05,2023-10-29,2023,10,29,302,-0.8857,0.4642,1,1,1,28.525,77.175,174.32,219.06,400.0
GRID_R02_C05,2023-10-30,2023,10,30,303,-0.8776,0.4794,1,1,1,28.525,77.175,184.86,223.49,476.0
GRID_R02_C05,2023-10-31,2023,10,31,304,-0.8692,0.4944,1,1,1,28.525,77.175,205.19,231.99,443.5
GRID_R02_C05,2023-11-01,2023,11,1,305,-0.8606,0.5093,1,1,1,28.525,77.175,185.71,221.1,443.75
GRID_R02_C05,2023-11-02,2023,11,2,306,-0.8517,0.524,1,1,1,28.525,77.175,312.49,270.19,652.5
GRID_R02_C05,2023-11-03,2023,11,3,307,-0.8426,0.5386,1,1,1,28.525,77.175,310.48,428.5,646.75
GRID_R02_C05,2023-11-04,2023,11,4,308,-0.8332,0.553,1,1,1,28.525,77.175,334.72,328.77,637.25
GRID_R02_C05,2023-11-05,2023,11,5,309,-0.8235,0.5672,1,1,1,28.525,77.175,333.91,392.4,771.0
GRID_R02_C05,2023-11-06,2023,11,6,310,-0.8137,0.5813,1,1,1,28.525,77.175,262.43,335.16,621.75
GRID_R02_C05,2023-11-07,2023,11,7,311,-0.8035,0.5952,1,1,1,28.525,77.175,266.06,271.85,554.25
GRID_R02_C05,2023-11-08,2023,11,8,312,-0.7932,0.609,1,1,1,28.525,77.175,282.3,341.5,669.0
GRID_R02_C05,2023-11-09,2023,11,9,313,-0.7826,0.6225,1,1,1,28.525,77.175,328.8,368.02,608.0
GRID_R02_C05,2023-11-10,2023,11,10,314,-0.7718,0.6359,1,1,1,28.525,77.175,123.09,42.35,639.5
GRID_R02_C05,2023-11-11,2023,11,11,315,-0.7607,0.6491,1,1,1,28.525,77.175,92.82,89.57,245.17
GRID_R02_C05,2023-11-12,2023,11,12,316,-0.7494,0.6621,1,1,1,28.525,77.175,136.56,117.27,973.0
GRID_R02_C05,2023-11-13,2023,11,13,317,-0.7379,0.6749,1,1,1,28.525,77.175,309.44,337.28,997.0
GRID_R02_C05,2023-11-14,2023,11,14,318,-0.7262,0.6875,1,1,1,28.525,77.175,233.61,252.5,633.05
GRID_R02_C05,2023-11-15,2023,11,15,319,-0.7143,0.6998,1,1,1,28.525,77.175,257.18,349.19,527.75
GRID_R02_C05,2023-11-16,2023,11,16,320,-0.7021,0.712,1,1,1,28.525,77.175,325.3,364.68,632.75
GRID_R02_C05,2023-11-17,2023,11,17,321,-0.6898,0.724,1,1,1,28.525,77.175,235.51,335.7,633.0
GRID_R02_C05,2023-11-18,2023,11,18,322,-0.6772,0.7358,1,1,1,28.525,77.175,158.45,178.05,381.0
GRID_R02_C05,2023-11-19,2023,11,19,323,-0.6645,0.7473,1,1,1,28.525,77.175,160.41,171.08,544.0
GRID_R02_C05,2023-11-20,2023,11,20,324,-0.6515,0.7586,1,1,1,28.525,77.175,201.14,251.19,636.81
GRID_R02_C05,2023-11-21,2023,11,21,325,-0.6384,0.7697,1,0,1,28.525,77.175,235.7,257.44,404.0
GRID_R02_C05,2023-11-22,2023,11,22,326,-0.625,0.7806,1,0,1,28.525,77.175,239.69,276.53,514.0
GRID_R02_C05,2023-11-23,2023,11,23,327,-0.6115,0.7912,1,0,1,28.525,77.175,247.62,267.48,635.93
GRID_R02_C05,2023-11-24,2023,11,24,328,-0.5978,0.8016,1,0,1,28.525,77.175,303.74,346.38,910.5
GRID_R02_C05,2023-11-25,2023,11,25,329,-0.584,0.8118,1,0,1,28.525,77.175,254.87,305.8,508.25
GRID_R02_C05,2023-11-26,2023,11,26,330,-0.5699,0.8217,1,0,1,28.525,77.175,270.39,315.22,717.5
GRID_R02_C05,2023-11-27,2023,11,27,331,-0.5557,0.8314,1,0,1,28.525,77.175,228.52,267.01,471.5
GRID_R02_C05,2023-11-28,2023,11,28,332,-0.5413,0.8408,1,0,1,28.525,77.175,136.84,182.42,350.0
GRID_R02_C05,2023-11-29,2023,11,29,333,-0.5268,0.85,1,0,1,28.525,77.175,188.94,180.79,549.0
GRID_R02_C05,2023-11-30,2023,11,30,334,-0.5121,0.859,1,0,1,28.525,77.175,254.65,296.44,555.0
GRID_R02_C05,2023-12-01,2023,12,1,335,-0.4972,0.8676,1,0,1,28.525,77.175,223.03,224.22,552.0
GRID_R02_C05,2023-12-02,2023,12,2,336,-0.4822,0.8761,1,0,1,28.525,77.175,161.3,176.49,382.25
GRID_R02_C05,2023-12-03,2023,12,3,337,-0.4671,0.8842,1,0,1,28.525,77.175,154.52,184.0,542.0
GRID_R02_C05,2023-12-04,2023,12,4,338,-0.4518,0.8921,1,0,1,28.525,77.175,154.1,182.68,612.28
GRID_R02_C05,2023-12-05,2023,12,5,339,-0.4364,0.8998,1,0,1,28.525,77.175,139.18,173.96,394.75
GRID_R02_C05,2023-12-06,2023,12,6,340,-0.4208,0.9071,1,0,1,28.525,77.175,139.58,161.97,389.0
GRID_R02_C05,2023-12-07,2023,12,7,341,-0.4052,0.9142,1,0,1,28.525,77.175,174.82,197.11,578.0
GRID_R02_C05,2023-12-08,2023,12,8,342,-0.3894,0.9211,1,0,1,28.525,77.175,161.49,156.9,475.0
GRID_R02_C05,2023-12-09,2023,12,9,343,-0.3735,0.9276,1,0,1,28.525,77.175,163.31,175.44,427.5
GRID_R02_C05,2023-12-10,2023,12,10,344,-0.3575,0.9339,1,0,1,28.525,77.175,156.68,160.56,463.0
GRID_R02_C05,2023-12-11,2023,12,11,345,-0.3413,0.9399,1,0,1,28.525,77.175,168.19,182.37,561.0
GRID_R02_C05,2023-12-12,2023,12,12,346,-0.3251,0.9457,1,0,1,28.525,77.175,227.63,294.87,665.51
GRID_R02_C05,2023-12-13,2023,12,13,347,-0.3088,0.9511,1,0,1,28.525,77.175,231.66,294.47,719.0
GRID_R02_C05,2023-12-14,2023,12,14,348,-0.2924,0.9563,1,0,1,28.525,77.175,169.19,191.95,493.0
GRID_R02_C05,2023-12-15,2023,12,15,349,-0.2759,0.9612,1,0,1,28.525,77.175,186.46,220.69,482.0
GRID_R02_C05,2023-12-16,2023,12,16,350,-0.2593,0.9658,1,0,1,28.525,77.175,219.33,280.89,541.91
GRID_R02_C05,2023-12-17,2023,12,17,351,-0.2427,0.9701,1,0,1,28.525,77.175,201.73,245.12,608.0
GRID_R02_C05,2023-12-18,2023,12,18,352,-0.226,0.9741,1,0,1,28.525,77.175,154.57,174.45,365.5
GRID_R02_C05,2023-12-19,2023,12,19,353,-0.2092,0.9779,1,0,1,28.525,77.175,131.33,149.75,420.75
GRID_R02_C05,2023-12-20,2023,12,20,354,-0.1923,0.9813,1,0,1,28.525,77.175,153.31,140.51,486.06
GRID_R02_C05,2023-12-21,2023,12,21,355,-0.1754,0.9845,1,0,1,28.525,77.175,231.12,244.39,542.82
GRID_R02_C05,2023-12-22,2023,12,22,356,-0.1585,0.9874,1,0,1,28.525,77.175,309.16,272.04,634.0
GRID_R02_C05,2023-12-23,2023,12,23,357,-0.1414,0.9899,1,0,1,28.525,77.175,316.03,372.88,889.5
GRID_R02_C05,2023-12-24,2023,12,24,358,-0.1244,0.9922,1,0,1,28.525,77.175,285.82,359.89,656.25
GRID_R02_C05,2023-12-25,2023,12,25,359,-0.1073,0.9942,1,0,1,28.525,77.175,216.32,210.69,579.33
GRID_R02_C05,2023-12-26,2023,12,26,360,-0.0902,0.9959,1,0,1,28.525,77.175,232.53,227.58,572.75
GRID_R02_C05,2023-12-27,2023,12,27,361,-0.073,0.9973,1,0,1,28.525,77.175,261.75,187.44,613.75
GRID_R02_C05,2023-12-28,2023,12,28,362,-0.0559,0.9984,1,0,1,28.525,77.175,188.87,138.42,437.5
GRID_R02_C05,2023-12-29,2023,12,29,363,-0.0387,0.9993,1,0,1,28.525,77.175,253.49,197.63,560.75
GRID_R02_C05,2023-12-30,2023,12,30,364,-0.0215,0.9998,1,0,1,28.525,77.175,248.19,214.17,401.0
GRID_R02_C05,2023-12-31,2023,12,31,365,-0.0043,1.0,1,0,1,28.525,77.175,215.66,191.45,356.0
GRID_R02_C05,2024-01-01,2024,1,1,1,0.0172,0.9999,1,0,1,28.525,77.175,176.71,154.68,355.0
GRID_R02_C05,2024-01-02,2024,1,2,2,0.0344,0.9994,1,0,1,28.525,77.175,180.65,168.0,478.5
GRID_R02_C05,2024-01-03,2024,1,3,3,0.0516,0.9987,1,0,1,28.525,77.175,191.73,129.29,716.0
GRID_R02_C05,2024-01-04,2024,1,4,4,0.0688,0.9976,1,0,1,28.525,77.175,215.34,189.23,465.75
GRID_R02_C05,2024-01-05,2024,1,5,5,0.0859,0.9963,1,0,1,28.525,77.175,158.89,117.06,353.25
GRID_R02_C05,2024-01-06,2024,1,6,6,0.103,0.9947,1,0,1,28.525,77.175,170.61,129.12,473.67
GRID_R02_C05,2024-01-07,2024,1,7,7,0.1201,0.9928,1,0,1,28.525,77.175,167.25,134.64,473.25
GRID_R02_C05,2024-01-08,2024,1,8,8,0.1372,0.9905,1,0,1,28.525,77.175,227.1,166.1,737.75
GRID_R02_C05,2024-01-09,2024,1,9,9,0.1542,0.988,1,0,1,28.525,77.175,131.42,143.72,288.12
GRID_R02_C05,2024-01-10,2024,1,10,10,0.1712,0.9852,1,0,1,28.525,77.175,154.84,107.78,457.17
GRID_R02_C05,2024-01-11,2024,1,11,11,0.1881,0.9821,1,0,1,28.525,77.175,188.87,157.43,515.5
GRID_R02_C05,2024-01-12,2024,1,12,12,0.205,0.9788,1,0,1,28.525,77.175,181.96,127.27,881.0
GRID_R02_C05,2024-01-13,2024,1,13,13,0.2218,0.9751,1,0,1,28.525,77.175,353.96,224.6,958.0
GRID_R02_C05,2024-01-14,2024,1,14,14,0.2385,0.9711,1,0,1,28.525,77.175,322.05,237.24,919.0
GRID_R02_C05,2024-01-15,2024,1,15,15,0.2552,0.9669,1,0,1,28.525,77.175,185.48,135.55,704.75
GRID_R02_C05,2024-01-16,2024,1,16,16,0.2718,0.9624,1,0,1,28.525,77.175,241.48,211.13,522.5
GRID_R02_C05,2024-01-17,2024,1,17,17,0.2883,0.9575,1,0,1,28.525,77.175,204.75,183.05,478.75
GRID_R02_C05,2024-01-18,2024,1,18,18,0.3047,0.9524,1,0,1,28.525,77.175,171.02,102.78,445.0
GRID_R02_C05,2024-01-19,2024,1,19,19,0.3211,0.9471,1,0,1,28.525,77.175,180.88,144.48,352.0
GRID_R02_C05,2024-01-20,2024,1,20,20,0.3373,0.9414,1,0,1,28.525,77.175,185.5,138.15,534.0
GRID_R02_C05,2024-01-21,2024,1,21,21,0.3534,0.9355,1,0,1,28.525,77.175,170.0,135.9,377.75
GRID_R02_C05,2024-01-22,2024,1,22,22,0.3695,0.9292,1,0,1,28.525,77.175,206.04,144.34,701.0
GRID_R02_C05,2024-01-23,2024,1,23,23,0.3854,0.9227,1,0,1,28.525,77.175,219.24,142.07,487.0
GRID_R02_C05,2024-01-24,2024,1,24,24,0.4012,0.916,1,0,1,28.525,77.175,246.43,216.23,531.75
GRID_R02_C05,2024-01-25,2024,1,25,25,0.4169,0.9089,1,0,1,28.525,77.175,194.53,103.21,655.75
GRID_R02_C05,2024-01-26,2024,1,26,26,0.4325,0.9016,1,0,1,28.525,77.175,289.48,260.3,917.0
GRID_R02_C05,2024-01-27,2024,1,27,27,0.4479,0.8941,1,0,1,28.525,77.175,181.24,191.55,583.75
GRID_R02_C05,2024-01-28,2024,1,28,28,0.4633,0.8862,1,0,1,28.525,77.175,252.72,244.89,693.85
GRID_R02_C05,2024-01-29,2024,1,29,29,0.4784,0.8781,1,0,1,28.525,77.175,202.95,155.93,541.75
GRID_R02_C05,2024-01-30,2024,1,30,30,0.4935,0.8698,1,0,1,28.525,77.175,213.54,130.5,529.25
GRID_R02_C05,2024-01-31,2024,1,31,31,0.5084,0.8611,1,0,1,28.525,77.175,223.33,196.58,517.0
GRID_R02_C05,2024-02-01,2024,2,1,32,0.5231,0.8523,0,0,1,28.525,77.175,65.75,39.6,201.5
GRID_R02_C05,2024-02-02,2024,2,2,33,0.5377,0.8432,0,0,1,28.525,77.175,102.63,75.95,242.25
GRID_R02_C05,2024-02-03,2024,2,3,34,0.5521,0.8338,0,0,1,28.525,77.175,98.88,86.22,505.67
GRID_R02_C05,2024-02-04,2024,2,4,35,0.5664,0.8242,0,0,1,28.525,77.175,122.9,107.12,379.5
GRID_R02_C05,2024-02-05,2024,2,5,36,0.5805,0.8143,0,0,1,28.525,77.175,74.81,82.84,184.25
GRID_R02_C05,2024-02-06,2024,2,6,37,0.5944,0.8042,0,0,1,28.525,77.175,66.58,63.62,361.75
GRID_R02_C05,2024-02-07,2024,2,7,38,0.6081,0.7938,0,0,1,28.525,77.175,76.73,85.12,255.0
GRID_R02_C05,2024-02-08,2024,2,8,39,0.6217,0.7833,0,0,1,28.525,77.175,68.77,72.95,154.25
GRID_R02_C05,2024-02-09,2024,2,9,40,0.6351,0.7725,0,0,1,28.525,77.175,79.73,71.07,558.5
GRID_R02_C05,2024-02-10,2024,2,10,41,0.6483,0.7614,0,0,1,28.525,77.175,176.74,203.85,389.5
GRID_R02_C05,2024-02-11,2024,2,11,42,0.6613,0.7502,0,0,1,28.525,77.175,155.21,183.53,441.15
GRID_R02_C05,2024-02-12,2024,2,12,43,0.6741,0.7387,0,0,1,28.525,77.175,156.73,157.1,623.22
GRID_R02_C05,2024-02-13,2024,2,13,44,0.6867,0.727,0,0,1,28.525,77.175,203.35,210.56,458.74
GRID_R02_C05,2024-02-14,2024,2,14,45,0.6991,0.715,0,0,1,28.525,77.175,167.1,188.5,370.0
GRID_R02_C05,2024-02-15,2024,2,15,46,0.7113,0.7029,0,0,1,28.525,77.175,127.23,146.4,330.25
GRID_R02_C05,2024-02-16,2024,2,16,47,0.7233,0.6906,0,0,1,28.525,77.175,119.97,154.31,300.5
GRID_R02_C05,2024-02-17,2024,2,17,48,0.735,0.678,0,0,1,28.525,77.175,119.98,144.88,646.0
GRID_R02_C05,2024-02-18,2024,2,18,49,0.7466,0.6653,0,0,1,28.525,77.175,131.33,173.24,354.5
GRID_R02_C05,2024-02-19,2024,2,19,50,0.7579,0.6523,0,0,1,28.525,77.175,89.77,94.2,177.0
GRID_R02_C05,2024-02-20,2024,2,20,51,0.769,0.6392,0,0,1,28.525,77.175,120.38,118.12,384.67
GRID_R02_C05,2024-02-21,2024,2,21,52,0.7799,0.6259,0,0,1,28.525,77.175,89.5,92.84,263.0
GRID_R02_C05,2024-02-22,2024,2,22,53,0.7906,0.6124,0,0,1,28.525,77.175,61.85,89.15,268.68
GRID_R02_C05,2024-02-23,2024,2,23,54,0.801,0.5987,0,0,1,28.525,77.175,61.04,90.79,217.0
GRID_R02_C05,2024-02-24,2024,2,24,55,0.8112,0.5848,0,0,1,28.525,77.175,87.64,115.14,300.0
GRID_R02_C05,2024-02-25,2024,2,25,56,0.8211,0.5708,0,0,1,28.525,77.175,81.27,119.8,288.75
GRID_R02_C05,2024-02-26,2024,2,26,57,0.8308,0.5566,0,0,1,28.525,77.175,78.98,86.04,306.0
GRID_R02_C05,2024-02-27,2024,2,27,58,0.8402,0.5422,0,0,1,28.525,77.175,62.45,58.12,304.5
GRID_R02_C05,2024-02-28,2024,2,28,59,0.8495,0.5277,0,0,1,28.525,77.175,62.5,78.98,150.0
GRID_R02_C05,2024-02-29,2024,2,29,60,0.8584,0.513,0,0,1,28.525,77.175,67.57,85.39,255.67
GRID_R02_C05,2024-03-01,2024,3,1,61,0.8671,0.4981,0,0,1,28.525,77.175,91.52,134.08,369.75
GRID_R02_C05,2024-03-02,2024,3,2,62,0.8755,0.4831,0,0,1,28.525,77.175,33.53,30.69,331.1
GRID_R02_C05,2024-03-03,2024,3,3,63,0.8837,0.468,0,0,1,28.525,77.175,48.58,49.28,117.9
GRID_R02_C05,2024-03-04,2024,3,4,64,0.8916,0.4527,0,0,1,28.525,77.175,49.29,71.84,205.88
GRID_R02_C05,2024-03-05,2024,3,5,65,0.8993,0.4373,0,0,1,28.525,77.175,51.0,69.14,175.0
GRID_R02_C05,2024-03-06,2024,3,6,66,0.9067,0.4218,0,0,1,28.525,77.175,64.49,79.17,183.0
GRID_R02_C05,2024-03-07,2024,3,7,67,0.9138,0.4061,0,0,1,28.525,77.175,80.81,121.31,337.5
GRID_R02_C05,2024-03-08,2024,3,8,68,0.9207,0.3904,0,0,1,28.525,77.175,66.34,104.42,274.0
GRID_R02_C05,2024-03-09,2024,3,9,69,0.9272,0.3745,0,0,1,28.525,77.175,63.06,93.09,285.0
GRID_R02_C05,2024-03-10,2024,3,10,70,0.9335,0.3585,0,0,1,28.525,77.175,86.75,138.24,316.0
GRID_R02_C05,2024-03-11,2024,3,11,71,0.9396,0.3424,0,0,1,28.525,77.175,88.46,131.6,283.0
GRID_R02_C05,2024-03-12,2024,3,12,72,0.9453,0.3261,0,0,1,28.525,77.175,86.46,148.93,356.25
GRID_R02_C05,2024-03-13,2024,3,13,73,0.9508,0.3098,0,0,1,28.525,77.175,78.88,127.07,374.75
GRID_R02_C05,2024-03-14,2024,3,14,74,0.956,0.2934,0,0,1,28.525,77.175,87.64,146.29,340.25
GRID_R02_C05,2024-03-15,2024,3,15,75,0.9609,0.2769,0,0,1,28.525,77.175,47.12,61.55,523.84
GRID_R02_C05,2024-03-16,2024,3,16,76,0.9655,0.2604,0,0,1,28.525,77.175,77.67,97.76,272.5
GRID_R02_C05,2024-03-17,2024,3,17,77,0.9698,0.2437,0,0,1,28.525,77.175,91.12,140.8,319.25
GRID_R02_C05,2024-03-18,2024,3,18,78,0.9739,0.227,0,0,1,28.525,77.175,93.32,157.23,291.25
GRID_R02_C05,2024-03-19,2024,3,19,79,0.9777,0.2102,0,0,1,28.525,77.175,108.69,175.32,376.25
GRID_R02_C05,2024-03-20,2024,3,20,80,0.9811,0.1934,0,0,1,28.525,77.175,108.6,172.42,421.5
GRID_R02_C05,2024-03-21,2024,3,21,81,0.9843,0.1765,0,0,1,28.525,77.175,77.68,59.9,330.25
GRID_R02_C05,2024-03-22,2024,3,22,82,0.9872,0.1595,0,0,1,28.525,77.175,82.59,79.74,827.0
GRID_R02_C05,2024-03-23,2024,3,23,83,0.9898,0.1425,0,0,1,28.525,77.175,96.68,130.32,452.25
GRID_R02_C05,2024-03-24,2024,3,24,84,0.9921,0.1255,0,0,1,28.525,77.175,86.06,153.42,546.43
GRID_R02_C05,2024-03-25,2024,3,25,85,0.9941,0.1084,0,0,1,28.525,77.175,95.96,123.37,766.1
GRID_R02_C05,2024-03-26,2024,3,26,86,0.9958,0.0913,0,0,1,28.525,77.175,64.8,93.9,230.75
GRID_R02_C05,2024-03-27,2024,3,27,87,0.9972,0.0741,0,0,1,28.525,77.175,71.34,105.85,633.7
GRID_R02_C05,2024-03-28,2024,3,28,88,0.9984,0.057,0,0,1,28.525,77.175,68.5,91.49,426.88
GRID_R02_C05,2024-03-29,2024,3,29,89,0.9992,0.0398,0,0,1,28.525,77.175,85.28,117.0,568.35
GRID_R02_C05,2024-03-30,2024,3,30,90,0.9997,0.0226,0,0,1,28.525,77.175,86.72,102.6,518.72
GRID_R02_C05,2024-03-31,2024,3,31,91,1.0,0.0054,0,0,1,28.525,77.175,94.3,161.78,409.5
GRID_R02_C05,2024-04-01,2024,4,1,92,0.9999,-0.0118,0,0,1,28.525,77.175,53.67,88.33,567.9
GRID_R02_C05,2024-04-02,2024,4,2,93,0.9996,-0.029,0,0,1,28.525,77.175,64.78,118.59,542.43
GRID_R02_C05,2024-04-03,2024,4,3,94,0.9989,-0.0462,0,0,1,28.525,77.175,75.55,95.29,258.08
GRID_R02_C05,2024-04-04,2024,4,4,95,0.998,-0.0634,0,0,1,28.525,77.175,64.74,66.14,347.84
GRID_R02_C05,2024-04-05,2024,4,5,96,0.9968,-0.0805,0,0,1,28.525,77.175,63.67,84.65,237.42
GRID_R02_C05,2024-04-06,2024,4,6,97,0.9952,-0.0977,0,0,1,28.525,77.175,69.6,110.57,272.0
GRID_R02_C05,2024-04-07,2024,4,7,98,0.9934,-0.1148,0,0,1,28.525,77.175,84.93,177.41,398.0
GRID_R02_C05,2024-04-08,2024,4,8,99,0.9913,-0.1319,0,0,1,28.525,77.175,88.75,163.73,446.92
GRID_R02_C05,2024-04-09,2024,4,9,100,0.9889,-0.1489,0,0,1,28.525,77.175,85.74,124.7,331.43
GRID_R02_C05,2024-04-10,2024,4,10,101,0.9861,-0.1659,0,0,1,28.525,77.175,98.3,141.13,408.4
GRID_R02_C05,2024-04-11,2024,4,11,102,0.9831,-0.1828,0,0,1,28.525,77.175,88.87,143.02,483.95
GRID_R02_C05,2024-04-12,2024,4,12,103,0.9799,-0.1997,0,0,1,28.525,77.175,105.11,166.63,368.48
GRID_R02_C05,2024-04-13,2024,4,13,104,0.9763,-0.2165,0,0,1,28.525,77.175,66.97,76.5,438.28
GRID_R02_C05,2024-04-14,2024,4,14,105,0.9724,-0.2333,0,0,1,28.525,77.175,64.63,78.3,294.48
GRID_R02_C05,2024-04-15,2024,4,15,106,0.9683,-0.25,0,0,1,28.525,77.175,105.5,152.52,465.69
GRID_R02_C05,2024-04-16,2024,4,16,107,0.9638,-0.2666,0,0,1,28.525,77.175,86.72,153.98,448.0
GRID_R02_C05,2024-04-17,2024,4,17,108,0.9591,-0.2831,0,0,1,28.525,77.175,43.9,66.24,288.8
GRID_R02_C05,2024-04-18,2024,4,18,109,0.9541,-0.2996,0,0,1,28.525,77.175,56.12,92.33,375.4
GRID_R02_C05,2024-04-19,2024,4,19,110,0.9488,-0.316,0,0,1,28.525,77.175,63.15,82.74,302.02
GRID_R02_C05,2024-04-20,2024,4,20,111,0.9432,-0.3322,0,0,1,28.525,77.175,65.01,90.71,356.66
GRID_R02_C05,2024-04-21,2024,4,21,112,0.9373,-0.3484,0,0,1,28.525,77.175,47.47,64.36,311.12
GRID_R02_C05,2024-04-22,2024,4,22,113,0.9312,-0.3645,0,0,1,28.525,77.175,40.97,27.3,309.25
GRID_R02_C05,2024-04-23,2024,4,23,114,0.9248,-0.3804,0,0,1,28.525,77.175,71.66,92.4,332.25
GRID_R02_C05,2024-04-24,2024,4,24,115,0.9181,-0.3963,0,0,1,28.525,77.175,70.77,126.53,405.0
GRID_R02_C05,2024-04-25,2024,4,25,116,0.9112,-0.412,0,0,1,28.525,77.175,83.96,174.96,518.25
GRID_R02_C05,2024-04-26,2024,4,26,117,0.9039,-0.4276,0,0,1,28.525,77.175,66.73,92.69,260.0
GRID_R02_C05,2024-04-27,2024,4,27,118,0.8965,-0.4431,0,0,1,28.525,77.175,57.75,66.83,278.97
GRID_R02_C05,2024-04-28,2024,4,28,119,0.8887,-0.4585,0,0,1,28.525,77.175,58.7,67.53,340.22
GRID_R02_C05,2024-04-29,2024,4,29,120,0.8807,-0.4737,0,0,1,28.525,77.175,80.76,131.67,234.5
GRID_R02_C05,2024-04-30,2024,4,30,121,0.8724,-0.4888,0,0,1,28.525,77.175,63.92,91.66,325.5
GRID_R02_C05,2024-05-01,2024,5,1,122,0.8639,-0.5037,0,0,1,28.525,77.175,65.65,62.86,392.75
GRID_R02_C05,2024-05-02,2024,5,2,123,0.8551,-0.5185,0,0,1,28.525,77.175,83.75,120.49,362.0
GRID_R02_C05,2024-05-03,2024,5,3,124,0.846,-0.5331,0,0,1,28.525,77.175,134.28,202.24,468.98
GRID_R02_C05,2024-05-04,2024,5,4,125,0.8367,-0.5476,0,0,1,28.525,77.175,142.52,227.39,440.95
GRID_R02_C05,2024-05-05,2024,5,5,126,0.8272,-0.5619,0,0,1,28.525,77.175,142.22,264.3,575.75
GRID_R02_C05,2024-05-06,2024,5,6,127,0.8174,-0.5761,0,0,1,28.525,77.175,114.38,178.61,544.28
GRID_R02_C05,2024-05-07,2024,5,7,128,0.8074,-0.59,0,0,1,28.525,77.175,153.68,242.45,501.0
GRID_R02_C05,2024-05-08,2024,5,8,129,0.7971,-0.6038,0,0,1,28.525,77.175,75.7,65.79,381.71
GRID_R02_C05,2024-05-09,2024,5,9,130,0.7866,-0.6175,0,0,1,28.525,77.175,57.38,42.19,190.7
GRID_R02_C05,2024-05-10,2024,5,10,131,0.7759,-0.6309,0,0,1,28.525,77.175,79.65,69.38,942.14
GRID_R02_C05,2024-05-11,2024,5,11,132,0.7649,-0.6442,0,0,1,28.525,77.175,72.03,87.8,937.56
GRID_R02_C05,2024-05-12,2024,5,12,133,0.7537,-0.6572,0,0,1,28.525,77.175,85.34,93.66,416.0
GRID_R02_C05,2024-05-13,2024,5,13,134,0.7423,-0.6701,0,0,1,28.525,77.175,96.45,108.86,447.62
GRID_R02_C05,2024-05-14,2024,5,14,135,0.7306,-0.6828,0,0,1,28.525,77.175,110.77,184.72,942.06
GRID_R02_C05,2024-05-15,2024,5,15,136,0.7188,-0.6952,0,0,1,28.525,77.175,125.21,191.41,497.88
GRID_R02_C05,2024-05-16,2024,5,16,137,0.7067,-0.7075,0,0,1,28.525,77.175,105.87,103.27,336.32
GRID_R02_C05,2024-05-17,2024,5,17,138,0.6945,-0.7195,0,0,1,28.525,77.175,91.4,97.71,455.2
GRID_R02_C05,2024-05-18,2024,5,18,139,0.682,-0.7314,0,0,1,28.525,77.175,110.13,142.61,461.08
GRID_R02_C05,2024-05-19,2024,5,19,140,0.6693,-0.743,0,0,1,28.525,77.175,97.3,165.85,331.0
GRID_R02_C05,2024-05-20,2024,5,20,141,0.6564,-0.7544,0,0,1,28.525,77.175,86.89,133.35,942.44
GRID_R02_C05,2024-05-21,2024,5,21,142,0.6433,-0.7656,0,0,1,28.525,77.175,82.25,80.16,345.62
GRID_R02_C05,2024-05-22,2024,5,22,143,0.6301,-0.7765,0,0,1,28.525,77.175,71.31,73.7,199.0
GRID_R02_C05,2024-05-23,2024,5,23,144,0.6166,-0.7873,0,0,1,28.525,77.175,54.6,50.08,534.0
GRID_R02_C05,2024-05-24,2024,5,24,145,0.603,-0.7978,0,0,1,28.525,77.175,55.08,51.51,687.33
GRID_R02_C05,2024-05-25,2024,5,25,146,0.5892,-0.808,0,0,1,28.525,77.175,69.06,78.33,484.22
GRID_R02_C05,2024-05-26,2024,5,26,147,0.5752,-0.818,0,0,1,28.525,77.175,77.83,122.22,724.05
GRID_R02_C05,2024-05-27,2024,5,27,148,0.561,-0.8278,0,0,1,28.525,77.175,94.46,115.4,806.88
GRID_R02_C05,2024-05-28,2024,5,28,149,0.5467,-0.8373,0,0,1,28.525,77.175,95.19,109.84,503.78
GRID_R02_C05,2024-05-29,2024,5,29,150,0.5322,-0.8466,0,0,1,28.525,77.175,72.41,69.93,232.07
GRID_R02_C05,2024-05-30,2024,5,30,151,0.5176,-0.8556,0,0,1,28.525,77.175,67.0,75.42,530.0
GRID_R02_C05,2024-05-31,2024,5,31,152,0.5028,-0.8644,0,0,1,28.525,77.175,71.57,82.35,720.85
GRID_R02_C05,2024-06-01,2024,6,1,153,0.4878,-0.8729,0,0,1,28.525,77.175,75.06,88.07,484.68
GRID_R02_C05,2024-06-02,2024,6,2,154,0.4728,-0.8812,0,0,1,28.525,77.175,47.07,52.75,353.9
GRID_R02_C05,2024-06-03,2024,6,3,155,0.4575,-0.8892,0,0,1,28.525,77.175,58.78,55.73,830.8
GRID_R02_C05,2024-06-04,2024,6,4,156,0.4422,-0.8969,0,0,1,28.525,77.175,77.2,65.62,651.9
GRID_R02_C05,2024-06-05,2024,6,5,157,0.4267,-0.9044,0,0,1,28.525,77.175,75.46,61.75,960.04
GRID_R02_C05,2024-06-06,2024,6,6,158,0.4111,-0.9116,0,0,1,28.525,77.175,56.97,54.09,960.04
GRID_R02_C05,2024-06-07,2024,6,7,159,0.3953,-0.9185,0,0,1,28.525,77.175,64.59,88.6,826.68
GRID_R02_C05,2024-06-08,2024,6,8,160,0.3795,-0.9252,0,0,1,28.525,77.175,62.7,70.07,517.0
GRID_R02_C05,2024-06-09,2024,6,9,161,0.3635,-0.9316,0,0,1,28.525,77.175,55.34,76.61,783.42
GRID_R02_C05,2024-06-10,2024,6,10,162,0.3474,-0.9377,0,0,1,28.525,77.175,54.09,50.08,545.1
GRID_R02_C05,2024-06-11,2024,6,11,163,0.3312,-0.9436,0,0,1,28.525,77.175,87.56,145.0,958.38
GRID_R02_C05,2024-06-12,2024,6,12,164,0.3149,-0.9491,0,0,1,28.525,77.175,69.53,79.64,604.6
GRID_R02_C05,2024-06-13,2024,6,13,165,0.2986,-0.9544,0,0,1,28.525,77.175,54.47,40.91,555.92
GRID_R02_C05,2024-06-14,2024,6,14,166,0.2821,-0.9594,0,0,1,28.525,77.175,47.73,45.94,957.3
GRID_R02_C05,2024-06-15,2024,6,15,167,0.2656,-0.9641,0,0,1,28.525,77.175,46.51,40.34,366.6
GRID_R02_C05,2024-06-16,2024,6,16,168,0.2489,-0.9685,0,0,1,28.525,77.175,57.05,71.94,435.58
GRID_R02_C05,2024-06-17,2024,6,17,169,0.2322,-0.9727,0,0,1,28.525,77.175,54.85,63.44,257.74
GRID_R02_C05,2024-06-18,2024,6,18,170,0.2155,-0.9765,0,0,1,28.525,77.175,72.03,65.02,275.75
GRID_R02_C05,2024-06-19,2024,6,19,171,0.1986,-0.9801,0,0,1,28.525,77.175,66.38,46.3,505.3
GRID_R02_C05,2024-06-20,2024,6,20,172,0.1818,-0.9833,0,0,1,28.525,77.175,45.45,39.76,250.05
GRID_R02_C05,2024-06-21,2024,6,21,173,0.1648,-0.9863,0,0,1,28.525,77.175,64.15,65.06,222.48
GRID_R02_C05,2024-06-22,2024,6,22,174,0.1478,-0.989,0,0,1,28.525,77.175,90.97,143.47,530.9
GRID_R02_C05,2024-06-23,2024,6,23,175,0.1308,-0.9914,0,0,1,28.525,77.175,62.9,73.78,290.55
GRID_R02_C05,2024-06-24,2024,6,24,176,0.1137,-0.9935,0,0,1,28.525,77.175,59.25,73.91,214.62
GRID_R02_C05,2024-06-25,2024,6,25,177,0.0966,-0.9953,0,0,1,28.525,77.175,67.44,72.47,540.02
GRID_R02_C05,2024-06-26,2024,6,26,178,0.0795,-0.9968,0,0,1,28.525,77.175,51.45,72.43,247.49
GRID_R02_C05,2024-06-27,2024,6,27,179,0.0623,-0.9981,0,0,1,28.525,77.175,30.98,36.68,895.74
GRID_R02_C05,2024-06-28,2024,6,28,180,0.0451,-0.999,0,0,1,28.525,77.175,37.15,13.21,551.28
GRID_R02_C05,2024-06-29,2024,6,29,181,0.028,-0.9996,0,0,1,28.525,77.175,46.95,66.67,296.73
GRID_R02_C05,2024-06-30,2024,6,30,182,0.0108,-0.9999,0,0,1,28.525,77.175,60.22,62.81,210.0
GRID_R02_C05,2024-07-01,2024,7,1,183,-0.0065,-1.0,0,0,1,28.525,77.175,35.88,25.08,116.0
GRID_R02_C05,2024-07-02,2024,7,2,184,-0.0237,-0.9997,0,0,1,28.525,77.175,42.69,56.37,223.0
GRID_R02_C05,2024-07-03,2024,7,3,185,-0.0408,-0.9992,0,0,1,28.525,77.175,35.51,43.66,212.0
GRID_R02_C05,2024-07-04,2024,7,4,186,-0.058,-0.9983,0,0,1,28.525,77.175,28.18,24.9,942.06
GRID_R02_C05,2024-07-05,2024,7,5,187,-0.0752,-0.9972,0,0,1,28.525,77.175,28.51,41.37,111.0
GRID_R02_C05,2024-07-06,2024,7,6,188,-0.0923,-0.9957,0,0,1,28.525,77.175,23.94,28.39,74.0
GRID_R02_C05,2024-07-07,2024,7,7,189,-0.1094,-0.994,0,0,1,28.525,77.175,11.97,9.79,73.0
GRID_R02_C05,2024-07-08,2024,7,8,190,-0.1265,-0.992,0,0,1,28.525,77.175,21.51,22.95,102.0
GRID_R02_C05,2024-07-09,2024,7,9,191,-0.1436,-0.9896,0,0,1,28.525,77.175,45.17,45.34,957.7
GRID_R02_C05,2024-07-10,2024,7,10,192,-0.1606,-0.987,0,0,1,28.525,77.175,61.77,76.81,949.68
GRID_R02_C05,2024-07-11,2024,7,11,193,-0.1775,-0.9841,0,0,1,28.525,77.175,52.49,60.01,274.4
GRID_R02_C05,2024-07-12,2024,7,12,194,-0.1944,-0.9809,0,0,1,28.525,77.175,27.52,18.67,110.73
GRID_R02_C05,2024-07-13,2024,7,13,195,-0.2113,-0.9774,0,0,1,28.525,77.175,38.3,31.73,201.77
GRID_R02_C05,2024-07-14,2024,7,14,196,-0.2281,-0.9736,0,0,1,28.525,77.175,49.25,56.36,234.0
GRID_R02_C05,2024-07-15,2024,7,15,197,-0.2448,-0.9696,0,0,1,28.525,77.175,46.03,55.25,332.97
GRID_R02_C05,2024-07-16,2024,7,16,198,-0.2614,-0.9652,0,0,1,28.525,77.175,43.63,49.58,151.0
GRID_R02_C05,2024-07-17,2024,7,17,199,-0.278,-0.9606,0,0,1,28.525,77.175,36.11,32.5,206.0
GRID_R02_C05,2024-07-18,2024,7,18,200,-0.2945,-0.9557,0,0,1,28.525,77.175,43.18,49.19,185.0
GRID_R02_C05,2024-07-19,2024,7,19,201,-0.3109,-0.9505,0,0,1,28.525,77.175,65.17,68.39,176.0
GRID_R02_C05,2024-07-20,2024,7,20,202,-0.3272,-0.945,0,0,1,28.525,77.175,49.09,41.51,399.82
GRID_R02_C05,2024-07-21,2024,7,21,203,-0.3434,-0.9392,0,0,1,28.525,77.175,41.75,35.8,190.0
GRID_R02_C05,2024-07-22,2024,7,22,204,-0.3595,-0.9332,0,0,1,28.525,77.175,34.71,41.74,205.1
GRID_R02_C05,2024-07-23,2024,7,23,205,-0.3755,-0.9268,0,0,1,28.525,77.175,43.21,40.94,223.0
GRID_R02_C05,2024-07-24,2024,7,24,206,-0.3914,-0.9202,0,0,1,28.525,77.175,47.22,22.37,202.34
GRID_R02_C05,2024-07-25,2024,7,25,207,-0.4071,-0.9134,0,0,1,28.525,77.175,38.5,30.7,197.0
GRID_R02_C05,2024-07-26,2024,7,26,208,-0.4228,-0.9062,0,0,1,28.525,77.175,48.84,25.79,774.31
GRID_R02_C05,2024-07-27,2024,7,27,209,-0.4383,-0.8988,0,0,1,28.525,77.175,44.1,43.08,262.5
GRID_R02_C05,2024-07-28,2024,7,28,210,-0.4537,-0.8912,0,0,1,28.525,77.175,29.58,47.7,187.13
GRID_R02_C05,2024-07-29,2024,7,29,211,-0.469,-0.8832,0,0,1,28.525,77.175,32.49,29.25,213.83
GRID_R02_C05,2024-07-30,2024,7,30,212,-0.4841,-0.875,0,0,1,28.525,77.175,40.78,38.51,129.0
GRID_R02_C05,2024-07-31,2024,7,31,213,-0.4991,-0.8666,0,0,1,28.525,77.175,33.63,39.57,521.6
GRID_R02_C05,2024-08-01,2024,8,1,214,-0.5139,-0.8578,0,0,1,28.525,77.175,19.11,11.78,765.9
GRID_R02_C05,2024-08-02,2024,8,2,215,-0.5286,-0.8489,0,0,1,28.525,77.175,32.99,38.25,200.32
GRID_R02_C05,2024-08-03,2024,8,3,216,-0.5431,-0.8397,0,0,1,28.525,77.175,22.8,22.33,89.0
GRID_R02_C05,2024-08-04,2024,8,4,217,-0.5575,-0.8302,0,0,1,28.525,77.175,18.44,17.45,127.0
GRID_R02_C05,2024-08-05,2024,8,5,218,-0.5717,-0.8205,0,0,1,28.525,77.175,20.91,23.68,60.62
GRID_R02_C05,2024-08-06,2024,8,6,219,-0.5857,-0.8105,0,0,1,28.525,77.175,21.03,18.45,814.46
GRID_R02_C05,2024-08-07,2024,8,7,220,-0.5996,-0.8003,0,0,1,28.525,77.175,18.1,14.61,119.6
GRID_R02_C05,2024-08-08,2024,8,8,221,-0.6132,-0.7899,0,0,1,28.525,77.175,21.46,22.07,299.02
GRID_R02_C05,2024-08-09,2024,8,9,222,-0.6267,-0.7792,0,0,1,28.525,77.175,26.0,30.82,315.69
GRID_R02_C05,2024-08-10,2024,8,10,223,-0.64,-0.7683,0,0,1,28.525,77.175,33.01,37.3,127.0
GRID_R02_C05,2024-08-11,2024,8,11,224,-0.6532,-0.7572,0,0,1,28.525,77.175,27.23,31.07,135.42
GRID_R02_C05,2024-08-12,2024,8,12,225,-0.6661,-0.7459,0,0,1,28.525,77.175,28.42,28.91,137.84
GRID_R02_C05,2024-08-13,2024,8,13,226,-0.6788,-0.7343,0,0,1,28.525,77.175,24.7,21.54,906.46
GRID_R02_C05,2024-08-14,2024,8,14,227,-0.6914,-0.7225,0,0,1,28.525,77.175,35.64,46.9,175.0
GRID_R02_C05,2024-08-15,2024,8,15,228,-0.7037,-0.7105,0,0,1,28.525,77.175,27.01,27.51,105.0
GRID_R02_C05,2024-08-16,2024,8,16,229,-0.7158,-0.6983,0,0,1,28.525,77.175,21.76,33.58,93.0
GRID_R02_C05,2024-08-17,2024,8,17,230,-0.7277,-0.6859,0,0,1,28.525,77.175,30.57,28.92,164.99
GRID_R02_C05,2024-08-18,2024,8,18,231,-0.7394,-0.6733,0,0,1,28.525,77.175,30.02,28.36,120.15
GRID_R02_C05,2024-08-19,2024,8,19,232,-0.7509,-0.6605,0,0,1,28.525,77.175,28.04,30.16,120.68
GRID_R02_C05,2024-08-20,2024,8,20,233,-0.7621,-0.6474,0,0,1,28.525,77.175,22.69,14.25,85.0
GRID_R02_C05,2024-08-21,2024,8,21,234,-0.7731,-0.6342,0,0,1,28.525,77.175,29.39,25.67,104.0
GRID_R02_C05,2024-08-22,2024,8,22,235,-0.7839,-0.6208,0,0,1,28.525,77.175,28.88,23.59,256.58
GRID_R02_C05,2024-08-23,2024,8,23,236,-0.7945,-0.6073,0,0,1,28.525,77.175,27.7,27.96,123.0
GRID_R02_C05,2024-08-24,2024,8,24,237,-0.8048,-0.5935,0,0,1,28.525,77.175,48.1,66.55,166.0
GRID_R02_C05,2024-08-25,2024,8,25,238,-0.8149,-0.5796,0,0,1,28.525,77.175,26.58,24.75,165.54
GRID_R02_C05,2024-08-26,2024,8,26,239,-0.8248,-0.5655,0,0,1,28.525,77.175,28.36,29.9,183.48
GRID_R02_C05,2024-08-27,2024,8,27,240,-0.8344,-0.5512,0,0,1,28.525,77.175,20.53,22.85,105.96
GRID_R02_C05,2024-08-28,2024,8,28,241,-0.8437,-0.5368,0,0,1,28.525,77.175,22.52,17.79,83.42
GRID_R02_C05,2024-08-29,2024,8,29,242,-0.8528,-0.5222,0,0,1,28.525,77.175,26.93,15.53,210.0
GRID_R02_C05,2024-08-30,2024,8,30,243,-0.8617,-0.5074,0,0,1,28.525,77.175,47.51,60.65,315.0
GRID_R02_C05,2024-08-31,2024,8,31,244,-0.8703,-0.4925,0,0,1,28.525,77.175,38.74,40.85,186.02
GRID_R02_C05,2024-09-01,2024,9,1,245,-0.8786,-0.4775,0,0,1,28.525,77.175,40.45,39.96,136.12
GRID_R02_C05,2024-09-02,2024,9,2,246,-0.8867,-0.4623,0,0,1,28.525,77.175,32.7,34.62,202.36
GRID_R02_C05,2024-09-03,2024,9,3,247,-0.8945,-0.447,0,0,1,28.525,77.175,33.86,35.89,174.38
GRID_R02_C05,2024-09-04,2024,9,4,248,-0.9021,-0.4315,0,0,1,28.525,77.175,23.5,25.29,85.0
GRID_R02_C05,2024-09-05,2024,9,5,249,-0.9094,-0.4159,0,0,1,28.525,77.175,40.35,28.36,512.55
GRID_R02_C05,2024-09-06,2024,9,6,250,-0.9164,-0.4002,0,0,1,28.525,77.175,29.93,37.68,111.0
GRID_R02_C05,2024-09-07,2024,9,7,251,-0.9232,-0.3844,0,0,1,28.525,77.175,28.02,34.8,100.0
GRID_R02_C05,2024-09-08,2024,9,8,252,-0.9296,-0.3685,0,0,1,28.525,77.175,50.87,55.1,141.0
GRID_R02_C05,2024-09-09,2024,9,9,253,-0.9358,-0.3524,0,0,1,28.525,77.175,49.05,54.34,155.0
GRID_R02_C05,2024-09-10,2024,9,10,254,-0.9418,-0.3363,0,0,1,28.525,77.175,42.02,48.53,425.68
GRID_R02_C05,2024-09-11,2024,9,11,255,-0.9474,-0.32,0,0,1,28.525,77.175,34.43,40.96,156.0
GRID_R02_C05,2024-09-12,2024,9,12,256,-0.9528,-0.3037,0,0,1,28.525,77.175,16.94,11.26,218.7
GRID_R02_C05,2024-09-13,2024,9,13,257,-0.9579,-0.2873,0,0,1,28.525,77.175,18.27,11.48,80.02
GRID_R02_C05,2024-09-14,2024,9,14,258,-0.9627,-0.2707,0,0,1,28.525,77.175,29.35,23.69,143.0
GRID_R02_C05,2024-09-15,2024,9,15,259,-0.9672,-0.2541,0,0,1,28.525,77.175,41.16,33.19,210.75
GRID_R02_C05,2024-09-16,2024,9,16,260,-0.9714,-0.2375,0,0,1,28.525,77.175,50.98,44.48,256.77
GRID_R02_C05,2024-09-17,2024,9,17,261,-0.9753,-0.2207,0,0,1,28.525,77.175,57.66,55.58,262.0
GRID_R02_C05,2024-09-18,2024,9,18,262,-0.979,-0.2039,0,0,1,28.525,77.175,36.81,57.93,175.0
GRID_R02_C05,2024-09-19,2024,9,19,263,-0.9824,-0.187,0,0,1,28.525,77.175,33.65,22.22,526.78
GRID_R02_C05,2024-09-20,2024,9,20,264,-0.9854,-0.1701,0,0,1,28.525,77.175,33.73,33.23,251.0
GRID_R02_C05,2024-09-21,2024,9,21,265,-0.9882,-0.1531,0,0,1,28.525,77.175,46.57,42.56,450.0
GRID_R02_C05,2024-09-22,2024,9,22,266,-0.9907,-0.1361,0,0,1,28.525,77.175,73.74,83.29,402.0
GRID_R02_C05,2024-09-23,2024,9,23,267,-0.9929,-0.1191,0,0,1,28.525,77.175,81.05,81.48,693.05
GRID_R02_C05,2024-09-24,2024,9,24,268,-0.9948,-0.102,0,0,1,28.525,77.175,96.32,92.12,388.0
GRID_R02_C05,2024-09-25,2024,9,25,269,-0.9964,-0.0848,0,0,1,28.525,77.175,84.05,113.08,405.0
GRID_R02_C05,2024-09-26,2024,9,26,270,-0.9977,-0.0677,0,0,1,28.525,77.175,28.35,29.5,136.0
GRID_R02_C05,2024-09-27,2024,9,27,271,-0.9987,-0.0505,0,0,1,28.525,77.175,17.48,15.85,457.93
GRID_R02_C05,2024-09-28,2024,9,28,272,-0.9994,-0.0333,0,0,1,28.525,77.175,21.54,14.36,279.0
GRID_R02_C05,2024-09-29,2024,9,29,273,-0.9999,-0.0161,0,0,1,28.525,77.175,31.56,34.07,488.7
GRID_R02_C05,2024-09-30,2024,9,30,274,-1.0,0.0011,0,0,1,28.525,77.175,63.4,74.46,186.0
GRID_R02_C08,2021-10-01,2021,10,1,274,-1.0,0.0011,0,0,1,28.525,77.325,50.61,68.41,177.0
GRID_R02_C08,2021-10-02,2021,10,2,275,-0.9998,0.0183,0,0,1,28.525,77.325,54.83,55.51,178.5
GRID_R02_C08,2021-10-03,2021,10,3,276,-0.9994,0.0355,0,0,1,28.525,77.325,37.36,49.38,114.33
GRID_R02_C08,2021-10-04,2021,10,4,277,-0.9986,0.0527,0,0,1,28.525,77.325,31.82,36.44,482.25
GRID_R02_C08,2021-10-05,2021,10,5,278,-0.9976,0.0698,0,0,1,28.525,77.325,40.86,32.54,129.73
GRID_R02_C08,2021-10-06,2021,10,6,279,-0.9962,0.087,0,0,1,28.525,77.325,51.69,62.61,703.3
GRID_R02_C08,2021-10-07,2021,10,7,280,-0.9946,0.1041,0,0,1,28.525,77.325,64.6,64.7,287.25
GRID_R02_C08,2021-10-08,2021,10,8,281,-0.9926,0.1212,0,0,1,28.525,77.325,71.38,81.18,261.75
GRID_R02_C08,2021-10-09,2021,10,9,282,-0.9904,0.1383,0,0,1,28.525,77.325,67.06,72.61,196.82
GRID_R02_C08,2021-10-10,2021,10,10,283,-0.9879,0.1553,0,0,1,28.525,77.325,64.56,73.76,191.25
GRID_R02_C08,2021-10-11,2021,10,11,284,-0.9851,0.1722,0,0,1,28.525,77.325,65.95,77.68,410.33
GRID_R02_C08,2021-10-12,2021,10,12,285,-0.9819,0.1892,0,0,1,28.525,77.325,70.25,97.36,458.45
GRID_R02_C08,2021-10-13,2021,10,13,286,-0.9785,0.206,0,0,1,28.525,77.325,77.42,89.43,166.0
GRID_R02_C08,2021-10-14,2021,10,14,287,-0.9749,0.2228,0,0,1,28.525,77.325,75.29,88.05,215.48
GRID_R02_C08,2021-10-15,2021,10,15,288,-0.9709,0.2396,1,0,1,28.525,77.325,91.62,99.28,230.0
GRID_R02_C08,2021-10-16,2021,10,16,289,-0.9666,0.2562,1,0,1,28.525,77.325,160.6,172.85,361.5
GRID_R02_C08,2021-10-17,2021,10,17,290,-0.9621,0.2728,1,0,1,28.525,77.325,113.29,165.29,654.75
GRID_R02_C08,2021-10-18,2021,10,18,291,-0.9572,0.2893,1,0,1,28.525,77.325,16.65,9.86,205.1
GRID_R02_C08,2021-10-19,2021,10,19,292,-0.9521,0.3057,1,0,1,28.525,77.325,52.53,30.74,186.91
GRID_R02_C08,2021-10-20,2021,10,20,293,-0.9467,0.3221,1,1,1,28.525,77.325,100.85,96.99,499.75
GRID_R02_C08,2021-10-21,2021,10,21,294,-0.941,0.3383,1,1,1,28.525,77.325,72.64,65.57,366.97
GRID_R02_C08,2021-10-22,2021,10,22,295,-0.9351,0.3545,1,1,1,28.525,77.325,56.72,47.4,298.0
GRID_R02_C08,2021-10-23,2021,10,23,296,-0.9288,0.3705,1,1,1,28.525,77.325,62.65,87.92,226.8
GRID_R02_C08,2021-10-24,2021,10,24,297,-0.9223,0.3864,1,1,1,28.525,77.325,65.97,88.51,297.68
GRID_R02_C08,2021-10-25,2021,10,25,298,-0.9155,0.4022,1,1,1,28.525,77.325,42.21,38.28,158.2
GRID_R02_C08,2021-10-26,2021,10,26,299,-0.9085,0.4179,1,1,1,28.525,77.325,69.24,73.6,325.66
GRID_R02_C08,2021-10-27,2021,10,27,300,-0.9012,0.4335,1,1,1,28.525,77.325,109.05,132.76,962.47
GRID_R02_C08,2021-10-28,2021,10,28,301,-0.8936,0.4489,1,1,1,28.525,77.325,124.19,149.44,466.25
GRID_R02_C08,2021-10-29,2021,10,29,302,-0.8857,0.4642,1,1,1,28.525,77.325,130.53,166.58,432.43
GRID_R02_C08,2021-10-30,2021,10,30,303,-0.8776,0.4794,1,1,1,28.525,77.325,112.9,148.67,269.0
GRID_R02_C08,2021-10-31,2021,10,31,304,-0.8692,0.4944,1,1,1,28.525,77.325,134.45,158.28,680.02
GRID_R02_C08,2021-11-01,2021,11,1,305,-0.8606,0.5093,1,1,1,28.525,77.325,139.16,150.74,417.56
GRID_R02_C08,2021-11-02,2021,11,2,306,-0.8517,0.524,1,1,1,28.525,77.325,134.71,158.39,401.0
GRID_R02_C08,2021-11-03,2021,11,3,307,-0.8426,0.5386,1,1,1,28.525,77.325,162.74,158.28,704.5
GRID_R02_C08,2021-11-04,2021,11,4,308,-0.8332,0.553,1,1,1,28.525,77.325,316.9,267.75,995.0
GRID_R02_C08,2021-11-05,2021,11,5,309,-0.8235,0.5672,1,1,1,28.525,77.325,416.77,519.22,997.63
GRID_R02_C08,2021-11-06,2021,11,6,310,-0.8137,0.5813,1,1,1,28.525,77.325,319.47,332.39,765.0
GRID_R02_C08,2021-11-07,2021,11,7,311,-0.8035,0.5952,1,1,1,28.525,77.325,262.63,321.22,593.5
GRID_R02_C08,2021-11-08,2021,11,8,312,-0.7932,0.609,1,1,1,28.525,77.325,253.53,332.58,650.67
GRID_R02_C08,2021-11-09,2021,11,9,313,-0.7826,0.6225,1,1,1,28.525,77.325,265.25,323.17,751.35
GRID_R02_C08,2021-11-10,2021,11,10,314,-0.7718,0.6359,1,1,1,28.525,77.325,233.41,205.8,975.1
GRID_R02_C08,2021-11-11,2021,11,11,315,-0.7607,0.6491,1,1,1,28.525,77.325,306.53,285.69,997.6
GRID_R02_C08,2021-11-12,2021,11,12,316,-0.7494,0.6621,1,1,1,28.525,77.325,384.56,440.73,699.75
GRID_R02_C08,2021-11-13,2021,11,13,317,-0.7379,0.6749,1,1,1,28.525,77.325,263.07,360.29,663.0
GRID_R02_C08,2021-11-14,2021,11,14,318,-0.7262,0.6875,1,1,1,28.525,77.325,183.04,182.18,559.29
GRID_R02_C08,2021-11-15,2021,11,15,319,-0.7143,0.6998,1,1,1,28.525,77.325,208.8,195.1,652.86
GRID_R02_C08,2021-11-16,2021,11,16,320,-0.7021,0.712,1,1,1,28.525,77.325,252.06,314.24,573.9
GRID_R02_C08,2021-11-17,2021,11,17,321,-0.6898,0.724,1,1,1,28.525,77.325,213.03,249.61,545.68
GRID_R02_C08,2021-11-18,2021,11,18,322,-0.6772,0.7358,1,1,1,28.525,77.325,213.94,273.22,646.09
GRID_R02_C08,2021-11-19,2021,11,19,323,-0.6645,0.7473,1,1,1,28.525,77.325,230.41,286.23,473.25
GRID_R02_C08,2021-11-20,2021,11,20,324,-0.6515,0.7586,1,1,1,28.525,77.325,222.03,248.07,543.81
GRID_R02_C08,2021-11-21,2021,11,21,325,-0.6384,0.7697,1,0,1,28.525,77.325,187.73,249.24,521.07
GRID_R02_C08,2021-11-22,2021,11,22,326,-0.625,0.7806,1,0,1,28.525,77.325,139.41,164.24,300.25
GRID_R02_C08,2021-11-23,2021,11,23,327,-0.6115,0.7912,1,0,1,28.525,77.325,152.83,146.69,558.85
GRID_R02_C08,2021-11-24,2021,11,24,328,-0.5978,0.8016,1,0,1,28.525,77.325,232.67,238.73,630.92
GRID_R02_C08,2021-11-25,2021,11,25,329,-0.584,0.8118,1,0,1,28.525,77.325,258.26,281.81,647.5
GRID_R02_C08,2021-11-26,2021,11,26,330,-0.5699,0.8217,1,0,1,28.525,77.325,272.51,342.73,920.5
GRID_R02_C08,2021-11-27,2021,11,27,331,-0.5557,0.8314,1,0,1,28.525,77.325,252.82,277.26,564.9
GRID_R02_C08,2021-11-28,2021,11,28,332,-0.5413,0.8408,1,0,1,28.525,77.325,268.55,303.6,571.25
GRID_R02_C08,2021-11-29,2021,11,29,333,-0.5268,0.85,1,0,1,28.525,77.325,214.44,280.48,591.75
GRID_R02_C08,2021-11-30,2021,11,30,334,-0.5121,0.859,1,0,1,28.525,77.325,174.95,178.7,418.7
GRID_R02_C08,2021-12-01,2021,12,1,335,-0.4972,0.8676,1,0,1,28.525,77.325,251.75,224.22,628.25
GRID_R02_C08,2021-12-02,2021,12,2,336,-0.4822,0.8761,1,0,1,28.525,77.325,262.35,303.28,728.75
GRID_R02_C08,2021-12-03,2021,12,3,337,-0.4671,0.8842,1,0,1,28.525,77.325,203.28,200.73,689.0
GRID_R02_C08,2021-12-04,2021,12,4,338,-0.4518,0.8921,1,0,1,28.525,77.325,171.39,225.64,515.5
GRID_R02_C08,2021-12-05,2021,12,5,339,-0.4364,0.8998,1,0,1,28.525,77.325,182.26,212.15,633.25
GRID_R02_C08,2021-12-06,2021,12,6,340,-0.4208,0.9071,1,0,1,28.525,77.325,143.38,158.74,633.9
GRID_R02_C08,2021-12-07,2021,12,7,341,-0.4052,0.9142,1,0,1,28.525,77.325,109.64,123.65,298.75
GRID_R02_C08,2021-12-08,2021,12,8,342,-0.3894,0.9211,1,0,1,28.525,77.325,115.53,127.39,389.45
GRID_R02_C08,2021-12-09,2021,12,9,343,-0.3735,0.9276,1,0,1,28.525,77.325,158.44,158.08,686.75
GRID_R02_C08,2021-12-10,2021,12,10,344,-0.3575,0.9339,1,0,1,28.525,77.325,150.32,162.28,433.25
GRID_R02_C08,2021-12-11,2021,12,11,345,-0.3413,0.9399,1,0,1,28.525,77.325,122.17,130.1,659.0
GRID_R02_C08,2021-12-12,2021,12,12,346,-0.3251,0.9457,1,0,1,28.525,77.325,143.5,134.15,629.5
GRID_R02_C08,2021-12-13,2021,12,13,347,-0.3088,0.9511,1,0,1,28.525,77.325,208.48,262.92,938.0
GRID_R02_C08,2021-12-14,2021,12,14,348,-0.2924,0.9563,1,0,1,28.525,77.325,226.41,276.31,658.75
GRID_R02_C08,2021-12-15,2021,12,15,349,-0.2759,0.9612,1,0,1,28.525,77.325,189.78,199.17,524.0
GRID_R02_C08,2021-12-16,2021,12,16,350,-0.2593,0.9658,1,0,1,28.525,77.325,219.25,233.31,550.25
GRID_R02_C08,2021-12-17,2021,12,17,351,-0.2427,0.9701,1,0,1,28.525,77.325,151.99,187.97,383.0
GRID_R02_C08,2021-12-18,2021,12,18,352,-0.226,0.9741,1,0,1,28.525,77.325,139.07,141.5,418.8
GRID_R02_C08,2021-12-19,2021,12,19,353,-0.2092,0.9779,1,0,1,28.525,77.325,145.13,122.5,489.5
GRID_R02_C08,2021-12-20,2021,12,20,354,-0.1923,0.9813,1,0,1,28.525,77.325,196.18,164.86,985.0
GRID_R02_C08,2021-12-21,2021,12,21,355,-0.1754,0.9845,1,0,1,28.525,77.325,296.12,370.11,985.0
GRID_R02_C08,2021-12-22,2021,12,22,356,-0.1585,0.9874,1,0,1,28.525,77.325,304.49,357.49,918.5
GRID_R02_C08,2021-12-23,2021,12,23,357,-0.1414,0.9899,1,0,1,28.525,77.325,352.64,422.22,840.0
GRID_R02_C08,2021-12-24,2021,12,24,358,-0.1244,0.9922,1,0,1,28.525,77.325,290.86,319.31,879.5
GRID_R02_C08,2021-12-25,2021,12,25,359,-0.1073,0.9942,1,0,1,28.525,77.325,365.24,386.2,973.0
GRID_R02_C08,2021-12-26,2021,12,26,360,-0.0902,0.9959,1,0,1,28.525,77.325,367.61,427.16,835.5
GRID_R02_C08,2021-12-27,2021,12,27,361,-0.073,0.9973,1,0,1,28.525,77.325,119.32,105.9,707.25
GRID_R02_C08,2021-12-28,2021,12,28,362,-0.0559,0.9984,1,0,1,28.525,77.325,149.27,152.45,465.0
GRID_R02_C08,2021-12-29,2021,12,29,363,-0.0387,0.9993,1,0,1,28.525,77.325,138.01,156.99,751.75
GRID_R02_C08,2021-12-30,2021,12,30,364,-0.0215,0.9998,1,0,1,28.525,77.325,164.4,186.85,931.8
GRID_R02_C08,2021-12-31,2021,12,31,365,-0.0043,1.0,1,0,1,28.525,77.325,188.11,204.05,934.1
GRID_R02_C08,2022-01-01,2022,1,1,1,0.0172,0.9999,1,0,1,28.525,77.325,238.69,202.42,773.5
GRID_R02_C08,2022-01-02,2022,1,2,2,0.0344,0.9994,1,0,1,28.525,77.325,265.11,270.07,818.75
GRID_R02_C08,2022-01-03,2022,1,3,3,0.0516,0.9987,1,0,1,28.525,77.325,246.69,235.29,856.0
GRID_R02_C08,2022-01-04,2022,1,4,4,0.0688,0.9976,1,0,1,28.525,77.325,220.81,252.29,698.75
GRID_R02_C08,2022-01-05,2022,1,5,5,0.0859,0.9963,1,0,1,28.525,77.325,265.96,349.82,682.2
GRID_R02_C08,2022-01-06,2022,1,6,6,0.103,0.9947,1,0,1,28.525,77.325,109.5,153.98,291.12
GRID_R02_C08,2022-01-07,2022,1,7,7,0.1201,0.9928,1,0,1,28.525,77.325,70.24,82.85,174.0
GRID_R02_C08,2022-01-08,2022,1,8,8,0.1372,0.9905,1,0,1,28.525,77.325,46.6,48.84,597.2
GRID_R02_C08,2022-01-09,2022,1,9,9,0.1542,0.988,1,0,1,28.525,77.325,44.1,26.94,195.67
GRID_R02_C08,2022-01-10,2022,1,10,10,0.1712,0.9852,1,0,1,28.525,77.325,90.21,81.79,309.67
GRID_R02_C08,2022-01-11,2022,1,11,11,0.1881,0.9821,1,0,1,28.525,77.325,93.39,95.03,458.75
GRID_R02_C08,2022-01-12,2022,1,12,12,0.205,0.9788,1,0,1,28.525,77.325,111.43,78.9,493.4
GRID_R02_C08,2022-01-13,2022,1,13,13,0.2218,0.9751,1,0,1,28.525,77.325,205.32,160.48,813.75
GRID_R02_C08,2022-01-14,2022,1,14,14,0.2385,0.9711,1,0,1,28.525,77.325,187.32,129.87,479.33
GRID_R02_C08,2022-01-15,2022,1,15,15,0.2552,0.9669,1,0,1,28.525,77.325,118.68,68.27,375.67
GRID_R02_C08,2022-01-16,2022,1,16,16,0.2718,0.9624,1,0,1,28.525,77.325,137.41,95.92,415.0
GRID_R02_C08,2022-01-17,2022,1,17,17,0.2883,0.9575,1,0,1,28.525,77.325,174.77,126.57,505.33
GRID_R02_C08,2022-01-18,2022,1,18,18,0.3047,0.9524,1,0,1,28.525,77.325,178.79,201.62,444.0
GRID_R02_C08,2022-01-19,2022,1,19,19,0.3211,0.9471,1,0,1,28.525,77.325,186.01,155.28,600.1
GRID_R02_C08,2022-01-20,2022,1,20,20,0.3373,0.9414,1,0,1,28.525,77.325,238.21,193.92,451.7
GRID_R02_C08,2022-01-21,2022,1,21,21,0.3534,0.9355,1,0,1,28.525,77.325,197.22,153.95,560.75
GRID_R02_C08,2022-01-22,2022,1,22,22,0.3695,0.9292,1,0,1,28.525,77.325,130.02,117.19,903.7
GRID_R02_C08,2022-01-23,2022,1,23,23,0.3854,0.9227,1,0,1,28.525,77.325,109.91,71.84,534.0
GRID_R02_C08,2022-01-24,2022,1,24,24,0.4012,0.916,1,0,1,28.525,77.325,112.47,65.48,570.0
GRID_R02_C08,2022-01-25,2022,1,25,25,0.4169,0.9089,1,0,1,28.525,77.325,119.76,70.15,547.0
GRID_R02_C08,2022-01-26,2022,1,26,26,0.4325,0.9016,1,0,1,28.525,77.325,126.34,94.48,646.5
GRID_R02_C08,2022-01-27,2022,1,27,27,0.4479,0.8941,1,0,1,28.525,77.325,118.13,105.53,538.1
GRID_R02_C08,2022-01-28,2022,1,28,28,0.4633,0.8862,1,0,1,28.525,77.325,103.89,98.14,841.5
GRID_R02_C08,2022-01-29,2022,1,29,29,0.4784,0.8781,1,0,1,28.525,77.325,124.1,115.06,895.9
GRID_R02_C08,2022-01-30,2022,1,30,30,0.4935,0.8698,1,0,1,28.525,77.325,143.1,148.19,953.6
GRID_R02_C08,2022-01-31,2022,1,31,31,0.5084,0.8611,1,0,1,28.525,77.325,215.21,207.11,871.6
GRID_R02_C08,2022-02-01,2022,2,1,32,0.5231,0.8523,0,0,1,28.525,77.325,202.33,203.1,833.8
GRID_R02_C08,2022-02-02,2022,2,2,33,0.5377,0.8432,0,0,1,28.525,77.325,161.68,148.87,730.45
GRID_R02_C08,2022-02-03,2022,2,3,34,0.5521,0.8338,0,0,1,28.525,77.325,142.22,166.98,558.3
GRID_R02_C08,2022-02-04,2022,2,4,35,0.5664,0.8242,0,0,1,28.525,77.325,64.38,48.62,813.1
GRID_R02_C08,2022-02-05,2022,2,5,36,0.5805,0.8143,0,0,1,28.525,77.325,129.48,86.26,694.75
GRID_R02_C08,2022-02-06,2022,2,6,37,0.5944,0.8042,0,0,1,28.525,77.325,162.97,199.03,732.25
GRID_R02_C08,2022-02-07,2022,2,7,38,0.6081,0.7938,0,0,1,28.525,77.325,123.8,133.18,850.0
GRID_R02_C08,2022-02-08,2022,2,8,39,0.6217,0.7833,0,0,1,28.525,77.325,146.36,164.75,554.05
GRID_R02_C08,2022-02-09,2022,2,9,40,0.6351,0.7725,0,0,1,28.525,77.325,95.7,58.05,756.35
GRID_R02_C08,2022-02-10,2022,2,10,41,0.6483,0.7614,0,0,1,28.525,77.325,82.18,74.62,614.8
GRID_R02_C08,2022-02-11,2022,2,11,42,0.6613,0.7502,0,0,1,28.525,77.325,88.88,104.79,658.4
GRID_R02_C08,2022-02-12,2022,2,12,43,0.6741,0.7387,0,0,1,28.525,77.325,93.96,101.03,819.8
GRID_R02_C08,2022-02-13,2022,2,13,44,0.6867,0.727,0,0,1,28.525,77.325,125.88,164.91,572.25
GRID_R02_C08,2022-02-14,2022,2,14,45,0.6991,0.715,0,0,1,28.525,77.325,116.5,152.48,685.73
GRID_R02_C08,2022-02-15,2022,2,15,46,0.7113,0.7029,0,0,1,28.525,77.325,105.06,142.07,680.8
GRID_R02_C08,2022-02-16,2022,2,16,47,0.7233,0.6906,0,0,1,28.525,77.325,139.55,187.94,518.0
GRID_R02_C08,2022-02-17,2022,2,17,48,0.735,0.678,0,0,1,28.525,77.325,113.76,128.62,393.5
GRID_R02_C08,2022-02-18,2022,2,18,49,0.7466,0.6653,0,0,1,28.525,77.325,114.55,180.36,557.7
GRID_R02_C08,2022-02-19,2022,2,19,50,0.7579,0.6523,0,0,1,28.525,77.325,85.13,98.02,792.75
GRID_R02_C08,2022-02-20,2022,2,20,51,0.769,0.6392,0,0,1,28.525,77.325,82.67,99.35,814.1
GRID_R02_C08,2022-02-21,2022,2,21,52,0.7799,0.6259,0,0,1,28.525,77.325,80.89,77.72,841.5
GRID_R02_C08,2022-02-22,2022,2,22,53,0.7906,0.6124,0,0,1,28.525,77.325,99.45,127.66,669.0
GRID_R02_C08,2022-02-23,2022,2,23,54,0.801,0.5987,0,0,1,28.525,77.325,112.36,111.56,491.55
GRID_R02_C08,2022-02-24,2022,2,24,55,0.8112,0.5848,0,0,1,28.525,77.325,149.33,203.59,458.5
GRID_R02_C08,2022-02-25,2022,2,25,56,0.8211,0.5708,0,0,1,28.525,77.325,126.85,191.24,410.0
GRID_R02_C08,2022-02-26,2022,2,26,57,0.8308,0.5566,0,0,1,28.525,77.325,27.32,18.8,276.0
GRID_R02_C08,2022-02-27,2022,2,27,58,0.8402,0.5422,0,0,1,28.525,77.325,43.55,49.78,141.75
GRID_R02_C08,2022-02-28,2022,2,28,59,0.8495,0.5277,0,0,1,28.525,77.325,46.79,51.25,302.2
GRID_R02_C08,2022-03-01,2022,3,1,60,0.8584,0.513,0,0,1,28.525,77.325,85.2,103.27,518.8
GRID_R02_C08,2022-03-02,2022,3,2,61,0.8671,0.4981,0,0,1,28.525,77.325,103.09,149.55,315.75
GRID_R02_C08,2022-03-03,2022,3,3,62,0.8755,0.4831,0,0,1,28.525,77.325,81.43,89.55,355.0
GRID_R02_C08,2022-03-04,2022,3,4,63,0.8837,0.468,0,0,1,28.525,77.325,76.79,110.28,265.15
GRID_R02_C08,2022-03-05,2022,3,5,64,0.8916,0.4527,0,0,1,28.525,77.325,57.07,67.97,177.75
GRID_R02_C08,2022-03-06,2022,3,6,65,0.8993,0.4373,0,0,1,28.525,77.325,86.4,100.89,624.6
GRID_R02_C08,2022-03-07,2022,3,7,66,0.9067,0.4218,0,0,1,28.525,77.325,120.95,154.56,475.25
GRID_R02_C08,2022-03-08,2022,3,8,67,0.9138,0.4061,0,0,1,28.525,77.325,120.12,206.2,489.05
GRID_R02_C08,2022-03-09,2022,3,9,68,0.9207,0.3904,0,0,1,28.525,77.325,68.32,98.59,244.0
GRID_R02_C08,2022-03-10,2022,3,10,69,0.9272,0.3745,0,0,1,28.525,77.325,64.08,84.09,397.0
GRID_R02_C08,2022-03-11,2022,3,11,70,0.9335,0.3585,0,0,1,28.525,77.325,77.38,116.53,253.25
GRID_R02_C08,2022-03-12,2022,3,12,71,0.9396,0.3424,0,0,1,28.525,77.325,73.17,100.11,228.5
GRID_R02_C08,2022-03-13,2022,3,13,72,0.9453,0.3261,0,0,1,28.525,77.325,89.79,107.3,258.7
GRID_R02_C08,2022-03-14,2022,3,14,73,0.9508,0.3098,0,0,1,28.525,77.325,118.62,184.2,354.32
GRID_R02_C08,2022-03-15,2022,3,15,74,0.956,0.2934,0,0,1,28.525,77.325,116.63,173.89,563.52
GRID_R02_C08,2022-03-16,2022,3,16,75,0.9609,0.2769,0,0,1,28.525,77.325,92.63,122.83,655.1
GRID_R02_C08,2022-03-17,2022,3,17,76,0.9655,0.2604,0,0,1,28.525,77.325,118.24,126.48,271.25
GRID_R02_C08,2022-03-18,2022,3,18,77,0.9698,0.2437,0,0,1,28.525,77.325,137.76,161.62,424.92
GRID_R02_C08,2022-03-19,2022,3,19,78,0.9739,0.227,0,0,1,28.525,77.325,106.58,114.19,322.88
GRID_R02_C08,2022-03-20,2022,3,20,79,0.9777,0.2102,0,0,1,28.525,77.325,104.26,125.51,606.98
GRID_R02_C08,2022-03-21,2022,3,21,80,0.9811,0.1934,0,0,1,28.525,77.325,130.28,188.16,417.5
GRID_R02_C08,2022-03-22,2022,3,22,81,0.9843,0.1765,0,0,1,28.525,77.325,80.13,91.92,367.0
GRID_R02_C08,2022-03-23,2022,3,23,82,0.9872,0.1595,0,0,1,28.525,77.325,100.6,131.08,507.0
GRID_R02_C08,2022-03-24,2022,3,24,83,0.9898,0.1425,0,0,1,28.525,77.325,114.07,193.47,395.0
GRID_R02_C08,2022-03-25,2022,3,25,84,0.9921,0.1255,0,0,1,28.525,77.325,88.68,120.84,258.08
GRID_R02_C08,2022-03-26,2022,3,26,85,0.9941,0.1084,0,0,1,28.525,77.325,84.56,130.38,266.25
GRID_R02_C08,2022-03-27,2022,3,27,86,0.9958,0.0913,0,0,1,28.525,77.325,89.19,117.92,273.95
GRID_R02_C08,2022-03-28,2022,3,28,87,0.9972,0.0741,0,0,1,28.525,77.325,103.39,141.58,363.7
GRID_R02_C08,2022-03-29,2022,3,29,88,0.9984,0.057,0,0,1,28.525,77.325,120.23,174.75,392.0
GRID_R02_C08,2022-03-30,2022,3,30,89,0.9992,0.0398,0,0,1,28.525,77.325,125.33,184.83,482.0
GRID_R02_C08,2022-03-31,2022,3,31,90,0.9997,0.0226,0,0,1,28.525,77.325,141.8,190.73,621.41
GRID_R02_C08,2022-04-01,2022,4,1,91,1.0,0.0054,0,0,1,28.525,77.325,73.4,110.61,261.08
GRID_R02_C08,2022-04-02,2022,4,2,92,0.9999,-0.0118,0,0,1,28.525,77.325,106.92,155.26,486.75
GRID_R02_C08,2022-04-03,2022,4,3,93,0.9996,-0.029,0,0,1,28.525,77.325,105.31,147.27,554.12
GRID_R02_C08,2022-04-04,2022,4,4,94,0.9989,-0.0462,0,0,1,28.525,77.325,106.92,119.72,412.75
GRID_R02_C08,2022-04-05,2022,4,5,95,0.998,-0.0634,0,0,1,28.525,77.325,102.59,199.12,403.5
GRID_R02_C08,2022-04-06,2022,4,6,96,0.9968,-0.0805,0,0,1,28.525,77.325,118.61,218.45,657.1
GRID_R02_C08,2022-04-07,2022,4,7,97,0.9952,-0.0977,0,0,1,28.525,77.325,124.24,194.43,451.0
GRID_R02_C08,2022-04-08,2022,4,8,98,0.9934,-0.1148,0,0,1,28.525,77.325,110.12,151.85,420.0
GRID_R02_C08,2022-04-09,2022,4,9,99,0.9913,-0.1319,0,0,1,28.525,77.325,109.85,156.71,713.2
GRID_R02_C08,2022-04-10,2022,4,10,100,0.9889,-0.1489,0,0,1,28.525,77.325,106.36,144.57,376.0
GRID_R02_C08,2022-04-11,2022,4,11,101,0.9861,-0.1659,0,0,1,28.525,77.325,109.75,168.72,458.7
GRID_R02_C08,2022-04-12,2022,4,12,102,0.9831,-0.1828,0,0,1,28.525,77.325,92.42,92.16,743.0
GRID_R02_C08,2022-04-13,2022,4,13,103,0.9799,-0.1997,0,0,1,28.525,77.325,111.71,204.68,412.32
GRID_R02_C08,2022-04-14,2022,4,14,104,0.9763,-0.2165,0,0,1,28.525,77.325,76.82,100.49,367.6
GRID_R02_C08,2022-04-15,2022,4,15,105,0.9724,-0.2333,0,0,1,28.525,77.325,70.63,77.51,257.88
GRID_R02_C08,2022-04-16,2022,4,16,106,0.9683,-0.25,0,0,1,28.525,77.325,102.22,135.16,257.25
GRID_R02_C08,2022-04-17,2022,4,17,107,0.9638,-0.2666,0,0,1,28.525,77.325,106.5,148.91,350.08
GRID_R02_C08,2022-04-18,2022,4,18,108,0.9591,-0.2831,0,0,1,28.525,77.325,112.05,143.79,894.0
GRID_R02_C08,2022-04-19,2022,4,19,109,0.9541,-0.2996,0,0,1,28.525,77.325,133.61,225.39,487.0
GRID_R02_C08,2022-04-20,2022,4,20,110,0.9488,-0.316,0,0,1,28.525,77.325,95.54,125.03,438.0
GRID_R02_C08,2022-04-21,2022,4,21,111,0.9432,-0.3322,0,0,1,28.525,77.325,104.24,115.77,340.9
GRID_R02_C08,2022-04-22,2022,4,22,112,0.9373,-0.3484,0,0,1,28.525,77.325,65.22,57.95,426.05
GRID_R02_C08,2022-04-23,2022,4,23,113,0.9312,-0.3645,0,0,1,28.525,77.325,110.12,190.55,412.47
GRID_R02_C08,2022-04-24,2022,4,24,114,0.9248,-0.3804,0,0,1,28.525,77.325,120.75,201.2,501.67
GRID_R02_C08,2022-04-25,2022,4,25,115,0.9181,-0.3963,0,0,1,28.525,77.325,100.34,132.63,394.4
GRID_R02_C08,2022-04-26,2022,4,26,116,0.9112,-0.412,0,0,1,28.525,77.325,81.97,78.35,458.1
GRID_R02_C08,2022-04-27,2022,4,27,117,0.9039,-0.4276,0,0,1,28.525,77.325,153.86,283.33,723.0
GRID_R02_C08,2022-04-28,2022,4,28,118,0.8965,-0.4431,0,0,1,28.525,77.325,163.21,204.22,765.92
GRID_R02_C08,2022-04-29,2022,4,29,119,0.8887,-0.4585,0,0,1,28.525,77.325,148.54,173.09,510.0
GRID_R02_C08,2022-04-30,2022,4,30,120,0.8807,-0.4737,0,0,1,28.525,77.325,121.09,152.58,444.0
GRID_R02_C08,2022-05-01,2022,5,1,121,0.8724,-0.4888,0,0,1,28.525,77.325,90.46,85.1,378.1
GRID_R02_C08,2022-05-02,2022,5,2,122,0.8639,-0.5037,0,0,1,28.525,77.325,73.78,73.02,193.8
GRID_R02_C08,2022-05-03,2022,5,3,123,0.8551,-0.5185,0,0,1,28.525,77.325,98.47,75.58,378.55
GRID_R02_C08,2022-05-04,2022,5,4,124,0.846,-0.5331,0,0,1,28.525,77.325,73.54,91.45,294.5
GRID_R02_C08,2022-05-05,2022,5,5,125,0.8367,-0.5476,0,0,1,28.525,77.325,71.62,82.66,213.25
GRID_R02_C08,2022-05-06,2022,5,6,126,0.8272,-0.5619,0,0,1,28.525,77.325,115.78,151.07,393.79
GRID_R02_C08,2022-05-07,2022,5,7,127,0.8174,-0.5761,0,0,1,28.525,77.325,86.89,94.49,394.15
GRID_R02_C08,2022-05-08,2022,5,8,128,0.8074,-0.59,0,0,1,28.525,77.325,82.76,82.24,317.93
GRID_R02_C08,2022-05-09,2022,5,9,129,0.7971,-0.6038,0,0,1,28.525,77.325,66.6,68.42,342.57
GRID_R02_C08,2022-05-10,2022,5,10,130,0.7866,-0.6175,0,0,1,28.525,77.325,64.78,71.54,208.72
GRID_R02_C08,2022-05-11,2022,5,11,131,0.7759,-0.6309,0,0,1,28.525,77.325,62.23,62.55,195.1
GRID_R02_C08,2022-05-12,2022,5,12,132,0.7649,-0.6442,0,0,1,28.525,77.325,67.67,63.77,284.5
GRID_R02_C08,2022-05-13,2022,5,13,133,0.7537,-0.6572,0,0,1,28.525,77.325,76.01,56.15,302.82
GRID_R02_C08,2022-05-14,2022,5,14,134,0.7423,-0.6701,0,0,1,28.525,77.325,108.68,171.32,482.76
GRID_R02_C08,2022-05-15,2022,5,15,135,0.7306,-0.6828,0,0,1,28.525,77.325,98.88,154.71,394.61
GRID_R02_C08,2022-05-16,2022,5,16,136,0.7188,-0.6952,0,0,1,28.525,77.325,96.8,85.25,889.56
GRID_R02_C08,2022-05-17,2022,5,17,137,0.7067,-0.7075,0,0,1,28.525,77.325,68.76,46.22,236.42
GRID_R02_C08,2022-05-18,2022,5,18,138,0.6945,-0.7195,0,0,1,28.525,77.325,76.49,78.65,284.62
GRID_R02_C08,2022-05-19,2022,5,19,139,0.682,-0.7314,0,0,1,28.525,77.325,88.25,96.65,260.2
GRID_R02_C08,2022-05-20,2022,5,20,140,0.6693,-0.743,0,0,1,28.525,77.325,92.72,114.24,470.15
GRID_R02_C08,2022-05-21,2022,5,21,141,0.6564,-0.7544,0,0,1,28.525,77.325,76.87,70.19,404.62
GRID_R02_C08,2022-05-22,2022,5,22,142,0.6433,-0.7656,0,0,1,28.525,77.325,64.57,75.6,273.0
GRID_R02_C08,2022-05-23,2022,5,23,143,0.6301,-0.7765,0,0,1,28.525,77.325,30.37,21.62,130.0
GRID_R02_C08,2022-05-24,2022,5,24,144,0.6166,-0.7873,0,0,1,28.525,77.325,36.28,30.55,192.42
GRID_R02_C08,2022-05-25,2022,5,25,145,0.603,-0.7978,0,0,1,28.525,77.325,81.34,108.12,534.0
GRID_R02_C08,2022-05-26,2022,5,26,146,0.5892,-0.808,0,0,1,28.525,77.325,94.83,125.56,622.6
GRID_R02_C08,2022-05-27,2022,5,27,147,0.5752,-0.818,0,0,1,28.525,77.325,81.91,106.06,217.0
GRID_R02_C08,2022-05-28,2022,5,28,148,0.561,-0.8278,0,0,1,28.525,77.325,75.39,65.53,283.68
GRID_R02_C08,2022-05-29,2022,5,29,149,0.5467,-0.8373,0,0,1,28.525,77.325,72.29,83.49,209.15
GRID_R02_C08,2022-05-30,2022,5,30,150,0.5322,-0.8466,0,0,1,28.525,77.325,65.49,69.05,436.25
GRID_R02_C08,2022-05-31,2022,5,31,151,0.5176,-0.8556,0,0,1,28.525,77.325,99.01,83.63,344.67
GRID_R02_C08,2022-06-01,2022,6,1,152,0.5028,-0.8644,0,0,1,28.525,77.325,97.93,147.1,353.12
GRID_R02_C08,2022-06-02,2022,6,2,153,0.4878,-0.8729,0,0,1,28.525,77.325,77.59,103.56,269.05
GRID_R02_C08,2022-06-03,2022,6,3,154,0.4728,-0.8812,0,0,1,28.525,77.325,89.98,136.35,275.25
GRID_R02_C08,2022-06-04,2022,6,4,155,0.4575,-0.8892,0,0,1,28.525,77.325,81.09,113.17,306.58
GRID_R02_C08,2022-06-05,2022,6,5,156,0.4422,-0.8969,0,0,1,28.525,77.325,59.21,52.12,298.7
GRID_R02_C08,2022-06-06,2022,6,6,157,0.4267,-0.9044,0,0,1,28.525,77.325,53.82,52.72,193.75
GRID_R02_C08,2022-06-07,2022,6,7,158,0.4111,-0.9116,0,0,1,28.525,77.325,88.0,71.28,388.0
GRID_R02_C08,2022-06-08,2022,6,8,159,0.3953,-0.9185,0,0,1,28.525,77.325,78.4,82.01,360.25
GRID_R02_C08,2022-06-09,2022,6,9,160,0.3795,-0.9252,0,0,1,28.525,77.325,62.57,61.73,252.6
GRID_R02_C08,2022-06-10,2022,6,10,161,0.3635,-0.9316,0,0,1,28.525,77.325,75.31,77.98,269.25
GRID_R02_C08,2022-06-11,2022,6,11,162,0.3474,-0.9377,0,0,1,28.525,77.325,70.14,68.3,192.75
GRID_R02_C08,2022-06-12,2022,6,12,163,0.3312,-0.9436,0,0,1,28.525,77.325,74.34,86.06,261.25
GRID_R02_C08,2022-06-13,2022,6,13,164,0.3149,-0.9491,0,0,1,28.525,77.325,51.93,34.18,190.75
GRID_R02_C08,2022-06-14,2022,6,14,165,0.2986,-0.9544,0,0,1,28.525,77.325,56.4,61.94,210.0
GRID_R02_C08,2022-06-15,2022,6,15,166,0.2821,-0.9594,0,0,1,28.525,77.325,35.44,36.86,187.7
GRID_R02_C08,2022-06-16,2022,6,16,167,0.2656,-0.9641,0,0,1,28.525,77.325,34.81,34.26,398.45
GRID_R02_C08,2022-06-17,2022,6,17,168,0.2489,-0.9685,0,0,1,28.525,77.325,28.28,19.79,90.1
GRID_R02_C08,2022-06-18,2022,6,18,169,0.2322,-0.9727,0,0,1,28.525,77.325,34.62,42.9,120.08
GRID_R02_C08,2022-06-19,2022,6,19,170,0.2155,-0.9765,0,0,1,28.525,77.325,42.72,54.49,173.0
GRID_R02_C08,2022-06-20,2022,6,20,171,0.1986,-0.9801,0,0,1,28.525,77.325,53.46,65.93,271.0
GRID_R02_C08,2022-06-21,2022,6,21,172,0.1818,-0.9833,0,0,1,28.525,77.325,44.11,63.39,193.5
GRID_R02_C08,2022-06-22,2022,6,22,173,0.1648,-0.9863,0,0,1,28.525,77.325,51.49,38.76,153.0
GRID_R02_C08,2022-06-23,2022,6,23,174,0.1478,-0.989,0,0,1,28.525,77.325,56.32,53.84,209.5
GRID_R02_C08,2022-06-24,2022,6,24,175,0.1308,-0.9914,0,0,1,28.525,77.325,72.0,102.15,258.75
GRID_R02_C08,2022-06-25,2022,6,25,176,0.1137,-0.9935,0,0,1,28.525,77.325,80.74,103.06,343.0
GRID_R02_C08,2022-06-26,2022,6,26,177,0.0966,-0.9953,0,0,1,28.525,77.325,65.27,65.89,295.6
GRID_R02_C08,2022-06-27,2022,6,27,178,0.0795,-0.9968,0,0,1,28.525,77.325,55.02,51.71,141.45
GRID_R02_C08,2022-06-28,2022,6,28,179,0.0623,-0.9981,0,0,1,28.525,77.325,74.87,68.65,221.0
GRID_R02_C08,2022-06-29,2022,6,29,180,0.0451,-0.999,0,0,1,28.525,77.325,60.43,39.46,226.7
GRID_R02_C08,2022-06-30,2022,6,30,181,0.028,-0.9996,0,0,1,28.525,77.325,37.61,33.29,430.33
GRID_R02_C08,2022-07-01,2022,7,1,182,0.0108,-0.9999,0,0,1,28.525,77.325,36.33,45.16,338.0
GRID_R02_C08,2022-07-02,2022,7,2,183,-0.0065,-1.0,0,0,1,28.525,77.325,42.77,66.61,165.67
GRID_R02_C08,2022-07-03,2022,7,3,184,-0.0237,-0.9997,0,0,1,28.525,77.325,30.43,20.7,138.25
GRID_R02_C08,2022-07-04,2022,7,4,185,-0.0408,-0.9992,0,0,1,28.525,77.325,63.45,56.27,172.0
GRID_R02_C08,2022-07-05,2022,7,5,186,-0.058,-0.9983,0,0,1,28.525,77.325,65.09,83.93,204.0
GRID_R02_C08,2022-07-06,2022,7,6,187,-0.0752,-0.9972,0,0,1,28.525,77.325,51.42,50.91,221.88
GRID_R02_C08,2022-07-07,2022,7,7,188,-0.0923,-0.9957,0,0,1,28.525,77.325,39.84,45.99,250.25
GRID_R02_C08,2022-07-08,2022,7,8,189,-0.1094,-0.994,0,0,1,28.525,77.325,37.09,41.18,248.0
GRID_R02_C08,2022-07-09,2022,7,9,190,-0.1265,-0.992,0,0,1,28.525,77.325,40.97,56.32,118.75
GRID_R02_C08,2022-07-10,2022,7,10,191,-0.1436,-0.9896,0,0,1,28.525,77.325,32.83,33.02,101.02
GRID_R02_C08,2022-07-11,2022,7,11,192,-0.1606,-0.987,0,0,1,28.525,77.325,44.83,46.68,170.25
GRID_R02_C08,2022-07-12,2022,7,12,193,-0.1775,-0.9841,0,0,1,28.525,77.325,41.83,40.27,682.03
GRID_R02_C08,2022-07-13,2022,7,13,194,-0.1944,-0.9809,0,0,1,28.525,77.325,34.51,34.52,176.78
GRID_R02_C08,2022-07-14,2022,7,14,195,-0.2113,-0.9774,0,0,1,28.525,77.325,30.76,34.16,137.45
GRID_R02_C08,2022-07-15,2022,7,15,196,-0.2281,-0.9736,0,0,1,28.525,77.325,26.49,20.34,170.16
GRID_R02_C08,2022-07-16,2022,7,16,197,-0.2448,-0.9696,0,0,1,28.525,77.325,24.89,24.14,355.38
GRID_R02_C08,2022-07-17,2022,7,17,198,-0.2614,-0.9652,0,0,1,28.525,77.325,28.45,11.8,453.8
GRID_R02_C08,2022-07-18,2022,7,18,199,-0.278,-0.9606,0,0,1,28.525,77.325,43.29,52.97,234.61
GRID_R02_C08,2022-07-19,2022,7,19,200,-0.2945,-0.9557,0,0,1,28.525,77.325,42.92,40.34,156.0
GRID_R02_C08,2022-07-20,2022,7,20,201,-0.3109,-0.9505,0,0,1,28.525,77.325,33.38,46.79,122.0
GRID_R02_C08,2022-07-21,2022,7,21,202,-0.3272,-0.945,0,0,1,28.525,77.325,44.16,24.17,180.5
GRID_R02_C08,2022-07-22,2022,7,22,203,-0.3434,-0.9392,0,0,1,28.525,77.325,55.16,72.88,175.0
GRID_R02_C08,2022-07-23,2022,7,23,204,-0.3595,-0.9332,0,0,1,28.525,77.325,29.52,28.55,83.75
GRID_R02_C08,2022-07-24,2022,7,24,205,-0.3755,-0.9268,0,0,1,28.525,77.325,24.77,20.19,120.7
GRID_R02_C08,2022-07-25,2022,7,25,206,-0.3914,-0.9202,0,0,1,28.525,77.325,24.63,23.37,89.18
GRID_R02_C08,2022-07-26,2022,7,26,207,-0.4071,-0.9134,0,0,1,28.525,77.325,28.09,31.65,87.0
GRID_R02_C08,2022-07-27,2022,7,27,208,-0.4228,-0.9062,0,0,1,28.525,77.325,30.82,30.24,171.0
GRID_R02_C08,2022-07-28,2022,7,28,209,-0.4383,-0.8988,0,0,1,28.525,77.325,22.01,22.15,83.28
GRID_R02_C08,2022-07-29,2022,7,29,210,-0.4537,-0.8912,0,0,1,28.525,77.325,19.28,21.15,89.7
GRID_R02_C08,2022-07-30,2022,7,30,211,-0.469,-0.8832,0,0,1,28.525,77.325,22.14,19.05,89.0
GRID_R02_C08,2022-07-31,2022,7,31,212,-0.4841,-0.875,0,0,1,28.525,77.325,23.89,23.02,82.25
GRID_R02_C08,2022-08-01,2022,8,1,213,-0.4991,-0.8666,0,0,1,28.525,77.325,26.41,26.42,133.09
GRID_R02_C08,2022-08-02,2022,8,2,214,-0.5139,-0.8578,0,0,1,28.525,77.325,32.31,25.05,149.25
GRID_R02_C08,2022-08-03,2022,8,3,215,-0.5286,-0.8489,0,0,1,28.525,77.325,48.43,39.76,165.39
GRID_R02_C08,2022-08-04,2022,8,4,216,-0.5431,-0.8397,0,0,1,28.525,77.325,46.68,59.37,128.0
GRID_R02_C08,2022-08-05,2022,8,5,217,-0.5575,-0.8302,0,0,1,28.525,77.325,38.62,34.97,162.5
GRID_R02_C08,2022-08-06,2022,8,6,218,-0.5717,-0.8205,0,0,1,28.525,77.325,52.04,52.92,182.75
GRID_R02_C08,2022-08-07,2022,8,7,219,-0.5857,-0.8105,0,0,1,28.525,77.325,45.98,72.95,153.0
GRID_R02_C08,2022-08-08,2022,8,8,220,-0.5996,-0.8003,0,0,1,28.525,77.325,44.97,46.35,158.13
GRID_R02_C08,2022-08-09,2022,8,9,221,-0.6132,-0.7899,0,0,1,28.525,77.325,41.5,54.17,143.0
GRID_R02_C08,2022-08-10,2022,8,10,222,-0.6267,-0.7792,0,0,1,28.525,77.325,27.02,34.2,136.97
GRID_R02_C08,2022-08-11,2022,8,11,223,-0.64,-0.7683,0,0,1,28.525,77.325,16.74,14.3,114.94
GRID_R02_C08,2022-08-12,2022,8,12,224,-0.6532,-0.7572,0,0,1,28.525,77.325,19.39,18.36,74.0
GRID_R02_C08,2022-08-13,2022,8,13,225,-0.6661,-0.7459,0,0,1,28.525,77.325,27.24,32.25,83.0
GRID_R02_C08,2022-08-14,2022,8,14,226,-0.6788,-0.7343,0,0,1,28.525,77.325,26.21,13.74,83.0
GRID_R02_C08,2022-08-15,2022,8,15,227,-0.6914,-0.7225,0,0,1,28.525,77.325,18.8,14.02,83.0
GRID_R02_C08,2022-08-16,2022,8,16,228,-0.7037,-0.7105,0,0,1,28.525,77.325,15.86,15.28,60.01
GRID_R02_C08,2022-08-17,2022,8,17,229,-0.7158,-0.6983,0,0,1,28.525,77.325,14.19,11.42,171.6
GRID_R02_C08,2022-08-18,2022,8,18,230,-0.7277,-0.6859,0,0,1,28.525,77.325,20.33,13.35,75.42
GRID_R02_C08,2022-08-19,2022,8,19,231,-0.7394,-0.6733,0,0,1,28.525,77.325,18.3,12.36,287.0
GRID_R02_C08,2022-08-20,2022,8,20,232,-0.7509,-0.6605,0,0,1,28.525,77.325,31.77,23.33,139.0
GRID_R02_C08,2022-08-21,2022,8,21,233,-0.7621,-0.6474,0,0,1,28.525,77.325,46.88,54.4,130.5
GRID_R02_C08,2022-08-22,2022,8,22,234,-0.7731,-0.6342,0,0,1,28.525,77.325,35.87,54.37,111.12
GRID_R02_C08,2022-08-23,2022,8,23,235,-0.7839,-0.6208,0,0,1,28.525,77.325,24.97,32.75,75.0
GRID_R02_C08,2022-08-24,2022,8,24,236,-0.7945,-0.6073,0,0,1,28.525,77.325,22.73,18.38,277.92
GRID_R02_C08,2022-08-25,2022,8,25,237,-0.8048,-0.5935,0,0,1,28.525,77.325,36.41,28.57,348.25
GRID_R02_C08,2022-08-26,2022,8,26,238,-0.8149,-0.5796,0,0,1,28.525,77.325,35.46,31.33,157.0
GRID_R02_C08,2022-08-27,2022,8,27,239,-0.8248,-0.5655,0,0,1,28.525,77.325,32.05,30.52,225.35
GRID_R02_C08,2022-08-28,2022,8,28,240,-0.8344,-0.5512,0,0,1,28.525,77.325,37.18,33.27,159.6
GRID_R02_C08,2022-08-29,2022,8,29,241,-0.8437,-0.5368,0,0,1,28.525,77.325,40.54,37.8,138.65
GRID_R02_C08,2022-08-30,2022,8,30,242,-0.8528,-0.5222,0,0,1,28.525,77.325,48.48,49.26,185.75
GRID_R02_C08,2022-08-31,2022,8,31,243,-0.8617,-0.5074,0,0,1,28.525,77.325,43.79,44.25,234.32
GRID_R02_C08,2022-09-01,2022,9,1,244,-0.8703,-0.4925,0,0,1,28.525,77.325,45.12,44.81,279.62
GRID_R02_C08,2022-09-02,2022,9,2,245,-0.8786,-0.4775,0,0,1,28.525,77.325,45.72,38.34,228.45
GRID_R02_C08,2022-09-03,2022,9,3,246,-0.8867,-0.4623,0,0,1,28.525,77.325,32.63,26.34,151.07
GRID_R02_C08,2022-09-04,2022,9,4,247,-0.8945,-0.447,0,0,1,28.525,77.325,26.45,23.94,209.71
GRID_R02_C08,2022-09-05,2022,9,5,248,-0.9021,-0.4315,0,0,1,28.525,77.325,26.79,22.54,209.21
GRID_R02_C08,2022-09-06,2022,9,6,249,-0.9094,-0.4159,0,0,1,28.525,77.325,40.21,43.33,161.12
GRID_R02_C08,2022-09-07,2022,9,7,250,-0.9164,-0.4002,0,0,1,28.525,77.325,46.22,52.1,466.0
GRID_R02_C08,2022-09-08,2022,9,8,251,-0.9232,-0.3844,0,0,1,28.525,77.325,63.62,68.09,151.0
GRID_R02_C08,2022-09-09,2022,9,9,252,-0.9296,-0.3685,0,0,1,28.525,77.325,59.85,68.97,173.2
GRID_R02_C08,2022-09-10,2022,9,10,253,-0.9358,-0.3524,0,0,1,28.525,77.325,49.78,60.63,111.4
GRID_R02_C08,2022-09-11,2022,9,11,254,-0.9418,-0.3363,0,0,1,28.525,77.325,32.13,26.0,167.07
GRID_R02_C08,2022-09-12,2022,9,12,255,-0.9474,-0.32,0,0,1,28.525,77.325,26.74,24.83,187.43
GRID_R02_C08,2022-09-13,2022,9,13,256,-0.9528,-0.3037,0,0,1,28.525,77.325,19.75,16.85,106.58
GRID_R02_C08,2022-09-14,2022,9,14,257,-0.9579,-0.2873,0,0,1,28.525,77.325,17.79,15.23,78.67
GRID_R02_C08,2022-09-15,2022,9,15,258,-0.9627,-0.2707,0,0,1,28.525,77.325,16.06,20.15,71.81
GRID_R02_C08,2022-09-16,2022,9,16,259,-0.9672,-0.2541,0,0,1,28.525,77.325,15.98,10.93,80.67
GRID_R02_C08,2022-09-17,2022,9,17,260,-0.9714,-0.2375,0,0,1,28.525,77.325,33.32,27.66,98.7
GRID_R02_C08,2022-09-18,2022,9,18,261,-0.9753,-0.2207,0,0,1,28.525,77.325,47.58,29.97,167.25
GRID_R02_C08,2022-09-19,2022,9,19,262,-0.979,-0.2039,0,0,1,28.525,77.325,72.39,83.14,249.75
GRID_R02_C08,2022-09-20,2022,9,20,263,-0.9824,-0.187,0,0,1,28.525,77.325,49.55,68.87,146.0
GRID_R02_C08,2022-09-21,2022,9,21,264,-0.9854,-0.1701,0,0,1,28.525,77.325,41.57,62.06,170.25
GRID_R02_C08,2022-09-22,2022,9,22,265,-0.9882,-0.1531,0,0,1,28.525,77.325,26.29,31.08,474.7
GRID_R02_C08,2022-09-23,2022,9,23,266,-0.9907,-0.1361,0,0,1,28.525,77.325,26.13,16.24,90.0
GRID_R02_C08,2022-09-24,2022,9,24,267,-0.9929,-0.1191,0,0,1,28.525,77.325,23.39,26.79,74.99
GRID_R02_C08,2022-09-25,2022,9,25,268,-0.9948,-0.102,0,0,1,28.525,77.325,21.57,11.84,128.15
GRID_R02_C08,2022-09-26,2022,9,26,269,-0.9964,-0.0848,0,0,1,28.525,77.325,47.79,61.88,156.25
GRID_R02_C08,2022-09-27,2022,9,27,270,-0.9977,-0.0677,0,0,1,28.525,77.325,40.29,44.09,132.88
GRID_R02_C08,2022-09-28,2022,9,28,271,-0.9987,-0.0505,0,0,1,28.525,77.325,55.13,59.02,182.85
GRID_R02_C08,2022-09-29,2022,9,29,272,-0.9994,-0.0333,0,0,1,28.525,77.325,66.05,82.87,205.25
GRID_R02_C08,2022-09-30,2022,9,30,273,-0.9999,-0.0161,0,0,1,28.525,77.325,80.25,91.86,214.82
GRID_R02_C08,2022-10-01,2022,10,1,274,-1.0,0.0011,0,0,1,28.525,77.325,81.41,104.02,174.0
GRID_R02_C08,2022-10-02,2022,10,2,275,-0.9998,0.0183,0,0,1,28.525,77.325,69.05,94.49,175.0
GRID_R02_C08,2022-10-03,2022,10,3,276,-0.9994,0.0355,0,0,1,28.525,77.325,42.71,51.5,258.45
GRID_R02_C08,2022-10-04,2022,10,4,277,-0.9986,0.0527,0,0,1,28.525,77.325,63.03,61.51,251.1
GRID_R02_C08,2022-10-05,2022,10,5,278,-0.9976,0.0698,0,0,1,28.525,77.325,89.36,110.49,285.6
GRID_R02_C08,2022-10-06,2022,10,6,279,-0.9962,0.087,0,0,1,28.525,77.325,16.63,13.15,103.28
GRID_R02_C08,2022-10-07,2022,10,7,280,-0.9946,0.1041,0,0,1,28.525,77.325,16.3,12.44,61.0
GRID_R02_C08,2022-10-08,2022,10,8,281,-0.9926,0.1212,0,0,1,28.525,77.325,14.32,14.32,82.5
GRID_R02_C08,2022-10-09,2022,10,9,282,-0.9904,0.1383,0,0,1,28.525,77.325,9.59,10.84,61.0
GRID_R02_C08,2022-10-10,2022,10,10,283,-0.9879,0.1553,0,0,1,28.525,77.325,14.76,9.01,61.0
GRID_R02_C08,2022-10-11,2022,10,11,284,-0.9851,0.1722,0,0,1,28.525,77.325,36.29,25.93,231.67
GRID_R02_C08,2022-10-12,2022,10,12,285,-0.9819,0.1892,0,0,1,28.525,77.325,62.49,72.65,205.75
GRID_R02_C08,2022-10-13,2022,10,13,286,-0.9785,0.206,0,0,1,28.525,77.325,53.52,60.34,172.25
GRID_R02_C08,2022-10-14,2022,10,14,287,-0.9749,0.2228,0,0,1,28.525,77.325,71.74,81.89,216.8
GRID_R02_C08,2022-10-15,2022,10,15,288,-0.9709,0.2396,1,0,1,28.525,77.325,89.6,103.27,401.5
GRID_R02_C08,2022-10-16,2022,10,16,289,-0.9666,0.2562,1,0,1,28.525,77.325,105.64,123.99,349.3
GRID_R02_C08,2022-10-17,2022,10,17,290,-0.9621,0.2728,1,0,1,28.525,77.325,108.94,127.64,383.5
GRID_R02_C08,2022-10-18,2022,10,18,291,-0.9572,0.2893,1,0,1,28.525,77.325,109.72,118.14,398.33
GRID_R02_C08,2022-10-19,2022,10,19,292,-0.9521,0.3057,1,0,1,28.525,77.325,102.01,124.26,331.92
GRID_R02_C08,2022-10-20,2022,10,20,293,-0.9467,0.3221,1,1,1,28.525,77.325,110.64,111.76,302.75
GRID_R02_C08,2022-10-21,2022,10,21,294,-0.941,0.3383,1,1,1,28.525,77.325,117.39,145.08,386.33
GRID_R02_C08,2022-10-22,2022,10,22,295,-0.9351,0.3545,1,1,1,28.525,77.325,122.89,153.83,322.0
GRID_R02_C08,2022-10-23,2022,10,23,296,-0.9288,0.3705,1,1,1,28.525,77.325,129.76,128.29,357.75
GRID_R02_C08,2022-10-24,2022,10,24,297,-0.9223,0.3864,1,1,1,28.525,77.325,177.52,168.07,921.25
GRID_R02_C08,2022-10-25,2022,10,25,298,-0.9155,0.4022,1,1,1,28.525,77.325,166.47,149.56,986.0
GRID_R02_C08,2022-10-26,2022,10,26,299,-0.9085,0.4179,1,1,1,28.525,77.325,142.96,114.47,621.5
GRID_R02_C08,2022-10-27,2022,10,27,300,-0.9012,0.4335,1,1,1,28.525,77.325,192.39,218.98,494.34
GRID_R02_C08,2022-10-28,2022,10,28,301,-0.8936,0.4489,1,1,1,28.525,77.325,223.13,226.04,514.0
GRID_R02_C08,2022-10-29,2022,10,29,302,-0.8857,0.4642,1,1,1,28.525,77.325,230.76,287.07,502.09
GRID_R02_C08,2022-10-30,2022,10,30,303,-0.8776,0.4794,1,1,1,28.525,77.325,211.77,210.91,749.6
GRID_R02_C08,2022-10-31,2022,10,31,304,-0.8692,0.4944,1,1,1,28.525,77.325,263.69,208.96,562.75
GRID_R02_C08,2022-11-01,2022,11,1,305,-0.8606,0.5093,1,1,1,28.525,77.325,248.88,294.21,705.25
GRID_R02_C08,2022-11-02,2022,11,2,306,-0.8517,0.524,1,1,1,28.525,77.325,241.74,214.26,589.0
GRID_R02_C08,2022-11-03,2022,11,3,307,-0.8426,0.5386,1,1,1,28.525,77.325,402.69,529.11,928.0
GRID_R02_C08,2022-11-04,2022,11,4,308,-0.8332,0.553,1,1,1,28.525,77.325,324.12,346.39,566.0
GRID_R02_C08,2022-11-05,2022,11,5,309,-0.8235,0.5672,1,1,1,28.525,77.325,193.45,200.61,425.0
GRID_R02_C08,2022-11-06,2022,11,6,310,-0.8137,0.5813,1,1,1,28.525,77.325,172.85,181.1,375.0
GRID_R02_C08,2022-11-07,2022,11,7,311,-0.8035,0.5952,1,1,1,28.525,77.325,193.57,227.11,449.82
GRID_R02_C08,2022-11-08,2022,11,8,312,-0.7932,0.609,1,1,1,28.525,77.325,240.17,245.39,445.7
GRID_R02_C08,2022-11-09,2022,11,9,313,-0.7826,0.6225,1,1,1,28.525,77.325,105.75,112.76,335.75
GRID_R02_C08,2022-11-10,2022,11,10,314,-0.7718,0.6359,1,1,1,28.525,77.325,162.28,178.2,478.0
GRID_R02_C08,2022-11-11,2022,11,11,315,-0.7607,0.6491,1,1,1,28.525,77.325,208.58,357.3,547.78
GRID_R02_C08,2022-11-12,2022,11,12,316,-0.7494,0.6621,1,1,1,28.525,77.325,186.89,259.16,421.27
GRID_R02_C08,2022-11-13,2022,11,13,317,-0.7379,0.6749,1,1,1,28.525,77.325,160.63,196.5,326.69
GRID_R02_C08,2022-11-14,2022,11,14,318,-0.7262,0.6875,1,1,1,28.525,77.325,140.22,172.86,415.5
GRID_R02_C08,2022-11-15,2022,11,15,319,-0.7143,0.6998,1,1,1,28.525,77.325,102.24,99.43,274.0
GRID_R02_C08,2022-11-16,2022,11,16,320,-0.7021,0.712,1,1,1,28.525,77.325,118.88,174.92,414.2
GRID_R02_C08,2022-11-17,2022,11,17,321,-0.6898,0.724,1,1,1,28.525,77.325,139.59,199.17,386.09
GRID_R02_C08,2022-11-18,2022,11,18,322,-0.6772,0.7358,1,1,1,28.525,77.325,157.43,240.44,551.78
GRID_R02_C08,2022-11-19,2022,11,19,323,-0.6645,0.7473,1,1,1,28.525,77.325,144.5,178.83,532.85
GRID_R02_C08,2022-11-20,2022,11,20,324,-0.6515,0.7586,1,1,1,28.525,77.325,171.28,216.63,551.35
GRID_R02_C08,2022-11-21,2022,11,21,325,-0.6384,0.7697,1,0,1,28.525,77.325,143.93,174.07,350.6
GRID_R02_C08,2022-11-22,2022,11,22,326,-0.625,0.7806,1,0,1,28.525,77.325,113.47,136.13,245.25
GRID_R02_C08,2022-11-23,2022,11,23,327,-0.6115,0.7912,1,0,1,28.525,77.325,103.72,127.52,416.48
GRID_R02_C08,2022-11-24,2022,11,24,328,-0.5978,0.8016,1,0,1,28.525,77.325,108.55,109.77,569.33
GRID_R02_C08,2022-11-25,2022,11,25,329,-0.584,0.8118,1,0,1,28.525,77.325,158.6,173.91,591.25
GRID_R02_C08,2022-11-26,2022,11,26,330,-0.5699,0.8217,1,0,1,28.525,77.325,180.96,192.28,757.0
GRID_R02_C08,2022-11-27,2022,11,27,331,-0.5557,0.8314,1,0,1,28.525,77.325,174.61,195.31,509.45
GRID_R02_C08,2022-11-28,2022,11,28,332,-0.5413,0.8408,1,0,1,28.525,77.325,198.65,227.57,680.0
GRID_R02_C08,2022-11-29,2022,11,29,333,-0.5268,0.85,1,0,1,28.525,77.325,230.27,284.3,658.91
GRID_R02_C08,2022-11-30,2022,11,30,334,-0.5121,0.859,1,0,1,28.525,77.325,207.63,223.34,533.0
GRID_R02_C08,2022-12-01,2022,12,1,335,-0.4972,0.8676,1,0,1,28.525,77.325,213.69,231.84,492.99
GRID_R02_C08,2022-12-02,2022,12,2,336,-0.4822,0.8761,1,0,1,28.525,77.325,200.39,204.94,605.25
GRID_R02_C08,2022-12-03,2022,12,3,337,-0.4671,0.8842,1,0,1,28.525,77.325,245.25,260.2,667.75
GRID_R02_C08,2022-12-04,2022,12,4,338,-0.4518,0.8921,1,0,1,28.525,77.325,250.6,293.9,635.75
GRID_R02_C08,2022-12-05,2022,12,5,339,-0.4364,0.8998,1,0,1,28.525,77.325,187.08,202.78,560.75
GRID_R02_C08,2022-12-06,2022,12,6,340,-0.4208,0.9071,1,0,1,28.525,77.325,184.23,189.48,359.0
GRID_R02_C08,2022-12-07,2022,12,7,341,-0.4052,0.9142,1,0,1,28.525,77.325,133.43,143.42,336.05
GRID_R02_C08,2022-12-08,2022,12,8,342,-0.3894,0.9211,1,0,1,28.525,77.325,143.94,139.75,466.58
GRID_R02_C08,2022-12-09,2022,12,9,343,-0.3735,0.9276,1,0,1,28.525,77.325,169.88,151.03,691.0
GRID_R02_C08,2022-12-10,2022,12,10,344,-0.3575,0.9339,1,0,1,28.525,77.325,211.95,254.19,646.75
GRID_R02_C08,2022-12-11,2022,12,11,345,-0.3413,0.9399,1,0,1,28.525,77.325,134.03,153.58,476.75
GRID_R02_C08,2022-12-12,2022,12,12,346,-0.3251,0.9457,1,0,1,28.525,77.325,95.92,100.39,620.75
GRID_R02_C08,2022-12-13,2022,12,13,347,-0.3088,0.9511,1,0,1,28.525,77.325,70.68,81.54,233.75
GRID_R02_C08,2022-12-14,2022,12,14,348,-0.2924,0.9563,1,0,1,28.525,77.325,85.59,94.24,367.25
GRID_R02_C08,2022-12-15,2022,12,15,349,-0.2759,0.9612,1,0,1,28.525,77.325,89.92,84.74,424.25
GRID_R02_C08,2022-12-16,2022,12,16,350,-0.2593,0.9658,1,0,1,28.525,77.325,124.19,111.4,659.18
GRID_R02_C08,2022-12-17,2022,12,17,351,-0.2427,0.9701,1,0,1,28.525,77.325,167.33,151.3,760.25
GRID_R02_C08,2022-12-18,2022,12,18,352,-0.226,0.9741,1,0,1,28.525,77.325,254.25,203.4,813.75
GRID_R02_C08,2022-12-19,2022,12,19,353,-0.2092,0.9779,1,0,1,28.525,77.325,259.11,226.32,843.5
GRID_R02_C08,2022-12-20,2022,12,20,354,-0.1923,0.9813,1,0,1,28.525,77.325,199.94,168.09,544.0
GRID_R02_C08,2022-12-21,2022,12,21,355,-0.1754,0.9845,1,0,1,28.525,77.325,188.4,149.22,490.33
GRID_R02_C08,2022-12-22,2022,12,22,356,-0.1585,0.9874,1,0,1,28.525,77.325,202.24,126.13,541.5
GRID_R02_C08,2022-12-23,2022,12,23,357,-0.1414,0.9899,1,0,1,28.525,77.325,202.07,128.73,592.25
GRID_R02_C08,2022-12-24,2022,12,24,358,-0.1244,0.9922,1,0,1,28.525,77.325,160.66,177.3,457.75
GRID_R02_C08,2022-12-25,2022,12,25,359,-0.1073,0.9942,1,0,1,28.525,77.325,168.91,143.09,840.0
GRID_R02_C08,2022-12-26,2022,12,26,360,-0.0902,0.9959,1,0,1,28.525,77.325,193.84,121.15,854.02
GRID_R02_C08,2022-12-27,2022,12,27,361,-0.073,0.9973,1,0,1,28.525,77.325,166.8,128.51,554.62
GRID_R02_C08,2022-12-28,2022,12,28,362,-0.0559,0.9984,1,0,1,28.525,77.325,151.84,165.35,701.2
GRID_R02_C08,2022-12-29,2022,12,29,363,-0.0387,0.9993,1,0,1,28.525,77.325,196.73,149.79,589.5
GRID_R02_C08,2022-12-30,2022,12,30,364,-0.0215,0.9998,1,0,1,28.525,77.325,256.68,236.1,805.0
GRID_R02_C08,2022-12-31,2022,12,31,365,-0.0043,1.0,1,0,1,28.525,77.325,156.24,154.1,582.0
GRID_R02_C08,2023-01-01,2023,1,1,1,0.0172,0.9999,1,0,1,28.525,77.325,140.59,112.69,679.25
GRID_R02_C08,2023-01-02,2023,1,2,2,0.0344,0.9994,1,0,1,28.525,77.325,233.11,193.92,516.68
GRID_R02_C08,2023-01-03,2023,1,3,3,0.0516,0.9987,1,0,1,28.525,77.325,239.57,221.13,472.25
GRID_R02_C08,2023-01-04,2023,1,4,4,0.0688,0.9976,1,0,1,28.525,77.325,179.33,118.26,546.75
GRID_R02_C08,2023-01-05,2023,1,5,5,0.0859,0.9963,1,0,1,28.525,77.325,208.96,121.88,788.25
GRID_R02_C08,2023-01-06,2023,1,6,6,0.103,0.9947,1,0,1,28.525,77.325,258.51,192.14,565.75
GRID_R02_C08,2023-01-07,2023,1,7,7,0.1201,0.9928,1,0,1,28.525,77.325,226.55,148.25,845.15
GRID_R02_C08,2023-01-08,2023,1,8,8,0.1372,0.9905,1,0,1,28.525,77.325,254.55,135.77,968.0
GRID_R02_C08,2023-01-09,2023,1,9,9,0.1542,0.988,1,0,1,28.525,77.325,377.61,262.54,979.0
GRID_R02_C08,2023-01-10,2023,1,10,10,0.1712,0.9852,1,0,1,28.525,77.325,232.43,146.22,805.2
GRID_R02_C08,2023-01-11,2023,1,11,11,0.1881,0.9821,1,0,1,28.525,77.325,175.13,93.59,915.0
GRID_R02_C08,2023-01-12,2023,1,12,12,0.205,0.9788,1,0,1,28.525,77.325,203.36,198.28,351.25
GRID_R02_C08,2023-01-13,2023,1,13,13,0.2218,0.9751,1,0,1,28.525,77.325,215.69,210.06,412.25
GRID_R02_C08,2023-01-14,2023,1,14,14,0.2385,0.9711,1,0,1,28.525,77.325,153.77,170.89,335.25
GRID_R02_C08,2023-01-15,2023,1,15,15,0.2552,0.9669,1,0,1,28.525,77.325,98.57,97.09,423.75
GRID_R02_C08,2023-01-16,2023,1,16,16,0.2718,0.9624,1,0,1,28.525,77.325,143.33,131.44,582.0
GRID_R02_C08,2023-01-17,2023,1,17,17,0.2883,0.9575,1,0,1,28.525,77.325,152.32,167.19,593.0
GRID_R02_C08,2023-01-18,2023,1,18,18,0.3047,0.9524,1,0,1,28.525,77.325,191.89,203.4,818.25
GRID_R02_C08,2023-01-19,2023,1,19,19,0.3211,0.9471,1,0,1,28.525,77.325,198.04,198.56,609.88
GRID_R02_C08,2023-01-20,2023,1,20,20,0.3373,0.9414,1,0,1,28.525,77.325,91.12,56.01,458.5
GRID_R02_C08,2023-01-21,2023,1,21,21,0.3534,0.9355,1,0,1,28.525,77.325,210.88,164.5,931.1
GRID_R02_C08,2023-01-22,2023,1,22,22,0.3695,0.9292,1,0,1,28.525,77.325,248.86,279.16,593.75
GRID_R02_C08,2023-01-23,2023,1,23,23,0.3854,0.9227,1,0,1,28.525,77.325,168.8,185.13,697.65
GRID_R02_C08,2023-01-24,2023,1,24,24,0.4012,0.916,1,0,1,28.525,77.325,86.73,102.82,335.0
GRID_R02_C08,2023-01-25,2023,1,25,25,0.4169,0.9089,1,0,1,28.525,77.325,105.39,103.56,282.5
GRID_R02_C08,2023-01-26,2023,1,26,26,0.4325,0.9016,1,0,1,28.525,77.325,138.53,158.69,261.25
GRID_R02_C08,2023-01-27,2023,1,27,27,0.4479,0.8941,1,0,1,28.525,77.325,92.74,98.78,201.25
GRID_R02_C08,2023-01-28,2023,1,28,28,0.4633,0.8862,1,0,1,28.525,77.325,123.06,110.04,415.0
GRID_R02_C08,2023-01-29,2023,1,29,29,0.4784,0.8781,1,0,1,28.525,77.325,187.89,219.15,553.75
GRID_R02_C08,2023-01-30,2023,1,30,30,0.4935,0.8698,1,0,1,28.525,77.325,79.17,31.48,953.9
GRID_R02_C08,2023-01-31,2023,1,31,31,0.5084,0.8611,1,0,1,28.525,77.325,85.1,78.2,724.1
GRID_R02_C08,2023-02-01,2023,2,1,32,0.5231,0.8523,0,0,1,28.525,77.325,84.61,84.26,818.42
GRID_R02_C08,2023-02-02,2023,2,2,33,0.5377,0.8432,0,0,1,28.525,77.325,87.18,96.8,635.88
GRID_R02_C08,2023-02-03,2023,2,3,34,0.5521,0.8338,0,0,1,28.525,77.325,103.31,96.71,753.0
GRID_R02_C08,2023-02-04,2023,2,4,35,0.5664,0.8242,0,0,1,28.525,77.325,118.23,104.62,517.0
GRID_R02_C08,2023-02-05,2023,2,5,36,0.5805,0.8143,0,0,1,28.525,77.325,105.12,112.14,550.5
GRID_R02_C08,2023-02-06,2023,2,6,37,0.5944,0.8042,0,0,1,28.525,77.325,142.37,178.57,410.75
GRID_R02_C08,2023-02-07,2023,2,7,38,0.6081,0.7938,0,0,1,28.525,77.325,116.41,192.85,424.25
GRID_R02_C08,2023-02-08,2023,2,8,39,0.6217,0.7833,0,0,1,28.525,77.325,73.83,78.85,281.0
GRID_R02_C08,2023-02-09,2023,2,9,40,0.6351,0.7725,0,0,1,28.525,77.325,91.53,116.1,255.75
GRID_R02_C08,2023-02-10,2023,2,10,41,0.6483,0.7614,0,0,1,28.525,77.325,93.96,97.32,266.5
GRID_R02_C08,2023-02-11,2023,2,11,42,0.6613,0.7502,0,0,1,28.525,77.325,137.57,177.28,403.1
GRID_R02_C08,2023-02-12,2023,2,12,43,0.6741,0.7387,0,0,1,28.525,77.325,55.0,74.17,211.8
GRID_R02_C08,2023-02-13,2023,2,13,44,0.6867,0.727,0,0,1,28.525,77.325,48.7,52.97,261.9
GRID_R02_C08,2023-02-14,2023,2,14,45,0.6991,0.715,0,0,1,28.525,77.325,63.39,69.72,284.48
GRID_R02_C08,2023-02-15,2023,2,15,46,0.7113,0.7029,0,0,1,28.525,77.325,91.34,97.16,302.0
GRID_R02_C08,2023-02-16,2023,2,16,47,0.7233,0.6906,0,0,1,28.525,77.325,166.5,140.14,489.0
GRID_R02_C08,2023-02-17,2023,2,17,48,0.735,0.678,0,0,1,28.525,77.325,221.81,254.05,493.0
GRID_R02_C08,2023-02-18,2023,2,18,49,0.7466,0.6653,0,0,1,28.525,77.325,202.82,256.19,552.75
GRID_R02_C08,2023-02-19,2023,2,19,50,0.7579,0.6523,0,0,1,28.525,77.325,180.82,197.74,421.18
GRID_R02_C08,2023-02-20,2023,2,20,51,0.769,0.6392,0,0,1,28.525,77.325,147.09,204.27,375.5
GRID_R02_C08,2023-02-21,2023,2,21,52,0.7799,0.6259,0,0,1,28.525,77.325,125.63,121.27,656.0
GRID_R02_C08,2023-02-22,2023,2,22,53,0.7906,0.6124,0,0,1,28.525,77.325,137.12,142.42,598.33
GRID_R02_C08,2023-02-23,2023,2,23,54,0.801,0.5987,0,0,1,28.525,77.325,82.06,100.74,433.71
GRID_R02_C08,2023-02-24,2023,2,24,55,0.8112,0.5848,0,0,1,28.525,77.325,80.97,101.45,294.0
GRID_R02_C08,2023-02-25,2023,2,25,56,0.8211,0.5708,0,0,1,28.525,77.325,115.56,131.95,342.93
GRID_R02_C08,2023-02-26,2023,2,26,57,0.8308,0.5566,0,0,1,28.525,77.325,138.48,183.46,388.62
GRID_R02_C08,2023-02-27,2023,2,27,58,0.8402,0.5422,0,0,1,28.525,77.325,119.02,171.7,601.25
GRID_R02_C08,2023-02-28,2023,2,28,59,0.8495,0.5277,0,0,1,28.525,77.325,90.5,131.14,342.25
GRID_R02_C08,2023-03-01,2023,3,1,60,0.8584,0.513,0,0,1,28.525,77.325,74.16,60.12,336.12
GRID_R02_C08,2023-03-02,2023,3,2,61,0.8671,0.4981,0,0,1,28.525,77.325,91.36,122.77,494.45
GRID_R02_C08,2023-03-03,2023,3,3,62,0.8755,0.4831,0,0,1,28.525,77.325,61.71,80.19,223.43
GRID_R02_C08,2023-03-04,2023,3,4,63,0.8837,0.468,0,0,1,28.525,77.325,54.64,54.04,213.2
GRID_R02_C08,2023-03-05,2023,3,5,64,0.8916,0.4527,0,0,1,28.525,77.325,56.31,73.75,238.5
GRID_R02_C08,2023-03-06,2023,3,6,65,0.8993,0.4373,0,0,1,28.525,77.325,67.11,102.74,260.5
GRID_R02_C08,2023-03-07,2023,3,7,66,0.9067,0.4218,0,0,1,28.525,77.325,85.44,122.07,859.6
GRID_R02_C08,2023-03-08,2023,3,8,67,0.9138,0.4061,0,0,1,28.525,77.325,112.71,170.69,449.76
GRID_R02_C08,2023-03-09,2023,3,9,68,0.9207,0.3904,0,0,1,28.525,77.325,55.22,43.35,174.25
GRID_R02_C08,2023-03-10,2023,3,10,69,0.9272,0.3745,0,0,1,28.525,77.325,90.97,142.38,363.25
GRID_R02_C08,2023-03-11,2023,3,11,70,0.9335,0.3585,0,0,1,28.525,77.325,92.21,126.75,376.25
GRID_R02_C08,2023-03-12,2023,3,12,71,0.9396,0.3424,0,0,1,28.525,77.325,96.52,128.32,343.0
GRID_R02_C08,2023-03-13,2023,3,13,72,0.9453,0.3261,0,0,1,28.525,77.325,106.76,170.57,539.25
GRID_R02_C08,2023-03-14,2023,3,14,73,0.9508,0.3098,0,0,1,28.525,77.325,101.82,169.29,405.0
GRID_R02_C08,2023-03-15,2023,3,15,74,0.956,0.2934,0,0,1,28.525,77.325,99.28,144.25,493.0
GRID_R02_C08,2023-03-16,2023,3,16,75,0.9609,0.2769,0,0,1,28.525,77.325,103.45,169.42,311.0
GRID_R02_C08,2023-03-17,2023,3,17,76,0.9655,0.2604,0,0,1,28.525,77.325,95.66,126.99,277.0
GRID_R02_C08,2023-03-18,2023,3,18,77,0.9698,0.2437,0,0,1,28.525,77.325,68.73,68.92,246.33
GRID_R02_C08,2023-03-19,2023,3,19,78,0.9739,0.227,0,0,1,28.525,77.325,81.25,107.01,194.0
GRID_R02_C08,2023-03-20,2023,3,20,79,0.9777,0.2102,0,0,1,28.525,77.325,56.77,86.71,484.7
GRID_R02_C08,2023-03-21,2023,3,21,80,0.9811,0.1934,0,0,1,28.525,77.325,46.16,46.26,421.4
GRID_R02_C08,2023-03-22,2023,3,22,81,0.9843,0.1765,0,0,1,28.525,77.325,78.51,103.87,263.7
GRID_R02_C08,2023-03-23,2023,3,23,82,0.9872,0.1595,0,0,1,28.525,77.325,72.64,126.92,389.37
GRID_R02_C08,2023-03-24,2023,3,24,83,0.9898,0.1425,0,0,1,28.525,77.325,87.5,147.35,331.25
GRID_R02_C08,2023-03-25,2023,3,25,84,0.9921,0.1255,0,0,1,28.525,77.325,40.65,22.9,265.23
GRID_R02_C08,2023-03-26,2023,3,26,85,0.9941,0.1084,0,0,1,28.525,77.325,65.61,67.31,296.75
GRID_R02_C08,2023-03-27,2023,3,27,86,0.9958,0.0913,0,0,1,28.525,77.325,59.22,104.09,897.0
GRID_R02_C08,2023-03-28,2023,3,28,87,0.9972,0.0741,0,0,1,28.525,77.325,68.09,117.08,303.75
GRID_R02_C08,2023-03-29,2023,3,29,88,0.9984,0.057,0,0,1,28.525,77.325,86.06,147.88,297.25
GRID_R02_C08,2023-03-30,2023,3,30,89,0.9992,0.0398,0,0,1,28.525,77.325,71.1,110.89,393.2
GRID_R02_C08,2023-03-31,2023,3,31,90,0.9997,0.0226,0,0,1,28.525,77.325,30.7,33.22,368.03
GRID_R02_C08,2023-04-01,2023,4,1,91,1.0,0.0054,0,0,1,28.525,77.325,45.0,50.95,280.2
GRID_R02_C08,2023-04-02,2023,4,2,92,0.9999,-0.0118,0,0,1,28.525,77.325,59.81,80.84,224.28
GRID_R02_C08,2023-04-03,2023,4,3,93,0.9996,-0.029,0,0,1,28.525,77.325,72.19,121.82,333.0
GRID_R02_C08,2023-04-04,2023,4,4,94,0.9989,-0.0462,0,0,1,28.525,77.325,45.44,29.36,231.75
GRID_R02_C08,2023-04-05,2023,4,5,95,0.998,-0.0634,0,0,1,28.525,77.325,54.84,74.72,301.97
GRID_R02_C08,2023-04-06,2023,4,6,96,0.9968,-0.0805,0,0,1,28.525,77.325,41.83,38.85,274.75
GRID_R02_C08,2023-04-07,2023,4,7,97,0.9952,-0.0977,0,0,1,28.525,77.325,50.13,62.82,231.4
GRID_R02_C08,2023-04-08,2023,4,8,98,0.9934,-0.1148,0,0,1,28.525,77.325,70.16,112.22,310.8
GRID_R02_C08,2023-04-09,2023,4,9,99,0.9913,-0.1319,0,0,1,28.525,77.325,104.17,193.79,517.0
GRID_R02_C08,2023-04-10,2023,4,10,100,0.9889,-0.1489,0,0,1,28.525,77.325,90.88,162.06,345.5
GRID_R02_C08,2023-04-11,2023,4,11,101,0.9861,-0.1659,0,0,1,28.525,77.325,125.55,211.25,484.0
GRID_R02_C08,2023-04-12,2023,4,12,102,0.9831,-0.1828,0,0,1,28.525,77.325,80.5,109.18,301.75
GRID_R02_C08,2023-04-13,2023,4,13,103,0.9799,-0.1997,0,0,1,28.525,77.325,91.21,134.67,408.07
GRID_R02_C08,2023-04-14,2023,4,14,104,0.9763,-0.2165,0,0,1,28.525,77.325,101.61,180.79,637.98
GRID_R02_C08,2023-04-15,2023,4,15,105,0.9724,-0.2333,0,0,1,28.525,77.325,102.14,168.04,426.0
GRID_R02_C08,2023-04-16,2023,4,16,106,0.9683,-0.25,0,0,1,28.525,77.325,74.74,116.52,292.25
GRID_R02_C08,2023-04-17,2023,4,17,107,0.9638,-0.2666,0,0,1,28.525,77.325,73.07,100.08,843.0
GRID_R02_C08,2023-04-18,2023,4,18,108,0.9591,-0.2831,0,0,1,28.525,77.325,77.58,87.12,341.25
GRID_R02_C08,2023-04-19,2023,4,19,109,0.9541,-0.2996,0,0,1,28.525,77.325,61.25,60.06,355.0
GRID_R02_C08,2023-04-20,2023,4,20,110,0.9488,-0.316,0,0,1,28.525,77.325,43.08,46.28,257.25
GRID_R02_C08,2023-04-21,2023,4,21,111,0.9432,-0.3322,0,0,1,28.525,77.325,42.14,38.9,132.0
GRID_R02_C08,2023-04-22,2023,4,22,112,0.9373,-0.3484,0,0,1,28.525,77.325,42.02,47.82,285.6
GRID_R02_C08,2023-04-23,2023,4,23,113,0.9312,-0.3645,0,0,1,28.525,77.325,27.04,22.57,116.15
GRID_R02_C08,2023-04-24,2023,4,24,114,0.9248,-0.3804,0,0,1,28.525,77.325,60.44,93.49,284.25
GRID_R02_C08,2023-04-25,2023,4,25,115,0.9181,-0.3963,0,0,1,28.525,77.325,57.03,54.03,232.0
GRID_R02_C08,2023-04-26,2023,4,26,116,0.9112,-0.412,0,0,1,28.525,77.325,89.57,102.38,227.88
GRID_R02_C08,2023-04-27,2023,4,27,117,0.9039,-0.4276,0,0,1,28.525,77.325,81.27,126.06,347.77
GRID_R02_C08,2023-04-28,2023,4,28,118,0.8965,-0.4431,0,0,1,28.525,77.325,69.6,79.05,230.5
GRID_R02_C08,2023-04-29,2023,4,29,119,0.8887,-0.4585,0,0,1,28.525,77.325,74.43,104.95,512.24
GRID_R02_C08,2023-04-30,2023,4,30,120,0.8807,-0.4737,0,0,1,28.525,77.325,51.31,52.35,388.1
GRID_R02_C08,2023-05-01,2023,5,1,121,0.8724,-0.4888,0,0,1,28.525,77.325,42.14,40.18,123.7
GRID_R02_C08,2023-05-02,2023,5,2,122,0.8639,-0.5037,0,0,1,28.525,77.325,40.17,33.05,142.0
GRID_R02_C08,2023-05-03,2023,5,3,123,0.8551,-0.5185,0,0,1,28.525,77.325,46.47,61.87,161.0
GRID_R02_C08,2023-05-04,2023,5,4,124,0.846,-0.5331,0,0,1,28.525,77.325,61.21,69.35,212.75
GRID_R02_C08,2023-05-05,2023,5,5,125,0.8367,-0.5476,0,0,1,28.525,77.325,81.37,90.75,335.0
GRID_R02_C08,2023-05-06,2023,5,6,126,0.8272,-0.5619,0,0,1,28.525,77.325,104.11,196.28,426.25
GRID_R02_C08,2023-05-07,2023,5,7,127,0.8174,-0.5761,0,0,1,28.525,77.325,65.47,75.25,269.5
GRID_R02_C08,2023-05-08,2023,5,8,128,0.8074,-0.59,0,0,1,28.525,77.325,54.44,80.29,242.4
GRID_R02_C08,2023-05-09,2023,5,9,129,0.7971,-0.6038,0,0,1,28.525,77.325,95.57,166.97,316.75
GRID_R02_C08,2023-05-10,2023,5,10,130,0.7866,-0.6175,0,0,1,28.525,77.325,91.05,128.71,319.0
GRID_R02_C08,2023-05-11,2023,5,11,131,0.7759,-0.6309,0,0,1,28.525,77.325,130.6,209.36,393.0
GRID_R02_C08,2023-05-12,2023,5,12,132,0.7649,-0.6442,0,0,1,28.525,77.325,91.49,100.45,348.88
GRID_R02_C08,2023-05-13,2023,5,13,133,0.7537,-0.6572,0,0,1,28.525,77.325,99.09,109.57,485.68
GRID_R02_C08,2023-05-14,2023,5,14,134,0.7423,-0.6701,0,0,1,28.525,77.325,98.57,136.92,479.27
GRID_R02_C08,2023-05-15,2023,5,15,135,0.7306,-0.6828,0,0,1,28.525,77.325,38.31,29.97,302.67
GRID_R02_C08,2023-05-16,2023,5,16,136,0.7188,-0.6952,0,0,1,28.525,77.325,136.34,257.39,858.0
GRID_R02_C08,2023-05-17,2023,5,17,137,0.7067,-0.7075,0,0,1,28.525,77.325,90.2,128.36,439.2
GRID_R02_C08,2023-05-18,2023,5,18,138,0.6945,-0.7195,0,0,1,28.525,77.325,41.38,32.39,475.8
GRID_R02_C08,2023-05-19,2023,5,19,139,0.682,-0.7314,0,0,1,28.525,77.325,66.91,82.41,324.2
GRID_R02_C08,2023-05-20,2023,5,20,140,0.6693,-0.743,0,0,1,28.525,77.325,69.13,97.72,410.08
GRID_R02_C08,2023-05-21,2023,5,21,141,0.6564,-0.7544,0,0,1,28.525,77.325,81.61,112.52,418.88
GRID_R02_C08,2023-05-22,2023,5,22,142,0.6433,-0.7656,0,0,1,28.525,77.325,62.36,47.74,293.65
GRID_R02_C08,2023-05-23,2023,5,23,143,0.6301,-0.7765,0,0,1,28.525,77.325,51.37,39.71,426.07
GRID_R02_C08,2023-05-24,2023,5,24,144,0.6166,-0.7873,0,0,1,28.525,77.325,30.2,33.36,224.1
GRID_R02_C08,2023-05-25,2023,5,25,145,0.603,-0.7978,0,0,1,28.525,77.325,25.89,20.93,134.75
GRID_R02_C08,2023-05-26,2023,5,26,146,0.5892,-0.808,0,0,1,28.525,77.325,26.17,23.94,150.6
GRID_R02_C08,2023-05-27,2023,5,27,147,0.5752,-0.818,0,0,1,28.525,77.325,33.7,29.09,523.54
GRID_R02_C08,2023-05-28,2023,5,28,148,0.561,-0.8278,0,0,1,28.525,77.325,56.8,80.39,233.0
GRID_R02_C08,2023-05-29,2023,5,29,149,0.5467,-0.8373,0,0,1,28.525,77.325,37.1,30.3,130.5
GRID_R02_C08,2023-05-30,2023,5,30,150,0.5322,-0.8466,0,0,1,28.525,77.325,40.46,55.96,135.7
GRID_R02_C08,2023-05-31,2023,5,31,151,0.5176,-0.8556,0,0,1,28.525,77.325,33.88,31.72,143.0
GRID_R02_C08,2023-06-01,2023,6,1,152,0.5028,-0.8644,0,0,1,28.525,77.325,46.64,58.04,292.76
GRID_R02_C08,2023-06-02,2023,6,2,153,0.4878,-0.8729,0,0,1,28.525,77.325,41.96,45.19,187.5
GRID_R02_C08,2023-06-03,2023,6,3,154,0.4728,-0.8812,0,0,1,28.525,77.325,53.0,61.51,386.5
GRID_R02_C08,2023-06-04,2023,6,4,155,0.4575,-0.8892,0,0,1,28.525,77.325,78.77,80.91,325.5
GRID_R02_C08,2023-06-05,2023,6,5,156,0.4422,-0.8969,0,0,1,28.525,77.325,62.55,71.0,251.1
GRID_R02_C08,2023-06-06,2023,6,6,157,0.4267,-0.9044,0,0,1,28.525,77.325,67.29,33.7,572.5
GRID_R02_C08,2023-06-07,2023,6,7,158,0.4111,-0.9116,0,0,1,28.525,77.325,68.05,92.24,474.55
GRID_R02_C08,2023-06-08,2023,6,8,159,0.3953,-0.9185,0,0,1,28.525,77.325,53.69,69.34,233.88
GRID_R02_C08,2023-06-09,2023,6,9,160,0.3795,-0.9252,0,0,1,28.525,77.325,43.43,43.51,173.5
GRID_R02_C08,2023-06-10,2023,6,10,161,0.3635,-0.9316,0,0,1,28.525,77.325,40.9,41.88,253.85
GRID_R02_C08,2023-06-11,2023,6,11,162,0.3474,-0.9377,0,0,1,28.525,77.325,39.92,35.37,191.32
GRID_R02_C08,2023-06-12,2023,6,12,163,0.3312,-0.9436,0,0,1,28.525,77.325,51.16,50.58,183.13
GRID_R02_C08,2023-06-13,2023,6,13,164,0.3149,-0.9491,0,0,1,28.525,77.325,58.07,62.85,247.82
GRID_R02_C08,2023-06-14,2023,6,14,165,0.2986,-0.9544,0,0,1,28.525,77.325,45.05,47.56,165.3
GRID_R02_C08,2023-06-15,2023,6,15,166,0.2821,-0.9594,0,0,1,28.525,77.325,36.9,41.12,210.9
GRID_R02_C08,2023-06-16,2023,6,16,167,0.2656,-0.9641,0,0,1,28.525,77.325,37.95,48.17,185.82
GRID_R02_C08,2023-06-17,2023,6,17,168,0.2489,-0.9685,0,0,1,28.525,77.325,42.72,46.56,196.94
GRID_R02_C08,2023-06-18,2023,6,18,169,0.2322,-0.9727,0,0,1,28.525,77.325,30.42,37.76,95.27
GRID_R02_C08,2023-06-19,2023,6,19,170,0.2155,-0.9765,0,0,1,28.525,77.325,26.76,19.09,89.0
GRID_R02_C08,2023-06-20,2023,6,20,171,0.1986,-0.9801,0,0,1,28.525,77.325,40.77,53.19,135.0
GRID_R02_C08,2023-06-21,2023,6,21,172,0.1818,-0.9833,0,0,1,28.525,77.325,37.05,27.92,126.36
GRID_R02_C08,2023-06-22,2023,6,22,173,0.1648,-0.9863,0,0,1,28.525,77.325,41.72,35.46,199.0
GRID_R02_C08,2023-06-23,2023,6,23,174,0.1478,-0.989,0,0,1,28.525,77.325,49.84,32.79,132.8
GRID_R02_C08,2023-06-24,2023,6,24,175,0.1308,-0.9914,0,0,1,28.525,77.325,53.71,59.12,164.0
GRID_R02_C08,2023-06-25,2023,6,25,176,0.1137,-0.9935,0,0,1,28.525,77.325,26.17,10.57,213.9
GRID_R02_C08,2023-06-26,2023,6,26,177,0.0966,-0.9953,0,0,1,28.525,77.325,45.76,58.46,238.0
GRID_R02_C08,2023-06-27,2023,6,27,178,0.0795,-0.9968,0,0,1,28.525,77.325,35.56,22.2,134.5
GRID_R02_C08,2023-06-28,2023,6,28,179,0.0623,-0.9981,0,0,1,28.525,77.325,33.49,42.22,122.25
GRID_R02_C08,2023-06-29,2023,6,29,180,0.0451,-0.999,0,0,1,28.525,77.325,40.76,45.28,206.0
GRID_R02_C08,2023-06-30,2023,6,30,181,0.028,-0.9996,0,0,1,28.525,77.325,25.96,19.04,324.97
GRID_R02_C08,2023-07-01,2023,7,1,182,0.0108,-0.9999,0,0,1,28.525,77.325,23.8,26.41,96.0
GRID_R02_C08,2023-07-02,2023,7,2,183,-0.0065,-1.0,0,0,1,28.525,77.325,34.21,26.01,119.0
GRID_R02_C08,2023-07-03,2023,7,3,184,-0.0237,-0.9997,0,0,1,28.525,77.325,53.81,37.97,133.0
GRID_R02_C08,2023-07-04,2023,7,4,185,-0.0408,-0.9992,0,0,1,28.525,77.325,49.22,51.84,135.02
GRID_R02_C08,2023-07-05,2023,7,5,186,-0.058,-0.9983,0,0,1,28.525,77.325,37.45,41.64,86.0
GRID_R02_C08,2023-07-06,2023,7,6,187,-0.0752,-0.9972,0,0,1,28.525,77.325,28.22,45.88,88.58
GRID_R02_C08,2023-07-07,2023,7,7,188,-0.0923,-0.9957,0,0,1,28.525,77.325,33.63,33.24,155.48
GRID_R02_C08,2023-07-08,2023,7,8,189,-0.1094,-0.994,0,0,1,28.525,77.325,27.02,21.61,192.15
GRID_R02_C08,2023-07-09,2023,7,9,190,-0.1265,-0.992,0,0,1,28.525,77.325,23.16,29.5,102.5
GRID_R02_C08,2023-07-10,2023,7,10,191,-0.1436,-0.9896,0,0,1,28.525,77.325,27.0,34.64,127.0
GRID_R02_C08,2023-07-11,2023,7,11,192,-0.1606,-0.987,0,0,1,28.525,77.325,33.59,36.34,95.5
GRID_R02_C08,2023-07-12,2023,7,12,193,-0.1775,-0.9841,0,0,1,28.525,77.325,32.39,32.56,101.15
GRID_R02_C08,2023-07-13,2023,7,13,194,-0.1944,-0.9809,0,0,1,28.525,77.325,37.11,36.05,103.0
GRID_R02_C08,2023-07-14,2023,7,14,195,-0.2113,-0.9774,0,0,1,28.525,77.325,36.83,37.88,86.6
GRID_R02_C08,2023-07-15,2023,7,15,196,-0.2281,-0.9736,0,0,1,28.525,77.325,37.5,32.62,135.25
GRID_R02_C08,2023-07-16,2023,7,16,197,-0.2448,-0.9696,0,0,1,28.525,77.325,28.46,25.38,107.4
GRID_R02_C08,2023-07-17,2023,7,17,198,-0.2614,-0.9652,0,0,1,28.525,77.325,45.31,30.88,158.0
GRID_R02_C08,2023-07-18,2023,7,18,199,-0.278,-0.9606,0,0,1,28.525,77.325,35.48,38.27,74.89
GRID_R02_C08,2023-07-19,2023,7,19,200,-0.2945,-0.9557,0,0,1,28.525,77.325,32.01,28.76,70.43
GRID_R02_C08,2023-07-20,2023,7,20,201,-0.3109,-0.9505,0,0,1,28.525,77.325,43.29,44.02,244.25
GRID_R02_C08,2023-07-21,2023,7,21,202,-0.3272,-0.945,0,0,1,28.525,77.325,53.1,60.53,274.0
GRID_R02_C08,2023-07-22,2023,7,22,203,-0.3434,-0.9392,0,0,1,28.525,77.325,34.44,34.98,124.7
GRID_R02_C08,2023-07-23,2023,7,23,204,-0.3595,-0.9332,0,0,1,28.525,77.325,27.59,26.55,94.0
GRID_R02_C08,2023-07-24,2023,7,24,205,-0.3755,-0.9268,0,0,1,28.525,77.325,30.6,33.99,141.0
GRID_R02_C08,2023-07-25,2023,7,25,206,-0.3914,-0.9202,0,0,1,28.525,77.325,43.11,37.92,123.33
GRID_R02_C08,2023-07-26,2023,7,26,207,-0.4071,-0.9134,0,0,1,28.525,77.325,24.52,10.76,91.6
GRID_R02_C08,2023-07-27,2023,7,27,208,-0.4228,-0.9062,0,0,1,28.525,77.325,39.93,45.29,160.75
GRID_R02_C08,2023-07-28,2023,7,28,209,-0.4383,-0.8988,0,0,1,28.525,77.325,35.1,43.94,172.36
GRID_R02_C08,2023-07-29,2023,7,29,210,-0.4537,-0.8912,0,0,1,28.525,77.325,16.8,18.34,95.0
GRID_R02_C08,2023-07-30,2023,7,30,211,-0.469,-0.8832,0,0,1,28.525,77.325,23.51,21.03,138.43
GRID_R02_C08,2023-07-31,2023,7,31,212,-0.4841,-0.875,0,0,1,28.525,77.325,45.49,57.92,853.8
GRID_R02_C08,2023-08-01,2023,8,1,213,-0.4991,-0.8666,0,0,1,28.525,77.325,28.05,23.08,105.33
GRID_R02_C08,2023-08-02,2023,8,2,214,-0.5139,-0.8578,0,0,1,28.525,77.325,27.37,27.07,335.4
GRID_R02_C08,2023-08-03,2023,8,3,215,-0.5286,-0.8489,0,0,1,28.525,77.325,31.06,25.45,183.33
GRID_R02_C08,2023-08-04,2023,8,4,216,-0.5431,-0.8397,0,0,1,28.525,77.325,36.88,30.03,250.75
GRID_R02_C08,2023-08-05,2023,8,5,217,-0.5575,-0.8302,0,0,1,28.525,77.325,40.65,37.91,558.29
GRID_R02_C08,2023-08-06,2023,8,6,218,-0.5717,-0.8205,0,0,1,28.525,77.325,30.95,26.53,315.18
GRID_R02_C08,2023-08-07,2023,8,7,219,-0.5857,-0.8105,0,0,1,28.525,77.325,29.26,26.44,98.5
GRID_R02_C08,2023-08-08,2023,8,8,220,-0.5996,-0.8003,0,0,1,28.525,77.325,30.8,27.08,137.0
GRID_R02_C08,2023-08-09,2023,8,9,221,-0.6132,-0.7899,0,0,1,28.525,77.325,36.83,29.18,150.12
GRID_R02_C08,2023-08-10,2023,8,10,222,-0.6267,-0.7792,0,0,1,28.525,77.325,37.31,33.22,129.6
GRID_R02_C08,2023-08-11,2023,8,11,223,-0.64,-0.7683,0,0,1,28.525,77.325,40.24,35.46,237.7
GRID_R02_C08,2023-08-12,2023,8,12,224,-0.6532,-0.7572,0,0,1,28.525,77.325,35.54,31.69,172.82
GRID_R02_C08,2023-08-13,2023,8,13,225,-0.6661,-0.7459,0,0,1,28.525,77.325,30.13,26.24,177.0
GRID_R02_C08,2023-08-14,2023,8,14,226,-0.6788,-0.7343,0,0,1,28.525,77.325,36.36,35.75,161.0
GRID_R02_C08,2023-08-15,2023,8,15,227,-0.6914,-0.7225,0,0,1,28.525,77.325,46.34,49.85,262.0
GRID_R02_C08,2023-08-16,2023,8,16,228,-0.7037,-0.7105,0,0,1,28.525,77.325,47.54,49.9,166.25
GRID_R02_C08,2023-08-17,2023,8,17,229,-0.7158,-0.6983,0,0,1,28.525,77.325,41.3,39.35,117.0
GRID_R02_C08,2023-08-18,2023,8,18,230,-0.7277,-0.6859,0,0,1,28.525,77.325,45.5,38.4,223.76
GRID_R02_C08,2023-08-19,2023,8,19,231,-0.7394,-0.6733,0,0,1,28.525,77.325,45.16,23.41,160.25
GRID_R02_C08,2023-08-20,2023,8,20,232,-0.7509,-0.6605,0,0,1,28.525,77.325,38.0,45.6,180.0
GRID_R02_C08,2023-08-21,2023,8,21,233,-0.7621,-0.6474,0,0,1,28.525,77.325,39.39,38.68,118.25
GRID_R02_C08,2023-08-22,2023,8,22,234,-0.7731,-0.6342,0,0,1,28.525,77.325,37.83,42.07,167.0
GRID_R02_C08,2023-08-23,2023,8,23,235,-0.7839,-0.6208,0,0,1,28.525,77.325,24.4,25.96,129.0
GRID_R02_C08,2023-08-24,2023,8,24,236,-0.7945,-0.6073,0,0,1,28.525,77.325,31.87,25.48,625.79
GRID_R02_C08,2023-08-25,2023,8,25,237,-0.8048,-0.5935,0,0,1,28.525,77.325,35.18,29.15,122.33
GRID_R02_C08,2023-08-26,2023,8,26,238,-0.8149,-0.5796,0,0,1,28.525,77.325,45.15,39.47,163.97
GRID_R02_C08,2023-08-27,2023,8,27,239,-0.8248,-0.5655,0,0,1,28.525,77.325,53.2,65.29,151.2
GRID_R02_C08,2023-08-28,2023,8,28,240,-0.8344,-0.5512,0,0,1,28.525,77.325,48.16,46.22,196.04
GRID_R02_C08,2023-08-29,2023,8,29,241,-0.8437,-0.5368,0,0,1,28.525,77.325,44.85,31.69,135.5
GRID_R02_C08,2023-08-30,2023,8,30,242,-0.8528,-0.5222,0,0,1,28.525,77.325,48.19,45.46,289.6
GRID_R02_C08,2023-08-31,2023,8,31,243,-0.8617,-0.5074,0,0,1,28.525,77.325,48.55,56.61,188.69
GRID_R02_C08,2023-09-01,2023,9,1,244,-0.8703,-0.4925,0,0,1,28.525,77.325,41.84,47.03,117.0
GRID_R02_C08,2023-09-02,2023,9,2,245,-0.8786,-0.4775,0,0,1,28.525,77.325,41.91,42.76,425.9
GRID_R02_C08,2023-09-03,2023,9,3,246,-0.8867,-0.4623,0,0,1,28.525,77.325,40.67,41.45,167.62
GRID_R02_C08,2023-09-04,2023,9,4,247,-0.8945,-0.447,0,0,1,28.525,77.325,39.55,47.47,201.6
GRID_R02_C08,2023-09-05,2023,9,5,248,-0.9021,-0.4315,0,0,1,28.525,77.325,39.25,33.24,126.67
GRID_R02_C08,2023-09-06,2023,9,6,249,-0.9094,-0.4159,0,0,1,28.525,77.325,31.96,31.6,240.07
GRID_R02_C08,2023-09-07,2023,9,7,250,-0.9164,-0.4002,0,0,1,28.525,77.325,34.79,29.54,120.0
GRID_R02_C08,2023-09-08,2023,9,8,251,-0.9232,-0.3844,0,0,1,28.525,77.325,23.47,18.74,134.67
GRID_R02_C08,2023-09-09,2023,9,9,252,-0.9296,-0.3685,0,0,1,28.525,77.325,13.58,11.89,238.75
GRID_R02_C08,2023-09-10,2023,9,10,253,-0.9358,-0.3524,0,0,1,28.525,77.325,11.76,19.09,276.5
GRID_R02_C08,2023-09-11,2023,9,11,254,-0.9418,-0.3363,0,0,1,28.525,77.325,26.75,21.54,129.8
GRID_R02_C08,2023-09-12,2023,9,12,255,-0.9474,-0.32,0,0,1,28.525,77.325,37.65,35.75,132.4
GRID_R02_C08,2023-09-13,2023,9,13,256,-0.9528,-0.3037,0,0,1,28.525,77.325,51.37,42.36,155.33
GRID_R02_C08,2023-09-14,2023,9,14,257,-0.9579,-0.2873,0,0,1,28.525,77.325,57.35,57.39,183.8
GRID_R02_C08,2023-09-15,2023,9,15,258,-0.9627,-0.2707,0,0,1,28.525,77.325,35.66,32.14,119.3
GRID_R02_C08,2023-09-16,2023,9,16,259,-0.9672,-0.2541,0,0,1,28.525,77.325,31.21,36.63,587.47
GRID_R02_C08,2023-09-17,2023,9,17,260,-0.9714,-0.2375,0,0,1,28.525,77.325,25.16,25.36,129.0
GRID_R02_C08,2023-09-18,2023,9,18,261,-0.9753,-0.2207,0,0,1,28.525,77.325,18.76,21.04,147.5
GRID_R02_C08,2023-09-19,2023,9,19,262,-0.979,-0.2039,0,0,1,28.525,77.325,27.1,25.77,759.58
GRID_R02_C08,2023-09-20,2023,9,20,263,-0.9824,-0.187,0,0,1,28.525,77.325,39.61,45.44,246.0
GRID_R02_C08,2023-09-21,2023,9,21,264,-0.9854,-0.1701,0,0,1,28.525,77.325,40.36,40.94,282.0
GRID_R02_C08,2023-09-22,2023,9,22,265,-0.9882,-0.1531,0,0,1,28.525,77.325,51.72,57.98,134.35
GRID_R02_C08,2023-09-23,2023,9,23,266,-0.9907,-0.1361,0,0,1,28.525,77.325,47.3,44.72,563.34
GRID_R02_C08,2023-09-24,2023,9,24,267,-0.9929,-0.1191,0,0,1,28.525,77.325,60.51,87.9,237.75
GRID_R02_C08,2023-09-25,2023,9,25,268,-0.9948,-0.102,0,0,1,28.525,77.325,63.7,70.64,709.0
GRID_R02_C08,2023-09-26,2023,9,26,269,-0.9964,-0.0848,0,0,1,28.525,77.325,69.31,82.78,152.0
GRID_R02_C08,2023-09-27,2023,9,27,270,-0.9977,-0.0677,0,0,1,28.525,77.325,51.92,52.16,442.17
GRID_R02_C08,2023-09-28,2023,9,28,271,-0.9987,-0.0505,0,0,1,28.525,77.325,58.6,63.85,141.5
GRID_R02_C08,2023-09-29,2023,9,29,272,-0.9994,-0.0333,0,0,1,28.525,77.325,69.08,76.33,157.9
GRID_R02_C08,2023-09-30,2023,9,30,273,-0.9999,-0.0161,0,0,1,28.525,77.325,65.54,84.43,275.0
GRID_R02_C08,2023-10-01,2023,10,1,274,-1.0,0.0011,0,0,1,28.525,77.325,64.31,77.34,153.8
GRID_R02_C08,2023-10-02,2023,10,2,275,-0.9998,0.0183,0,0,1,28.525,77.325,61.74,71.87,269.05
GRID_R02_C08,2023-10-03,2023,10,3,276,-0.9994,0.0355,0,0,1,28.525,77.325,64.71,76.32,278.07
GRID_R02_C08,2023-10-04,2023,10,4,277,-0.9986,0.0527,0,0,1,28.525,77.325,72.24,87.17,179.1
GRID_R02_C08,2023-10-05,2023,10,5,278,-0.9976,0.0698,0,0,1,28.525,77.325,83.87,80.79,335.83
GRID_R02_C08,2023-10-06,2023,10,6,279,-0.9962,0.087,0,0,1,28.525,77.325,91.94,95.15,480.25
GRID_R02_C08,2023-10-07,2023,10,7,280,-0.9946,0.1041,0,0,1,28.525,77.325,81.62,92.96,329.0
GRID_R02_C08,2023-10-08,2023,10,8,281,-0.9926,0.1212,0,0,1,28.525,77.325,65.44,53.8,451.02
GRID_R02_C08,2023-10-09,2023,10,9,282,-0.9904,0.1383,0,0,1,28.525,77.325,70.25,49.29,422.12
GRID_R02_C08,2023-10-10,2023,10,10,283,-0.9879,0.1553,0,0,1,28.525,77.325,69.95,48.84,763.0
GRID_R02_C08,2023-10-11,2023,10,11,284,-0.9851,0.1722,0,0,1,28.525,77.325,84.32,101.64,250.0
GRID_R02_C08,2023-10-12,2023,10,12,285,-0.9819,0.1892,0,0,1,28.525,77.325,107.82,156.92,527.25
GRID_R02_C08,2023-10-13,2023,10,13,286,-0.9785,0.206,0,0,1,28.525,77.325,130.11,184.16,805.25
GRID_R02_C08,2023-10-14,2023,10,14,287,-0.9749,0.2228,0,0,1,28.525,77.325,110.14,146.24,452.2
GRID_R02_C08,2023-10-15,2023,10,15,288,-0.9709,0.2396,1,0,1,28.525,77.325,89.09,113.73,439.25
GRID_R02_C08,2023-10-16,2023,10,16,289,-0.9666,0.2562,1,0,1,28.525,77.325,65.05,98.0,189.5
GRID_R02_C08,2023-10-17,2023,10,17,290,-0.9621,0.2728,1,0,1,28.525,77.325,42.19,28.41,171.0
GRID_R02_C08,2023-10-18,2023,10,18,291,-0.9572,0.2893,1,0,1,28.525,77.325,52.36,63.07,180.0
GRID_R02_C08,2023-10-19,2023,10,19,292,-0.9521,0.3057,1,0,1,28.525,77.325,55.38,60.28,166.5
GRID_R02_C08,2023-10-20,2023,10,20,293,-0.9467,0.3221,1,1,1,28.525,77.325,98.18,145.11,425.42
GRID_R02_C08,2023-10-21,2023,10,21,294,-0.941,0.3383,1,1,1,28.525,77.325,139.65,189.46,458.48
GRID_R02_C08,2023-10-22,2023,10,22,295,-0.9351,0.3545,1,1,1,28.525,77.325,153.79,194.82,410.0
GRID_R02_C08,2023-10-23,2023,10,23,296,-0.9288,0.3705,1,1,1,28.525,77.325,129.89,228.84,407.75
GRID_R02_C08,2023-10-24,2023,10,24,297,-0.9223,0.3864,1,1,1,28.525,77.325,101.39,127.4,323.5
GRID_R02_C08,2023-10-25,2023,10,25,298,-0.9155,0.4022,1,1,1,28.525,77.325,123.36,152.14,404.0
GRID_R02_C08,2023-10-26,2023,10,26,299,-0.9085,0.4179,1,1,1,28.525,77.325,117.31,144.12,613.0
GRID_R02_C08,2023-10-27,2023,10,27,300,-0.9012,0.4335,1,1,1,28.525,77.325,136.62,153.67,534.5
GRID_R02_C08,2023-10-28,2023,10,28,301,-0.8936,0.4489,1,1,1,28.525,77.325,162.96,200.82,563.0
GRID_R02_C08,2023-10-29,2023,10,29,302,-0.8857,0.4642,1,1,1,28.525,77.325,174.32,219.06,400.0
GRID_R02_C08,2023-10-30,2023,10,30,303,-0.8776,0.4794,1,1,1,28.525,77.325,184.86,223.49,476.0
GRID_R02_C08,2023-10-31,2023,10,31,304,-0.8692,0.4944,1,1,1,28.525,77.325,205.19,231.99,443.5
GRID_R02_C08,2023-11-01,2023,11,1,305,-0.8606,0.5093,1,1,1,28.525,77.325,185.71,221.1,443.75
GRID_R02_C08,2023-11-02,2023,11,2,306,-0.8517,0.524,1,1,1,28.525,77.325,312.49,270.19,652.5
GRID_R02_C08,2023-11-03,2023,11,3,307,-0.8426,0.5386,1,1,1,28.525,77.325,310.48,428.5,646.75
GRID_R02_C08,2023-11-04,2023,11,4,308,-0.8332,0.553,1,1,1,28.525,77.325,334.72,328.77,637.25
GRID_R02_C08,2023-11-05,2023,11,5,309,-0.8235,0.5672,1,1,1,28.525,77.325,333.91,392.4,771.0
GRID_R02_C08,2023-11-06,2023,11,6,310,-0.8137,0.5813,1,1,1,28.525,77.325,262.43,335.16,621.75
GRID_R02_C08,2023-11-07,2023,11,7,311,-0.8035,0.5952,1,1,1,28.525,77.325,266.06,271.85,554.25
GRID_R02_C08,2023-11-08,2023,11,8,312,-0.7932,0.609,1,1,1,28.525,77.325,282.3,341.5,669.0
GRID_R02_C08,2023-11-09,2023,11,9,313,-0.7826,0.6225,1,1,1,28.525,77.325,328.8,368.02,608.0
GRID_R02_C08,2023-11-10,2023,11,10,314,-0.7718,0.6359,1,1,1,28.525,77.325,123.09,42.35,639.5
GRID_R02_C08,2023-11-11,2023,11,11,315,-0.7607,0.6491,1,1,1,28.525,77.325,92.82,89.57,245.17
GRID_R02_C08,2023-11-12,2023,11,12,316,-0.7494,0.6621,1,1,1,28.525,77.325,136.56,117.27,973.0
GRID_R02_C08,2023-11-13,2023,11,13,317,-0.7379,0.6749,1,1,1,28.525,77.325,309.44,337.28,997.0
GRID_R02_C08,2023-11-14,2023,11,14,318,-0.7262,0.6875,1,1,1,28.525,77.325,233.61,252.5,633.05
GRID_R02_C08,2023-11-15,2023,11,15,319,-0.7143,0.6998,1,1,1,28.525,77.325,257.18,349.19,527.75
GRID_R02_C08,2023-11-16,2023,11,16,320,-0.7021,0.712,1,1,1,28.525,77.325,325.3,364.68,632.75
GRID_R02_C08,2023-11-17,2023,11,17,321,-0.6898,0.724,1,1,1,28.525,77.325,235.51,335.7,633.0
GRID_R02_C08,2023-11-18,2023,11,18,322,-0.6772,0.7358,1,1,1,28.525,77.325,158.45,178.05,381.0
GRID_R02_C08,2023-11-19,2023,11,19,323,-0.6645,0.7473,1,1,1,28.525,77.325,160.41,171.08,544.0
GRID_R02_C08,2023-11-20,2023,11,20,324,-0.6515,0.7586,1,1,1,28.525,77.325,201.14,251.19,636.81
GRID_R02_C08,2023-11-21,2023,11,21,325,-0.6384,0.7697,1,0,1,28.525,77.325,235.7,257.44,404.0
GRID_R02_C08,2023-11-22,2023,11,22,326,-0.625,0.7806,1,0,1,28.525,77.325,239.69,276.53,514.0
GRID_R02_C08,2023-11-23,2023,11,23,327,-0.6115,0.7912,1,0,1,28.525,77.325,247.62,267.48,635.93
GRID_R02_C08,2023-11-24,2023,11,24,328,-0.5978,0.8016,1,0,1,28.525,77.325,303.74,346.38,910.5
GRID_R02_C08,2023-11-25,2023,11,25,329,-0.584,0.8118,1,0,1,28.525,77.325,254.87,305.8,508.25
GRID_R02_C08,2023-11-26,2023,11,26,330,-0.5699,0.8217,1,0,1,28.525,77.325,270.39,315.22,717.5
GRID_R02_C08,2023-11-27,2023,11,27,331,-0.5557,0.8314,1,0,1,28.525,77.325,228.52,267.01,471.5
GRID_R02_C08,2023-11-28,2023,11,28,332,-0.5413,0.8408,1,0,1,28.525,77.325,136.84,182.42,350.0
GRID_R02_C08,2023-11-29,2023,11,29,333,-0.5268,0.85,1,0,1,28.525,77.325,188.94,180.79,549.0
GRID_R02_C08,2023-11-30,2023,11,30,334,-0.5121,0.859,1,0,1,28.525,77.325,254.65,296.44,555.0
GRID_R02_C08,2023-12-01,2023,12,1,335,-0.4972,0.8676,1,0,1,28.525,77.325,223.03,224.22,552.0
GRID_R02_C08,2023-12-02,2023,12,2,336,-0.4822,0.8761,1,0,1,28.525,77.325,161.3,176.49,382.25
GRID_R02_C08,2023-12-03,2023,12,3,337,-0.4671,0.8842,1,0,1,28.525,77.325,154.52,184.0,542.0
GRID_R02_C08,2023-12-04,2023,12,4,338,-0.4518,0.8921,1,0,1,28.525,77.325,154.1,182.68,612.28
GRID_R02_C08,2023-12-05,2023,12,5,339,-0.4364,0.8998,1,0,1,28.525,77.325,139.18,173.96,394.75
GRID_R02_C08,2023-12-06,2023,12,6,340,-0.4208,0.9071,1,0,1,28.525,77.325,139.58,161.97,389.0
GRID_R02_C08,2023-12-07,2023,12,7,341,-0.4052,0.9142,1,0,1,28.525,77.325,174.82,197.11,578.0
GRID_R02_C08,2023-12-08,2023,12,8,342,-0.3894,0.9211,1,0,1,28.525,77.325,161.49,156.9,475.0
GRID_R02_C08,2023-12-09,2023,12,9,343,-0.3735,0.9276,1,0,1,28.525,77.325,163.31,175.44,427.5
GRID_R02_C08,2023-12-10,2023,12,10,344,-0.3575,0.9339,1,0,1,28.525,77.325,156.68,160.56,463.0
GRID_R02_C08,2023-12-11,2023,12,11,345,-0.3413,0.9399,1,0,1,28.525,77.325,168.19,182.37,561.0
GRID_R02_C08,2023-12-12,2023,12,12,346,-0.3251,0.9457,1,0,1,28.525,77.325,227.63,294.87,665.51
GRID_R02_C08,2023-12-13,2023,12,13,347,-0.3088,0.9511,1,0,1,28.525,77.325,231.66,294.47,719.0
GRID_R02_C08,2023-12-14,2023,12,14,348,-0.2924,0.9563,1,0,1,28.525,77.325,169.19,191.95,493.0
GRID_R02_C08,2023-12-15,2023,12,15,349,-0.2759,0.9612,1,0,1,28.525,77.325,186.46,220.69,482.0
GRID_R02_C08,2023-12-16,2023,12,16,350,-0.2593,0.9658,1,0,1,28.525,77.325,219.33,280.89,541.91
GRID_R02_C08,2023-12-17,2023,12,17,351,-0.2427,0.9701,1,0,1,28.525,77.325,201.73,245.12,608.0
GRID_R02_C08,2023-12-18,2023,12,18,352,-0.226,0.9741,1,0,1,28.525,77.325,154.57,174.45,365.5
GRID_R02_C08,2023-12-19,2023,12,19,353,-0.2092,0.9779,1,0,1,28.525,77.325,131.33,149.75,420.75
GRID_R02_C08,2023-12-20,2023,12,20,354,-0.1923,0.9813,1,0,1,28.525,77.325,153.31,140.51,486.06
GRID_R02_C08,2023-12-21,2023,12,21,355,-0.1754,0.9845,1,0,1,28.525,77.325,231.12,244.39,542.82
GRID_R02_C08,2023-12-22,2023,12,22,356,-0.1585,0.9874,1,0,1,28.525,77.325,309.16,272.04,634.0
GRID_R02_C08,2023-12-23,2023,12,23,357,-0.1414,0.9899,1,0,1,28.525,77.325,316.03,372.88,889.5
GRID_R02_C08,2023-12-24,2023,12,24,358,-0.1244,0.9922,1,0,1,28.525,77.325,285.82,359.89,656.25
GRID_R02_C08,2023-12-25,2023,12,25,359,-0.1073,0.9942,1,0,1,28.525,77.325,216.32,210.69,579.33
GRID_R02_C08,2023-12-26,2023,12,26,360,-0.0902,0.9959,1,0,1,28.525,77.325,232.53,227.58,572.75
GRID_R02_C08,2023-12-27,2023,12,27,361,-0.073,0.9973,1,0,1,28.525,77.325,261.75,187.44,613.75
GRID_R02_C08,2023-12-28,2023,12,28,362,-0.0559,0.9984,1,0,1,28.525,77.325,188.87,138.42,437.5
GRID_R02_C08,2023-12-29,2023,12,29,363,-0.0387,0.9993,1,0,1,28.525,77.325,253.49,197.63,560.75
GRID_R02_C08,2023-12-30,2023,12,30,364,-0.0215,0.9998,1,0,1,28.525,77.325,248.19,214.17,401.0
GRID_R02_C08,2023-12-31,2023,12,31,365,-0.0043,1.0,1,0,1,28.525,77.325,215.66,191.45,356.0
GRID_R02_C08,2024-01-01,2024,1,1,1,0.0172,0.9999,1,0,1,28.525,77.325,176.71,154.68,355.0
GRID_R02_C08,2024-01-02,2024,1,2,2,0.0344,0.9994,1,0,1,28.525,77.325,180.65,168.0,478.5
GRID_R02_C08,2024-01-03,2024,1,3,3,0.0516,0.9987,1,0,1,28.525,77.325,191.73,129.29,716.0
GRID_R02_C08,2024-01-04,2024,1,4,4,0.0688,0.9976,1,0,1,28.525,77.325,215.34,189.23,465.75
GRID_R02_C08,2024-01-05,2024,1,5,5,0.0859,0.9963,1,0,1,28.525,77.325,158.89,117.06,353.25
GRID_R02_C08,2024-01-06,2024,1,6,6,0.103,0.9947,1,0,1,28.525,77.325,170.61,129.12,473.67
GRID_R02_C08,2024-01-07,2024,1,7,7,0.1201,0.9928,1,0,1,28.525,77.325,167.25,134.64,473.25
GRID_R02_C08,2024-01-08,2024,1,8,8,0.1372,0.9905,1,0,1,28.525,77.325,227.1,166.1,737.75
GRID_R02_C08,2024-01-09,2024,1,9,9,0.1542,0.988,1,0,1,28.525,77.325,131.42,143.72,288.12
GRID_R02_C08,2024-01-10,2024,1,10,10,0.1712,0.9852,1,0,1,28.525,77.325,154.84,107.78,457.17
GRID_R02_C08,2024-01-11,2024,1,11,11,0.1881,0.9821,1,0,1,28.525,77.325,188.87,157.43,515.5
GRID_R02_C08,2024-01-12,2024,1,12,12,0.205,0.9788,1,0,1,28.525,77.325,181.96,127.27,881.0
GRID_R02_C08,2024-01-13,2024,1,13,13,0.2218,0.9751,1,0,1,28.525,77.325,353.96,224.6,958.0
GRID_R02_C08,2024-01-14,2024,1,14,14,0.2385,0.9711,1,0,1,28.525,77.325,322.05,237.24,919.0
GRID_R02_C08,2024-01-15,2024,1,15,15,0.2552,0.9669,1,0,1,28.525,77.325,185.48,135.55,704.75
GRID_R02_C08,2024-01-16,2024,1,16,16,0.2718,0.9624,1,0,1,28.525,77.325,241.48,211.13,522.5
GRID_R02_C08,2024-01-17,2024,1,17,17,0.2883,0.9575,1,0,1,28.525,77.325,204.75,183.05,478.75
GRID_R02_C08,2024-01-18,2024,1,18,18,0.3047,0.9524,1,0,1,28.525,77.325,171.02,102.78,445.0
GRID_R02_C08,2024-01-19,2024,1,19,19,0.3211,0.9471,1,0,1,28.525,77.325,180.88,144.48,352.0
GRID_R02_C08,2024-01-20,2024,1,20,20,0.3373,0.9414,1,0,1,28.525,77.325,185.5,138.15,534.0
GRID_R02_C08,2024-01-21,2024,1,21,21,0.3534,0.9355,1,0,1,28.525,77.325,170.0,135.9,377.75
GRID_R02_C08,2024-01-22,2024,1,22,22,0.3695,0.9292,1,0,1,28.525,77.325,206.04,144.34,701.0
GRID_R02_C08,2024-01-23,2024,1,23,23,0.3854,0.9227,1,0,1,28.525,77.325,219.24,142.07,487.0
GRID_R02_C08,2024-01-24,2024,1,24,24,0.4012,0.916,1,0,1,28.525,77.325,246.43,216.23,531.75
GRID_R02_C08,2024-01-25,2024,1,25,25,0.4169,0.9089,1,0,1,28.525,77.325,194.53,103.21,655.75
GRID_R02_C08,2024-01-26,2024,1,26,26,0.4325,0.9016,1,0,1,28.525,77.325,289.48,260.3,917.0
GRID_R02_C08,2024-01-27,2024,1,27,27,0.4479,0.8941,1,0,1,28.525,77.325,181.24,191.55,583.75
GRID_R02_C08,2024-01-28,2024,1,28,28,0.4633,0.8862,1,0,1,28.525,77.325,252.72,244.89,693.85
GRID_R02_C08,2024-01-29,2024,1,29,29,0.4784,0.8781,1,0,1,28.525,77.325,202.95,155.93,541.75
GRID_R02_C08,2024-01-30,2024,1,30,30,0.4935,0.8698,1,0,1,28.525,77.325,213.54,130.5,529.25
GRID_R02_C08,2024-01-31,2024,1,31,31,0.5084,0.8611,1,0,1,28.525,77.325,223.33,196.58,517.0
GRID_R02_C08,2024-02-01,2024,2,1,32,0.5231,0.8523,0,0,1,28.525,77.325,65.75,39.6,201.5
GRID_R02_C08,2024-02-02,2024,2,2,33,0.5377,0.8432,0,0,1,28.525,77.325,102.63,75.95,242.25
GRID_R02_C08,2024-02-03,2024,2,3,34,0.5521,0.8338,0,0,1,28.525,77.325,98.88,86.22,505.67
GRID_R02_C08,2024-02-04,2024,2,4,35,0.5664,0.8242,0,0,1,28.525,77.325,122.9,107.12,379.5
GRID_R02_C08,2024-02-05,2024,2,5,36,0.5805,0.8143,0,0,1,28.525,77.325,74.81,82.84,184.25
GRID_R02_C08,2024-02-06,2024,2,6,37,0.5944,0.8042,0,0,1,28.525,77.325,66.58,63.62,361.75
GRID_R02_C08,2024-02-07,2024,2,7,38,0.6081,0.7938,0,0,1,28.525,77.325,76.73,85.12,255.0
GRID_R02_C08,2024-02-08,2024,2,8,39,0.6217,0.7833,0,0,1,28.525,77.325,68.77,72.95,154.25
GRID_R02_C08,2024-02-09,2024,2,9,40,0.6351,0.7725,0,0,1,28.525,77.325,79.73,71.07,558.5
GRID_R02_C08,2024-02-10,2024,2,10,41,0.6483,0.7614,0,0,1,28.525,77.325,176.74,203.85,389.5
GRID_R02_C08,2024-02-11,2024,2,11,42,0.6613,0.7502,0,0,1,28.525,77.325,155.21,183.53,441.15
GRID_R02_C08,2024-02-12,2024,2,12,43,0.6741,0.7387,0,0,1,28.525,77.325,156.73,157.1,623.22
GRID_R02_C08,2024-02-13,2024,2,13,44,0.6867,0.727,0,0,1,28.525,77.325,203.35,210.56,458.74
GRID_R02_C08,2024-02-14,2024,2,14,45,0.6991,0.715,0,0,1,28.525,77.325,167.1,188.5,370.0
GRID_R02_C08,2024-02-15,2024,2,15,46,0.7113,0.7029,0,0,1,28.525,77.325,127.23,146.4,330.25
GRID_R02_C08,2024-02-16,2024,2,16,47,0.7233,0.6906,0,0,1,28.525,77.325,119.97,154.31,300.5
GRID_R02_C08,2024-02-17,2024,2,17,48,0.735,0.678,0,0,1,28.525,77.325,119.98,144.88,646.0
GRID_R02_C08,2024-02-18,2024,2,18,49,0.7466,0.6653,0,0,1,28.525,77.325,131.33,173.24,354.5
GRID_R02_C08,2024-02-19,2024,2,19,50,0.7579,0.6523,0,0,1,28.525,77.325,89.77,94.2,177.0
GRID_R02_C08,2024-02-20,2024,2,20,51,0.769,0.6392,0,0,1,28.525,77.325,120.38,118.12,384.67
GRID_R02_C08,2024-02-21,2024,2,21,52,0.7799,0.6259,0,0,1,28.525,77.325,89.5,92.84,263.0
GRID_R02_C08,2024-02-22,2024,2,22,53,0.7906,0.6124,0,0,1,28.525,77.325,61.85,89.15,268.68
GRID_R02_C08,2024-02-23,2024,2,23,54,0.801,0.5987,0,0,1,28.525,77.325,61.04,90.79,217.0
GRID_R02_C08,2024-02-24,2024,2,24,55,0.8112,0.5848,0,0,1,28.525,77.325,87.64,115.14,300.0
GRID_R02_C08,2024-02-25,2024,2,25,56,0.8211,0.5708,0,0,1,28.525,77.325,81.27,119.8,288.75
GRID_R02_C08,2024-02-26,2024,2,26,57,0.8308,0.5566,0,0,1,28.525,77.325,78.98,86.04,306.0
GRID_R02_C08,2024-02-27,2024,2,27,58,0.8402,0.5422,0,0,1,28.525,77.325,62.45,58.12,304.5
GRID_R02_C08,2024-02-28,2024,2,28,59,0.8495,0.5277,0,0,1,28.525,77.325,62.5,78.98,150.0
GRID_R02_C08,2024-02-29,2024,2,29,60,0.8584,0.513,0,0,1,28.525,77.325,67.57,85.39,255.67
GRID_R02_C08,2024-03-01,2024,3,1,61,0.8671,0.4981,0,0,1,28.525,77.325,91.52,134.08,369.75
GRID_R02_C08,2024-03-02,2024,3,2,62,0.8755,0.4831,0,0,1,28.525,77.325,33.53,30.69,331.1
GRID_R02_C08,2024-03-03,2024,3,3,63,0.8837,0.468,0,0,1,28.525,77.325,48.58,49.28,117.9
GRID_R02_C08,2024-03-04,2024,3,4,64,0.8916,0.4527,0,0,1,28.525,77.325,49.29,71.84,205.88
GRID_R02_C08,2024-03-05,2024,3,5,65,0.8993,0.4373,0,0,1,28.525,77.325,51.0,69.14,175.0
GRID_R02_C08,2024-03-06,2024,3,6,66,0.9067,0.4218,0,0,1,28.525,77.325,64.49,79.17,183.0
GRID_R02_C08,2024-03-07,2024,3,7,67,0.9138,0.4061,0,0,1,28.525,77.325,80.81,121.31,337.5
GRID_R02_C08,2024-03-08,2024,3,8,68,0.9207,0.3904,0,0,1,28.525,77.325,66.34,104.42,274.0
GRID_R02_C08,2024-03-09,2024,3,9,69,0.9272,0.3745,0,0,1,28.525,77.325,63.06,93.09,285.0
GRID_R02_C08,2024-03-10,2024,3,10,70,0.9335,0.3585,0,0,1,28.525,77.325,86.75,138.24,316.0
GRID_R02_C08,2024-03-11,2024,3,11,71,0.9396,0.3424,0,0,1,28.525,77.325,88.46,131.6,283.0
GRID_R02_C08,2024-03-12,2024,3,12,72,0.9453,0.3261,0,0,1,28.525,77.325,86.46,148.93,356.25
GRID_R02_C08,2024-03-13,2024,3,13,73,0.9508,0.3098,0,0,1,28.525,77.325,78.88,127.07,374.75
GRID_R02_C08,2024-03-14,2024,3,14,74,0.956,0.2934,0,0,1,28.525,77.325,87.64,146.29,340.25
GRID_R02_C08,2024-03-15,2024,3,15,75,0.9609,0.2769,0,0,1,28.525,77.325,47.12,61.55,523.84
GRID_R02_C08,2024-03-16,2024,3,16,76,0.9655,0.2604,0,0,1,28.525,77.325,77.67,97.76,272.5
GRID_R02_C08,2024-03-17,2024,3,17,77,0.9698,0.2437,0,0,1,28.525,77.325,91.12,140.8,319.25
GRID_R02_C08,2024-03-18,2024,3,18,78,0.9739,0.227,0,0,1,28.525,77.325,93.32,157.23,291.25
GRID_R02_C08,2024-03-19,2024,3,19,79,0.9777,0.2102,0,0,1,28.525,77.325,108.69,175.32,376.25
GRID_R02_C08,2024-03-20,2024,3,20,80,0.9811,0.1934,0,0,1,28.525,77.325,108.6,172.42,421.5
GRID_R02_C08,2024-03-21,2024,3,21,81,0.9843,0.1765,0,0,1,28.525,77.325,77.68,59.9,330.25
GRID_R02_C08,2024-03-22,2024,3,22,82,0.9872,0.1595,0,0,1,28.525,77.325,82.59,79.74,827.0
GRID_R02_C08,2024-03-23,2024,3,23,83,0.9898,0.1425,0,0,1,28.525,77.325,96.68,130.32,452.25
GRID_R02_C08,2024-03-24,2024,3,24,84,0.9921,0.1255,0,0,1,28.525,77.325,86.06,153.42,546.43
GRID_R02_C08,2024-03-25,2024,3,25,85,0.9941,0.1084,0,0,1,28.525,77.325,95.96,123.37,766.1
GRID_R02_C08,2024-03-26,2024,3,26,86,0.9958,0.0913,0,0,1,28.525,77.325,64.8,93.9,230.75
GRID_R02_C08,2024-03-27,2024,3,27,87,0.9972,0.0741,0,0,1,28.525,77.325,71.34,105.85,633.7
GRID_R02_C08,2024-03-28,2024,3,28,88,0.9984,0.057,0,0,1,28.525,77.325,68.5,91.49,426.88
GRID_R02_C08,2024-03-29,2024,3,29,89,0.9992,0.0398,0,0,1,28.525,77.325,85.28,117.0,568.35
GRID_R02_C08,2024-03-30,2024,3,30,90,0.9997,0.0226,0,0,1,28.525,77.325,86.72,102.6,518.72
GRID_R02_C08,2024-03-31,2024,3,31,91,1.0,0.0054,0,0,1,28.525,77.325,94.3,161.78,409.5
GRID_R02_C08,2024-04-01,2024,4,1,92,0.9999,-0.0118,0,0,1,28.525,77.325,53.67,88.33,567.9
GRID_R02_C08,2024-04-02,2024,4,2,93,0.9996,-0.029,0,0,1,28.525,77.325,64.78,118.59,542.43
GRID_R02_C08,2024-04-03,2024,4,3,94,0.9989,-0.0462,0,0,1,28.525,77.325,75.55,95.29,258.08
GRID_R02_C08,2024-04-04,2024,4,4,95,0.998,-0.0634,0,0,1,28.525,77.325,64.74,66.14,347.84
GRID_R02_C08,2024-04-05,2024,4,5,96,0.9968,-0.0805,0,0,1,28.525,77.325,63.67,84.65,237.42
GRID_R02_C08,2024-04-06,2024,4,6,97,0.9952,-0.0977,0,0,1,28.525,77.325,69.6,110.57,272.0
GRID_R02_C08,2024-04-07,2024,4,7,98,0.9934,-0.1148,0,0,1,28.525,77.325,84.93,177.41,398.0
GRID_R02_C08,2024-04-08,2024,4,8,99,0.9913,-0.1319,0,0,1,28.525,77.325,88.75,163.73,446.92
GRID_R02_C08,2024-04-09,2024,4,9,100,0.9889,-0.1489,0,0,1,28.525,77.325,85.74,124.7,331.43
GRID_R02_C08,2024-04-10,2024,4,10,101,0.9861,-0.1659,0,0,1,28.525,77.325,98.3,141.13,408.4
GRID_R02_C08,2024-04-11,2024,4,11,102,0.9831,-0.1828,0,0,1,28.525,77.325,88.87,143.02,483.95
GRID_R02_C08,2024-04-12,2024,4,12,103,0.9799,-0.1997,0,0,1,28.525,77.325,105.11,166.63,368.48
GRID_R02_C08,2024-04-13,2024,4,13,104,0.9763,-0.2165,0,0,1,28.525,77.325,66.97,76.5,438.28
GRID_R02_C08,2024-04-14,2024,4,14,105,0.9724,-0.2333,0,0,1,28.525,77.325,64.63,78.3,294.48
GRID_R02_C08,2024-04-15,2024,4,15,106,0.9683,-0.25,0,0,1,28.525,77.325,105.5,152.52,465.69
GRID_R02_C08,2024-04-16,2024,4,16,107,0.9638,-0.2666,0,0,1,28.525,77.325,86.72,153.98,448.0
GRID_R02_C08,2024-04-17,2024,4,17,108,0.9591,-0.2831,0,0,1,28.525,77.325,43.9,66.24,288.8
GRID_R02_C08,2024-04-18,2024,4,18,109,0.9541,-0.2996,0,0,1,28.525,77.325,56.12,92.33,375.4
GRID_R02_C08,2024-04-19,2024,4,19,110,0.9488,-0.316,0,0,1,28.525,77.325,63.15,82.74,302.02
GRID_R02_C08,2024-04-20,2024,4,20,111,0.9432,-0.3322,0,0,1,28.525,77.325,65.01,90.71,356.66
GRID_R02_C08,2024-04-21,2024,4,21,112,0.9373,-0.3484,0,0,1,28.525,77.325,47.47,64.36,311.12
GRID_R02_C08,2024-04-22,2024,4,22,113,0.9312,-0.3645,0,0,1,28.525,77.325,40.97,27.3,309.25
GRID_R02_C08,2024-04-23,2024,4,23,114,0.9248,-0.3804,0,0,1,28.525,77.325,71.66,92.4,332.25
GRID_R02_C08,2024-04-24,2024,4,24,115,0.9181,-0.3963,0,0,1,28.525,77.325,70.77,126.53,405.0
GRID_R02_C08,2024-04-25,2024,4,25,116,0.9112,-0.412,0,0,1,28.525,77.325,83.96,174.96,518.25
GRID_R02_C08,2024-04-26,2024,4,26,117,0.9039,-0.4276,0,0,1,28.525,77.325,66.73,92.69,260.0
GRID_R02_C08,2024-04-27,2024,4,27,118,0.8965,-0.4431,0,0,1,28.525,77.325,57.75,66.83,278.97
GRID_R02_C08,2024-04-28,2024,4,28,119,0.8887,-0.4585,0,0,1,28.525,77.325,58.7,67.53,340.22
GRID_R02_C08,2024-04-29,2024,4,29,120,0.8807,-0.4737,0,0,1,28.525,77.325,80.76,131.67,234.5
GRID_R02_C08,2024-04-30,2024,4,30,121,0.8724,-0.4888,0,0,1,28.525,77.325,63.92,91.66,325.5
GRID_R02_C08,2024-05-01,2024,5,1,122,0.8639,-0.5037,0,0,1,28.525,77.325,65.65,62.86,392.75
GRID_R02_C08,2024-05-02,2024,5,2,123,0.8551,-0.5185,0,0,1,28.525,77.325,83.75,120.49,362.0
GRID_R02_C08,2024-05-03,2024,5,3,124,0.846,-0.5331,0,0,1,28.525,77.325,134.28,202.24,468.98
GRID_R02_C08,2024-05-04,2024,5,4,125,0.8367,-0.5476,0,0,1,28.525,77.325,142.52,227.39,440.95
GRID_R02_C08,2024-05-05,2024,5,5,126,0.8272,-0.5619,0,0,1,28.525,77.325,142.22,264.3,575.75
GRID_R02_C08,2024-05-06,2024,5,6,127,0.8174,-0.5761,0,0,1,28.525,77.325,114.38,178.61,544.28
GRID_R02_C08,2024-05-07,2024,5,7,128,0.8074,-0.59,0,0,1,28.525,77.325,153.68,242.45,501.0
GRID_R02_C08,2024-05-08,2024,5,8,129,0.7971,-0.6038,0,0,1,28.525,77.325,75.7,65.79,381.71
GRID_R02_C08,2024-05-09,2024,5,9,130,0.7866,-0.6175,0,0,1,28.525,77.325,57.38,42.19,190.7
GRID_R02_C08,2024-05-10,2024,5,10,131,0.7759,-0.6309,0,0,1,28.525,77.325,79.65,69.38,942.14
GRID_R02_C08,2024-05-11,2024,5,11,132,0.7649,-0.6442,0,0,1,28.525,77.325,72.03,87.8,937.56
GRID_R02_C08,2024-05-12,2024,5,12,133,0.7537,-0.6572,0,0,1,28.525,77.325,85.34,93.66,416.0
GRID_R02_C08,2024-05-13,2024,5,13,134,0.7423,-0.6701,0,0,1,28.525,77.325,96.45,108.86,447.62
GRID_R02_C08,2024-05-14,2024,5,14,135,0.7306,-0.6828,0,0,1,28.525,77.325,110.77,184.72,942.06
GRID_R02_C08,2024-05-15,2024,5,15,136,0.7188,-0.6952,0,0,1,28.525,77.325,125.21,191.41,497.88
GRID_R02_C08,2024-05-16,2024,5,16,137,0.7067,-0.7075,0,0,1,28.525,77.325,105.87,103.27,336.32
GRID_R02_C08,2024-05-17,2024,5,17,138,0.6945,-0.7195,0,0,1,28.525,77.325,91.4,97.71,455.2
GRID_R02_C08,2024-05-18,2024,5,18,139,0.682,-0.7314,0,0,1,28.525,77.325,110.13,142.61,461.08
GRID_R02_C08,2024-05-19,2024,5,19,140,0.6693,-0.743,0,0,1,28.525,77.325,97.3,165.85,331.0
GRID_R02_C08,2024-05-20,2024,5,20,141,0.6564,-0.7544,0,0,1,28.525,77.325,86.89,133.35,942.44
GRID_R02_C08,2024-05-21,2024,5,21,142,0.6433,-0.7656,0,0,1,28.525,77.325,82.25,80.16,345.62
GRID_R02_C08,2024-05-22,2024,5,22,143,0.6301,-0.7765,0,0,1,28.525,77.325,71.31,73.7,199.0
GRID_R02_C08,2024-05-23,2024,5,23,144,0.6166,-0.7873,0,0,1,28.525,77.325,54.6,50.08,534.0
GRID_R02_C08,2024-05-24,2024,5,24,145,0.603,-0.7978,0,0,1,28.525,77.325,55.08,51.51,687.33
GRID_R02_C08,2024-05-25,2024,5,25,146,0.5892,-0.808,0,0,1,28.525,77.325,69.06,78.33,484.22
GRID_R02_C08,2024-05-26,2024,5,26,147,0.5752,-0.818,0,0,1,28.525,77.325,77.83,122.22,724.05
GRID_R02_C08,2024-05-27,2024,5,27,148,0.561,-0.8278,0,0,1,28.525,77.325,94.46,115.4,806.88
GRID_R02_C08,2024-05-28,2024,5,28,149,0.5467,-0.8373,0,0,1,28.525,77.325,95.19,109.84,503.78
GRID_R02_C08,2024-05-29,2024,5,29,150,0.5322,-0.8466,0,0,1,28.525,77.325,72.41,69.93,232.07
GRID_R02_C08,2024-05-30,2024,5,30,151,0.5176,-0.8556,0,0,1,28.525,77.325,67.0,75.42,530.0
GRID_R02_C08,2024-05-31,2024,5,31,152,0.5028,-0.8644,0,0,1,28.525,77.325,71.57,82.35,720.85
GRID_R02_C08,2024-06-01,2024,6,1,153,0.4878,-0.8729,0,0,1,28.525,77.325,75.06,88.07,484.68
GRID_R02_C08,2024-06-02,2024,6,2,154,0.4728,-0.8812,0,0,1,28.525,77.325,47.07,52.75,353.9
GRID_R02_C08,2024-06-03,2024,6,3,155,0.4575,-0.8892,0,0,1,28.525,77.325,58.78,55.73,830.8
GRID_R02_C08,2024-06-04,2024,6,4,156,0.4422,-0.8969,0,0,1,28.525,77.325,77.2,65.62,651.9
GRID_R02_C08,2024-06-05,2024,6,5,157,0.4267,-0.9044,0,0,1,28.525,77.325,75.46,61.75,960.04
GRID_R02_C08,2024-06-06,2024,6,6,158,0.4111,-0.9116,0,0,1,28.525,77.325,56.97,54.09,960.04
GRID_R02_C08,2024-06-07,2024,6,7,159,0.3953,-0.9185,0,0,1,28.525,77.325,64.59,88.6,826.68
GRID_R02_C08,2024-06-08,2024,6,8,160,0.3795,-0.9252,0,0,1,28.525,77.325,62.7,70.07,517.0
GRID_R02_C08,2024-06-09,2024,6,9,161,0.3635,-0.9316,0,0,1,28.525,77.325,55.34,76.61,783.42
GRID_R02_C08,2024-06-10,2024,6,10,162,0.3474,-0.9377,0,0,1,28.525,77.325,54.09,50.08,545.1
GRID_R02_C08,2024-06-11,2024,6,11,163,0.3312,-0.9436,0,0,1,28.525,77.325,87.56,145.0,958.38
GRID_R02_C08,2024-06-12,2024,6,12,164,0.3149,-0.9491,0,0,1,28.525,77.325,69.53,79.64,604.6
GRID_R02_C08,2024-06-13,2024,6,13,165,0.2986,-0.9544,0,0,1,28.525,77.325,54.47,40.91,555.92
GRID_R02_C08,2024-06-14,2024,6,14,166,0.2821,-0.9594,0,0,1,28.525,77.325,47.73,45.94,957.3
GRID_R02_C08,2024-06-15,2024,6,15,167,0.2656,-0.9641,0,0,1,28.525,77.325,46.51,40.34,366.6
GRID_R02_C08,2024-06-16,2024,6,16,168,0.2489,-0.9685,0,0,1,28.525,77.325,57.05,71.94,435.58
GRID_R02_C08,2024-06-17,2024,6,17,169,0.2322,-0.9727,0,0,1,28.525,77.325,54.85,63.44,257.74
GRID_R02_C08,2024-06-18,2024,6,18,170,0.2155,-0.9765,0,0,1,28.525,77.325,72.03,65.02,275.75
GRID_R02_C08,2024-06-19,2024,6,19,171,0.1986,-0.9801,0,0,1,28.525,77.325,66.38,46.3,505.3
GRID_R02_C08,2024-06-20,2024,6,20,172,0.1818,-0.9833,0,0,1,28.525,77.325,45.45,39.76,250.05
GRID_R02_C08,2024-06-21,2024,6,21,173,0.1648,-0.9863,0,0,1,28.525,77.325,64.15,65.06,222.48
GRID_R02_C08,2024-06-22,2024,6,22,174,0.1478,-0.989,0,0,1,28.525,77.325,90.97,143.47,530.9
GRID_R02_C08,2024-06-23,2024,6,23,175,0.1308,-0.9914,0,0,1,28.525,77.325,62.9,73.78,290.55
GRID_R02_C08,2024-06-24,2024,6,24,176,0.1137,-0.9935,0,0,1,28.525,77.325,59.25,73.91,214.62
GRID_R02_C08,2024-06-25,2024,6,25,177,0.0966,-0.9953,0,0,1,28.525,77.325,67.44,72.47,540.02
GRID_R02_C08,2024-06-26,2024,6,26,178,0.0795,-0.9968,0,0,1,28.525,77.325,51.45,72.43,247.49
GRID_R02_C08,2024-06-27,2024,6,27,179,0.0623,-0.9981,0,0,1,28.525,77.325,30.98,36.68,895.74
GRID_R02_C08,2024-06-28,2024,6,28,180,0.0451,-0.999,0,0,1,28.525,77.325,37.15,13.21,551.28
GRID_R02_C08,2024-06-29,2024,6,29,181,0.028,-0.9996,0,0,1,28.525,77.325,46.95,66.67,296.73
GRID_R02_C08,2024-06-30,2024,6,30,182,0.0108,-0.9999,0,0,1,28.525,77.325,60.22,62.81,210.0
GRID_R02_C08,2024-07-01,2024,7,1,183,-0.0065,-1.0,0,0,1,28.525,77.325,35.88,25.08,116.0
GRID_R02_C08,2024-07-02,2024,7,2,184,-0.0237,-0.9997,0,0,1,28.525,77.325,42.69,56.37,223.0
GRID_R02_C08,2024-07-03,2024,7,3,185,-0.0408,-0.9992,0,0,1,28.525,77.325,35.51,43.66,212.0
GRID_R02_C08,2024-07-04,2024,7,4,186,-0.058,-0.9983,0,0,1,28.525,77.325,28.18,24.9,942.06
GRID_R02_C08,2024-07-05,2024,7,5,187,-0.0752,-0.9972,0,0,1,28.525,77.325,28.51,41.37,111.0
GRID_R02_C08,2024-07-06,2024,7,6,188,-0.0923,-0.9957,0,0,1,28.525,77.325,23.94,28.39,74.0
GRID_R02_C08,2024-07-07,2024,7,7,189,-0.1094,-0.994,0,0,1,28.525,77.325,11.97,9.79,73.0
GRID_R02_C08,2024-07-08,2024,7,8,190,-0.1265,-0.992,0,0,1,28.525,77.325,21.51,22.95,102.0
GRID_R02_C08,2024-07-09,2024,7,9,191,-0.1436,-0.9896,0,0,1,28.525,77.325,45.17,45.34,957.7
GRID_R02_C08,2024-07-10,2024,7,10,192,-0.1606,-0.987,0,0,1,28.525,77.325,61.77,76.81,949.68
GRID_R02_C08,2024-07-11,2024,7,11,193,-0.1775,-0.9841,0,0,1,28.525,77.325,52.49,60.01,274.4
GRID_R02_C08,2024-07-12,2024,7,12,194,-0.1944,-0.9809,0,0,1,28.525,77.325,27.52,18.67,110.73
GRID_R02_C08,2024-07-13,2024,7,13,195,-0.2113,-0.9774,0,0,1,28.525,77.325,38.3,31.73,201.77
GRID_R02_C08,2024-07-14,2024,7,14,196,-0.2281,-0.9736,0,0,1,28.525,77.325,49.25,56.36,234.0
GRID_R02_C08,2024-07-15,2024,7,15,197,-0.2448,-0.9696,0,0,1,28.525,77.325,46.03,55.25,332.97
GRID_R02_C08,2024-07-16,2024,7,16,198,-0.2614,-0.9652,0,0,1,28.525,77.325,43.63,49.58,151.0
GRID_R02_C08,2024-07-17,2024,7,17,199,-0.278,-0.9606,0,0,1,28.525,77.325,36.11,32.5,206.0
GRID_R02_C08,2024-07-18,2024,7,18,200,-0.2945,-0.9557,0,0,1,28.525,77.325,43.18,49.19,185.0
GRID_R02_C08,2024-07-19,2024,7,19,201,-0.3109,-0.9505,0,0,1,28.525,77.325,65.17,68.39,176.0
GRID_R02_C08,2024-07-20,2024,7,20,202,-0.3272,-0.945,0,0,1,28.525,77.325,49.09,41.51,399.82
GRID_R02_C08,2024-07-21,2024,7,21,203,-0.3434,-0.9392,0,0,1,28.525,77.325,41.75,35.8,190.0
GRID_R02_C08,2024-07-22,2024,7,22,204,-0.3595,-0.9332,0,0,1,28.525,77.325,34.71,41.74,205.1
GRID_R02_C08,2024-07-23,2024,7,23,205,-0.3755,-0.9268,0,0,1,28.525,77.325,43.21,40.94,223.0
GRID_R02_C08,2024-07-24,2024,7,24,206,-0.3914,-0.9202,0,0,1,28.525,77.325,47.22,22.37,202.34
GRID_R02_C08,2024-07-25,2024,7,25,207,-0.4071,-0.9134,0,0,1,28.525,77.325,38.5,30.7,197.0
GRID_R02_C08,2024-07-26,2024,7,26,208,-0.4228,-0.9062,0,0,1,28.525,77.325,48.84,25.79,774.31
GRID_R02_C08,2024-07-27,2024,7,27,209,-0.4383,-0.8988,0,0,1,28.525,77.325,44.1,43.08,262.5
GRID_R02_C08,2024-07-28,2024,7,28,210,-0.4537,-0.8912,0,0,1,28.525,77.325,29.58,47.7,187.13
GRID_R02_C08,2024-07-29,2024,7,29,211,-0.469,-0.8832,0,0,1,28.525,77.325,32.49,29.25,213.83
GRID_R02_C08,2024-07-30,2024,7,30,212,-0.4841,-0.875,0,0,1,28.525,77.325,40.78,38.51,129.0
GRID_R02_C08,2024-07-31,2024,7,31,213,-0.4991,-0.8666,0,0,1,28.525,77.325,33.63,39.57,521.6
GRID_R02_C08,2024-08-01,2024,8,1,214,-0.5139,-0.8578,0,0,1,28.525,77.325,19.11,11.78,765.9
GRID_R02_C08,2024-08-02,2024,8,2,215,-0.5286,-0.8489,0,0,1,28.525,77.325,32.99,38.25,200.32
GRID_R02_C08,2024-08-03,2024,8,3,216,-0.5431,-0.8397,0,0,1,28.525,77.325,22.8,22.33,89.0
GRID_R02_C08,2024-08-04,2024,8,4,217,-0.5575,-0.8302,0,0,1,28.525,77.325,18.44,17.45,127.0
GRID_R02_C08,2024-08-05,2024,8,5,218,-0.5717,-0.8205,0,0,1,28.525,77.325,20.91,23.68,60.62
GRID_R02_C08,2024-08-06,2024,8,6,219,-0.5857,-0.8105,0,0,1,28.525,77.325,21.03,18.45,814.46
GRID_R02_C08,2024-08-07,2024,8,7,220,-0.5996,-0.8003,0,0,1,28.525,77.325,18.1,14.61,119.6
GRID_R02_C08,2024-08-08,2024,8,8,221,-0.6132,-0.7899,0,0,1,28.525,77.325,21.46,22.07,299.02
GRID_R02_C08,2024-08-09,2024,8,9,222,-0.6267,-0.7792,0,0,1,28.525,77.325,26.0,30.82,315.69
GRID_R02_C08,2024-08-10,2024,8,10,223,-0.64,-0.7683,0,0,1,28.525,77.325,33.01,37.3,127.0
GRID_R02_C08,2024-08-11,2024,8,11,224,-0.6532,-0.7572,0,0,1,28.525,77.325,27.23,31.07,135.42
GRID_R02_C08,2024-08-12,2024,8,12,225,-0.6661,-0.7459,0,0,1,28.525,77.325,28.42,28.91,137.84
GRID_R02_C08,2024-08-13,2024,8,13,226,-0.6788,-0.7343,0,0,1,28.525,77.325,24.7,21.54,906.46
GRID_R02_C08,2024-08-14,2024,8,14,227,-0.6914,-0.7225,0,0,1,28.525,77.325,35.64,46.9,175.0
GRID_R02_C08,2024-08-15,2024,8,15,228,-0.7037,-0.7105,0,0,1,28.525,77.325,27.01,27.51,105.0
GRID_R02_C08,2024-08-16,2024,8,16,229,-0.7158,-0.6983,0,0,1,28.525,77.325,21.76,33.58,93.0
GRID_R02_C08,2024-08-17,2024,8,17,230,-0.7277,-0.6859,0,0,1,28.525,77.325,30.57,28.92,164.99
GRID_R02_C08,2024-08-18,2024,8,18,231,-0.7394,-0.6733,0,0,1,28.525,77.325,30.02,28.36,120.15
GRID_R02_C08,2024-08-19,2024,8,19,232,-0.7509,-0.6605,0,0,1,28.525,77.325,28.04,30.16,120.68
GRID_R02_C08,2024-08-20,2024,8,20,233,-0.7621,-0.6474,0,0,1,28.525,77.325,22.69,14.25,85.0
GRID_R02_C08,2024-08-21,2024,8,21,234,-0.7731,-0.6342,0,0,1,28.525,77.325,29.39,25.67,104.0
GRID_R02_C08,2024-08-22,2024,8,22,235,-0.7839,-0.6208,0,0,1,28.525,77.325,28.88,23.59,256.58
GRID_R02_C08,2024-08-23,2024,8,23,236,-0.7945,-0.6073,0,0,1,28.525,77.325,27.7,27.96,123.0
GRID_R02_C08,2024-08-24,2024,8,24,237,-0.8048,-0.5935,0,0,1,28.525,77.325,48.1,66.55,166.0
GRID_R02_C08,2024-08-25,2024,8,25,238,-0.8149,-0.5796,0,0,1,28.525,77.325,26.58,24.75,165.54
GRID_R02_C08,2024-08-26,2024,8,26,239,-0.8248,-0.5655,0,0,1,28.525,77.325,28.36,29.9,183.48
GRID_R02_C08,2024-08-27,2024,8,27,240,-0.8344,-0.5512,0,0,1,28.525,77.325,20.53,22.85,105.96
GRID_R02_C08,2024-08-28,2024,8,28,241,-0.8437,-0.5368,0,0,1,28.525,77.325,22.52,17.79,83.42
GRID_R02_C08,2024-08-29,2024,8,29,242,-0.8528,-0.5222,0,0,1,28.525,77.325,26.93,15.53,210.0
GRID_R02_C08,2024-08-30,2024,8,30,243,-0.8617,-0.5074,0,0,1,28.525,77.325,47.51,60.65,315.0
GRID_R02_C08,2024-08-31,2024,8,31,244,-0.8703,-0.4925,0,0,1,28.525,77.325,38.74,40.85,186.02
GRID_R02_C08,2024-09-01,2024,9,1,245,-0.8786,-0.4775,0,0,1,28.525,77.325,40.45,39.96,136.12
GRID_R02_C08,2024-09-02,2024,9,2,246,-0.8867,-0.4623,0,0,1,28.525,77.325,32.7,34.62,202.36
GRID_R02_C08,2024-09-03,2024,9,3,247,-0.8945,-0.447,0,0,1,28.525,77.325,33.86,35.89,174.38
GRID_R02_C08,2024-09-04,2024,9,4,248,-0.9021,-0.4315,0,0,1,28.525,77.325,23.5,25.29,85.0
GRID_R02_C08,2024-09-05,2024,9,5,249,-0.9094,-0.4159,0,0,1,28.525,77.325,40.35,28.36,512.55
GRID_R02_C08,2024-09-06,2024,9,6,250,-0.9164,-0.4002,0,0,1,28.525,77.325,29.93,37.68,111.0
GRID_R02_C08,2024-09-07,2024,9,7,251,-0.9232,-0.3844,0,0,1,28.525,77.325,28.02,34.8,100.0
GRID_R02_C08,2024-09-08,2024,9,8,252,-0.9296,-0.3685,0,0,1,28.525,77.325,50.87,55.1,141.0
GRID_R02_C08,2024-09-09,2024,9,9,253,-0.9358,-0.3524,0,0,1,28.525,77.325,49.05,54.34,155.0
GRID_R02_C08,2024-09-10,2024,9,10,254,-0.9418,-0.3363,0,0,1,28.525,77.325,42.02,48.53,425.68
GRID_R02_C08,2024-09-11,2024,9,11,255,-0.9474,-0.32,0,0,1,28.525,77.325,34.43,40.96,156.0
GRID_R02_C08,2024-09-12,2024,9,12,256,-0.9528,-0.3037,0,0,1,28.525,77.325,16.94,11.26,218.7
GRID_R02_C08,2024-09-13,2024,9,13,257,-0.9579,-0.2873,0,0,1,28.525,77.325,18.27,11.48,80.02
GRID_R02_C08,2024-09-14,2024,9,14,258,-0.9627,-0.2707,0,0,1,28.525,77.325,29.35,23.69,143.0
GRID_R02_C08,2024-09-15,2024,9,15,259,-0.9672,-0.2541,0,0,1,28.525,77.325,41.16,33.19,210.75
GRID_R02_C08,2024-09-16,2024,9,16,260,-0.9714,-0.2375,0,0,1,28.525,77.325,50.98,44.48,256.77
GRID_R02_C08,2024-09-17,2024,9,17,261,-0.9753,-0.2207,0,0,1,28.525,77.325,57.66,55.58,262.0
GRID_R02_C08,2024-09-18,2024,9,18,262,-0.979,-0.2039,0,0,1,28.525,77.325,36.81,57.93,175.0
GRID_R02_C08,2024-09-19,2024,9,19,263,-0.9824,-0.187,0,0,1,28.525,77.325,33.65,22.22,526.78
GRID_R02_C08,2024-09-20,2024,9,20,264,-0.9854,-0.1701,0,0,1,28.525,77.325,33.73,33.23,251.0
GRID_R02_C08,2024-09-21,2024,9,21,265,-0.9882,-0.1531,0,0,1,28.525,77.325,46.57,42.56,450.0
GRID_R02_C08,2024-09-22,2024,9,22,266,-0.9907,-0.1361,0,0,1,28.525,77.325,73.74,83.29,402.0
GRID_R02_C08,2024-09-23,2024,9,23,267,-0.9929,-0.1191,0,0,1,28.525,77.325,81.05,81.48,693.05
GRID_R02_C08,2024-09-24,2024,9,24,268,-0.9948,-0.102,0,0,1,28.525,77.325,96.32,92.12,388.0
GRID_R02_C08,2024-09-25,2024,9,25,269,-0.9964,-0.0848,0,0,1,28.525,77.325,84.05,113.08,405.0
GRID_R02_C08,2024-09-26,2024,9,26,270,-0.9977,-0.0677,0,0,1,28.525,77.325,28.35,29.5,136.0
GRID_R02_C08,2024-09-27,2024,9,27,271,-0.9987,-0.0505,0,0,1,28.525,77.325,17.48,15.85,457.93
GRID_R02_C08,2024-09-28,2024,9,28,272,-0.9994,-0.0333,0,0,1,28.525,77.325,21.54,14.36,279.0
GRID_R02_C08,2024-09-29,2024,9,29,273,-0.9999,-0.0161,0,0,1,28.525,77.325,31.56,34.07,488.7
GRID_R02_C08,2024-09-30,2024,9,30,274,-1.0,0.0011,0,0,1,28.525,77.325,63.4,74.46,186.0
GRID_R03_C05,2021-10-01,2021,10,1,274,-1.0,0.0011,0,0,1,28.575,77.175,50.61,68.41,177.0
GRID_R03_C05,2021-10-02,2021,10,2,275,-0.9998,0.0183,0,0,1,28.575,77.175,54.83,55.51,178.5
GRID_R03_C05,2021-10-03,2021,10,3,276,-0.9994,0.0355,0,0,1,28.575,77.175,37.36,49.38,114.33
GRID_R03_C05,2021-10-04,2021,10,4,277,-0.9986,0.0527,0,0,1,28.575,77.175,31.82,36.44,482.25
GRID_R03_C05,2021-10-05,2021,10,5,278,-0.9976,0.0698,0,0,1,28.575,77.175,40.86,32.54,129.73
GRID_R03_C05,2021-10-06,2021,10,6,279,-0.9962,0.087,0,0,1,28.575,77.175,51.69,62.61,703.3
GRID_R03_C05,2021-10-07,2021,10,7,280,-0.9946,0.1041,0,0,1,28.575,77.175,64.6,64.7,287.25
GRID_R03_C05,2021-10-08,2021,10,8,281,-0.9926,0.1212,0,0,1,28.575,77.175,71.38,81.18,261.75
GRID_R03_C05,2021-10-09,2021,10,9,282,-0.9904,0.1383,0,0,1,28.575,77.175,67.06,72.61,196.82
GRID_R03_C05,2021-10-10,2021,10,10,283,-0.9879,0.1553,0,0,1,28.575,77.175,64.56,73.76,191.25
GRID_R03_C05,2021-10-11,2021,10,11,284,-0.9851,0.1722,0,0,1,28.575,77.175,65.95,77.68,410.33
GRID_R03_C05,2021-10-12,2021,10,12,285,-0.9819,0.1892,0,0,1,28.575,77.175,70.25,97.36,458.45
GRID_R03_C05,2021-10-13,2021,10,13,286,-0.9785,0.206,0,0,1,28.575,77.175,77.42,89.43,166.0
GRID_R03_C05,2021-10-14,2021,10,14,287,-0.9749,0.2228,0,0,1,28.575,77.175,75.29,88.05,215.48
GRID_R03_C05,2021-10-15,2021,10,15,288,-0.9709,0.2396,1,0,1,28.575,77.175,91.62,99.28,230.0
GRID_R03_C05,2021-10-16,2021,10,16,289,-0.9666,0.2562,1,0,1,28.575,77.175,160.6,172.85,361.5
GRID_R03_C05,2021-10-17,2021,10,17,290,-0.9621,0.2728,1,0,1,28.575,77.175,113.29,165.29,654.75
GRID_R03_C05,2021-10-18,2021,10,18,291,-0.9572,0.2893,1,0,1,28.575,77.175,16.65,9.86,205.1
GRID_R03_C05,2021-10-19,2021,10,19,292,-0.9521,0.3057,1,0,1,28.575,77.175,52.53,30.74,186.91
GRID_R03_C05,2021-10-20,2021,10,20,293,-0.9467,0.3221,1,1,1,28.575,77.175,100.85,96.99,499.75
GRID_R03_C05,2021-10-21,2021,10,21,294,-0.941,0.3383,1,1,1,28.575,77.175,72.64,65.57,366.97
GRID_R03_C05,2021-10-22,2021,10,22,295,-0.9351,0.3545,1,1,1,28.575,77.175,56.72,47.4,298.0
GRID_R03_C05,2021-10-23,2021,10,23,296,-0.9288,0.3705,1,1,1,28.575,77.175,62.65,87.92,226.8
GRID_R03_C05,2021-10-24,2021,10,24,297,-0.9223,0.3864,1,1,1,28.575,77.175,65.97,88.51,297.68
GRID_R03_C05,2021-10-25,2021,10,25,298,-0.9155,0.4022,1,1,1,28.575,77.175,42.21,38.28,158.2
GRID_R03_C05,2021-10-26,2021,10,26,299,-0.9085,0.4179,1,1,1,28.575,77.175,69.24,73.6,325.66
GRID_R03_C05,2021-10-27,2021,10,27,300,-0.9012,0.4335,1,1,1,28.575,77.175,109.05,132.76,962.47
GRID_R03_C05,2021-10-28,2021,10,28,301,-0.8936,0.4489,1,1,1,28.575,77.175,124.19,149.44,466.25
GRID_R03_C05,2021-10-29,2021,10,29,302,-0.8857,0.4642,1,1,1,28.575,77.175,130.53,166.58,432.43
GRID_R03_C05,2021-10-30,2021,10,30,303,-0.8776,0.4794,1,1,1,28.575,77.175,112.9,148.67,269.0
GRID_R03_C05,2021-10-31,2021,10,31,304,-0.8692,0.4944,1,1,1,28.575,77.175,134.45,158.28,680.02
GRID_R03_C05,2021-11-01,2021,11,1,305,-0.8606,0.5093,1,1,1,28.575,77.175,139.16,150.74,417.56
GRID_R03_C05,2021-11-02,2021,11,2,306,-0.8517,0.524,1,1,1,28.575,77.175,134.71,158.39,401.0
GRID_R03_C05,2021-11-03,2021,11,3,307,-0.8426,0.5386,1,1,1,28.575,77.175,162.74,158.28,704.5
GRID_R03_C05,2021-11-04,2021,11,4,308,-0.8332,0.553,1,1,1,28.575,77.175,316.9,267.75,995.0
GRID_R03_C05,2021-11-05,2021,11,5,309,-0.8235,0.5672,1,1,1,28.575,77.175,416.77,519.22,997.63
GRID_R03_C05,2021-11-06,2021,11,6,310,-0.8137,0.5813,1,1,1,28.575,77.175,319.47,332.39,765.0
GRID_R03_C05,2021-11-07,2021,11,7,311,-0.8035,0.5952,1,1,1,28.575,77.175,262.63,321.22,593.5
GRID_R03_C05,2021-11-08,2021,11,8,312,-0.7932,0.609,1,1,1,28.575,77.175,253.53,332.58,650.67
GRID_R03_C05,2021-11-09,2021,11,9,313,-0.7826,0.6225,1,1,1,28.575,77.175,265.25,323.17,751.35
GRID_R03_C05,2021-11-10,2021,11,10,314,-0.7718,0.6359,1,1,1,28.575,77.175,233.41,205.8,975.1
GRID_R03_C05,2021-11-11,2021,11,11,315,-0.7607,0.6491,1,1,1,28.575,77.175,306.53,285.69,997.6
GRID_R03_C05,2021-11-12,2021,11,12,316,-0.7494,0.6621,1,1,1,28.575,77.175,384.56,440.73,699.75
GRID_R03_C05,2021-11-13,2021,11,13,317,-0.7379,0.6749,1,1,1,28.575,77.175,263.07,360.29,663.0
GRID_R03_C05,2021-11-14,2021,11,14,318,-0.7262,0.6875,1,1,1,28.575,77.175,183.04,182.18,559.29
GRID_R03_C05,2021-11-15,2021,11,15,319,-0.7143,0.6998,1,1,1,28.575,77.175,208.8,195.1,652.86
GRID_R03_C05,2021-11-16,2021,11,16,320,-0.7021,0.712,1,1,1,28.575,77.175,252.06,314.24,573.9
GRID_R03_C05,2021-11-17,2021,11,17,321,-0.6898,0.724,1,1,1,28.575,77.175,213.03,249.61,545.68
GRID_R03_C05,2021-11-18,2021,11,18,322,-0.6772,0.7358,1,1,1,28.575,77.175,213.94,273.22,646.09
GRID_R03_C05,2021-11-19,2021,11,19,323,-0.6645,0.7473,1,1,1,28.575,77.175,230.41,286.23,473.25
GRID_R03_C05,2021-11-20,2021,11,20,324,-0.6515,0.7586,1,1,1,28.575,77.175,222.03,248.07,543.81
GRID_R03_C05,2021-11-21,2021,11,21,325,-0.6384,0.7697,1,0,1,28.575,77.175,187.73,249.24,521.07
GRID_R03_C05,2021-11-22,2021,11,22,326,-0.625,0.7806,1,0,1,28.575,77.175,139.41,164.24,300.25
GRID_R03_C05,2021-11-23,2021,11,23,327,-0.6115,0.7912,1,0,1,28.575,77.175,152.83,146.69,558.85
GRID_R03_C05,2021-11-24,2021,11,24,328,-0.5978,0.8016,1,0,1,28.575,77.175,232.67,238.73,630.92
GRID_R03_C05,2021-11-25,2021,11,25,329,-0.584,0.8118,1,0,1,28.575,77.175,258.26,281.81,647.5
GRID_R03_C05,2021-11-26,2021,11,26,330,-0.5699,0.8217,1,0,1,28.575,77.175,272.51,342.73,920.5
GRID_R03_C05,2021-11-27,2021,11,27,331,-0.5557,0.8314,1,0,1,28.575,77.175,252.82,277.26,564.9
GRID_R03_C05,2021-11-28,2021,11,28,332,-0.5413,0.8408,1,0,1,28.575,77.175,268.55,303.6,571.25
GRID_R03_C05,2021-11-29,2021,11,29,333,-0.5268,0.85,1,0,1,28.575,77.175,214.44,280.48,591.75
GRID_R03_C05,2021-11-30,2021,11,30,334,-0.5121,0.859,1,0,1,28.575,77.175,174.95,178.7,418.7
GRID_R03_C05,2021-12-01,2021,12,1,335,-0.4972,0.8676,1,0,1,28.575,77.175,251.75,224.22,628.25
GRID_R03_C05,2021-12-02,2021,12,2,336,-0.4822,0.8761,1,0,1,28.575,77.175,262.35,303.28,728.75
GRID_R03_C05,2021-12-03,2021,12,3,337,-0.4671,0.8842,1,0,1,28.575,77.175,203.28,200.73,689.0
GRID_R03_C05,2021-12-04,2021,12,4,338,-0.4518,0.8921,1,0,1,28.575,77.175,171.39,225.64,515.5
GRID_R03_C05,2021-12-05,2021,12,5,339,-0.4364,0.8998,1,0,1,28.575,77.175,182.26,212.15,633.25
GRID_R03_C05,2021-12-06,2021,12,6,340,-0.4208,0.9071,1,0,1,28.575,77.175,143.38,158.74,633.9
GRID_R03_C05,2021-12-07,2021,12,7,341,-0.4052,0.9142,1,0,1,28.575,77.175,109.64,123.65,298.75
GRID_R03_C05,2021-12-08,2021,12,8,342,-0.3894,0.9211,1,0,1,28.575,77.175,115.53,127.39,389.45
GRID_R03_C05,2021-12-09,2021,12,9,343,-0.3735,0.9276,1,0,1,28.575,77.175,158.44,158.08,686.75
GRID_R03_C05,2021-12-10,2021,12,10,344,-0.3575,0.9339,1,0,1,28.575,77.175,150.32,162.28,433.25
GRID_R03_C05,2021-12-11,2021,12,11,345,-0.3413,0.9399,1,0,1,28.575,77.175,122.17,130.1,659.0
GRID_R03_C05,2021-12-12,2021,12,12,346,-0.3251,0.9457,1,0,1,28.575,77.175,143.5,134.15,629.5
GRID_R03_C05,2021-12-13,2021,12,13,347,-0.3088,0.9511,1,0,1,28.575,77.175,208.48,262.92,938.0
GRID_R03_C05,2021-12-14,2021,12,14,348,-0.2924,0.9563,1,0,1,28.575,77.175,226.41,276.31,658.75
GRID_R03_C05,2021-12-15,2021,12,15,349,-0.2759,0.9612,1,0,1,28.575,77.175,189.78,199.17,524.0
GRID_R03_C05,2021-12-16,2021,12,16,350,-0.2593,0.9658,1,0,1,28.575,77.175,219.25,233.31,550.25
GRID_R03_C05,2021-12-17,2021,12,17,351,-0.2427,0.9701,1,0,1,28.575,77.175,151.99,187.97,383.0
GRID_R03_C05,2021-12-18,2021,12,18,352,-0.226,0.9741,1,0,1,28.575,77.175,139.07,141.5,418.8
GRID_R03_C05,2021-12-19,2021,12,19,353,-0.2092,0.9779,1,0,1,28.575,77.175,145.13,122.5,489.5
GRID_R03_C05,2021-12-20,2021,12,20,354,-0.1923,0.9813,1,0,1,28.575,77.175,196.18,164.86,985.0
GRID_R03_C05,2021-12-21,2021,12,21,355,-0.1754,0.9845,1,0,1,28.575,77.175,296.12,370.11,985.0
GRID_R03_C05,2021-12-22,2021,12,22,356,-0.1585,0.9874,1,0,1,28.575,77.175,304.49,357.49,918.5
GRID_R03_C05,2021-12-23,2021,12,23,357,-0.1414,0.9899,1,0,1,28.575,77.175,352.64,422.22,840.0
GRID_R03_C05,2021-12-24,2021,12,24,358,-0.1244,0.9922,1,0,1,28.575,77.175,290.86,319.31,879.5
GRID_R03_C05,2021-12-25,2021,12,25,359,-0.1073,0.9942,1,0,1,28.575,77.175,365.24,386.2,973.0
GRID_R03_C05,2021-12-26,2021,12,26,360,-0.0902,0.9959,1,0,1,28.575,77.175,367.61,427.16,835.5
GRID_R03_C05,2021-12-27,2021,12,27,361,-0.073,0.9973,1,0,1,28.575,77.175,119.32,105.9,707.25
GRID_R03_C05,2021-12-28,2021,12,28,362,-0.0559,0.9984,1,0,1,28.575,77.175,149.27,152.45,465.0
GRID_R03_C05,2021-12-29,2021,12,29,363,-0.0387,0.9993,1,0,1,28.575,77.175,138.01,156.99,751.75
GRID_R03_C05,2021-12-30,2021,12,30,364,-0.0215,0.9998,1,0,1,28.575,77.175,164.4,186.85,931.8
GRID_R03_C05,2021-12-31,2021,12,31,365,-0.0043,1.0,1,0,1,28.575,77.175,188.11,204.05,934.1
GRID_R03_C05,2022-01-01,2022,1,1,1,0.0172,0.9999,1,0,1,28.575,77.175,238.69,202.42,773.5
GRID_R03_C05,2022-01-02,2022,1,2,2,0.0344,0.9994,1,0,1,28.575,77.175,265.11,270.07,818.75
GRID_R03_C05,2022-01-03,2022,1,3,3,0.0516,0.9987,1,0,1,28.575,77.175,246.69,235.29,856.0
GRID_R03_C05,2022-01-04,2022,1,4,4,0.0688,0.9976,1,0,1,28.575,77.175,220.81,252.29,698.75
GRID_R03_C05,2022-01-05,2022,1,5,5,0.0859,0.9963,1,0,1,28.575,77.175,265.96,349.82,682.2
GRID_R03_C05,2022-01-06,2022,1,6,6,0.103,0.9947,1,0,1,28.575,77.175,109.5,153.98,291.12
GRID_R03_C05,2022-01-07,2022,1,7,7,0.1201,0.9928,1,0,1,28.575,77.175,70.24,82.85,174.0
GRID_R03_C05,2022-01-08,2022,1,8,8,0.1372,0.9905,1,0,1,28.575,77.175,46.6,48.84,597.2
GRID_R03_C05,2022-01-09,2022,1,9,9,0.1542,0.988,1,0,1,28.575,77.175,44.1,26.94,195.67
GRID_R03_C05,2022-01-10,2022,1,10,10,0.1712,0.9852,1,0,1,28.575,77.175,90.21,81.79,309.67
GRID_R03_C05,2022-01-11,2022,1,11,11,0.1881,0.9821,1,0,1,28.575,77.175,93.39,95.03,458.75
GRID_R03_C05,2022-01-12,2022,1,12,12,0.205,0.9788,1,0,1,28.575,77.175,111.43,78.9,493.4
GRID_R03_C05,2022-01-13,2022,1,13,13,0.2218,0.9751,1,0,1,28.575,77.175,205.32,160.48,813.75
GRID_R03_C05,2022-01-14,2022,1,14,14,0.2385,0.9711,1,0,1,28.575,77.175,187.32,129.87,479.33
GRID_R03_C05,2022-01-15,2022,1,15,15,0.2552,0.9669,1,0,1,28.575,77.175,118.68,68.27,375.67
GRID_R03_C05,2022-01-16,2022,1,16,16,0.2718,0.9624,1,0,1,28.575,77.175,137.41,95.92,415.0
GRID_R03_C05,2022-01-17,2022,1,17,17,0.2883,0.9575,1,0,1,28.575,77.175,174.77,126.57,505.33
GRID_R03_C05,2022-01-18,2022,1,18,18,0.3047,0.9524,1,0,1,28.575,77.175,178.79,201.62,444.0
GRID_R03_C05,2022-01-19,2022,1,19,19,0.3211,0.9471,1,0,1,28.575,77.175,186.01,155.28,600.1
GRID_R03_C05,2022-01-20,2022,1,20,20,0.3373,0.9414,1,0,1,28.575,77.175,238.21,193.92,451.7
GRID_R03_C05,2022-01-21,2022,1,21,21,0.3534,0.9355,1,0,1,28.575,77.175,197.22,153.95,560.75
GRID_R03_C05,2022-01-22,2022,1,22,22,0.3695,0.9292,1,0,1,28.575,77.175,130.02,117.19,903.7
GRID_R03_C05,2022-01-23,2022,1,23,23,0.3854,0.9227,1,0,1,28.575,77.175,109.91,71.84,534.0
GRID_R03_C05,2022-01-24,2022,1,24,24,0.4012,0.916,1,0,1,28.575,77.175,112.47,65.48,570.0
GRID_R03_C05,2022-01-25,2022,1,25,25,0.4169,0.9089,1,0,1,28.575,77.175,119.76,70.15,547.0
GRID_R03_C05,2022-01-26,2022,1,26,26,0.4325,0.9016,1,0,1,28.575,77.175,126.34,94.48,646.5
GRID_R03_C05,2022-01-27,2022,1,27,27,0.4479,0.8941,1,0,1,28.575,77.175,118.13,105.53,538.1
GRID_R03_C05,2022-01-28,2022,1,28,28,0.4633,0.8862,1,0,1,28.575,77.175,103.89,98.14,841.5
GRID_R03_C05,2022-01-29,2022,1,29,29,0.4784,0.8781,1,0,1,28.575,77.175,124.1,115.06,895.9
GRID_R03_C05,2022-01-30,2022,1,30,30,0.4935,0.8698,1,0,1,28.575,77.175,143.1,148.19,953.6
GRID_R03_C05,2022-01-31,2022,1,31,31,0.5084,0.8611,1,0,1,28.575,77.175,215.21,207.11,871.6
GRID_R03_C05,2022-02-01,2022,2,1,32,0.5231,0.8523,0,0,1,28.575,77.175,202.33,203.1,833.8
GRID_R03_C05,2022-02-02,2022,2,2,33,0.5377,0.8432,0,0,1,28.575,77.175,161.68,148.87,730.45
GRID_R03_C05,2022-02-03,2022,2,3,34,0.5521,0.8338,0,0,1,28.575,77.175,142.22,166.98,558.3
GRID_R03_C05,2022-02-04,2022,2,4,35,0.5664,0.8242,0,0,1,28.575,77.175,64.38,48.62,813.1
GRID_R03_C05,2022-02-05,2022,2,5,36,0.5805,0.8143,0,0,1,28.575,77.175,129.48,86.26,694.75
GRID_R03_C05,2022-02-06,2022,2,6,37,0.5944,0.8042,0,0,1,28.575,77.175,162.97,199.03,732.25
GRID_R03_C05,2022-02-07,2022,2,7,38,0.6081,0.7938,0,0,1,28.575,77.175,123.8,133.18,850.0
GRID_R03_C05,2022-02-08,2022,2,8,39,0.6217,0.7833,0,0,1,28.575,77.175,146.36,164.75,554.05
GRID_R03_C05,2022-02-09,2022,2,9,40,0.6351,0.7725,0,0,1,28.575,77.175,95.7,58.05,756.35
GRID_R03_C05,2022-02-10,2022,2,10,41,0.6483,0.7614,0,0,1,28.575,77.175,82.18,74.62,614.8
GRID_R03_C05,2022-02-11,2022,2,11,42,0.6613,0.7502,0,0,1,28.575,77.175,88.88,104.79,658.4
GRID_R03_C05,2022-02-12,2022,2,12,43,0.6741,0.7387,0,0,1,28.575,77.175,93.96,101.03,819.8
GRID_R03_C05,2022-02-13,2022,2,13,44,0.6867,0.727,0,0,1,28.575,77.175,125.88,164.91,572.25
GRID_R03_C05,2022-02-14,2022,2,14,45,0.6991,0.715,0,0,1,28.575,77.175,116.5,152.48,685.73
GRID_R03_C05,2022-02-15,2022,2,15,46,0.7113,0.7029,0,0,1,28.575,77.175,105.06,142.07,680.8
GRID_R03_C05,2022-02-16,2022,2,16,47,0.7233,0.6906,0,0,1,28.575,77.175,139.55,187.94,518.0
GRID_R03_C05,2022-02-17,2022,2,17,48,0.735,0.678,0,0,1,28.575,77.175,113.76,128.62,393.5
GRID_R03_C05,2022-02-18,2022,2,18,49,0.7466,0.6653,0,0,1,28.575,77.175,114.55,180.36,557.7
GRID_R03_C05,2022-02-19,2022,2,19,50,0.7579,0.6523,0,0,1,28.575,77.175,85.13,98.02,792.75
GRID_R03_C05,2022-02-20,2022,2,20,51,0.769,0.6392,0,0,1,28.575,77.175,82.67,99.35,814.1
GRID_R03_C05,2022-02-21,2022,2,21,52,0.7799,0.6259,0,0,1,28.575,77.175,80.89,77.72,841.5
GRID_R03_C05,2022-02-22,2022,2,22,53,0.7906,0.6124,0,0,1,28.575,77.175,99.45,127.66,669.0
GRID_R03_C05,2022-02-23,2022,2,23,54,0.801,0.5987,0,0,1,28.575,77.175,112.36,111.56,491.55
GRID_R03_C05,2022-02-24,2022,2,24,55,0.8112,0.5848,0,0,1,28.575,77.175,149.33,203.59,458.5
GRID_R03_C05,2022-02-25,2022,2,25,56,0.8211,0.5708,0,0,1,28.575,77.175,126.85,191.24,410.0
GRID_R03_C05,2022-02-26,2022,2,26,57,0.8308,0.5566,0,0,1,28.575,77.175,27.32,18.8,276.0
GRID_R03_C05,2022-02-27,2022,2,27,58,0.8402,0.5422,0,0,1,28.575,77.175,43.55,49.78,141.75
GRID_R03_C05,2022-02-28,2022,2,28,59,0.8495,0.5277,0,0,1,28.575,77.175,46.79,51.25,302.2
GRID_R03_C05,2022-03-01,2022,3,1,60,0.8584,0.513,0,0,1,28.575,77.175,85.2,103.27,518.8
GRID_R03_C05,2022-03-02,2022,3,2,61,0.8671,0.4981,0,0,1,28.575,77.175,103.09,149.55,315.75
GRID_R03_C05,2022-03-03,2022,3,3,62,0.8755,0.4831,0,0,1,28.575,77.175,81.43,89.55,355.0
GRID_R03_C05,2022-03-04,2022,3,4,63,0.8837,0.468,0,0,1,28.575,77.175,76.79,110.28,265.15
GRID_R03_C05,2022-03-05,2022,3,5,64,0.8916,0.4527,0,0,1,28.575,77.175,57.07,67.97,177.75
GRID_R03_C05,2022-03-06,2022,3,6,65,0.8993,0.4373,0,0,1,28.575,77.175,86.4,100.89,624.6
GRID_R03_C05,2022-03-07,2022,3,7,66,0.9067,0.4218,0,0,1,28.575,77.175,120.95,154.56,475.25
GRID_R03_C05,2022-03-08,2022,3,8,67,0.9138,0.4061,0,0,1,28.575,77.175,120.12,206.2,489.05
GRID_R03_C05,2022-03-09,2022,3,9,68,0.9207,0.3904,0,0,1,28.575,77.175,68.32,98.59,244.0
GRID_R03_C05,2022-03-10,2022,3,10,69,0.9272,0.3745,0,0,1,28.575,77.175,64.08,84.09,397.0
GRID_R03_C05,2022-03-11,2022,3,11,70,0.9335,0.3585,0,0,1,28.575,77.175,77.38,116.53,253.25
GRID_R03_C05,2022-03-12,2022,3,12,71,0.9396,0.3424,0,0,1,28.575,77.175,73.17,100.11,228.5
GRID_R03_C05,2022-03-13,2022,3,13,72,0.9453,0.3261,0,0,1,28.575,77.175,89.79,107.3,258.7
GRID_R03_C05,2022-03-14,2022,3,14,73,0.9508,0.3098,0,0,1,28.575,77.175,118.62,184.2,354.32
GRID_R03_C05,2022-03-15,2022,3,15,74,0.956,0.2934,0,0,1,28.575,77.175,116.63,173.89,563.52
GRID_R03_C05,2022-03-16,2022,3,16,75,0.9609,0.2769,0,0,1,28.575,77.175,92.63,122.83,655.1
GRID_R03_C05,2022-03-17,2022,3,17,76,0.9655,0.2604,0,0,1,28.575,77.175,118.24,126.48,271.25
GRID_R03_C05,2022-03-18,2022,3,18,77,0.9698,0.2437,0,0,1,28.575,77.175,137.76,161.62,424.92
GRID_R03_C05,2022-03-19,2022,3,19,78,0.9739,0.227,0,0,1,28.575,77.175,106.58,114.19,322.88
GRID_R03_C05,2022-03-20,2022,3,20,79,0.9777,0.2102,0,0,1,28.575,77.175,104.26,125.51,606.98
GRID_R03_C05,2022-03-21,2022,3,21,80,0.9811,0.1934,0,0,1,28.575,77.175,130.28,188.16,417.5
GRID_R03_C05,2022-03-22,2022,3,22,81,0.9843,0.1765,0,0,1,28.575,77.175,80.13,91.92,367.0
GRID_R03_C05,2022-03-23,2022,3,23,82,0.9872,0.1595,0,0,1,28.575,77.175,100.6,131.08,507.0
GRID_R03_C05,2022-03-24,2022,3,24,83,0.9898,0.1425,0,0,1,28.575,77.175,114.07,193.47,395.0
GRID_R03_C05,2022-03-25,2022,3,25,84,0.9921,0.1255,0,0,1,28.575,77.175,88.68,120.84,258.08
GRID_R03_C05,2022-03-26,2022,3,26,85,0.9941,0.1084,0,0,1,28.575,77.175,84.56,130.38,266.25
GRID_R03_C05,2022-03-27,2022,3,27,86,0.9958,0.0913,0,0,1,28.575,77.175,89.19,117.92,273.95
GRID_R03_C05,2022-03-28,2022,3,28,87,0.9972,0.0741,0,0,1,28.575,77.175,103.39,141.58,363.7
GRID_R03_C05,2022-03-29,2022,3,29,88,0.9984,0.057,0,0,1,28.575,77.175,120.23,174.75,392.0
GRID_R03_C05,2022-03-30,2022,3,30,89,0.9992,0.0398,0,0,1,28.575,77.175,125.33,184.83,482.0
GRID_R03_C05,2022-03-31,2022,3,31,90,0.9997,0.0226,0,0,1,28.575,77.175,141.8,190.73,621.41
GRID_R03_C05,2022-04-01,2022,4,1,91,1.0,0.0054,0,0,1,28.575,77.175,73.4,110.61,261.08
GRID_R03_C05,2022-04-02,2022,4,2,92,0.9999,-0.0118,0,0,1,28.575,77.175,106.92,155.26,486.75
GRID_R03_C05,2022-04-03,2022,4,3,93,0.9996,-0.029,0,0,1,28.575,77.175,105.31,147.27,554.12
GRID_R03_C05,2022-04-04,2022,4,4,94,0.9989,-0.0462,0,0,1,28.575,77.175,106.92,119.72,412.75
GRID_R03_C05,2022-04-05,2022,4,5,95,0.998,-0.0634,0,0,1,28.575,77.175,102.59,199.12,403.5
GRID_R03_C05,2022-04-06,2022,4,6,96,0.9968,-0.0805,0,0,1,28.575,77.175,118.61,218.45,657.1
GRID_R03_C05,2022-04-07,2022,4,7,97,0.9952,-0.0977,0,0,1,28.575,77.175,124.24,194.43,451.0
GRID_R03_C05,2022-04-08,2022,4,8,98,0.9934,-0.1148,0,0,1,28.575,77.175,110.12,151.85,420.0
GRID_R03_C05,2022-04-09,2022,4,9,99,0.9913,-0.1319,0,0,1,28.575,77.175,109.85,156.71,713.2
GRID_R03_C05,2022-04-10,2022,4,10,100,0.9889,-0.1489,0,0,1,28.575,77.175,106.36,144.57,376.0
GRID_R03_C05,2022-04-11,2022,4,11,101,0.9861,-0.1659,0,0,1,28.575,77.175,109.75,168.72,458.7
GRID_R03_C05,2022-04-12,2022,4,12,102,0.9831,-0.1828,0,0,1,28.575,77.175,92.42,92.16,743.0
GRID_R03_C05,2022-04-13,2022,4,13,103,0.9799,-0.1997,0,0,1,28.575,77.175,111.71,204.68,412.32
GRID_R03_C05,2022-04-14,2022,4,14,104,0.9763,-0.2165,0,0,1,28.575,77.175,76.82,100.49,367.6
GRID_R03_C05,2022-04-15,2022,4,15,105,0.9724,-0.2333,0,0,1,28.575,77.175,70.63,77.51,257.88
GRID_R03_C05,2022-04-16,2022,4,16,106,0.9683,-0.25,0,0,1,28.575,77.175,102.22,135.16,257.25
GRID_R03_C05,2022-04-17,2022,4,17,107,0.9638,-0.2666,0,0,1,28.575,77.175,106.5,148.91,350.08
GRID_R03_C05,2022-04-18,2022,4,18,108,0.9591,-0.2831,0,0,1,28.575,77.175,112.05,143.79,894.0
GRID_R03_C05,2022-04-19,2022,4,19,109,0.9541,-0.2996,0,0,1,28.575,77.175,133.61,225.39,487.0
GRID_R03_C05,2022-04-20,2022,4,20,110,0.9488,-0.316,0,0,1,28.575,77.175,95.54,125.03,438.0
GRID_R03_C05,2022-04-21,2022,4,21,111,0.9432,-0.3322,0,0,1,28.575,77.175,104.24,115.77,340.9
GRID_R03_C05,2022-04-22,2022,4,22,112,0.9373,-0.3484,0,0,1,28.575,77.175,65.22,57.95,426.05
GRID_R03_C05,2022-04-23,2022,4,23,113,0.9312,-0.3645,0,0,1,28.575,77.175,110.12,190.55,412.47
GRID_R03_C05,2022-04-24,2022,4,24,114,0.9248,-0.3804,0,0,1,28.575,77.175,120.75,201.2,501.67
GRID_R03_C05,2022-04-25,2022,4,25,115,0.9181,-0.3963,0,0,1,28.575,77.175,100.34,132.63,394.4
GRID_R03_C05,2022-04-26,2022,4,26,116,0.9112,-0.412,0,0,1,28.575,77.175,81.97,78.35,458.1
GRID_R03_C05,2022-04-27,2022,4,27,117,0.9039,-0.4276,0,0,1,28.575,77.175,153.86,283.33,723.0
GRID_R03_C05,2022-04-28,2022,4,28,118,0.8965,-0.4431,0,0,1,28.575,77.175,163.21,204.22,765.92
GRID_R03_C05,2022-04-29,2022,4,29,119,0.8887,-0.4585,0,0,1,28.575,77.175,148.54,173.09,510.0
GRID_R03_C05,2022-04-30,2022,4,30,120,0.8807,-0.4737,0,0,1,28.575,77.175,121.09,152.58,444.0
GRID_R03_C05,2022-05-01,2022,5,1,121,0.8724,-0.4888,0,0,1,28.575,77.175,90.46,85.1,378.1
GRID_R03_C05,2022-05-02,2022,5,2,122,0.8639,-0.5037,0,0,1,28.575,77.175,73.78,73.02,193.8
GRID_R03_C05,2022-05-03,2022,5,3,123,0.8551,-0.5185,0,0,1,28.575,77.175,98.47,75.58,378.55
GRID_R03_C05,2022-05-04,2022,5,4,124,0.846,-0.5331,0,0,1,28.575,77.175,73.54,91.45,294.5
GRID_R03_C05,2022-05-05,2022,5,5,125,0.8367,-0.5476,0,0,1,28.575,77.175,71.62,82.66,213.25
GRID_R03_C05,2022-05-06,2022,5,6,126,0.8272,-0.5619,0,0,1,28.575,77.175,115.78,151.07,393.79
GRID_R03_C05,2022-05-07,2022,5,7,127,0.8174,-0.5761,0,0,1,28.575,77.175,86.89,94.49,394.15
GRID_R03_C05,2022-05-08,2022,5,8,128,0.8074,-0.59,0,0,1,28.575,77.175,82.76,82.24,317.93
GRID_R03_C05,2022-05-09,2022,5,9,129,0.7971,-0.6038,0,0,1,28.575,77.175,66.6,68.42,342.57
GRID_R03_C05,2022-05-10,2022,5,10,130,0.7866,-0.6175,0,0,1,28.575,77.175,64.78,71.54,208.72
GRID_R03_C05,2022-05-11,2022,5,11,131,0.7759,-0.6309,0,0,1,28.575,77.175,62.23,62.55,195.1
GRID_R03_C05,2022-05-12,2022,5,12,132,0.7649,-0.6442,0,0,1,28.575,77.175,67.67,63.77,284.5
GRID_R03_C05,2022-05-13,2022,5,13,133,0.7537,-0.6572,0,0,1,28.575,77.175,76.01,56.15,302.82
GRID_R03_C05,2022-05-14,2022,5,14,134,0.7423,-0.6701,0,0,1,28.575,77.175,108.68,171.32,482.76
GRID_R03_C05,2022-05-15,2022,5,15,135,0.7306,-0.6828,0,0,1,28.575,77.175,98.88,154.71,394.61
GRID_R03_C05,2022-05-16,2022,5,16,136,0.7188,-0.6952,0,0,1,28.575,77.175,96.8,85.25,889.56
GRID_R03_C05,2022-05-17,2022,5,17,137,0.7067,-0.7075,0,0,1,28.575,77.175,68.76,46.22,236.42
GRID_R03_C05,2022-05-18,2022,5,18,138,0.6945,-0.7195,0,0,1,28.575,77.175,76.49,78.65,284.62
GRID_R03_C05,2022-05-19,2022,5,19,139,0.682,-0.7314,0,0,1,28.575,77.175,88.25,96.65,260.2
GRID_R03_C05,2022-05-20,2022,5,20,140,0.6693,-0.743,0,0,1,28.575,77.175,92.72,114.24,470.15
GRID_R03_C05,2022-05-21,2022,5,21,141,0.6564,-0.7544,0,0,1,28.575,77.175,76.87,70.19,404.62
GRID_R03_C05,2022-05-22,2022,5,22,142,0.6433,-0.7656,0,0,1,28.575,77.175,64.57,75.6,273.0
GRID_R03_C05,2022-05-23,2022,5,23,143,0.6301,-0.7765,0,0,1,28.575,77.175,30.37,21.62,130.0
GRID_R03_C05,2022-05-24,2022,5,24,144,0.6166,-0.7873,0,0,1,28.575,77.175,36.28,30.55,192.42
GRID_R03_C05,2022-05-25,2022,5,25,145,0.603,-0.7978,0,0,1,28.575,77.175,81.34,108.12,534.0
GRID_R03_C05,2022-05-26,2022,5,26,146,0.5892,-0.808,0,0,1,28.575,77.175,94.83,125.56,622.6
GRID_R03_C05,2022-05-27,2022,5,27,147,0.5752,-0.818,0,0,1,28.575,77.175,81.91,106.06,217.0
GRID_R03_C05,2022-05-28,2022,5,28,148,0.561,-0.8278,0,0,1,28.575,77.175,75.39,65.53,283.68
GRID_R03_C05,2022-05-29,2022,5,29,149,0.5467,-0.8373,0,0,1,28.575,77.175,72.29,83.49,209.15
GRID_R03_C05,2022-05-30,2022,5,30,150,0.5322,-0.8466,0,0,1,28.575,77.175,65.49,69.05,436.25
GRID_R03_C05,2022-05-31,2022,5,31,151,0.5176,-0.8556,0,0,1,28.575,77.175,99.01,83.63,344.67
GRID_R03_C05,2022-06-01,2022,6,1,152,0.5028,-0.8644,0,0,1,28.575,77.175,97.93,147.1,353.12
GRID_R03_C05,2022-06-02,2022,6,2,153,0.4878,-0.8729,0,0,1,28.575,77.175,77.59,103.56,269.05
GRID_R03_C05,2022-06-03,2022,6,3,154,0.4728,-0.8812,0,0,1,28.575,77.175,89.98,136.35,275.25
GRID_R03_C05,2022-06-04,2022,6,4,155,0.4575,-0.8892,0,0,1,28.575,77.175,81.09,113.17,306.58
GRID_R03_C05,2022-06-05,2022,6,5,156,0.4422,-0.8969,0,0,1,28.575,77.175,59.21,52.12,298.7
GRID_R03_C05,2022-06-06,2022,6,6,157,0.4267,-0.9044,0,0,1,28.575,77.175,53.82,52.72,193.75
GRID_R03_C05,2022-06-07,2022,6,7,158,0.4111,-0.9116,0,0,1,28.575,77.175,88.0,71.28,388.0
GRID_R03_C05,2022-06-08,2022,6,8,159,0.3953,-0.9185,0,0,1,28.575,77.175,78.4,82.01,360.25
GRID_R03_C05,2022-06-09,2022,6,9,160,0.3795,-0.9252,0,0,1,28.575,77.175,62.57,61.73,252.6
GRID_R03_C05,2022-06-10,2022,6,10,161,0.3635,-0.9316,0,0,1,28.575,77.175,75.31,77.98,269.25
GRID_R03_C05,2022-06-11,2022,6,11,162,0.3474,-0.9377,0,0,1,28.575,77.175,70.14,68.3,192.75
GRID_R03_C05,2022-06-12,2022,6,12,163,0.3312,-0.9436,0,0,1,28.575,77.175,74.34,86.06,261.25
GRID_R03_C05,2022-06-13,2022,6,13,164,0.3149,-0.9491,0,0,1,28.575,77.175,51.93,34.18,190.75
GRID_R03_C05,2022-06-14,2022,6,14,165,0.2986,-0.9544,0,0,1,28.575,77.175,56.4,61.94,210.0
GRID_R03_C05,2022-06-15,2022,6,15,166,0.2821,-0.9594,0,0,1,28.575,77.175,35.44,36.86,187.7
GRID_R03_C05,2022-06-16,2022,6,16,167,0.2656,-0.9641,0,0,1,28.575,77.175,34.81,34.26,398.45
GRID_R03_C05,2022-06-17,2022,6,17,168,0.2489,-0.9685,0,0,1,28.575,77.175,28.28,19.79,90.1
GRID_R03_C05,2022-06-18,2022,6,18,169,0.2322,-0.9727,0,0,1,28.575,77.175,34.62,42.9,120.08
GRID_R03_C05,2022-06-19,2022,6,19,170,0.2155,-0.9765,0,0,1,28.575,77.175,42.72,54.49,173.0
GRID_R03_C05,2022-06-20,2022,6,20,171,0.1986,-0.9801,0,0,1,28.575,77.175,53.46,65.93,271.0
GRID_R03_C05,2022-06-21,2022,6,21,172,0.1818,-0.9833,0,0,1,28.575,77.175,44.11,63.39,193.5
GRID_R03_C05,2022-06-22,2022,6,22,173,0.1648,-0.9863,0,0,1,28.575,77.175,51.49,38.76,153.0
GRID_R03_C05,2022-06-23,2022,6,23,174,0.1478,-0.989,0,0,1,28.575,77.175,56.32,53.84,209.5
GRID_R03_C05,2022-06-24,2022,6,24,175,0.1308,-0.9914,0,0,1,28.575,77.175,72.0,102.15,258.75
GRID_R03_C05,2022-06-25,2022,6,25,176,0.1137,-0.9935,0,0,1,28.575,77.175,80.74,103.06,343.0
GRID_R03_C05,2022-06-26,2022,6,26,177,0.0966,-0.9953,0,0,1,28.575,77.175,65.27,65.89,295.6
GRID_R03_C05,2022-06-27,2022,6,27,178,0.0795,-0.9968,0,0,1,28.575,77.175,55.02,51.71,141.45
GRID_R03_C05,2022-06-28,2022,6,28,179,0.0623,-0.9981,0,0,1,28.575,77.175,74.87,68.65,221.0
GRID_R03_C05,2022-06-29,2022,6,29,180,0.0451,-0.999,0,0,1,28.575,77.175,60.43,39.46,226.7
GRID_R03_C05,2022-06-30,2022,6,30,181,0.028,-0.9996,0,0,1,28.575,77.175,37.61,33.29,430.33
GRID_R03_C05,2022-07-01,2022,7,1,182,0.0108,-0.9999,0,0,1,28.575,77.175,36.33,45.16,338.0
GRID_R03_C05,2022-07-02,2022,7,2,183,-0.0065,-1.0,0,0,1,28.575,77.175,42.77,66.61,165.67
GRID_R03_C05,2022-07-03,2022,7,3,184,-0.0237,-0.9997,0,0,1,28.575,77.175,30.43,20.7,138.25
GRID_R03_C05,2022-07-04,2022,7,4,185,-0.0408,-0.9992,0,0,1,28.575,77.175,63.45,56.27,172.0
GRID_R03_C05,2022-07-05,2022,7,5,186,-0.058,-0.9983,0,0,1,28.575,77.175,65.09,83.93,204.0
GRID_R03_C05,2022-07-06,2022,7,6,187,-0.0752,-0.9972,0,0,1,28.575,77.175,51.42,50.91,221.88
GRID_R03_C05,2022-07-07,2022,7,7,188,-0.0923,-0.9957,0,0,1,28.575,77.175,39.84,45.99,250.25
GRID_R03_C05,2022-07-08,2022,7,8,189,-0.1094,-0.994,0,0,1,28.575,77.175,37.09,41.18,248.0
GRID_R03_C05,2022-07-09,2022,7,9,190,-0.1265,-0.992,0,0,1,28.575,77.175,40.97,56.32,118.75
GRID_R03_C05,2022-07-10,2022,7,10,191,-0.1436,-0.9896,0,0,1,28.575,77.175,32.83,33.02,101.02
GRID_R03_C05,2022-07-11,2022,7,11,192,-0.1606,-0.987,0,0,1,28.575,77.175,44.83,46.68,170.25
GRID_R03_C05,2022-07-12,2022,7,12,193,-0.1775,-0.9841,0,0,1,28.575,77.175,41.83,40.27,682.03
GRID_R03_C05,2022-07-13,2022,7,13,194,-0.1944,-0.9809,0,0,1,28.575,77.175,34.51,34.52,176.78
GRID_R03_C05,2022-07-14,2022,7,14,195,-0.2113,-0.9774,0,0,1,28.575,77.175,30.76,34.16,137.45
GRID_R03_C05,2022-07-15,2022,7,15,196,-0.2281,-0.9736,0,0,1,28.575,77.175,26.49,20.34,170.16
GRID_R03_C05,2022-07-16,2022,7,16,197,-0.2448,-0.9696,0,0,1,28.575,77.175,24.89,24.14,355.38
GRID_R03_C05,2022-07-17,2022,7,17,198,-0.2614,-0.9652,0,0,1,28.575,77.175,28.45,11.8,453.8
GRID_R03_C05,2022-07-18,2022,7,18,199,-0.278,-0.9606,0,0,1,28.575,77.175,43.29,52.97,234.61
GRID_R03_C05,2022-07-19,2022,7,19,200,-0.2945,-0.9557,0,0,1,28.575,77.175,42.92,40.34,156.0
GRID_R03_C05,2022-07-20,2022,7,20,201,-0.3109,-0.9505,0,0,1,28.575,77.175,33.38,46.79,122.0
GRID_R03_C05,2022-07-21,2022,7,21,202,-0.3272,-0.945,0,0,1,28.575,77.175,44.16,24.17,180.5
GRID_R03_C05,2022-07-22,2022,7,22,203,-0.3434,-0.9392,0,0,1,28.575,77.175,55.16,72.88,175.0
GRID_R03_C05,2022-07-23,2022,7,23,204,-0.3595,-0.9332,0,0,1,28.575,77.175,29.52,28.55,83.75
GRID_R03_C05,2022-07-24,2022,7,24,205,-0.3755,-0.9268,0,0,1,28.575,77.175,24.77,20.19,120.7
GRID_R03_C05,2022-07-25,2022,7,25,206,-0.3914,-0.9202,0,0,1,28.575,77.175,24.63,23.37,89.18
GRID_R03_C05,2022-07-26,2022,7,26,207,-0.4071,-0.9134,0,0,1,28.575,77.175,28.09,31.65,87.0
GRID_R03_C05,2022-07-27,2022,7,27,208,-0.4228,-0.9062,0,0,1,28.575,77.175,30.82,30.24,171.0
GRID_R03_C05,2022-07-28,2022,7,28,209,-0.4383,-0.8988,0,0,1,28.575,77.175,22.01,22.15,83.28
GRID_R03_C05,2022-07-29,2022,7,29,210,-0.4537,-0.8912,0,0,1,28.575,77.175,19.28,21.15,89.7
GRID_R03_C05,2022-07-30,2022,7,30,211,-0.469,-0.8832,0,0,1,28.575,77.175,22.14,19.05,89.0
GRID_R03_C05,2022-07-31,2022,7,31,212,-0.4841,-0.875,0,0,1,28.575,77.175,23.89,23.02,82.25
GRID_R03_C05,2022-08-01,2022,8,1,213,-0.4991,-0.8666,0,0,1,28.575,77.175,26.41,26.42,133.09
GRID_R03_C05,2022-08-02,2022,8,2,214,-0.5139,-0.8578,0,0,1,28.575,77.175,32.31,25.05,149.25
GRID_R03_C05,2022-08-03,2022,8,3,215,-0.5286,-0.8489,0,0,1,28.575,77.175,48.43,39.76,165.39
GRID_R03_C05,2022-08-04,2022,8,4,216,-0.5431,-0.8397,0,0,1,28.575,77.175,46.68,59.37,128.0
GRID_R03_C05,2022-08-05,2022,8,5,217,-0.5575,-0.8302,0,0,1,28.575,77.175,38.62,34.97,162.5
GRID_R03_C05,2022-08-06,2022,8,6,218,-0.5717,-0.8205,0,0,1,28.575,77.175,52.04,52.92,182.75
GRID_R03_C05,2022-08-07,2022,8,7,219,-0.5857,-0.8105,0,0,1,28.575,77.175,45.98,72.95,153.0
GRID_R03_C05,2022-08-08,2022,8,8,220,-0.5996,-0.8003,0,0,1,28.575,77.175,44.97,46.35,158.13
GRID_R03_C05,2022-08-09,2022,8,9,221,-0.6132,-0.7899,0,0,1,28.575,77.175,41.5,54.17,143.0
GRID_R03_C05,2022-08-10,2022,8,10,222,-0.6267,-0.7792,0,0,1,28.575,77.175,27.02,34.2,136.97
GRID_R03_C05,2022-08-11,2022,8,11,223,-0.64,-0.7683,0,0,1,28.575,77.175,16.74,14.3,114.94
GRID_R03_C05,2022-08-12,2022,8,12,224,-0.6532,-0.7572,0,0,1,28.575,77.175,19.39,18.36,74.0
GRID_R03_C05,2022-08-13,2022,8,13,225,-0.6661,-0.7459,0,0,1,28.575,77.175,27.24,32.25,83.0
GRID_R03_C05,2022-08-14,2022,8,14,226,-0.6788,-0.7343,0,0,1,28.575,77.175,26.21,13.74,83.0
GRID_R03_C05,2022-08-15,2022,8,15,227,-0.6914,-0.7225,0,0,1,28.575,77.175,18.8,14.02,83.0
GRID_R03_C05,2022-08-16,2022,8,16,228,-0.7037,-0.7105,0,0,1,28.575,77.175,15.86,15.28,60.01
GRID_R03_C05,2022-08-17,2022,8,17,229,-0.7158,-0.6983,0,0,1,28.575,77.175,14.19,11.42,171.6
GRID_R03_C05,2022-08-18,2022,8,18,230,-0.7277,-0.6859,0,0,1,28.575,77.175,20.33,13.35,75.42
GRID_R03_C05,2022-08-19,2022,8,19,231,-0.7394,-0.6733,0,0,1,28.575,77.175,18.3,12.36,287.0
GRID_R03_C05,2022-08-20,2022,8,20,232,-0.7509,-0.6605,0,0,1,28.575,77.175,31.77,23.33,139.0
GRID_R03_C05,2022-08-21,2022,8,21,233,-0.7621,-0.6474,0,0,1,28.575,77.175,46.88,54.4,130.5
GRID_R03_C05,2022-08-22,2022,8,22,234,-0.7731,-0.6342,0,0,1,28.575,77.175,35.87,54.37,111.12
GRID_R03_C05,2022-08-23,2022,8,23,235,-0.7839,-0.6208,0,0,1,28.575,77.175,24.97,32.75,75.0
GRID_R03_C05,2022-08-24,2022,8,24,236,-0.7945,-0.6073,0,0,1,28.575,77.175,22.73,18.38,277.92
GRID_R03_C05,2022-08-25,2022,8,25,237,-0.8048,-0.5935,0,0,1,28.575,77.175,36.41,28.57,348.25
GRID_R03_C05,2022-08-26,2022,8,26,238,-0.8149,-0.5796,0,0,1,28.575,77.175,35.46,31.33,157.0
GRID_R03_C05,2022-08-27,2022,8,27,239,-0.8248,-0.5655,0,0,1,28.575,77.175,32.05,30.52,225.35
GRID_R03_C05,2022-08-28,2022,8,28,240,-0.8344,-0.5512,0,0,1,28.575,77.175,37.18,33.27,159.6
GRID_R03_C05,2022-08-29,2022,8,29,241,-0.8437,-0.5368,0,0,1,28.575,77.175,40.54,37.8,138.65
GRID_R03_C05,2022-08-30,2022,8,30,242,-0.8528,-0.5222,0,0,1,28.575,77.175,48.48,49.26,185.75
GRID_R03_C05,2022-08-31,2022,8,31,243,-0.8617,-0.5074,0,0,1,28.575,77.175,43.79,44.25,234.32
GRID_R03_C05,2022-09-01,2022,9,1,244,-0.8703,-0.4925,0,0,1,28.575,77.175,45.12,44.81,279.62
GRID_R03_C05,2022-09-02,2022,9,2,245,-0.8786,-0.4775,0,0,1,28.575,77.175,45.72,38.34,228.45
GRID_R03_C05,2022-09-03,2022,9,3,246,-0.8867,-0.4623,0,0,1,28.575,77.175,32.63,26.34,151.07
GRID_R03_C05,2022-09-04,2022,9,4,247,-0.8945,-0.447,0,0,1,28.575,77.175,26.45,23.94,209.71
GRID_R03_C05,2022-09-05,2022,9,5,248,-0.9021,-0.4315,0,0,1,28.575,77.175,26.79,22.54,209.21
GRID_R03_C05,2022-09-06,2022,9,6,249,-0.9094,-0.4159,0,0,1,28.575,77.175,40.21,43.33,161.12
GRID_R03_C05,2022-09-07,2022,9,7,250,-0.9164,-0.4002,0,0,1,28.575,77.175,46.22,52.1,466.0
GRID_R03_C05,2022-09-08,2022,9,8,251,-0.9232,-0.3844,0,0,1,28.575,77.175,63.62,68.09,151.0
GRID_R03_C05,2022-09-09,2022,9,9,252,-0.9296,-0.3685,0,0,1,28.575,77.175,59.85,68.97,173.2
GRID_R03_C05,2022-09-10,2022,9,10,253,-0.9358,-0.3524,0,0,1,28.575,77.175,49.78,60.63,111.4
GRID_R03_C05,2022-09-11,2022,9,11,254,-0.9418,-0.3363,0,0,1,28.575,77.175,32.13,26.0,167.07
GRID_R03_C05,2022-09-12,2022,9,12,255,-0.9474,-0.32,0,0,1,28.575,77.175,26.74,24.83,187.43
GRID_R03_C05,2022-09-13,2022,9,13,256,-0.9528,-0.3037,0,0,1,28.575,77.175,19.75,16.85,106.58
GRID_R03_C05,2022-09-14,2022,9,14,257,-0.9579,-0.2873,0,0,1,28.575,77.175,17.79,15.23,78.67
GRID_R03_C05,2022-09-15,2022,9,15,258,-0.9627,-0.2707,0,0,1,28.575,77.175,16.06,20.15,71.81
GRID_R03_C05,2022-09-16,2022,9,16,259,-0.9672,-0.2541,0,0,1,28.575,77.175,15.98,10.93,80.67
GRID_R03_C05,2022-09-17,2022,9,17,260,-0.9714,-0.2375,0,0,1,28.575,77.175,33.32,27.66,98.7
GRID_R03_C05,2022-09-18,2022,9,18,261,-0.9753,-0.2207,0,0,1,28.575,77.175,47.58,29.97,167.25
GRID_R03_C05,2022-09-19,2022,9,19,262,-0.979,-0.2039,0,0,1,28.575,77.175,72.39,83.14,249.75
GRID_R03_C05,2022-09-20,2022,9,20,263,-0.9824,-0.187,0,0,1,28.575,77.175,49.55,68.87,146.0
GRID_R03_C05,2022-09-21,2022,9,21,264,-0.9854,-0.1701,0,0,1,28.575,77.175,41.57,62.06,170.25
GRID_R03_C05,2022-09-22,2022,9,22,265,-0.9882,-0.1531,0,0,1,28.575,77.175,26.29,31.08,474.7
GRID_R03_C05,2022-09-23,2022,9,23,266,-0.9907,-0.1361,0,0,1,28.575,77.175,26.13,16.24,90.0
GRID_R03_C05,2022-09-24,2022,9,24,267,-0.9929,-0.1191,0,0,1,28.575,77.175,23.39,26.79,74.99
GRID_R03_C05,2022-09-25,2022,9,25,268,-0.9948,-0.102,0,0,1,28.575,77.175,21.57,11.84,128.15
GRID_R03_C05,2022-09-26,2022,9,26,269,-0.9964,-0.0848,0,0,1,28.575,77.175,47.79,61.88,156.25
GRID_R03_C05,2022-09-27,2022,9,27,270,-0.9977,-0.0677,0,0,1,28.575,77.175,40.29,44.09,132.88
GRID_R03_C05,2022-09-28,2022,9,28,271,-0.9987,-0.0505,0,0,1,28.575,77.175,55.13,59.02,182.85
GRID_R03_C05,2022-09-29,2022,9,29,272,-0.9994,-0.0333,0,0,1,28.575,77.175,66.05,82.87,205.25
GRID_R03_C05,2022-09-30,2022,9,30,273,-0.9999,-0.0161,0,0,1,28.575,77.175,80.25,91.86,214.82
GRID_R03_C05,2022-10-01,2022,10,1,274,-1.0,0.0011,0,0,1,28.575,77.175,81.41,104.02,174.0
GRID_R03_C05,2022-10-02,2022,10,2,275,-0.9998,0.0183,0,0,1,28.575,77.175,69.05,94.49,175.0
GRID_R03_C05,2022-10-03,2022,10,3,276,-0.9994,0.0355,0,0,1,28.575,77.175,42.71,51.5,258.45
GRID_R03_C05,2022-10-04,2022,10,4,277,-0.9986,0.0527,0,0,1,28.575,77.175,63.03,61.51,251.1
GRID_R03_C05,2022-10-05,2022,10,5,278,-0.9976,0.0698,0,0,1,28.575,77.175,89.36,110.49,285.6
GRID_R03_C05,2022-10-06,2022,10,6,279,-0.9962,0.087,0,0,1,28.575,77.175,16.63,13.15,103.28
GRID_R03_C05,2022-10-07,2022,10,7,280,-0.9946,0.1041,0,0,1,28.575,77.175,16.3,12.44,61.0
GRID_R03_C05,2022-10-08,2022,10,8,281,-0.9926,0.1212,0,0,1,28.575,77.175,14.32,14.32,82.5
GRID_R03_C05,2022-10-09,2022,10,9,282,-0.9904,0.1383,0,0,1,28.575,77.175,9.59,10.84,61.0
GRID_R03_C05,2022-10-10,2022,10,10,283,-0.9879,0.1553,0,0,1,28.575,77.175,14.76,9.01,61.0
GRID_R03_C05,2022-10-11,2022,10,11,284,-0.9851,0.1722,0,0,1,28.575,77.175,36.29,25.93,231.67
GRID_R03_C05,2022-10-12,2022,10,12,285,-0.9819,0.1892,0,0,1,28.575,77.175,62.49,72.65,205.75
GRID_R03_C05,2022-10-13,2022,10,13,286,-0.9785,0.206,0,0,1,28.575,77.175,53.52,60.34,172.25
GRID_R03_C05,2022-10-14,2022,10,14,287,-0.9749,0.2228,0,0,1,28.575,77.175,71.74,81.89,216.8
GRID_R03_C05,2022-10-15,2022,10,15,288,-0.9709,0.2396,1,0,1,28.575,77.175,89.6,103.27,401.5
GRID_R03_C05,2022-10-16,2022,10,16,289,-0.9666,0.2562,1,0,1,28.575,77.175,105.64,123.99,349.3
GRID_R03_C05,2022-10-17,2022,10,17,290,-0.9621,0.2728,1,0,1,28.575,77.175,108.94,127.64,383.5
GRID_R03_C05,2022-10-18,2022,10,18,291,-0.9572,0.2893,1,0,1,28.575,77.175,109.72,118.14,398.33
GRID_R03_C05,2022-10-19,2022,10,19,292,-0.9521,0.3057,1,0,1,28.575,77.175,102.01,124.26,331.92
GRID_R03_C05,2022-10-20,2022,10,20,293,-0.9467,0.3221,1,1,1,28.575,77.175,110.64,111.76,302.75
GRID_R03_C05,2022-10-21,2022,10,21,294,-0.941,0.3383,1,1,1,28.575,77.175,117.39,145.08,386.33
GRID_R03_C05,2022-10-22,2022,10,22,295,-0.9351,0.3545,1,1,1,28.575,77.175,122.89,153.83,322.0
GRID_R03_C05,2022-10-23,2022,10,23,296,-0.9288,0.3705,1,1,1,28.575,77.175,129.76,128.29,357.75
GRID_R03_C05,2022-10-24,2022,10,24,297,-0.9223,0.3864,1,1,1,28.575,77.175,177.52,168.07,921.25
GRID_R03_C05,2022-10-25,2022,10,25,298,-0.9155,0.4022,1,1,1,28.575,77.175,166.47,149.56,986.0
GRID_R03_C05,2022-10-26,2022,10,26,299,-0.9085,0.4179,1,1,1,28.575,77.175,142.96,114.47,621.5
GRID_R03_C05,2022-10-27,2022,10,27,300,-0.9012,0.4335,1,1,1,28.575,77.175,192.39,218.98,494.34
GRID_R03_C05,2022-10-28,2022,10,28,301,-0.8936,0.4489,1,1,1,28.575,77.175,223.13,226.04,514.0
GRID_R03_C05,2022-10-29,2022,10,29,302,-0.8857,0.4642,1,1,1,28.575,77.175,230.76,287.07,502.09
GRID_R03_C05,2022-10-30,2022,10,30,303,-0.8776,0.4794,1,1,1,28.575,77.175,211.77,210.91,749.6
GRID_R03_C05,2022-10-31,2022,10,31,304,-0.8692,0.4944,1,1,1,28.575,77.175,263.69,208.96,562.75
GRID_R03_C05,2022-11-01,2022,11,1,305,-0.8606,0.5093,1,1,1,28.575,77.175,248.88,294.21,705.25
GRID_R03_C05,2022-11-02,2022,11,2,306,-0.8517,0.524,1,1,1,28.575,77.175,241.74,214.26,589.0
GRID_R03_C05,2022-11-03,2022,11,3,307,-0.8426,0.5386,1,1,1,28.575,77.175,402.69,529.11,928.0
GRID_R03_C05,2022-11-04,2022,11,4,308,-0.8332,0.553,1,1,1,28.575,77.175,324.12,346.39,566.0
GRID_R03_C05,2022-11-05,2022,11,5,309,-0.8235,0.5672,1,1,1,28.575,77.175,193.45,200.61,425.0
GRID_R03_C05,2022-11-06,2022,11,6,310,-0.8137,0.5813,1,1,1,28.575,77.175,172.85,181.1,375.0
GRID_R03_C05,2022-11-07,2022,11,7,311,-0.8035,0.5952,1,1,1,28.575,77.175,193.57,227.11,449.82
GRID_R03_C05,2022-11-08,2022,11,8,312,-0.7932,0.609,1,1,1,28.575,77.175,240.17,245.39,445.7
GRID_R03_C05,2022-11-09,2022,11,9,313,-0.7826,0.6225,1,1,1,28.575,77.175,105.75,112.76,335.75
GRID_R03_C05,2022-11-10,2022,11,10,314,-0.7718,0.6359,1,1,1,28.575,77.175,162.28,178.2,478.0
GRID_R03_C05,2022-11-11,2022,11,11,315,-0.7607,0.6491,1,1,1,28.575,77.175,208.58,357.3,547.78
GRID_R03_C05,2022-11-12,2022,11,12,316,-0.7494,0.6621,1,1,1,28.575,77.175,186.89,259.16,421.27
GRID_R03_C05,2022-11-13,2022,11,13,317,-0.7379,0.6749,1,1,1,28.575,77.175,160.63,196.5,326.69
GRID_R03_C05,2022-11-14,2022,11,14,318,-0.7262,0.6875,1,1,1,28.575,77.175,140.22,172.86,415.5
GRID_R03_C05,2022-11-15,2022,11,15,319,-0.7143,0.6998,1,1,1,28.575,77.175,102.24,99.43,274.0
GRID_R03_C05,2022-11-16,2022,11,16,320,-0.7021,0.712,1,1,1,28.575,77.175,118.88,174.92,414.2
GRID_R03_C05,2022-11-17,2022,11,17,321,-0.6898,0.724,1,1,1,28.575,77.175,139.59,199.17,386.09
GRID_R03_C05,2022-11-18,2022,11,18,322,-0.6772,0.7358,1,1,1,28.575,77.175,157.43,240.44,551.78
GRID_R03_C05,2022-11-19,2022,11,19,323,-0.6645,0.7473,1,1,1,28.575,77.175,144.5,178.83,532.85
GRID_R03_C05,2022-11-20,2022,11,20,324,-0.6515,0.7586,1,1,1,28.575,77.175,171.28,216.63,551.35
GRID_R03_C05,2022-11-21,2022,11,21,325,-0.6384,0.7697,1,0,1,28.575,77.175,143.93,174.07,350.6
GRID_R03_C05,2022-11-22,2022,11,22,326,-0.625,0.7806,1,0,1,28.575,77.175,113.47,136.13,245.25
GRID_R03_C05,2022-11-23,2022,11,23,327,-0.6115,0.7912,1,0,1,28.575,77.175,103.72,127.52,416.48
GRID_R03_C05,2022-11-24,2022,11,24,328,-0.5978,0.8016,1,0,1,28.575,77.175,108.55,109.77,569.33
GRID_R03_C05,2022-11-25,2022,11,25,329,-0.584,0.8118,1,0,1,28.575,77.175,158.6,173.91,591.25
GRID_R03_C05,2022-11-26,2022,11,26,330,-0.5699,0.8217,1,0,1,28.575,77.175,180.96,192.28,757.0
GRID_R03_C05,2022-11-27,2022,11,27,331,-0.5557,0.8314,1,0,1,28.575,77.175,174.61,195.31,509.45
GRID_R03_C05,2022-11-28,2022,11,28,332,-0.5413,0.8408,1,0,1,28.575,77.175,198.65,227.57,680.0
GRID_R03_C05,2022-11-29,2022,11,29,333,-0.5268,0.85,1,0,1,28.575,77.175,230.27,284.3,658.91
GRID_R03_C05,2022-11-30,2022,11,30,334,-0.5121,0.859,1,0,1,28.575,77.175,207.63,223.34,533.0
GRID_R03_C05,2022-12-01,2022,12,1,335,-0.4972,0.8676,1,0,1,28.575,77.175,213.69,231.84,492.99
GRID_R03_C05,2022-12-02,2022,12,2,336,-0.4822,0.8761,1,0,1,28.575,77.175,200.39,204.94,605.25
GRID_R03_C05,2022-12-03,2022,12,3,337,-0.4671,0.8842,1,0,1,28.575,77.175,245.25,260.2,667.75
GRID_R03_C05,2022-12-04,2022,12,4,338,-0.4518,0.8921,1,0,1,28.575,77.175,250.6,293.9,635.75
GRID_R03_C05,2022-12-05,2022,12,5,339,-0.4364,0.8998,1,0,1,28.575,77.175,187.08,202.78,560.75
GRID_R03_C05,2022-12-06,2022,12,6,340,-0.4208,0.9071,1,0,1,28.575,77.175,184.23,189.48,359.0
GRID_R03_C05,2022-12-07,2022,12,7,341,-0.4052,0.9142,1,0,1,28.575,77.175,133.43,143.42,336.05
GRID_R03_C05,2022-12-08,2022,12,8,342,-0.3894,0.9211,1,0,1,28.575,77.175,143.94,139.75,466.58
GRID_R03_C05,2022-12-09,2022,12,9,343,-0.3735,0.9276,1,0,1,28.575,77.175,169.88,151.03,691.0
GRID_R03_C05,2022-12-10,2022,12,10,344,-0.3575,0.9339,1,0,1,28.575,77.175,211.95,254.19,646.75
GRID_R03_C05,2022-12-11,2022,12,11,345,-0.3413,0.9399,1,0,1,28.575,77.175,134.03,153.58,476.75
GRID_R03_C05,2022-12-12,2022,12,12,346,-0.3251,0.9457,1,0,1,28.575,77.175,95.92,100.39,620.75
GRID_R03_C05,2022-12-13,2022,12,13,347,-0.3088,0.9511,1,0,1,28.575,77.175,70.68,81.54,233.75
GRID_R03_C05,2022-12-14,2022,12,14,348,-0.2924,0.9563,1,0,1,28.575,77.175,85.59,94.24,367.25
GRID_R03_C05,2022-12-15,2022,12,15,349,-0.2759,0.9612,1,0,1,28.575,77.175,89.92,84.74,424.25
GRID_R03_C05,2022-12-16,2022,12,16,350,-0.2593,0.9658,1,0,1,28.575,77.175,124.19,111.4,659.18
GRID_R03_C05,2022-12-17,2022,12,17,351,-0.2427,0.9701,1,0,1,28.575,77.175,167.33,151.3,760.25
GRID_R03_C05,2022-12-18,2022,12,18,352,-0.226,0.9741,1,0,1,28.575,77.175,254.25,203.4,813.75
GRID_R03_C05,2022-12-19,2022,12,19,353,-0.2092,0.9779,1,0,1,28.575,77.175,259.11,226.32,843.5
GRID_R03_C05,2022-12-20,2022,12,20,354,-0.1923,0.9813,1,0,1,28.575,77.175,199.94,168.09,544.0
GRID_R03_C05,2022-12-21,2022,12,21,355,-0.1754,0.9845,1,0,1,28.575,77.175,188.4,149.22,490.33
GRID_R03_C05,2022-12-22,2022,12,22,356,-0.1585,0.9874,1,0,1,28.575,77.175,202.24,126.13,541.5
GRID_R03_C05,2022-12-23,2022,12,23,357,-0.1414,0.9899,1,0,1,28.575,77.175,202.07,128.73,592.25
GRID_R03_C05,2022-12-24,2022,12,24,358,-0.1244,0.9922,1,0,1,28.575,77.175,160.66,177.3,457.75
GRID_R03_C05,2022-12-25,2022,12,25,359,-0.1073,0.9942,1,0,1,28.575,77.175,168.91,143.09,840.0
GRID_R03_C05,2022-12-26,2022,12,26,360,-0.0902,0.9959,1,0,1,28.575,77.175,193.84,121.15,854.02
GRID_R03_C05,2022-12-27,2022,12,27,361,-0.073,0.9973,1,0,1,28.575,77.175,166.8,128.51,554.62
GRID_R03_C05,2022-12-28,2022,12,28,362,-0.0559,0.9984,1,0,1,28.575,77.175,151.84,165.35,701.2
GRID_R03_C05,2022-12-29,2022,12,29,363,-0.0387,0.9993,1,0,1,28.575,77.175,196.73,149.79,589.5
GRID_R03_C05,2022-12-30,2022,12,30,364,-0.0215,0.9998,1,0,1,28.575,77.175,256.68,236.1,805.0
GRID_R03_C05,2022-12-31,2022,12,31,365,-0.0043,1.0,1,0,1,28.575,77.175,156.24,154.1,582.0
GRID_R03_C05,2023-01-01,2023,1,1,1,0.0172,0.9999,1,0,1,28.575,77.175,140.59,112.69,679.25
GRID_R03_C05,2023-01-02,2023,1,2,2,0.0344,0.9994,1,0,1,28.575,77.175,233.11,193.92,516.68
GRID_R03_C05,2023-01-03,2023,1,3,3,0.0516,0.9987,1,0,1,28.575,77.175,239.57,221.13,472.25
GRID_R03_C05,2023-01-04,2023,1,4,4,0.0688,0.9976,1,0,1,28.575,77.175,179.33,118.26,546.75
GRID_R03_C05,2023-01-05,2023,1,5,5,0.0859,0.9963,1,0,1,28.575,77.175,208.96,121.88,788.25
GRID_R03_C05,2023-01-06,2023,1,6,6,0.103,0.9947,1,0,1,28.575,77.175,258.51,192.14,565.75
GRID_R03_C05,2023-01-07,2023,1,7,7,0.1201,0.9928,1,0,1,28.575,77.175,226.55,148.25,845.15
GRID_R03_C05,2023-01-08,2023,1,8,8,0.1372,0.9905,1,0,1,28.575,77.175,254.55,135.77,968.0
GRID_R03_C05,2023-01-09,2023,1,9,9,0.1542,0.988,1,0,1,28.575,77.175,377.61,262.54,979.0
GRID_R03_C05,2023-01-10,2023,1,10,10,0.1712,0.9852,1,0,1,28.575,77.175,232.43,146.22,805.2
GRID_R03_C05,2023-01-11,2023,1,11,11,0.1881,0.9821,1,0,1,28.575,77.175,175.13,93.59,915.0
GRID_R03_C05,2023-01-12,2023,1,12,12,0.205,0.9788,1,0,1,28.575,77.175,203.36,198.28,351.25
GRID_R03_C05,2023-01-13,2023,1,13,13,0.2218,0.9751,1,0,1,28.575,77.175,215.69,210.06,412.25
GRID_R03_C05,2023-01-14,2023,1,14,14,0.2385,0.9711,1,0,1,28.575,77.175,153.77,170.89,335.25
GRID_R03_C05,2023-01-15,2023,1,15,15,0.2552,0.9669,1,0,1,28.575,77.175,98.57,97.09,423.75
GRID_R03_C05,2023-01-16,2023,1,16,16,0.2718,0.9624,1,0,1,28.575,77.175,143.33,131.44,582.0
GRID_R03_C05,2023-01-17,2023,1,17,17,0.2883,0.9575,1,0,1,28.575,77.175,152.32,167.19,593.0
GRID_R03_C05,2023-01-18,2023,1,18,18,0.3047,0.9524,1,0,1,28.575,77.175,191.89,203.4,818.25
GRID_R03_C05,2023-01-19,2023,1,19,19,0.3211,0.9471,1,0,1,28.575,77.175,198.04,198.56,609.88
GRID_R03_C05,2023-01-20,2023,1,20,20,0.3373,0.9414,1,0,1,28.575,77.175,91.12,56.01,458.5
GRID_R03_C05,2023-01-21,2023,1,21,21,0.3534,0.9355,1,0,1,28.575,77.175,210.88,164.5,931.1
GRID_R03_C05,2023-01-22,2023,1,22,22,0.3695,0.9292,1,0,1,28.575,77.175,248.86,279.16,593.75
GRID_R03_C05,2023-01-23,2023,1,23,23,0.3854,0.9227,1,0,1,28.575,77.175,168.8,185.13,697.65
GRID_R03_C05,2023-01-24,2023,1,24,24,0.4012,0.916,1,0,1,28.575,77.175,86.73,102.82,335.0
GRID_R03_C05,2023-01-25,2023,1,25,25,0.4169,0.9089,1,0,1,28.575,77.175,105.39,103.56,282.5
GRID_R03_C05,2023-01-26,2023,1,26,26,0.4325,0.9016,1,0,1,28.575,77.175,138.53,158.69,261.25
GRID_R03_C05,2023-01-27,2023,1,27,27,0.4479,0.8941,1,0,1,28.575,77.175,92.74,98.78,201.25
GRID_R03_C05,2023-01-28,2023,1,28,28,0.4633,0.8862,1,0,1,28.575,77.175,123.06,110.04,415.0
GRID_R03_C05,2023-01-29,2023,1,29,29,0.4784,0.8781,1,0,1,28.575,77.175,187.89,219.15,553.75
GRID_R03_C05,2023-01-30,2023,1,30,30,0.4935,0.8698,1,0,1,28.575,77.175,79.17,31.48,953.9
GRID_R03_C05,2023-01-31,2023,1,31,31,0.5084,0.8611,1,0,1,28.575,77.175,85.1,78.2,724.1
GRID_R03_C05,2023-02-01,2023,2,1,32,0.5231,0.8523,0,0,1,28.575,77.175,84.61,84.26,818.42
GRID_R03_C05,2023-02-02,2023,2,2,33,0.5377,0.8432,0,0,1,28.575,77.175,87.18,96.8,635.88
GRID_R03_C05,2023-02-03,2023,2,3,34,0.5521,0.8338,0,0,1,28.575,77.175,103.31,96.71,753.0
GRID_R03_C05,2023-02-04,2023,2,4,35,0.5664,0.8242,0,0,1,28.575,77.175,118.23,104.62,517.0
GRID_R03_C05,2023-02-05,2023,2,5,36,0.5805,0.8143,0,0,1,28.575,77.175,105.12,112.14,550.5
GRID_R03_C05,2023-02-06,2023,2,6,37,0.5944,0.8042,0,0,1,28.575,77.175,142.37,178.57,410.75
GRID_R03_C05,2023-02-07,2023,2,7,38,0.6081,0.7938,0,0,1,28.575,77.175,116.41,192.85,424.25
GRID_R03_C05,2023-02-08,2023,2,8,39,0.6217,0.7833,0,0,1,28.575,77.175,73.83,78.85,281.0
GRID_R03_C05,2023-02-09,2023,2,9,40,0.6351,0.7725,0,0,1,28.575,77.175,91.53,116.1,255.75
GRID_R03_C05,2023-02-10,2023,2,10,41,0.6483,0.7614,0,0,1,28.575,77.175,93.96,97.32,266.5
GRID_R03_C05,2023-02-11,2023,2,11,42,0.6613,0.7502,0,0,1,28.575,77.175,137.57,177.28,403.1
GRID_R03_C05,2023-02-12,2023,2,12,43,0.6741,0.7387,0,0,1,28.575,77.175,55.0,74.17,211.8
GRID_R03_C05,2023-02-13,2023,2,13,44,0.6867,0.727,0,0,1,28.575,77.175,48.7,52.97,261.9
GRID_R03_C05,2023-02-14,2023,2,14,45,0.6991,0.715,0,0,1,28.575,77.175,63.39,69.72,284.48
GRID_R03_C05,2023-02-15,2023,2,15,46,0.7113,0.7029,0,0,1,28.575,77.175,91.34,97.16,302.0
GRID_R03_C05,2023-02-16,2023,2,16,47,0.7233,0.6906,0,0,1,28.575,77.175,166.5,140.14,489.0
GRID_R03_C05,2023-02-17,2023,2,17,48,0.735,0.678,0,0,1,28.575,77.175,221.81,254.05,493.0
GRID_R03_C05,2023-02-18,2023,2,18,49,0.7466,0.6653,0,0,1,28.575,77.175,202.82,256.19,552.75
GRID_R03_C05,2023-02-19,2023,2,19,50,0.7579,0.6523,0,0,1,28.575,77.175,180.82,197.74,421.18
GRID_R03_C05,2023-02-20,2023,2,20,51,0.769,0.6392,0,0,1,28.575,77.175,147.09,204.27,375.5
GRID_R03_C05,2023-02-21,2023,2,21,52,0.7799,0.6259,0,0,1,28.575,77.175,125.63,121.27,656.0
GRID_R03_C05,2023-02-22,2023,2,22,53,0.7906,0.6124,0,0,1,28.575,77.175,137.12,142.42,598.33
GRID_R03_C05,2023-02-23,2023,2,23,54,0.801,0.5987,0,0,1,28.575,77.175,82.06,100.74,433.71
GRID_R03_C05,2023-02-24,2023,2,24,55,0.8112,0.5848,0,0,1,28.575,77.175,80.97,101.45,294.0
GRID_R03_C05,2023-02-25,2023,2,25,56,0.8211,0.5708,0,0,1,28.575,77.175,115.56,131.95,342.93
GRID_R03_C05,2023-02-26,2023,2,26,57,0.8308,0.5566,0,0,1,28.575,77.175,138.48,183.46,388.62
GRID_R03_C05,2023-02-27,2023,2,27,58,0.8402,0.5422,0,0,1,28.575,77.175,119.02,171.7,601.25
GRID_R03_C05,2023-02-28,2023,2,28,59,0.8495,0.5277,0,0,1,28.575,77.175,90.5,131.14,342.25
GRID_R03_C05,2023-03-01,2023,3,1,60,0.8584,0.513,0,0,1,28.575,77.175,74.16,60.12,336.12
GRID_R03_C05,2023-03-02,2023,3,2,61,0.8671,0.4981,0,0,1,28.575,77.175,91.36,122.77,494.45
GRID_R03_C05,2023-03-03,2023,3,3,62,0.8755,0.4831,0,0,1,28.575,77.175,61.71,80.19,223.43
GRID_R03_C05,2023-03-04,2023,3,4,63,0.8837,0.468,0,0,1,28.575,77.175,54.64,54.04,213.2
GRID_R03_C05,2023-03-05,2023,3,5,64,0.8916,0.4527,0,0,1,28.575,77.175,56.31,73.75,238.5
GRID_R03_C05,2023-03-06,2023,3,6,65,0.8993,0.4373,0,0,1,28.575,77.175,67.11,102.74,260.5
GRID_R03_C05,2023-03-07,2023,3,7,66,0.9067,0.4218,0,0,1,28.575,77.175,85.44,122.07,859.6
GRID_R03_C05,2023-03-08,2023,3,8,67,0.9138,0.4061,0,0,1,28.575,77.175,112.71,170.69,449.76
GRID_R03_C05,2023-03-09,2023,3,9,68,0.9207,0.3904,0,0,1,28.575,77.175,55.22,43.35,174.25
GRID_R03_C05,2023-03-10,2023,3,10,69,0.9272,0.3745,0,0,1,28.575,77.175,90.97,142.38,363.25
GRID_R03_C05,2023-03-11,2023,3,11,70,0.9335,0.3585,0,0,1,28.575,77.175,92.21,126.75,376.25
GRID_R03_C05,2023-03-12,2023,3,12,71,0.9396,0.3424,0,0,1,28.575,77.175,96.52,128.32,343.0
GRID_R03_C05,2023-03-13,2023,3,13,72,0.9453,0.3261,0,0,1,28.575,77.175,106.76,170.57,539.25
GRID_R03_C05,2023-03-14,2023,3,14,73,0.9508,0.3098,0,0,1,28.575,77.175,101.82,169.29,405.0
GRID_R03_C05,2023-03-15,2023,3,15,74,0.956,0.2934,0,0,1,28.575,77.175,99.28,144.25,493.0
GRID_R03_C05,2023-03-16,2023,3,16,75,0.9609,0.2769,0,0,1,28.575,77.175,103.45,169.42,311.0
GRID_R03_C05,2023-03-17,2023,3,17,76,0.9655,0.2604,0,0,1,28.575,77.175,95.66,126.99,277.0
GRID_R03_C05,2023-03-18,2023,3,18,77,0.9698,0.2437,0,0,1,28.575,77.175,68.73,68.92,246.33
GRID_R03_C05,2023-03-19,2023,3,19,78,0.9739,0.227,0,0,1,28.575,77.175,81.25,107.01,194.0
GRID_R03_C05,2023-03-20,2023,3,20,79,0.9777,0.2102,0,0,1,28.575,77.175,56.77,86.71,484.7
GRID_R03_C05,2023-03-21,2023,3,21,80,0.9811,0.1934,0,0,1,28.575,77.175,46.16,46.26,421.4
GRID_R03_C05,2023-03-22,2023,3,22,81,0.9843,0.1765,0,0,1,28.575,77.175,78.51,103.87,263.7
GRID_R03_C05,2023-03-23,2023,3,23,82,0.9872,0.1595,0,0,1,28.575,77.175,72.64,126.92,389.37
GRID_R03_C05,2023-03-24,2023,3,24,83,0.9898,0.1425,0,0,1,28.575,77.175,87.5,147.35,331.25
GRID_R03_C05,2023-03-25,2023,3,25,84,0.9921,0.1255,0,0,1,28.575,77.175,40.65,22.9,265.23
GRID_R03_C05,2023-03-26,2023,3,26,85,0.9941,0.1084,0,0,1,28.575,77.175,65.61,67.31,296.75
GRID_R03_C05,2023-03-27,2023,3,27,86,0.9958,0.0913,0,0,1,28.575,77.175,59.22,104.09,897.0
GRID_R03_C05,2023-03-28,2023,3,28,87,0.9972,0.0741,0,0,1,28.575,77.175,68.09,117.08,303.75
GRID_R03_C05,2023-03-29,2023,3,29,88,0.9984,0.057,0,0,1,28.575,77.175,86.06,147.88,297.25
GRID_R03_C05,2023-03-30,2023,3,30,89,0.9992,0.0398,0,0,1,28.575,77.175,71.1,110.89,393.2
GRID_R03_C05,2023-03-31,2023,3,31,90,0.9997,0.0226,0,0,1,28.575,77.175,30.7,33.22,368.03
GRID_R03_C05,2023-04-01,2023,4,1,91,1.0,0.0054,0,0,1,28.575,77.175,45.0,50.95,280.2
GRID_R03_C05,2023-04-02,2023,4,2,92,0.9999,-0.0118,0,0,1,28.575,77.175,59.81,80.84,224.28
GRID_R03_C05,2023-04-03,2023,4,3,93,0.9996,-0.029,0,0,1,28.575,77.175,72.19,121.82,333.0
GRID_R03_C05,2023-04-04,2023,4,4,94,0.9989,-0.0462,0,0,1,28.575,77.175,45.44,29.36,231.75
GRID_R03_C05,2023-04-05,2023,4,5,95,0.998,-0.0634,0,0,1,28.575,77.175,54.84,74.72,301.97
GRID_R03_C05,2023-04-06,2023,4,6,96,0.9968,-0.0805,0,0,1,28.575,77.175,41.83,38.85,274.75
GRID_R03_C05,2023-04-07,2023,4,7,97,0.9952,-0.0977,0,0,1,28.575,77.175,50.13,62.82,231.4
GRID_R03_C05,2023-04-08,2023,4,8,98,0.9934,-0.1148,0,0,1,28.575,77.175,70.16,112.22,310.8
GRID_R03_C05,2023-04-09,2023,4,9,99,0.9913,-0.1319,0,0,1,28.575,77.175,104.17,193.79,517.0
GRID_R03_C05,2023-04-10,2023,4,10,100,0.9889,-0.1489,0,0,1,28.575,77.175,90.88,162.06,345.5
GRID_R03_C05,2023-04-11,2023,4,11,101,0.9861,-0.1659,0,0,1,28.575,77.175,125.55,211.25,484.0
GRID_R03_C05,2023-04-12,2023,4,12,102,0.9831,-0.1828,0,0,1,28.575,77.175,80.5,109.18,301.75
GRID_R03_C05,2023-04-13,2023,4,13,103,0.9799,-0.1997,0,0,1,28.575,77.175,91.21,134.67,408.07
GRID_R03_C05,2023-04-14,2023,4,14,104,0.9763,-0.2165,0,0,1,28.575,77.175,101.61,180.79,637.98
GRID_R03_C05,2023-04-15,2023,4,15,105,0.9724,-0.2333,0,0,1,28.575,77.175,102.14,168.04,426.0
GRID_R03_C05,2023-04-16,2023,4,16,106,0.9683,-0.25,0,0,1,28.575,77.175,74.74,116.52,292.25
GRID_R03_C05,2023-04-17,2023,4,17,107,0.9638,-0.2666,0,0,1,28.575,77.175,73.07,100.08,843.0
GRID_R03_C05,2023-04-18,2023,4,18,108,0.9591,-0.2831,0,0,1,28.575,77.175,77.58,87.12,341.25
GRID_R03_C05,2023-04-19,2023,4,19,109,0.9541,-0.2996,0,0,1,28.575,77.175,61.25,60.06,355.0
GRID_R03_C05,2023-04-20,2023,4,20,110,0.9488,-0.316,0,0,1,28.575,77.175,43.08,46.28,257.25
GRID_R03_C05,2023-04-21,2023,4,21,111,0.9432,-0.3322,0,0,1,28.575,77.175,42.14,38.9,132.0
GRID_R03_C05,2023-04-22,2023,4,22,112,0.9373,-0.3484,0,0,1,28.575,77.175,42.02,47.82,285.6
GRID_R03_C05,2023-04-23,2023,4,23,113,0.9312,-0.3645,0,0,1,28.575,77.175,27.04,22.57,116.15
GRID_R03_C05,2023-04-24,2023,4,24,114,0.9248,-0.3804,0,0,1,28.575,77.175,60.44,93.49,284.25
GRID_R03_C05,2023-04-25,2023,4,25,115,0.9181,-0.3963,0,0,1,28.575,77.175,57.03,54.03,232.0
GRID_R03_C05,2023-04-26,2023,4,26,116,0.9112,-0.412,0,0,1,28.575,77.175,89.57,102.38,227.88
GRID_R03_C05,2023-04-27,2023,4,27,117,0.9039,-0.4276,0,0,1,28.575,77.175,81.27,126.06,347.77
GRID_R03_C05,2023-04-28,2023,4,28,118,0.8965,-0.4431,0,0,1,28.575,77.175,69.6,79.05,230.5
GRID_R03_C05,2023-04-29,2023,4,29,119,0.8887,-0.4585,0,0,1,28.575,77.175,74.43,104.95,512.24
GRID_R03_C05,2023-04-30,2023,4,30,120,0.8807,-0.4737,0,0,1,28.575,77.175,51.31,52.35,388.1
GRID_R03_C05,2023-05-01,2023,5,1,121,0.8724,-0.4888,0,0,1,28.575,77.175,42.14,40.18,123.7
GRID_R03_C05,2023-05-02,2023,5,2,122,0.8639,-0.5037,0,0,1,28.575,77.175,40.17,33.05,142.0
GRID_R03_C05,2023-05-03,2023,5,3,123,0.8551,-0.5185,0,0,1,28.575,77.175,46.47,61.87,161.0
GRID_R03_C05,2023-05-04,2023,5,4,124,0.846,-0.5331,0,0,1,28.575,77.175,61.21,69.35,212.75
GRID_R03_C05,2023-05-05,2023,5,5,125,0.8367,-0.5476,0,0,1,28.575,77.175,81.37,90.75,335.0
GRID_R03_C05,2023-05-06,2023,5,6,126,0.8272,-0.5619,0,0,1,28.575,77.175,104.11,196.28,426.25
GRID_R03_C05,2023-05-07,2023,5,7,127,0.8174,-0.5761,0,0,1,28.575,77.175,65.47,75.25,269.5
GRID_R03_C05,2023-05-08,2023,5,8,128,0.8074,-0.59,0,0,1,28.575,77.175,54.44,80.29,242.4
GRID_R03_C05,2023-05-09,2023,5,9,129,0.7971,-0.6038,0,0,1,28.575,77.175,95.57,166.97,316.75
GRID_R03_C05,2023-05-10,2023,5,10,130,0.7866,-0.6175,0,0,1,28.575,77.175,91.05,128.71,319.0
GRID_R03_C05,2023-05-11,2023,5,11,131,0.7759,-0.6309,0,0,1,28.575,77.175,130.6,209.36,393.0
GRID_R03_C05,2023-05-12,2023,5,12,132,0.7649,-0.6442,0,0,1,28.575,77.175,91.49,100.45,348.88
GRID_R03_C05,2023-05-13,2023,5,13,133,0.7537,-0.6572,0,0,1,28.575,77.175,99.09,109.57,485.68
GRID_R03_C05,2023-05-14,2023,5,14,134,0.7423,-0.6701,0,0,1,28.575,77.175,98.57,136.92,479.27
GRID_R03_C05,2023-05-15,2023,5,15,135,0.7306,-0.6828,0,0,1,28.575,77.175,38.31,29.97,302.67
GRID_R03_C05,2023-05-16,2023,5,16,136,0.7188,-0.6952,0,0,1,28.575,77.175,136.34,257.39,858.0
GRID_R03_C05,2023-05-17,2023,5,17,137,0.7067,-0.7075,0,0,1,28.575,77.175,90.2,128.36,439.2
GRID_R03_C05,2023-05-18,2023,5,18,138,0.6945,-0.7195,0,0,1,28.575,77.175,41.38,32.39,475.8
GRID_R03_C05,2023-05-19,2023,5,19,139,0.682,-0.7314,0,0,1,28.575,77.175,66.91,82.41,324.2
GRID_R03_C05,2023-05-20,2023,5,20,140,0.6693,-0.743,0,0,1,28.575,77.175,69.13,97.72,410.08
GRID_R03_C05,2023-05-21,2023,5,21,141,0.6564,-0.7544,0,0,1,28.575,77.175,81.61,112.52,418.88
GRID_R03_C05,2023-05-22,2023,5,22,142,0.6433,-0.7656,0,0,1,28.575,77.175,62.36,47.74,293.65
GRID_R03_C05,2023-05-23,2023,5,23,143,0.6301,-0.7765,0,0,1,28.575,77.175,51.37,39.71,426.07
GRID_R03_C05,2023-05-24,2023,5,24,144,0.6166,-0.7873,0,0,1,28.575,77.175,30.2,33.36,224.1
GRID_R03_C05,2023-05-25,2023,5,25,145,0.603,-0.7978,0,0,1,28.575,77.175,25.89,20.93,134.75
GRID_R03_C05,2023-05-26,2023,5,26,146,0.5892,-0.808,0,0,1,28.575,77.175,26.17,23.94,150.6
GRID_R03_C05,2023-05-27,2023,5,27,147,0.5752,-0.818,0,0,1,28.575,77.175,33.7,29.09,523.54
GRID_R03_C05,2023-05-28,2023,5,28,148,0.561,-0.8278,0,0,1,28.575,77.175,56.8,80.39,233.0
GRID_R03_C05,2023-05-29,2023,5,29,149,0.5467,-0.8373,0,0,1,28.575,77.175,37.1,30.3,130.5
GRID_R03_C05,2023-05-30,2023,5,30,150,0.5322,-0.8466,0,0,1,28.575,77.175,40.46,55.96,135.7
GRID_R03_C05,2023-05-31,2023,5,31,151,0.5176,-0.8556,0,0,1,28.575,77.175,33.88,31.72,143.0
GRID_R03_C05,2023-06-01,2023,6,1,152,0.5028,-0.8644,0,0,1,28.575,77.175,46.64,58.04,292.76
GRID_R03_C05,2023-06-02,2023,6,2,153,0.4878,-0.8729,0,0,1,28.575,77.175,41.96,45.19,187.5
GRID_R03_C05,2023-06-03,2023,6,3,154,0.4728,-0.8812,0,0,1,28.575,77.175,53.0,61.51,386.5
GRID_R03_C05,2023-06-04,2023,6,4,155,0.4575,-0.8892,0,0,1,28.575,77.175,78.77,80.91,325.5
GRID_R03_C05,2023-06-05,2023,6,5,156,0.4422,-0.8969,0,0,1,28.575,77.175,62.55,71.0,251.1
GRID_R03_C05,2023-06-06,2023,6,6,157,0.4267,-0.9044,0,0,1,28.575,77.175,67.29,33.7,572.5
GRID_R03_C05,2023-06-07,2023,6,7,158,0.4111,-0.9116,0,0,1,28.575,77.175,68.05,92.24,474.55
GRID_R03_C05,2023-06-08,2023,6,8,159,0.3953,-0.9185,0,0,1,28.575,77.175,53.69,69.34,233.88
GRID_R03_C05,2023-06-09,2023,6,9,160,0.3795,-0.9252,0,0,1,28.575,77.175,43.43,43.51,173.5
GRID_R03_C05,2023-06-10,2023,6,10,161,0.3635,-0.9316,0,0,1,28.575,77.175,40.9,41.88,253.85
GRID_R03_C05,2023-06-11,2023,6,11,162,0.3474,-0.9377,0,0,1,28.575,77.175,39.92,35.37,191.32
GRID_R03_C05,2023-06-12,2023,6,12,163,0.3312,-0.9436,0,0,1,28.575,77.175,51.16,50.58,183.13
GRID_R03_C05,2023-06-13,2023,6,13,164,0.3149,-0.9491,0,0,1,28.575,77.175,58.07,62.85,247.82
GRID_R03_C05,2023-06-14,2023,6,14,165,0.2986,-0.9544,0,0,1,28.575,77.175,45.05,47.56,165.3
GRID_R03_C05,2023-06-15,2023,6,15,166,0.2821,-0.9594,0,0,1,28.575,77.175,36.9,41.12,210.9
GRID_R03_C05,2023-06-16,2023,6,16,167,0.2656,-0.9641,0,0,1,28.575,77.175,37.95,48.17,185.82
GRID_R03_C05,2023-06-17,2023,6,17,168,0.2489,-0.9685,0,0,1,28.575,77.175,42.72,46.56,196.94
GRID_R03_C05,2023-06-18,2023,6,18,169,0.2322,-0.9727,0,0,1,28.575,77.175,30.42,37.76,95.27
GRID_R03_C05,2023-06-19,2023,6,19,170,0.2155,-0.9765,0,0,1,28.575,77.175,26.76,19.09,89.0
GRID_R03_C05,2023-06-20,2023,6,20,171,0.1986,-0.9801,0,0,1,28.575,77.175,40.77,53.19,135.0
GRID_R03_C05,2023-06-21,2023,6,21,172,0.1818,-0.9833,0,0,1,28.575,77.175,37.05,27.92,126.36
GRID_R03_C05,2023-06-22,2023,6,22,173,0.1648,-0.9863,0,0,1,28.575,77.175,41.72,35.46,199.0
GRID_R03_C05,2023-06-23,2023,6,23,174,0.1478,-0.989,0,0,1,28.575,77.175,49.84,32.79,132.8
GRID_R03_C05,2023-06-24,2023,6,24,175,0.1308,-0.9914,0,0,1,28.575,77.175,53.71,59.12,164.0
GRID_R03_C05,2023-06-25,2023,6,25,176,0.1137,-0.9935,0,0,1,28.575,77.175,26.17,10.57,213.9
GRID_R03_C05,2023-06-26,2023,6,26,177,0.0966,-0.9953,0,0,1,28.575,77.175,45.76,58.46,238.0
GRID_R03_C05,2023-06-27,2023,6,27,178,0.0795,-0.9968,0,0,1,28.575,77.175,35.56,22.2,134.5
GRID_R03_C05,2023-06-28,2023,6,28,179,0.0623,-0.9981,0,0,1,28.575,77.175,33.49,42.22,122.25
GRID_R03_C05,2023-06-29,2023,6,29,180,0.0451,-0.999,0,0,1,28.575,77.175,40.76,45.28,206.0
GRID_R03_C05,2023-06-30,2023,6,30,181,0.028,-0.9996,0,0,1,28.575,77.175,25.96,19.04,324.97
GRID_R03_C05,2023-07-01,2023,7,1,182,0.0108,-0.9999,0,0,1,28.575,77.175,23.8,26.41,96.0
GRID_R03_C05,2023-07-02,2023,7,2,183,-0.0065,-1.0,0,0,1,28.575,77.175,34.21,26.01,119.0
GRID_R03_C05,2023-07-03,2023,7,3,184,-0.0237,-0.9997,0,0,1,28.575,77.175,53.81,37.97,133.0
GRID_R03_C05,2023-07-04,2023,7,4,185,-0.0408,-0.9992,0,0,1,28.575,77.175,49.22,51.84,135.02
GRID_R03_C05,2023-07-05,2023,7,5,186,-0.058,-0.9983,0,0,1,28.575,77.175,37.45,41.64,86.0
GRID_R03_C05,2023-07-06,2023,7,6,187,-0.0752,-0.9972,0,0,1,28.575,77.175,28.22,45.88,88.58
GRID_R03_C05,2023-07-07,2023,7,7,188,-0.0923,-0.9957,0,0,1,28.575,77.175,33.63,33.24,155.48
GRID_R03_C05,2023-07-08,2023,7,8,189,-0.1094,-0.994,0,0,1,28.575,77.175,27.02,21.61,192.15
GRID_R03_C05,2023-07-09,2023,7,9,190,-0.1265,-0.992,0,0,1,28.575,77.175,23.16,29.5,102.5
GRID_R03_C05,2023-07-10,2023,7,10,191,-0.1436,-0.9896,0,0,1,28.575,77.175,27.0,34.64,127.0
GRID_R03_C05,2023-07-11,2023,7,11,192,-0.1606,-0.987,0,0,1,28.575,77.175,33.59,36.34,95.5
GRID_R03_C05,2023-07-12,2023,7,12,193,-0.1775,-0.9841,0,0,1,28.575,77.175,32.39,32.56,101.15
GRID_R03_C05,2023-07-13,2023,7,13,194,-0.1944,-0.9809,0,0,1,28.575,77.175,37.11,36.05,103.0
GRID_R03_C05,2023-07-14,2023,7,14,195,-0.2113,-0.9774,0,0,1,28.575,77.175,36.83,37.88,86.6
GRID_R03_C05,2023-07-15,2023,7,15,196,-0.2281,-0.9736,0,0,1,28.575,77.175,37.5,32.62,135.25
GRID_R03_C05,2023-07-16,2023,7,16,197,-0.2448,-0.9696,0,0,1,28.575,77.175,28.46,25.38,107.4
GRID_R03_C05,2023-07-17,2023,7,17,198,-0.2614,-0.9652,0,0,1,28.575,77.175,45.31,30.88,158.0
GRID_R03_C05,2023-07-18,2023,7,18,199,-0.278,-0.9606,0,0,1,28.575,77.175,35.48,38.27,74.89
GRID_R03_C05,2023-07-19,2023,7,19,200,-0.2945,-0.9557,0,0,1,28.575,77.175,32.01,28.76,70.43
GRID_R03_C05,2023-07-20,2023,7,20,201,-0.3109,-0.9505,0,0,1,28.575,77.175,43.29,44.02,244.25
GRID_R03_C05,2023-07-21,2023,7,21,202,-0.3272,-0.945,0,0,1,28.575,77.175,53.1,60.53,274.0
GRID_R03_C05,2023-07-22,2023,7,22,203,-0.3434,-0.9392,0,0,1,28.575,77.175,34.44,34.98,124.7
GRID_R03_C05,2023-07-23,2023,7,23,204,-0.3595,-0.9332,0,0,1,28.575,77.175,27.59,26.55,94.0
GRID_R03_C05,2023-07-24,2023,7,24,205,-0.3755,-0.9268,0,0,1,28.575,77.175,30.6,33.99,141.0
GRID_R03_C05,2023-07-25,2023,7,25,206,-0.3914,-0.9202,0,0,1,28.575,77.175,43.11,37.92,123.33
GRID_R03_C05,2023-07-26,2023,7,26,207,-0.4071,-0.9134,0,0,1,28.575,77.175,24.52,10.76,91.6
GRID_R03_C05,2023-07-27,2023,7,27,208,-0.4228,-0.9062,0,0,1,28.575,77.175,39.93,45.29,160.75
GRID_R03_C05,2023-07-28,2023,7,28,209,-0.4383,-0.8988,0,0,1,28.575,77.175,35.1,43.94,172.36
GRID_R03_C05,2023-07-29,2023,7,29,210,-0.4537,-0.8912,0,0,1,28.575,77.175,16.8,18.34,95.0
GRID_R03_C05,2023-07-30,2023,7,30,211,-0.469,-0.8832,0,0,1,28.575,77.175,23.51,21.03,138.43
GRID_R03_C05,2023-07-31,2023,7,31,212,-0.4841,-0.875,0,0,1,28.575,77.175,45.49,57.92,853.8
GRID_R03_C05,2023-08-01,2023,8,1,213,-0.4991,-0.8666,0,0,1,28.575,77.175,28.05,23.08,105.33
GRID_R03_C05,2023-08-02,2023,8,2,214,-0.5139,-0.8578,0,0,1,28.575,77.175,27.37,27.07,335.4
GRID_R03_C05,2023-08-03,2023,8,3,215,-0.5286,-0.8489,0,0,1,28.575,77.175,31.06,25.45,183.33
GRID_R03_C05,2023-08-04,2023,8,4,216,-0.5431,-0.8397,0,0,1,28.575,77.175,36.88,30.03,250.75
GRID_R03_C05,2023-08-05,2023,8,5,217,-0.5575,-0.8302,0,0,1,28.575,77.175,40.65,37.91,558.29
GRID_R03_C05,2023-08-06,2023,8,6,218,-0.5717,-0.8205,0,0,1,28.575,77.175,30.95,26.53,315.18
GRID_R03_C05,2023-08-07,2023,8,7,219,-0.5857,-0.8105,0,0,1,28.575,77.175,29.26,26.44,98.5
GRID_R03_C05,2023-08-08,2023,8,8,220,-0.5996,-0.8003,0,0,1,28.575,77.175,30.8,27.08,137.0
GRID_R03_C05,2023-08-09,2023,8,9,221,-0.6132,-0.7899,0,0,1,28.575,77.175,36.83,29.18,150.12
GRID_R03_C05,2023-08-10,2023,8,10,222,-0.6267,-0.7792,0,0,1,28.575,77.175,37.31,33.22,129.6
GRID_R03_C05,2023-08-11,2023,8,11,223,-0.64,-0.7683,0,0,1,28.575,77.175,40.24,35.46,237.7
GRID_R03_C05,2023-08-12,2023,8,12,224,-0.6532,-0.7572,0,0,1,28.575,77.175,35.54,31.69,172.82
GRID_R03_C05,2023-08-13,2023,8,13,225,-0.6661,-0.7459,0,0,1,28.575,77.175,30.13,26.24,177.0
GRID_R03_C05,2023-08-14,2023,8,14,226,-0.6788,-0.7343,0,0,1,28.575,77.175,36.36,35.75,161.0
GRID_R03_C05,2023-08-15,2023,8,15,227,-0.6914,-0.7225,0,0,1,28.575,77.175,46.34,49.85,262.0
GRID_R03_C05,2023-08-16,2023,8,16,228,-0.7037,-0.7105,0,0,1,28.575,77.175,47.54,49.9,166.25
GRID_R03_C05,2023-08-17,2023,8,17,229,-0.7158,-0.6983,0,0,1,28.575,77.175,41.3,39.35,117.0
GRID_R03_C05,2023-08-18,2023,8,18,230,-0.7277,-0.6859,0,0,1,28.575,77.175,45.5,38.4,223.76
GRID_R03_C05,2023-08-19,2023,8,19,231,-0.7394,-0.6733,0,0,1,28.575,77.175,45.16,23.41,160.25
GRID_R03_C05,2023-08-20,2023,8,20,232,-0.7509,-0.6605,0,0,1,28.575,77.175,38.0,45.6,180.0
GRID_R03_C05,2023-08-21,2023,8,21,233,-0.7621,-0.6474,0,0,1,28.575,77.175,39.39,38.68,118.25
GRID_R03_C05,2023-08-22,2023,8,22,234,-0.7731,-0.6342,0,0,1,28.575,77.175,37.83,42.07,167.0
GRID_R03_C05,2023-08-23,2023,8,23,235,-0.7839,-0.6208,0,0,1,28.575,77.175,24.4,25.96,129.0
GRID_R03_C05,2023-08-24,2023,8,24,236,-0.7945,-0.6073,0,0,1,28.575,77.175,31.87,25.48,625.79
GRID_R03_C05,2023-08-25,2023,8,25,237,-0.8048,-0.5935,0,0,1,28.575,77.175,35.18,29.15,122.33
GRID_R03_C05,2023-08-26,2023,8,26,238,-0.8149,-0.5796,0,0,1,28.575,77.175,45.15,39.47,163.97
GRID_R03_C05,2023-08-27,2023,8,27,239,-0.8248,-0.5655,0,0,1,28.575,77.175,53.2,65.29,151.2
GRID_R03_C05,2023-08-28,2023,8,28,240,-0.8344,-0.5512,0,0,1,28.575,77.175,48.16,46.22,196.04
GRID_R03_C05,2023-08-29,2023,8,29,241,-0.8437,-0.5368,0,0,1,28.575,77.175,44.85,31.69,135.5
GRID_R03_C05,2023-08-30,2023,8,30,242,-0.8528,-0.5222,0,0,1,28.575,77.175,48.19,45.46,289.6
GRID_R03_C05,2023-08-31,2023,8,31,243,-0.8617,-0.5074,0,0,1,28.575,77.175,48.55,56.61,188.69
GRID_R03_C05,2023-09-01,2023,9,1,244,-0.8703,-0.4925,0,0,1,28.575,77.175,41.84,47.03,117.0
GRID_R03_C05,2023-09-02,2023,9,2,245,-0.8786,-0.4775,0,0,1,28.575,77.175,41.91,42.76,425.9
GRID_R03_C05,2023-09-03,2023,9,3,246,-0.8867,-0.4623,0,0,1,28.575,77.175,40.67,41.45,167.62
GRID_R03_C05,2023-09-04,2023,9,4,247,-0.8945,-0.447,0,0,1,28.575,77.175,39.55,47.47,201.6
GRID_R03_C05,2023-09-05,2023,9,5,248,-0.9021,-0.4315,0,0,1,28.575,77.175,39.25,33.24,126.67
GRID_R03_C05,2023-09-06,2023,9,6,249,-0.9094,-0.4159,0,0,1,28.575,77.175,31.96,31.6,240.07
GRID_R03_C05,2023-09-07,2023,9,7,250,-0.9164,-0.4002,0,0,1,28.575,77.175,34.79,29.54,120.0
GRID_R03_C05,2023-09-08,2023,9,8,251,-0.9232,-0.3844,0,0,1,28.575,77.175,23.47,18.74,134.67
GRID_R03_C05,2023-09-09,2023,9,9,252,-0.9296,-0.3685,0,0,1,28.575,77.175,13.58,11.89,238.75
GRID_R03_C05,2023-09-10,2023,9,10,253,-0.9358,-0.3524,0,0,1,28.575,77.175,11.76,19.09,276.5
GRID_R03_C05,2023-09-11,2023,9,11,254,-0.9418,-0.3363,0,0,1,28.575,77.175,26.75,21.54,129.8
GRID_R03_C05,2023-09-12,2023,9,12,255,-0.9474,-0.32,0,0,1,28.575,77.175,37.65,35.75,132.4
GRID_R03_C05,2023-09-13,2023,9,13,256,-0.9528,-0.3037,0,0,1,28.575,77.175,51.37,42.36,155.33
GRID_R03_C05,2023-09-14,2023,9,14,257,-0.9579,-0.2873,0,0,1,28.575,77.175,57.35,57.39,183.8
GRID_R03_C05,2023-09-15,2023,9,15,258,-0.9627,-0.2707,0,0,1,28.575,77.175,35.66,32.14,119.3
GRID_R03_C05,2023-09-16,2023,9,16,259,-0.9672,-0.2541,0,0,1,28.575,77.175,31.21,36.63,587.47
GRID_R03_C05,2023-09-17,2023,9,17,260,-0.9714,-0.2375,0,0,1,28.575,77.175,25.16,25.36,129.0
GRID_R03_C05,2023-09-18,2023,9,18,261,-0.9753,-0.2207,0,0,1,28.575,77.175,18.76,21.04,147.5
GRID_R03_C05,2023-09-19,2023,9,19,262,-0.979,-0.2039,0,0,1,28.575,77.175,27.1,25.77,759.58
GRID_R03_C05,2023-09-20,2023,9,20,263,-0.9824,-0.187,0,0,1,28.575,77.175,39.61,45.44,246.0
GRID_R03_C05,2023-09-21,2023,9,21,264,-0.9854,-0.1701,0,0,1,28.575,77.175,40.36,40.94,282.0
GRID_R03_C05,2023-09-22,2023,9,22,265,-0.9882,-0.1531,0,0,1,28.575,77.175,51.72,57.98,134.35
GRID_R03_C05,2023-09-23,2023,9,23,266,-0.9907,-0.1361,0,0,1,28.575,77.175,47.3,44.72,563.34
GRID_R03_C05,2023-09-24,2023,9,24,267,-0.9929,-0.1191,0,0,1,28.575,77.175,60.51,87.9,237.75
GRID_R03_C05,2023-09-25,2023,9,25,268,-0.9948,-0.102,0,0,1,28.575,77.175,63.7,70.64,709.0
GRID_R03_C05,2023-09-26,2023,9,26,269,-0.9964,-0.0848,0,0,1,28.575,77.175,69.31,82.78,152.0
GRID_R03_C05,2023-09-27,2023,9,27,270,-0.9977,-0.0677,0,0,1,28.575,77.175,51.92,52.16,442.17
GRID_R03_C05,2023-09-28,2023,9,28,271,-0.9987,-0.0505,0,0,1,28.575,77.175,58.6,63.85,141.5
GRID_R03_C05,2023-09-29,2023,9,29,272,-0.9994,-0.0333,0,0,1,28.575,77.175,69.08,76.33,157.9
GRID_R03_C05,2023-09-30,2023,9,30,273,-0.9999,-0.0161,0,0,1,28.575,77.175,65.54,84.43,275.0
GRID_R03_C05,2023-10-01,2023,10,1,274,-1.0,0.0011,0,0,1,28.575,77.175,64.31,77.34,153.8
GRID_R03_C05,2023-10-02,2023,10,2,275,-0.9998,0.0183,0,0,1,28.575,77.175,61.74,71.87,269.05
GRID_R03_C05,2023-10-03,2023,10,3,276,-0.9994,0.0355,0,0,1,28.575,77.175,64.71,76.32,278.07
GRID_R03_C05,2023-10-04,2023,10,4,277,-0.9986,0.0527,0,0,1,28.575,77.175,72.24,87.17,179.1
GRID_R03_C05,2023-10-05,2023,10,5,278,-0.9976,0.0698,0,0,1,28.575,77.175,83.87,80.79,335.83
GRID_R03_C05,2023-10-06,2023,10,6,279,-0.9962,0.087,0,0,1,28.575,77.175,91.94,95.15,480.25
GRID_R03_C05,2023-10-07,2023,10,7,280,-0.9946,0.1041,0,0,1,28.575,77.175,81.62,92.96,329.0
GRID_R03_C05,2023-10-08,2023,10,8,281,-0.9926,0.1212,0,0,1,28.575,77.175,65.44,53.8,451.02
GRID_R03_C05,2023-10-09,2023,10,9,282,-0.9904,0.1383,0,0,1,28.575,77.175,70.25,49.29,422.12
GRID_R03_C05,2023-10-10,2023,10,10,283,-0.9879,0.1553,0,0,1,28.575,77.175,69.95,48.84,763.0
GRID_R03_C05,2023-10-11,2023,10,11,284,-0.9851,0.1722,0,0,1,28.575,77.175,84.32,101.64,250.0
GRID_R03_C05,2023-10-12,2023,10,12,285,-0.9819,0.1892,0,0,1,28.575,77.175,107.82,156.92,527.25
GRID_R03_C05,2023-10-13,2023,10,13,286,-0.9785,0.206,0,0,1,28.575,77.175,130.11,184.16,805.25
GRID_R03_C05,2023-10-14,2023,10,14,287,-0.9749,0.2228,0,0,1,28.575,77.175,110.14,146.24,452.2
GRID_R03_C05,2023-10-15,2023,10,15,288,-0.9709,0.2396,1,0,1,28.575,77.175,89.09,113.73,439.25
GRID_R03_C05,2023-10-16,2023,10,16,289,-0.9666,0.2562,1,0,1,28.575,77.175,65.05,98.0,189.5
GRID_R03_C05,2023-10-17,2023,10,17,290,-0.9621,0.2728,1,0,1,28.575,77.175,42.19,28.41,171.0
GRID_R03_C05,2023-10-18,2023,10,18,291,-0.9572,0.2893,1,0,1,28.575,77.175,52.36,63.07,180.0
GRID_R03_C05,2023-10-19,2023,10,19,292,-0.9521,0.3057,1,0,1,28.575,77.175,55.38,60.28,166.5
GRID_R03_C05,2023-10-20,2023,10,20,293,-0.9467,0.3221,1,1,1,28.575,77.175,98.18,145.11,425.42
GRID_R03_C05,2023-10-21,2023,10,21,294,-0.941,0.3383,1,1,1,28.575,77.175,139.65,189.46,458.48
GRID_R03_C05,2023-10-22,2023,10,22,295,-0.9351,0.3545,1,1,1,28.575,77.175,153.79,194.82,410.0
GRID_R03_C05,2023-10-23,2023,10,23,296,-0.9288,0.3705,1,1,1,28.575,77.175,129.89,228.84,407.75
GRID_R03_C05,2023-10-24,2023,10,24,297,-0.9223,0.3864,1,1,1,28.575,77.175,101.39,127.4,323.5
GRID_R03_C05,2023-10-25,2023,10,25,298,-0.9155,0.4022,1,1,1,28.575,77.175,123.36,152.14,404.0
GRID_R03_C05,2023-10-26,2023,10,26,299,-0.9085,0.4179,1,1,1,28.575,77.175,117.31,144.12,613.0
GRID_R03_C05,2023-10-27,2023,10,27,300,-0.9012,0.4335,1,1,1,28.575,77.175,136.62,153.67,534.5
GRID_R03_C05,2023-10-28,2023,10,28,301,-0.8936,0.4489,1,1,1,28.575,77.175,162.96,200.82,563.0
GRID_R03_C05,2023-10-29,2023,10,29,302,-0.8857,0.4642,1,1,1,28.575,77.175,174.32,219.06,400.0
GRID_R03_C05,2023-10-30,2023,10,30,303,-0.8776,0.4794,1,1,1,28.575,77.175,184.86,223.49,476.0
GRID_R03_C05,2023-10-31,2023,10,31,304,-0.8692,0.4944,1,1,1,28.575,77.175,205.19,231.99,443.5
GRID_R03_C05,2023-11-01,2023,11,1,305,-0.8606,0.5093,1,1,1,28.575,77.175,185.71,221.1,443.75
GRID_R03_C05,2023-11-02,2023,11,2,306,-0.8517,0.524,1,1,1,28.575,77.175,312.49,270.19,652.5
GRID_R03_C05,2023-11-03,2023,11,3,307,-0.8426,0.5386,1,1,1,28.575,77.175,310.48,428.5,646.75
GRID_R03_C05,2023-11-04,2023,11,4,308,-0.8332,0.553,1,1,1,28.575,77.175,334.72,328.77,637.25
GRID_R03_C05,2023-11-05,2023,11,5,309,-0.8235,0.5672,1,1,1,28.575,77.175,333.91,392.4,771.0
GRID_R03_C05,2023-11-06,2023,11,6,310,-0.8137,0.5813,1,1,1,28.575,77.175,262.43,335.16,621.75
GRID_R03_C05,2023-11-07,2023,11,7,311,-0.8035,0.5952,1,1,1,28.575,77.175,266.06,271.85,554.25
GRID_R03_C05,2023-11-08,2023,11,8,312,-0.7932,0.609,1,1,1,28.575,77.175,282.3,341.5,669.0
GRID_R03_C05,2023-11-09,2023,11,9,313,-0.7826,0.6225,1,1,1,28.575,77.175,328.8,368.02,608.0
GRID_R03_C05,2023-11-10,2023,11,10,314,-0.7718,0.6359,1,1,1,28.575,77.175,123.09,42.35,639.5
GRID_R03_C05,2023-11-11,2023,11,11,315,-0.7607,0.6491,1,1,1,28.575,77.175,92.82,89.57,245.17
GRID_R03_C05,2023-11-12,2023,11,12,316,-0.7494,0.6621,1,1,1,28.575,77.175,136.56,117.27,973.0
GRID_R03_C05,2023-11-13,2023,11,13,317,-0.7379,0.6749,1,1,1,28.575,77.175,309.44,337.28,997.0
GRID_R03_C05,2023-11-14,2023,11,14,318,-0.7262,0.6875,1,1,1,28.575,77.175,233.61,252.5,633.05
GRID_R03_C05,2023-11-15,2023,11,15,319,-0.7143,0.6998,1,1,1,28.575,77.175,257.18,349.19,527.75
GRID_R03_C05,2023-11-16,2023,11,16,320,-0.7021,0.712,1,1,1,28.575,77.175,325.3,364.68,632.75
GRID_R03_C05,2023-11-17,2023,11,17,321,-0.6898,0.724,1,1,1,28.575,77.175,235.51,335.7,633.0
GRID_R03_C05,2023-11-18,2023,11,18,322,-0.6772,0.7358,1,1,1,28.575,77.175,158.45,178.05,381.0
GRID_R03_C05,2023-11-19,2023,11,19,323,-0.6645,0.7473,1,1,1,28.575,77.175,160.41,171.08,544.0
GRID_R03_C05,2023-11-20,2023,11,20,324,-0.6515,0.7586,1,1,1,28.575,77.175,201.14,251.19,636.81
GRID_R03_C05,2023-11-21,2023,11,21,325,-0.6384,0.7697,1,0,1,28.575,77.175,235.7,257.44,404.0
GRID_R03_C05,2023-11-22,2023,11,22,326,-0.625,0.7806,1,0,1,28.575,77.175,239.69,276.53,514.0
GRID_R03_C05,2023-11-23,2023,11,23,327,-0.6115,0.7912,1,0,1,28.575,77.175,247.62,267.48,635.93
GRID_R03_C05,2023-11-24,2023,11,24,328,-0.5978,0.8016,1,0,1,28.575,77.175,303.74,346.38,910.5
GRID_R03_C05,2023-11-25,2023,11,25,329,-0.584,0.8118,1,0,1,28.575,77.175,254.87,305.8,508.25
GRID_R03_C05,2023-11-26,2023,11,26,330,-0.5699,0.8217,1,0,1,28.575,77.175,270.39,315.22,717.5
GRID_R03_C05,2023-11-27,2023,11,27,331,-0.5557,0.8314,1,0,1,28.575,77.175,228.52,267.01,471.5
GRID_R03_C05,2023-11-28,2023,11,28,332,-0.5413,0.8408,1,0,1,28.575,77.175,136.84,182.42,350.0
GRID_R03_C05,2023-11-29,2023,11,29,333,-0.5268,0.85,1,0,1,28.575,77.175,188.94,180.79,549.0
GRID_R03_C05,2023-11-30,2023,11,30,334,-0.5121,0.859,1,0,1,28.575,77.175,254.65,296.44,555.0
GRID_R03_C05,2023-12-01,2023,12,1,335,-0.4972,0.8676,1,0,1,28.575,77.175,223.03,224.22,552.0
GRID_R03_C05,2023-12-02,2023,12,2,336,-0.4822,0.8761,1,0,1,28.575,77.175,161.3,176.49,382.25
GRID_R03_C05,2023-12-03,2023,12,3,337,-0.4671,0.8842,1,0,1,28.575,77.175,154.52,184.0,542.0
GRID_R03_C05,2023-12-04,2023,12,4,338,-0.4518,0.8921,1,0,1,28.575,77.175,154.1,182.68,612.28
GRID_R03_C05,2023-12-05,2023,12,5,339,-0.4364,0.8998,1,0,1,28.575,77.175,139.18,173.96,394.75
GRID_R03_C05,2023-12-06,2023,12,6,340,-0.4208,0.9071,1,0,1,28.575,77.175,139.58,161.97,389.0
GRID_R03_C05,2023-12-07,2023,12,7,341,-0.4052,0.9142,1,0,1,28.575,77.175,174.82,197.11,578.0
GRID_R03_C05,2023-12-08,2023,12,8,342,-0.3894,0.9211,1,0,1,28.575,77.175,161.49,156.9,475.0
GRID_R03_C05,2023-12-09,2023,12,9,343,-0.3735,0.9276,1,0,1,28.575,77.175,163.31,175.44,427.5
GRID_R03_C05,2023-12-10,2023,12,10,344,-0.3575,0.9339,1,0,1,28.575,77.175,156.68,160.56,463.0
GRID_R03_C05,2023-12-11,2023,12,11,345,-0.3413,0.9399,1,0,1,28.575,77.175,168.19,182.37,561.0
GRID_R03_C05,2023-12-12,2023,12,12,346,-0.3251,0.9457,1,0,1,28.575,77.175,227.63,294.87,665.51
GRID_R03_C05,2023-12-13,2023,12,13,347,-0.3088,0.9511,1,0,1,28.575,77.175,231.66,294.47,719.0
GRID_R03_C05,2023-12-14,2023,12,14,348,-0.2924,0.9563,1,0,1,28.575,77.175,169.19,191.95,493.0
GRID_R03_C05,2023-12-15,2023,12,15,349,-0.2759,0.9612,1,0,1,28.575,77.175,186.46,220.69,482.0
GRID_R03_C05,2023-12-16,2023,12,16,350,-0.2593,0.9658,1,0,1,28.575,77.175,219.33,280.89,541.91
GRID_R03_C05,2023-12-17,2023,12,17,351,-0.2427,0.9701,1,0,1,28.575,77.175,201.73,245.12,608.0
GRID_R03_C05,2023-12-18,2023,12,18,352,-0.226,0.9741,1,0,1,28.575,77.175,154.57,174.45,365.5
GRID_R03_C05,2023-12-19,2023,12,19,353,-0.2092,0.9779,1,0,1,28.575,77.175,131.33,149.75,420.75
GRID_R03_C05,2023-12-20,2023,12,20,354,-0.1923,0.9813,1,0,1,28.575,77.175,153.31,140.51,486.06
GRID_R03_C05,2023-12-21,2023,12,21,355,-0.1754,0.9845,1,0,1,28.575,77.175,231.12,244.39,542.82
GRID_R03_C05,2023-12-22,2023,12,22,356,-0.1585,0.9874,1,0,1,28.575,77.175,309.16,272.04,634.0
GRID_R03_C05,2023-12-23,2023,12,23,357,-0.1414,0.9899,1,0,1,28.575,77.175,316.03,372.88,889.5
GRID_R03_C05,2023-12-24,2023,12,24,358,-0.1244,0.9922,1,0,1,28.575,77.175,285.82,359.89,656.25
GRID_R03_C05,2023-12-25,2023,12,25,359,-0.1073,0.9942,1,0,1,28.575,77.175,216.32,210.69,579.33
GRID_R03_C05,2023-12-26,2023,12,26,360,-0.0902,0.9959,1,0,1,28.575,77.175,232.53,227.58,572.75
GRID_R03_C05,2023-12-27,2023,12,27,361,-0.073,0.9973,1,0,1,28.575,77.175,261.75,187.44,613.75
GRID_R03_C05,2023-12-28,2023,12,28,362,-0.0559,0.9984,1,0,1,28.575,77.175,188.87,138.42,437.5
GRID_R03_C05,2023-12-29,2023,12,29,363,-0.0387,0.9993,1,0,1,28.575,77.175,253.49,197.63,560.75
GRID_R03_C05,2023-12-30,2023,12,30,364,-0.0215,0.9998,1,0,1,28.575,77.175,248.19,214.17,401.0
GRID_R03_C05,2023-12-31,2023,12,31,365,-0.0043,1.0,1,0,1,28.575,77.175,215.66,191.45,356.0
GRID_R03_C05,2024-01-01,2024,1,1,1,0.0172,0.9999,1,0,1,28.575,77.175,176.71,154.68,355.0
GRID_R03_C05,2024-01-02,2024,1,2,2,0.0344,0.9994,1,0,1,28.575,77.175,180.65,168.0,478.5
GRID_R03_C05,2024-01-03,2024,1,3,3,0.0516,0.9987,1,0,1,28.575,77.175,191.73,129.29,716.0
GRID_R03_C05,2024-01-04,2024,1,4,4,0.0688,0.9976,1,0,1,28.575,77.175,215.34,189.23,465.75
GRID_R03_C05,2024-01-05,2024,1,5,5,0.0859,0.9963,1,0,1,28.575,77.175,158.89,117.06,353.25
GRID_R03_C05,2024-01-06,2024,1,6,6,0.103,0.9947,1,0,1,28.575,77.175,170.61,129.12,473.67
GRID_R03_C05,2024-01-07,2024,1,7,7,0.1201,0.9928,1,0,1,28.575,77.175,167.25,134.64,473.25
GRID_R03_C05,2024-01-08,2024,1,8,8,0.1372,0.9905,1,0,1,28.575,77.175,227.1,166.1,737.75
GRID_R03_C05,2024-01-09,2024,1,9,9,0.1542,0.988,1,0,1,28.575,77.175,131.42,143.72,288.12
GRID_R03_C05,2024-01-10,2024,1,10,10,0.1712,0.9852,1,0,1,28.575,77.175,154.84,107.78,457.17
GRID_R03_C05,2024-01-11,2024,1,11,11,0.1881,0.9821,1,0,1,28.575,77.175,188.87,157.43,515.5
GRID_R03_C05,2024-01-12,2024,1,12,12,0.205,0.9788,1,0,1,28.575,77.175,181.96,127.27,881.0
GRID_R03_C05,2024-01-13,2024,1,13,13,0.2218,0.9751,1,0,1,28.575,77.175,353.96,224.6,958.0
GRID_R03_C05,2024-01-14,2024,1,14,14,0.2385,0.9711,1,0,1,28.575,77.175,322.05,237.24,919.0
GRID_R03_C05,2024-01-15,2024,1,15,15,0.2552,0.9669,1,0,1,28.575,77.175,185.48,135.55,704.75
GRID_R03_C05,2024-01-16,2024,1,16,16,0.2718,0.9624,1,0,1,28.575,77.175,241.48,211.13,522.5
GRID_R03_C05,2024-01-17,2024,1,17,17,0.2883,0.9575,1,0,1,28.575,77.175,204.75,183.05,478.75
GRID_R03_C05,2024-01-18,2024,1,18,18,0.3047,0.9524,1,0,1,28.575,77.175,171.02,102.78,445.0
GRID_R03_C05,2024-01-19,2024,1,19,19,0.3211,0.9471,1,0,1,28.575,77.175,180.88,144.48,352.0
GRID_R03_C05,2024-01-20,2024,1,20,20,0.3373,0.9414,1,0,1,28.575,77.175,185.5,138.15,534.0
GRID_R03_C05,2024-01-21,2024,1,21,21,0.3534,0.9355,1,0,1,28.575,77.175,170.0,135.9,377.75
GRID_R03_C05,2024-01-22,2024,1,22,22,0.3695,0.9292,1,0,1,28.575,77.175,206.04,144.34,701.0
GRID_R03_C05,2024-01-23,2024,1,23,23,0.3854,0.9227,1,0,1,28.575,77.175,219.24,142.07,487.0
GRID_R03_C05,2024-01-24,2024,1,24,24,0.4012,0.916,1,0,1,28.575,77.175,246.43,216.23,531.75
GRID_R03_C05,2024-01-25,2024,1,25,25,0.4169,0.9089,1,0,1,28.575,77.175,194.53,103.21,655.75
GRID_R03_C05,2024-01-26,2024,1,26,26,0.4325,0.9016,1,0,1,28.575,77.175,289.48,260.3,917.0
GRID_R03_C05,2024-01-27,2024,1,27,27,0.4479,0.8941,1,0,1,28.575,77.175,181.24,191.55,583.75
GRID_R03_C05,2024-01-28,2024,1,28,28,0.4633,0.8862,1,0,1,28.575,77.175,252.72,244.89,693.85
GRID_R03_C05,2024-01-29,2024,1,29,29,0.4784,0.8781,1,0,1,28.575,77.175,202.95,155.93,541.75
GRID_R03_C05,2024-01-30,2024,1,30,30,0.4935,0.8698,1,0,1,28.575,77.175,213.54,130.5,529.25
GRID_R03_C05,2024-01-31,2024,1,31,31,0.5084,0.8611,1,0,1,28.575,77.175,223.33,196.58,517.0
GRID_R03_C05,2024-02-01,2024,2,1,32,0.5231,0.8523,0,0,1,28.575,77.175,65.75,39.6,201.5
GRID_R03_C05,2024-02-02,2024,2,2,33,0.5377,0.8432,0,0,1,28.575,77.175,102.63,75.95,242.25
GRID_R03_C05,2024-02-03,2024,2,3,34,0.5521,0.8338,0,0,1,28.575,77.175,98.88,86.22,505.67
GRID_R03_C05,2024-02-04,2024,2,4,35,0.5664,0.8242,0,0,1,28.575,77.175,122.9,107.12,379.5
GRID_R03_C05,2024-02-05,2024,2,5,36,0.5805,0.8143,0,0,1,28.575,77.175,74.81,82.84,184.25
GRID_R03_C05,2024-02-06,2024,2,6,37,0.5944,0.8042,0,0,1,28.575,77.175,66.58,63.62,361.75
GRID_R03_C05,2024-02-07,2024,2,7,38,0.6081,0.7938,0,0,1,28.575,77.175,76.73,85.12,255.0
GRID_R03_C05,2024-02-08,2024,2,8,39,0.6217,0.7833,0,0,1,28.575,77.175,68.77,72.95,154.25
GRID_R03_C05,2024-02-09,2024,2,9,40,0.6351,0.7725,0,0,1,28.575,77.175,79.73,71.07,558.5
GRID_R03_C05,2024-02-10,2024,2,10,41,0.6483,0.7614,0,0,1,28.575,77.175,176.74,203.85,389.5
GRID_R03_C05,2024-02-11,2024,2,11,42,0.6613,0.7502,0,0,1,28.575,77.175,155.21,183.53,441.15
GRID_R03_C05,2024-02-12,2024,2,12,43,0.6741,0.7387,0,0,1,28.575,77.175,156.73,157.1,623.22
GRID_R03_C05,2024-02-13,2024,2,13,44,0.6867,0.727,0,0,1,28.575,77.175,203.35,210.56,458.74
GRID_R03_C05,2024-02-14,2024,2,14,45,0.6991,0.715,0,0,1,28.575,77.175,167.1,188.5,370.0
GRID_R03_C05,2024-02-15,2024,2,15,46,0.7113,0.7029,0,0,1,28.575,77.175,127.23,146.4,330.25
GRID_R03_C05,2024-02-16,2024,2,16,47,0.7233,0.6906,0,0,1,28.575,77.175,119.97,154.31,300.5
GRID_R03_C05,2024-02-17,2024,2,17,48,0.735,0.678,0,0,1,28.575,77.175,119.98,144.88,646.0
GRID_R03_C05,2024-02-18,2024,2,18,49,0.7466,0.6653,0,0,1,28.575,77.175,131.33,173.24,354.5
GRID_R03_C05,2024-02-19,2024,2,19,50,0.7579,0.6523,0,0,1,28.575,77.175,89.77,94.2,177.0
GRID_R03_C05,2024-02-20,2024,2,20,51,0.769,0.6392,0,0,1,28.575,77.175,120.38,118.12,384.67
GRID_R03_C05,2024-02-21,2024,2,21,52,0.7799,0.6259,0,0,1,28.575,77.175,89.5,92.84,263.0
GRID_R03_C05,2024-02-22,2024,2,22,53,0.7906,0.6124,0,0,1,28.575,77.175,61.85,89.15,268.68
GRID_R03_C05,2024-02-23,2024,2,23,54,0.801,0.5987,0,0,1,28.575,77.175,61.04,90.79,217.0
GRID_R03_C05,2024-02-24,2024,2,24,55,0.8112,0.5848,0,0,1,28.575,77.175,87.64,115.14,300.0
GRID_R03_C05,2024-02-25,2024,2,25,56,0.8211,0.5708,0,0,1,28.575,77.175,81.27,119.8,288.75
GRID_R03_C05,2024-02-26,2024,2,26,57,0.8308,0.5566,0,0,1,28.575,77.175,78.98,86.04,306.0
GRID_R03_C05,2024-02-27,2024,2,27,58,0.8402,0.5422,0,0,1,28.575,77.175,62.45,58.12,304.5
GRID_R03_C05,2024-02-28,2024,2,28,59,0.8495,0.5277,0,0,1,28.575,77.175,62.5,78.98,150.0
GRID_R03_C05,2024-02-29,2024,2,29,60,0.8584,0.513,0,0,1,28.575,77.175,67.57,85.39,255.67
GRID_R03_C05,2024-03-01,2024,3,1,61,0.8671,0.4981,0,0,1,28.575,77.175,91.52,134.08,369.75
GRID_R03_C05,2024-03-02,2024,3,2,62,0.8755,0.4831,0,0,1,28.575,77.175,33.53,30.69,331.1
GRID_R03_C05,2024-03-03,2024,3,3,63,0.8837,0.468,0,0,1,28.575,77.175,48.58,49.28,117.9
GRID_R03_C05,2024-03-04,2024,3,4,64,0.8916,0.4527,0,0,1,28.575,77.175,49.29,71.84,205.88
GRID_R03_C05,2024-03-05,2024,3,5,65,0.8993,0.4373,0,0,1,28.575,77.175,51.0,69.14,175.0
GRID_R03_C05,2024-03-06,2024,3,6,66,0.9067,0.4218,0,0,1,28.575,77.175,64.49,79.17,183.0
GRID_R03_C05,2024-03-07,2024,3,7,67,0.9138,0.4061,0,0,1,28.575,77.175,80.81,121.31,337.5
GRID_R03_C05,2024-03-08,2024,3,8,68,0.9207,0.3904,0,0,1,28.575,77.175,66.34,104.42,274.0
GRID_R03_C05,2024-03-09,2024,3,9,69,0.9272,0.3745,0,0,1,28.575,77.175,63.06,93.09,285.0
GRID_R03_C05,2024-03-10,2024,3,10,70,0.9335,0.3585,0,0,1,28.575,77.175,86.75,138.24,316.0
GRID_R03_C05,2024-03-11,2024,3,11,71,0.9396,0.3424,0,0,1,28.575,77.175,88.46,131.6,283.0
GRID_R03_C05,2024-03-12,2024,3,12,72,0.9453,0.3261,0,0,1,28.575,77.175,86.46,148.93,356.25
GRID_R03_C05,2024-03-13,2024,3,13,73,0.9508,0.3098,0,0,1,28.575,77.175,78.88,127.07,374.75
GRID_R03_C05,2024-03-14,2024,3,14,74,0.956,0.2934,0,0,1,28.575,77.175,87.64,146.29,340.25
GRID_R03_C05,2024-03-15,2024,3,15,75,0.9609,0.2769,0,0,1,28.575,77.175,47.12,61.55,523.84
GRID_R03_C05,2024-03-16,2024,3,16,76,0.9655,0.2604,0,0,1,28.575,77.175,77.67,97.76,272.5
GRID_R03_C05,2024-03-17,2024,3,17,77,0.9698,0.2437,0,0,1,28.575,77.175,91.12,140.8,319.25
GRID_R03_C05,2024-03-18,2024,3,18,78,0.9739,0.227,0,0,1,28.575,77.175,93.32,157.23,291.25
GRID_R03_C05,2024-03-19,2024,3,19,79,0.9777,0.2102,0,0,1,28.575,77.175,108.69,175.32,376.25
GRID_R03_C05,2024-03-20,2024,3,20,80,0.9811,0.1934,0,0,1,28.575,77.175,108.6,172.42,421.5
GRID_R03_C05,2024-03-21,2024,3,21,81,0.9843,0.1765,0,0,1,28.575,77.175,77.68,59.9,330.25
GRID_R03_C05,2024-03-22,2024,3,22,82,0.9872,0.1595,0,0,1,28.575,77.175,82.59,79.74,827.0
GRID_R03_C05,2024-03-23,2024,3,23,83,0.9898,0.1425,0,0,1,28.575,77.175,96.68,130.32,452.25
GRID_R03_C05,2024-03-24,2024,3,24,84,0.9921,0.1255,0,0,1,28.575,77.175,86.06,153.42,546.43
GRID_R03_C05,2024-03-25,2024,3,25,85,0.9941,0.1084,0,0,1,28.575,77.175,95.96,123.37,766.1
GRID_R03_C05,2024-03-26,2024,3,26,86,0.9958,0.0913,0,0,1,28.575,77.175,64.8,93.9,230.75
GRID_R03_C05,2024-03-27,2024,3,27,87,0.9972,0.0741,0,0,1,28.575,77.175,71.34,105.85,633.7
GRID_R03_C05,2024-03-28,2024,3,28,88,0.9984,0.057,0,0,1,28.575,77.175,68.5,91.49,426.88
GRID_R03_C05,2024-03-29,2024,3,29,89,0.9992,0.0398,0,0,1,28.575,77.175,85.28,117.0,568.35
GRID_R03_C05,2024-03-30,2024,3,30,90,0.9997,0.0226,0,0,1,28.575,77.175,86.72,102.6,518.72
GRID_R03_C05,2024-03-31,2024,3,31,91,1.0,0.0054,0,0,1,28.575,77.175,94.3,161.78,409.5
GRID_R03_C05,2024-04-01,2024,4,1,92,0.9999,-0.0118,0,0,1,28.575,77.175,53.67,88.33,567.9
GRID_R03_C05,2024-04-02,2024,4,2,93,0.9996,-0.029,0,0,1,28.575,77.175,64.78,118.59,542.43
GRID_R03_C05,2024-04-03,2024,4,3,94,0.9989,-0.0462,0,0,1,28.575,77.175,75.55,95.29,258.08
GRID_R03_C05,2024-04-04,2024,4,4,95,0.998,-0.0634,0,0,1,28.575,77.175,64.74,66.14,347.84
GRID_R03_C05,2024-04-05,2024,4,5,96,0.9968,-0.0805,0,0,1,28.575,77.175,63.67,84.65,237.42
GRID_R03_C05,2024-04-06,2024,4,6,97,0.9952,-0.0977,0,0,1,28.575,77.175,69.6,110.57,272.0
GRID_R03_C05,2024-04-07,2024,4,7,98,0.9934,-0.1148,0,0,1,28.575,77.175,84.93,177.41,398.0
GRID_R03_C05,2024-04-08,2024,4,8,99,0.9913,-0.1319,0,0,1,28.575,77.175,88.75,163.73,446.92
GRID_R03_C05,2024-04-09,2024,4,9,100,0.9889,-0.1489,0,0,1,28.575,77.175,85.74,124.7,331.43
GRID_R03_C05,2024-04-10,2024,4,10,101,0.9861,-0.1659,0,0,1,28.575,77.175,98.3,141.13,408.4
GRID_R03_C05,2024-04-11,2024,4,11,102,0.9831,-0.1828,0,0,1,28.575,77.175,88.87,143.02,483.95
GRID_R03_C05,2024-04-12,2024,4,12,103,0.9799,-0.1997,0,0,1,28.575,77.175,105.11,166.63,368.48
GRID_R03_C05,2024-04-13,2024,4,13,104,0.9763,-0.2165,0,0,1,28.575,77.175,66.97,76.5,438.28
GRID_R03_C05,2024-04-14,2024,4,14,105,0.9724,-0.2333,0,0,1,28.575,77.175,64.63,78.3,294.48
GRID_R03_C05,2024-04-15,2024,4,15,106,0.9683,-0.25,0,0,1,28.575,77.175,105.5,152.52,465.69
GRID_R03_C05,2024-04-16,2024,4,16,107,0.9638,-0.2666,0,0,1,28.575,77.175,86.72,153.98,448.0
GRID_R03_C05,2024-04-17,2024,4,17,108,0.9591,-0.2831,0,0,1,28.575,77.175,43.9,66.24,288.8
GRID_R03_C05,2024-04-18,2024,4,18,109,0.9541,-0.2996,0,0,1,28.575,77.175,56.12,92.33,375.4
GRID_R03_C05,2024-04-19,2024,4,19,110,0.9488,-0.316,0,0,1,28.575,77.175,63.15,82.74,302.02
GRID_R03_C05,2024-04-20,2024,4,20,111,0.9432,-0.3322,0,0,1,28.575,77.175,65.01,90.71,356.66
GRID_R03_C05,2024-04-21,2024,4,21,112,0.9373,-0.3484,0,0,1,28.575,77.175,47.47,64.36,311.12
GRID_R03_C05,2024-04-22,2024,4,22,113,0.9312,-0.3645,0,0,1,28.575,77.175,40.97,27.3,309.25
GRID_R03_C05,2024-04-23,2024,4,23,114,0.9248,-0.3804,0,0,1,28.575,77.175,71.66,92.4,332.25
GRID_R03_C05,2024-04-24,2024,4,24,115,0.9181,-0.3963,0,0,1,28.575,77.175,70.77,126.53,405.0
GRID_R03_C05,2024-04-25,2024,4,25,116,0.9112,-0.412,0,0,1,28.575,77.175,83.96,174.96,518.25
GRID_R03_C05,2024-04-26,2024,4,26,117,0.9039,-0.4276,0,0,1,28.575,77.175,66.73,92.69,260.0
GRID_R03_C05,2024-04-27,2024,4,27,118,0.8965,-0.4431,0,0,1,28.575,77.175,57.75,66.83,278.97
GRID_R03_C05,2024-04-28,2024,4,28,119,0.8887,-0.4585,0,0,1,28.575,77.175,58.7,67.53,340.22
GRID_R03_C05,2024-04-29,2024,4,29,120,0.8807,-0.4737,0,0,1,28.575,77.175,80.76,131.67,234.5
GRID_R03_C05,2024-04-30,2024,4,30,121,0.8724,-0.4888,0,0,1,28.575,77.175,63.92,91.66,325.5
GRID_R03_C05,2024-05-01,2024,5,1,122,0.8639,-0.5037,0,0,1,28.575,77.175,65.65,62.86,392.75
GRID_R03_C05,2024-05-02,2024,5,2,123,0.8551,-0.5185,0,0,1,28.575,77.175,83.75,120.49,362.0
GRID_R03_C05,2024-05-03,2024,5,3,124,0.846,-0.5331,0,0,1,28.575,77.175,134.28,202.24,468.98
GRID_R03_C05,2024-05-04,2024,5,4,125,0.8367,-0.5476,0,0,1,28.575,77.175,142.52,227.39,440.95
GRID_R03_C05,2024-05-05,2024,5,5,126,0.8272,-0.5619,0,0,1,28.575,77.175,142.22,264.3,575.75
GRID_R03_C05,2024-05-06,2024,5,6,127,0.8174,-0.5761,0,0,1,28.575,77.175,114.38,178.61,544.28
GRID_R03_C05,2024-05-07,2024,5,7,128,0.8074,-0.59,0,0,1,28.575,77.175,153.68,242.45,501.0
GRID_R03_C05,2024-05-08,2024,5,8,129,0.7971,-0.6038,0,0,1,28.575,77.175,75.7,65.79,381.71
GRID_R03_C05,2024-05-09,2024,5,9,130,0.7866,-0.6175,0,0,1,28.575,77.175,57.38,42.19,190.7
GRID_R03_C05,2024-05-10,2024,5,10,131,0.7759,-0.6309,0,0,1,28.575,77.175,79.65,69.38,942.14
GRID_R03_C05,2024-05-11,2024,5,11,132,0.7649,-0.6442,0,0,1,28.575,77.175,72.03,87.8,937.56
GRID_R03_C05,2024-05-12,2024,5,12,133,0.7537,-0.6572,0,0,1,28.575,77.175,85.34,93.66,416.0
GRID_R03_C05,2024-05-13,2024,5,13,134,0.7423,-0.6701,0,0,1,28.575,77.175,96.45,108.86,447.62
GRID_R03_C05,2024-05-14,2024,5,14,135,0.7306,-0.6828,0,0,1,28.575,77.175,110.77,184.72,942.06
GRID_R03_C05,2024-05-15,2024,5,15,136,0.7188,-0.6952,0,0,1,28.575,77.175,125.21,191.41,497.88
GRID_R03_C05,2024-05-16,2024,5,16,137,0.7067,-0.7075,0,0,1,28.575,77.175,105.87,103.27,336.32
GRID_R03_C05,2024-05-17,2024,5,17,138,0.6945,-0.7195,0,0,1,28.575,77.175,91.4,97.71,455.2
GRID_R03_C05,2024-05-18,2024,5,18,139,0.682,-0.7314,0,0,1,28.575,77.175,110.13,142.61,461.08
GRID_R03_C05,2024-05-19,2024,5,19,140,0.6693,-0.743,0,0,1,28.575,77.175,97.3,165.85,331.0
GRID_R03_C05,2024-05-20,2024,5,20,141,0.6564,-0.7544,0,0,1,28.575,77.175,86.89,133.35,942.44
GRID_R03_C05,2024-05-21,2024,5,21,142,0.6433,-0.7656,0,0,1,28.575,77.175,82.25,80.16,345.62
GRID_R03_C05,2024-05-22,2024,5,22,143,0.6301,-0.7765,0,0,1,28.575,77.175,71.31,73.7,199.0
GRID_R03_C05,2024-05-23,2024,5,23,144,0.6166,-0.7873,0,0,1,28.575,77.175,54.6,50.08,534.0
GRID_R03_C05,2024-05-24,2024,5,24,145,0.603,-0.7978,0,0,1,28.575,77.175,55.08,51.51,687.33
GRID_R03_C05,2024-05-25,2024,5,25,146,0.5892,-0.808,0,0,1,28.575,77.175,69.06,78.33,484.22
GRID_R03_C05,2024-05-26,2024,5,26,147,0.5752,-0.818,0,0,1,28.575,77.175,77.83,122.22,724.05
GRID_R03_C05,2024-05-27,2024,5,27,148,0.561,-0.8278,0,0,1,28.575,77.175,94.46,115.4,806.88
GRID_R03_C05,2024-05-28,2024,5,28,149,0.5467,-0.8373,0,0,1,28.575,77.175,95.19,109.84,503.78
GRID_R03_C05,2024-05-29,2024,5,29,150,0.5322,-0.8466,0,0,1,28.575,77.175,72.41,69.93,232.07
GRID_R03_C05,2024-05-30,2024,5,30,151,0.5176,-0.8556,0,0,1,28.575,77.175,67.0,75.42,530.0
GRID_R03_C05,2024-05-31,2024,5,31,152,0.5028,-0.8644,0,0,1,28.575,77.175,71.57,82.35,720.85
GRID_R03_C05,2024-06-01,2024,6,1,153,0.4878,-0.8729,0,0,1,28.575,77.175,75.06,88.07,484.68
GRID_R03_C05,2024-06-02,2024,6,2,154,0.4728,-0.8812,0,0,1,28.575,77.175,47.07,52.75,353.9
GRID_R03_C05,2024-06-03,2024,6,3,155,0.4575,-0.8892,0,0,1,28.575,77.175,58.78,55.73,830.8
GRID_R03_C05,2024-06-04,2024,6,4,156,0.4422,-0.8969,0,0,1,28.575,77.175,77.2,65.62,651.9
GRID_R03_C05,2024-06-05,2024,6,5,157,0.4267,-0.9044,0,0,1,28.575,77.175,75.46,61.75,960.04
GRID_R03_C05,2024-06-06,2024,6,6,158,0.4111,-0.9116,0,0,1,28.575,77.175,56.97,54.09,960.04
GRID_R03_C05,2024-06-07,2024,6,7,159,0.3953,-0.9185,0,0,1,28.575,77.175,64.59,88.6,826.68
GRID_R03_C05,2024-06-08,2024,6,8,160,0.3795,-0.9252,0,0,1,28.575,77.175,62.7,70.07,517.0
GRID_R03_C05,2024-06-09,2024,6,9,161,0.3635,-0.9316,0,0,1,28.575,77.175,55.34,76.61,783.42
GRID_R03_C05,2024-06-10,2024,6,10,162,0.3474,-0.9377,0,0,1,28.575,77.175,54.09,50.08,545.1
GRID_R03_C05,2024-06-11,2024,6,11,163,0.3312,-0.9436,0,0,1,28.575,77.175,87.56,145.0,958.38
GRID_R03_C05,2024-06-12,2024,6,12,164,0.3149,-0.9491,0,0,1,28.575,77.175,69.53,79.64,604.6
GRID_R03_C05,2024-06-13,2024,6,13,165,0.2986,-0.9544,0,0,1,28.575,77.175,54.47,40.91,555.92
GRID_R03_C05,2024-06-14,2024,6,14,166,0.2821,-0.9594,0,0,1,28.575,77.175,47.73,45.94,957.3
GRID_R03_C05,2024-06-15,2024,6,15,167,0.2656,-0.9641,0,0,1,28.575,77.175,46.51,40.34,366.6
GRID_R03_C05,2024-06-16,2024,6,16,168,0.2489,-0.9685,0,0,1,28.575,77.175,57.05,71.94,435.58
GRID_R03_C05,2024-06-17,2024,6,17,169,0.2322,-0.9727,0,0,1,28.575,77.175,54.85,63.44,257.74
GRID_R03_C05,2024-06-18,2024,6,18,170,0.2155,-0.9765,0,0,1,28.575,77.175,72.03,65.02,275.75
GRID_R03_C05,2024-06-19,2024,6,19,171,0.1986,-0.9801,0,0,1,28.575,77.175,66.38,46.3,505.3
GRID_R03_C05,2024-06-20,2024,6,20,172,0.1818,-0.9833,0,0,1,28.575,77.175,45.45,39.76,250.05
GRID_R03_C05,2024-06-21,2024,6,21,173,0.1648,-0.9863,0,0,1,28.575,77.175,64.15,65.06,222.48
GRID_R03_C05,2024-06-22,2024,6,22,174,0.1478,-0.989,0,0,1,28.575,77.175,90.97,143.47,530.9
GRID_R03_C05,2024-06-23,2024,6,23,175,0.1308,-0.9914,0,0,1,28.575,77.175,62.9,73.78,290.55
GRID_R03_C05,2024-06-24,2024,6,24,176,0.1137,-0.9935,0,0,1,28.575,77.175,59.25,73.91,214.62
GRID_R03_C05,2024-06-25,2024,6,25,177,0.0966,-0.9953,0,0,1,28.575,77.175,67.44,72.47,540.02
GRID_R03_C05,2024-06-26,2024,6,26,178,0.0795,-0.9968,0,0,1,28.575,77.175,51.45,72.43,247.49
GRID_R03_C05,2024-06-27,2024,6,27,179,0.0623,-0.9981,0,0,1,28.575,77.175,30.98,36.68,895.74
GRID_R03_C05,2024-06-28,2024,6,28,180,0.0451,-0.999,0,0,1,28.575,77.175,37.15,13.21,551.28
GRID_R03_C05,2024-06-29,2024,6,29,181,0.028,-0.9996,0,0,1,28.575,77.175,46.95,66.67,296.73
GRID_R03_C05,2024-06-30,2024,6,30,182,0.0108,-0.9999,0,0,1,28.575,77.175,60.22,62.81,210.0
GRID_R03_C05,2024-07-01,2024,7,1,183,-0.0065,-1.0,0,0,1,28.575,77.175,35.88,25.08,116.0
GRID_R03_C05,2024-07-02,2024,7,2,184,-0.0237,-0.9997,0,0,1,28.575,77.175,42.69,56.37,223.0
GRID_R03_C05,2024-07-03,2024,7,3,185,-0.0408,-0.9992,0,0,1,28.575,77.175,35.51,43.66,212.0
GRID_R03_C05,2024-07-04,2024,7,4,186,-0.058,-0.9983,0,0,1,28.575,77.175,28.18,24.9,942.06
GRID_R03_C05,2024-07-05,2024,7,5,187,-0.0752,-0.9972,0,0,1,28.575,77.175,28.51,41.37,111.0
GRID_R03_C05,2024-07-06,2024,7,6,188,-0.0923,-0.9957,0,0,1,28.575,77.175,23.94,28.39,74.0
GRID_R03_C05,2024-07-07,2024,7,7,189,-0.1094,-0.994,0,0,1,28.575,77.175,11.97,9.79,73.0
GRID_R03_C05,2024-07-08,2024,7,8,190,-0.1265,-0.992,0,0,1,28.575,77.175,21.51,22.95,102.0
GRID_R03_C05,2024-07-09,2024,7,9,191,-0.1436,-0.9896,0,0,1,28.575,77.175,45.17,45.34,957.7
GRID_R03_C05,2024-07-10,2024,7,10,192,-0.1606,-0.987,0,0,1,28.575,77.175,61.77,76.81,949.68
GRID_R03_C05,2024-07-11,2024,7,11,193,-0.1775,-0.9841,0,0,1,28.575,77.175,52.49,60.01,274.4
GRID_R03_C05,2024-07-12,2024,7,12,194,-0.1944,-0.9809,0,0,1,28.575,77.175,27.52,18.67,110.73
GRID_R03_C05,2024-07-13,2024,7,13,195,-0.2113,-0.9774,0,0,1,28.575,77.175,38.3,31.73,201.77
GRID_R03_C05,2024-07-14,2024,7,14,196,-0.2281,-0.9736,0,0,1,28.575,77.175,49.25,56.36,234.0
GRID_R03_C05,2024-07-15,2024,7,15,197,-0.2448,-0.9696,0,0,1,28.575,77.175,46.03,55.25,332.97
GRID_R03_C05,2024-07-16,2024,7,16,198,-0.2614,-0.9652,0,0,1,28.575,77.175,43.63,49.58,151.0
GRID_R03_C05,2024-07-17,2024,7,17,199,-0.278,-0.9606,0,0,1,28.575,77.175,36.11,32.5,206.0
GRID_R03_C05,2024-07-18,2024,7,18,200,-0.2945,-0.9557,0,0,1,28.575,77.175,43.18,49.19,185.0
GRID_R03_C05,2024-07-19,2024,7,19,201,-0.3109,-0.9505,0,0,1,28.575,77.175,65.17,68.39,176.0
GRID_R03_C05,2024-07-20,2024,7,20,202,-0.3272,-0.945,0,0,1,28.575,77.175,49.09,41.51,399.82
GRID_R03_C05,2024-07-21,2024,7,21,203,-0.3434,-0.9392,0,0,1,28.575,77.175,41.75,35.8,190.0
GRID_R03_C05,2024-07-22,2024,7,22,204,-0.3595,-0.9332,0,0,1,28.575,77.175,34.71,41.74,205.1
GRID_R03_C05,2024-07-23,2024,7,23,205,-0.3755,-0.9268,0,0,1,28.575,77.175,43.21,40.94,223.0
GRID_R03_C05,2024-07-24,2024,7,24,206,-0.3914,-0.9202,0,0,1,28.575,77.175,47.22,22.37,202.34
GRID_R03_C05,2024-07-25,2024,7,25,207,-0.4071,-0.9134,0,0,1,28.575,77.175,38.5,30.7,197.0
GRID_R03_C05,2024-07-26,2024,7,26,208,-0.4228,-0.9062,0,0,1,28.575,77.175,48.84,25.79,774.31
GRID_R03_C05,2024-07-27,2024,7,27,209,-0.4383,-0.8988,0,0,1,28.575,77.175,44.1,43.08,262.5
GRID_R03_C05,2024-07-28,2024,7,28,210,-0.4537,-0.8912,0,0,1,28.575,77.175,29.58,47.7,187.13
GRID_R03_C05,2024-07-29,2024,7,29,211,-0.469,-0.8832,0,0,1,28.575,77.175,32.49,29.25,213.83
GRID_R03_C05,2024-07-30,2024,7,30,212,-0.4841,-0.875,0,0,1,28.575,77.175,40.78,38.51,129.0
GRID_R03_C05,2024-07-31,2024,7,31,213,-0.4991,-0.8666,0,0,1,28.575,77.175,33.63,39.57,521.6
GRID_R03_C05,2024-08-01,2024,8,1,214,-0.5139,-0.8578,0,0,1,28.575,77.175,19.11,11.78,765.9
GRID_R03_C05,2024-08-02,2024,8,2,215,-0.5286,-0.8489,0,0,1,28.575,77.175,32.99,38.25,200.32
GRID_R03_C05,2024-08-03,2024,8,3,216,-0.5431,-0.8397,0,0,1,28.575,77.175,22.8,22.33,89.0
GRID_R03_C05,2024-08-04,2024,8,4,217,-0.5575,-0.8302,0,0,1,28.575,77.175,18.44,17.45,127.0
GRID_R03_C05,2024-08-05,2024,8,5,218,-0.5717,-0.8205,0,0,1,28.575,77.175,20.91,23.68,60.62
GRID_R03_C05,2024-08-06,2024,8,6,219,-0.5857,-0.8105,0,0,1,28.575,77.175,21.03,18.45,814.46
GRID_R03_C05,2024-08-07,2024,8,7,220,-0.5996,-0.8003,0,0,1,28.575,77.175,18.1,14.61,119.6
GRID_R03_C05,2024-08-08,2024,8,8,221,-0.6132,-0.7899,0,0,1,28.575,77.175,21.46,22.07,299.02
GRID_R03_C05,2024-08-09,2024,8,9,222,-0.6267,-0.7792,0,0,1,28.575,77.175,26.0,30.82,315.69
GRID_R03_C05,2024-08-10,2024,8,10,223,-0.64,-0.7683,0,0,1,28.575,77.175,33.01,37.3,127.0
GRID_R03_C05,2024-08-11,2024,8,11,224,-0.6532,-0.7572,0,0,1,28.575,77.175,27.23,31.07,135.42
GRID_R03_C05,2024-08-12,2024,8,12,225,-0.6661,-0.7459,0,0,1,28.575,77.175,28.42,28.91,137.84
GRID_R03_C05,2024-08-13,2024,8,13,226,-0.6788,-0.7343,0,0,1,28.575,77.175,24.7,21.54,906.46
GRID_R03_C05,2024-08-14,2024,8,14,227,-0.6914,-0.7225,0,0,1,28.575,77.175,35.64,46.9,175.0
GRID_R03_C05,2024-08-15,2024,8,15,228,-0.7037,-0.7105,0,0,1,28.575,77.175,27.01,27.51,105.0
GRID_R03_C05,2024-08-16,2024,8,16,229,-0.7158,-0.6983,0,0,1,28.575,77.175,21.76,33.58,93.0
GRID_R03_C05,2024-08-17,2024,8,17,230,-0.7277,-0.6859,0,0,1,28.575,77.175,30.57,28.92,164.99
GRID_R03_C05,2024-08-18,2024,8,18,231,-0.7394,-0.6733,0,0,1,28.575,77.175,30.02,28.36,120.15
GRID_R03_C05,2024-08-19,2024,8,19,232,-0.7509,-0.6605,0,0,1,28.575,77.175,28.04,30.16,120.68
GRID_R03_C05,2024-08-20,2024,8,20,233,-0.7621,-0.6474,0,0,1,28.575,77.175,22.69,14.25,85.0
GRID_R03_C05,2024-08-21,2024,8,21,234,-0.7731,-0.6342,0,0,1,28.575,77.175,29.39,25.67,104.0
GRID_R03_C05,2024-08-22,2024,8,22,235,-0.7839,-0.6208,0,0,1,28.575,77.175,28.88,23.59,256.58
GRID_R03_C05,2024-08-23,2024,8,23,236,-0.7945,-0.6073,0,0,1,28.575,77.175,27.7,27.96,123.0
GRID_R03_C05,2024-08-24,2024,8,24,237,-0.8048,-0.5935,0,0,1,28.575,77.175,48.1,66.55,166.0
GRID_R03_C05,2024-08-25,2024,8,25,238,-0.8149,-0.5796,0,0,1,28.575,77.175,26.58,24.75,165.54
GRID_R03_C05,2024-08-26,2024,8,26,239,-0.8248,-0.5655,0,0,1,28.575,77.175,28.36,29.9,183.48
GRID_R03_C05,2024-08-27,2024,8,27,240,-0.8344,-0.5512,0,0,1,28.575,77.175,20.53,22.85,105.96
GRID_R03_C05,2024-08-28,2024,8,28,241,-0.8437,-0.5368,0,0,1,28.575,77.175,22.52,17.79,83.42
GRID_R03_C05,2024-08-29,2024,8,29,242,-0.8528,-0.5222,0,0,1,28.575,77.175,26.93,15.53,210.0
GRID_R03_C05,2024-08-30,2024,8,30,243,-0.8617,-0.5074,0,0,1,28.575,77.175,47.51,60.65,315.0
GRID_R03_C05,2024-08-31,2024,8,31,244,-0.8703,-0.4925,0,0,1,28.575,77.175,38.74,40.85,186.02
GRID_R03_C05,2024-09-01,2024,9,1,245,-0.8786,-0.4775,0,0,1,28.575,77.175,40.45,39.96,136.12
GRID_R03_C05,2024-09-02,2024,9,2,246,-0.8867,-0.4623,0,0,1,28.575,77.175,32.7,34.62,202.36
GRID_R03_C05,2024-09-03,2024,9,3,247,-0.8945,-0.447,0,0,1,28.575,77.175,33.86,35.89,174.38
GRID_R03_C05,2024-09-04,2024,9,4,248,-0.9021,-0.4315,0,0,1,28.575,77.175,23.5,25.29,85.0
GRID_R03_C05,2024-09-05,2024,9,5,249,-0.9094,-0.4159,0,0,1,28.575,77.175,40.35,28.36,512.55
GRID_R03_C05,2024-09-06,2024,9,6,250,-0.9164,-0.4002,0,0,1,28.575,77.175,29.93,37.68,111.0
GRID_R03_C05,2024-09-07,2024,9,7,251,-0.9232,-0.3844,0,0,1,28.575,77.175,28.02,34.8,100.0
GRID_R03_C05,2024-09-08,2024,9,8,252,-0.9296,-0.3685,0,0,1,28.575,77.175,50.87,55.1,141.0
GRID_R03_C05,2024-09-09,2024,9,9,253,-0.9358,-0.3524,0,0,1,28.575,77.175,49.05,54.34,155.0
GRID_R03_C05,2024-09-10,2024,9,10,254,-0.9418,-0.3363,0,0,1,28.575,77.175,42.02,48.53,425.68
GRID_R03_C05,2024-09-11,2024,9,11,255,-0.9474,-0.32,0,0,1,28.575,77.175,34.43,40.96,156.0
GRID_R03_C05,2024-09-12,2024,9,12,256,-0.9528,-0.3037,0,0,1,28.575,77.175,16.94,11.26,218.7
GRID_R03_C05,2024-09-13,2024,9,13,257,-0.9579,-0.2873,0,0,1,28.575,77.175,18.27,11.48,80.02
GRID_R03_C05,2024-09-14,2024,9,14,258,-0.9627,-0.2707,0,0,1,28.575,77.175,29.35,23.69,143.0
GRID_R03_C05,2024-09-15,2024,9,15,259,-0.9672,-0.2541,0,0,1,28.575,77.175,41.16,33.19,210.75
GRID_R03_C05,2024-09-16,2024,9,16,260,-0.9714,-0.2375,0,0,1,28.575,77.175,50.98,44.48,256.77
GRID_R03_C05,2024-09-17,2024,9,17,261,-0.9753,-0.2207,0,0,1,28.575,77.175,57.66,55.58,262.0
GRID_R03_C05,2024-09-18,2024,9,18,262,-0.979,-0.2039,0,0,1,28.575,77.175,36.81,57.93,175.0
GRID_R03_C05,2024-09-19,2024,9,19,263,-0.9824,-0.187,0,0,1,28.575,77.175,33.65,22.22,526.78
GRID_R03_C05,2024-09-20,2024,9,20,264,-0.9854,-0.1701,0,0,1,28.575,77.175,33.73,33.23,251.0
GRID_R03_C05,2024-09-21,2024,9,21,265,-0.9882,-0.1531,0,0,1,28.575,77.175,46.57,42.56,450.0
GRID_R03_C05,2024-09-22,2024,9,22,266,-0.9907,-0.1361,0,0,1,28.575,77.175,73.74,83.29,402.0
GRID_R03_C05,2024-09-23,2024,9,23,267,-0.9929,-0.1191,0,0,1,28.575,77.175,81.05,81.48,693.05
GRID_R03_C05,2024-09-24,2024,9,24,268,-0.9948,-0.102,0,0,1,28.575,77.175,96.32,92.12,388.0
GRID_R03_C05,2024-09-25,2024,9,25,269,-0.9964,-0.0848,0,0,1,28.575,77.175,84.05,113.08,405.0
GRID_R03_C05,2024-09-26,2024,9,26,270,-0.9977,-0.0677,0,0,1,28.575,77.175,28.35,29.5,136.0
GRID_R03_C05,2024-09-27,2024,9,27,271,-0.9987,-0.0505,0,0,1,28.575,77.175,17.48,15.85,457.93
GRID_R03_C05,2024-09-28,2024,9,28,272,-0.9994,-0.0333,0,0,1,28.575,77.175,21.54,14.36,279.0
GRID_R03_C05,2024-09-29,2024,9,29,273,-0.9999,-0.0161,0,0,1,28.575,77.175,31.56,34.07,488.7
GRID_R03_C05,2024-09-30,2024,9,30,274,-1.0,0.0011,0,0,1,28.575,77.175,63.4,74.46,186.0
GRID_R03_C06,2021-10-01,2021,10,1,274,-1.0,0.0011,0,0,1,28.575,77.225,50.61,68.41,177.0
GRID_R03_C06,2021-10-02,2021,10,2,275,-0.9998,0.0183,0,0,1,28.575,77.225,54.83,55.51,178.5
GRID_R03_C06,2021-10-03,2021,10,3,276,-0.9994,0.0355,0,0,1,28.575,77.225,37.36,49.38,114.33
GRID_R03_C06,2021-10-04,2021,10,4,277,-0.9986,0.0527,0,0,1,28.575,77.225,31.82,36.44,482.25
GRID_R03_C06,2021-10-05,2021,10,5,278,-0.9976,0.0698,0,0,1,28.575,77.225,40.86,32.54,129.73
GRID_R03_C06,2021-10-06,2021,10,6,279,-0.9962,0.087,0,0,1,28.575,77.225,51.69,62.61,703.3
GRID_R03_C06,2021-10-07,2021,10,7,280,-0.9946,0.1041,0,0,1,28.575,77.225,64.6,64.7,287.25
GRID_R03_C06,2021-10-08,2021,10,8,281,-0.9926,0.1212,0,0,1,28.575,77.225,71.38,81.18,261.75
GRID_R03_C06,2021-10-09,2021,10,9,282,-0.9904,0.1383,0,0,1,28.575,77.225,67.06,72.61,196.82
GRID_R03_C06,2021-10-10,2021,10,10,283,-0.9879,0.1553,0,0,1,28.575,77.225,64.56,73.76,191.25
GRID_R03_C06,2021-10-11,2021,10,11,284,-0.9851,0.1722,0,0,1,28.575,77.225,65.95,77.68,410.33
GRID_R03_C06,2021-10-12,2021,10,12,285,-0.9819,0.1892,0,0,1,28.575,77.225,70.25,97.36,458.45
GRID_R03_C06,2021-10-13,2021,10,13,286,-0.9785,0.206,0,0,1,28.575,77.225,77.42,89.43,166.0
GRID_R03_C06,2021-10-14,2021,10,14,287,-0.9749,0.2228,0,0,1,28.575,77.225,75.29,88.05,215.48
GRID_R03_C06,2021-10-15,2021,10,15,288,-0.9709,0.2396,1,0,1,28.575,77.225,91.62,99.28,230.0
GRID_R03_C06,2021-10-16,2021,10,16,289,-0.9666,0.2562,1,0,1,28.575,77.225,160.6,172.85,361.5
GRID_R03_C06,2021-10-17,2021,10,17,290,-0.9621,0.2728,1,0,1,28.575,77.225,113.29,165.29,654.75
GRID_R03_C06,2021-10-18,2021,10,18,291,-0.9572,0.2893,1,0,1,28.575,77.225,16.65,9.86,205.1
GRID_R03_C06,2021-10-19,2021,10,19,292,-0.9521,0.3057,1,0,1,28.575,77.225,52.53,30.74,186.91
GRID_R03_C06,2021-10-20,2021,10,20,293,-0.9467,0.3221,1,1,1,28.575,77.225,100.85,96.99,499.75
GRID_R03_C06,2021-10-21,2021,10,21,294,-0.941,0.3383,1,1,1,28.575,77.225,72.64,65.57,366.97
GRID_R03_C06,2021-10-22,2021,10,22,295,-0.9351,0.3545,1,1,1,28.575,77.225,56.72,47.4,298.0
GRID_R03_C06,2021-10-23,2021,10,23,296,-0.9288,0.3705,1,1,1,28.575,77.225,62.65,87.92,226.8
GRID_R03_C06,2021-10-24,2021,10,24,297,-0.9223,0.3864,1,1,1,28.575,77.225,65.97,88.51,297.68
GRID_R03_C06,2021-10-25,2021,10,25,298,-0.9155,0.4022,1,1,1,28.575,77.225,42.21,38.28,158.2
GRID_R03_C06,2021-10-26,2021,10,26,299,-0.9085,0.4179,1,1,1,28.575,77.225,69.24,73.6,325.66
GRID_R03_C06,2021-10-27,2021,10,27,300,-0.9012,0.4335,1,1,1,28.575,77.225,109.05,132.76,962.47
GRID_R03_C06,2021-10-28,2021,10,28,301,-0.8936,0.4489,1,1,1,28.575,77.225,124.19,149.44,466.25
GRID_R03_C06,2021-10-29,2021,10,29,302,-0.8857,0.4642,1,1,1,28.575,77.225,130.53,166.58,432.43
GRID_R03_C06,2021-10-30,2021,10,30,303,-0.8776,0.4794,1,1,1,28.575,77.225,112.9,148.67,269.0
GRID_R03_C06,2021-10-31,2021,10,31,304,-0.8692,0.4944,1,1,1,28.575,77.225,134.45,158.28,680.02
GRID_R03_C06,2021-11-01,2021,11,1,305,-0.8606,0.5093,1,1,1,28.575,77.225,139.16,150.74,417.56
GRID_R03_C06,2021-11-02,2021,11,2,306,-0.8517,0.524,1,1,1,28.575,77.225,134.71,158.39,401.0
GRID_R03_C06,2021-11-03,2021,11,3,307,-0.8426,0.5386,1,1,1,28.575,77.225,162.74,158.28,704.5
GRID_R03_C06,2021-11-04,2021,11,4,308,-0.8332,0.553,1,1,1,28.575,77.225,316.9,267.75,995.0
GRID_R03_C06,2021-11-05,2021,11,5,309,-0.8235,0.5672,1,1,1,28.575,77.225,416.77,519.22,997.63
GRID_R03_C06,2021-11-06,2021,11,6,310,-0.8137,0.5813,1,1,1,28.575,77.225,319.47,332.39,765.0
GRID_R03_C06,2021-11-07,2021,11,7,311,-0.8035,0.5952,1,1,1,28.575,77.225,262.63,321.22,593.5
GRID_R03_C06,2021-11-08,2021,11,8,312,-0.7932,0.609,1,1,1,28.575,77.225,253.53,332.58,650.67
GRID_R03_C06,2021-11-09,2021,11,9,313,-0.7826,0.6225,1,1,1,28.575,77.225,265.25,323.17,751.35
GRID_R03_C06,2021-11-10,2021,11,10,314,-0.7718,0.6359,1,1,1,28.575,77.225,233.41,205.8,975.1
GRID_R03_C06,2021-11-11,2021,11,11,315,-0.7607,0.6491,1,1,1,28.575,77.225,306.53,285.69,997.6
GRID_R03_C06,2021-11-12,2021,11,12,316,-0.7494,0.6621,1,1,1,28.575,77.225,384.56,440.73,699.75
GRID_R03_C06,2021-11-13,2021,11,13,317,-0.7379,0.6749,1,1,1,28.575,77.225,263.07,360.29,663.0
GRID_R03_C06,2021-11-14,2021,11,14,318,-0.7262,0.6875,1,1,1,28.575,77.225,183.04,182.18,559.29
GRID_R03_C06,2021-11-15,2021,11,15,319,-0.7143,0.6998,1,1,1,28.575,77.225,208.8,195.1,652.86
GRID_R03_C06,2021-11-16,2021,11,16,320,-0.7021,0.712,1,1,1,28.575,77.225,252.06,314.24,573.9
GRID_R03_C06,2021-11-17,2021,11,17,321,-0.6898,0.724,1,1,1,28.575,77.225,213.03,249.61,545.68
GRID_R03_C06,2021-11-18,2021,11,18,322,-0.6772,0.7358,1,1,1,28.575,77.225,213.94,273.22,646.09
GRID_R03_C06,2021-11-19,2021,11,19,323,-0.6645,0.7473,1,1,1,28.575,77.225,230.41,286.23,473.25
GRID_R03_C06,2021-11-20,2021,11,20,324,-0.6515,0.7586,1,1,1,28.575,77.225,222.03,248.07,543.81
GRID_R03_C06,2021-11-21,2021,11,21,325,-0.6384,0.7697,1,0,1,28.575,77.225,187.73,249.24,521.07
GRID_R03_C06,2021-11-22,2021,11,22,326,-0.625,0.7806,1,0,1,28.575,77.225,139.41,164.24,300.25
GRID_R03_C06,2021-11-23,2021,11,23,327,-0.6115,0.7912,1,0,1,28.575,77.225,152.83,146.69,558.85
GRID_R03_C06,2021-11-24,2021,11,24,328,-0.5978,0.8016,1,0,1,28.575,77.225,232.67,238.73,630.92
GRID_R03_C06,2021-11-25,2021,11,25,329,-0.584,0.8118,1,0,1,28.575,77.225,258.26,281.81,647.5
GRID_R03_C06,2021-11-26,2021,11,26,330,-0.5699,0.8217,1,0,1,28.575,77.225,272.51,342.73,920.5
GRID_R03_C06,2021-11-27,2021,11,27,331,-0.5557,0.8314,1,0,1,28.575,77.225,252.82,277.26,564.9
GRID_R03_C06,2021-11-28,2021,11,28,332,-0.5413,0.8408,1,0,1,28.575,77.225,268.55,303.6,571.25
GRID_R03_C06,2021-11-29,2021,11,29,333,-0.5268,0.85,1,0,1,28.575,77.225,214.44,280.48,591.75
GRID_R03_C06,2021-11-30,2021,11,30,334,-0.5121,0.859,1,0,1,28.575,77.225,174.95,178.7,418.7
GRID_R03_C06,2021-12-01,2021,12,1,335,-0.4972,0.8676,1,0,1,28.575,77.225,251.75,224.22,628.25
GRID_R03_C06,2021-12-02,2021,12,2,336,-0.4822,0.8761,1,0,1,28.575,77.225,262.35,303.28,728.75
GRID_R03_C06,2021-12-03,2021,12,3,337,-0.4671,0.8842,1,0,1,28.575,77.225,203.28,200.73,689.0
GRID_R03_C06,2021-12-04,2021,12,4,338,-0.4518,0.8921,1,0,1,28.575,77.225,171.39,225.64,515.5
GRID_R03_C06,2021-12-05,2021,12,5,339,-0.4364,0.8998,1,0,1,28.575,77.225,182.26,212.15,633.25
GRID_R03_C06,2021-12-06,2021,12,6,340,-0.4208,0.9071,1,0,1,28.575,77.225,143.38,158.74,633.9
GRID_R03_C06,2021-12-07,2021,12,7,341,-0.4052,0.9142,1,0,1,28.575,77.225,109.64,123.65,298.75
GRID_R03_C06,2021-12-08,2021,12,8,342,-0.3894,0.9211,1,0,1,28.575,77.225,115.53,127.39,389.45
GRID_R03_C06,2021-12-09,2021,12,9,343,-0.3735,0.9276,1,0,1,28.575,77.225,158.44,158.08,686.75
GRID_R03_C06,2021-12-10,2021,12,10,344,-0.3575,0.9339,1,0,1,28.575,77.225,150.32,162.28,433.25
GRID_R03_C06,2021-12-11,2021,12,11,345,-0.3413,0.9399,1,0,1,28.575,77.225,122.17,130.1,659.0
GRID_R03_C06,2021-12-12,2021,12,12,346,-0.3251,0.9457,1,0,1,28.575,77.225,143.5,134.15,629.5
GRID_R03_C06,2021-12-13,2021,12,13,347,-0.3088,0.9511,1,0,1,28.575,77.225,208.48,262.92,938.0
GRID_R03_C06,2021-12-14,2021,12,14,348,-0.2924,0.9563,1,0,1,28.575,77.225,226.41,276.31,658.75
GRID_R03_C06,2021-12-15,2021,12,15,349,-0.2759,0.9612,1,0,1,28.575,77.225,189.78,199.17,524.0
GRID_R03_C06,2021-12-16,2021,12,16,350,-0.2593,0.9658,1,0,1,28.575,77.225,219.25,233.31,550.25
GRID_R03_C06,2021-12-17,2021,12,17,351,-0.2427,0.9701,1,0,1,28.575,77.225,151.99,187.97,383.0
GRID_R03_C06,2021-12-18,2021,12,18,352,-0.226,0.9741,1,0,1,28.575,77.225,139.07,141.5,418.8
GRID_R03_C06,2021-12-19,2021,12,19,353,-0.2092,0.9779,1,0,1,28.575,77.225,145.13,122.5,489.5
GRID_R03_C06,2021-12-20,2021,12,20,354,-0.1923,0.9813,1,0,1,28.575,77.225,196.18,164.86,985.0
GRID_R03_C06,2021-12-21,2021,12,21,355,-0.1754,0.9845,1,0,1,28.575,77.225,296.12,370.11,985.0
GRID_R03_C06,2021-12-22,2021,12,22,356,-0.1585,0.9874,1,0,1,28.575,77.225,304.49,357.49,918.5
GRID_R03_C06,2021-12-23,2021,12,23,357,-0.1414,0.9899,1,0,1,28.575,77.225,352.64,422.22,840.0
GRID_R03_C06,2021-12-24,2021,12,24,358,-0.1244,0.9922,1,0,1,28.575,77.225,290.86,319.31,879.5
GRID_R03_C06,2021-12-25,2021,12,25,359,-0.1073,0.9942,1,0,1,28.575,77.225,365.24,386.2,973.0
GRID_R03_C06,2021-12-26,2021,12,26,360,-0.0902,0.9959,1,0,1,28.575,77.225,367.61,427.16,835.5
GRID_R03_C06,2021-12-27,2021,12,27,361,-0.073,0.9973,1,0,1,28.575,77.225,119.32,105.9,707.25
GRID_R03_C06,2021-12-28,2021,12,28,362,-0.0559,0.9984,1,0,1,28.575,77.225,149.27,152.45,465.0
GRID_R03_C06,2021-12-29,2021,12,29,363,-0.0387,0.9993,1,0,1,28.575,77.225,138.01,156.99,751.75
GRID_R03_C06,2021-12-30,2021,12,30,364,-0.0215,0.9998,1,0,1,28.575,77.225,164.4,186.85,931.8
GRID_R03_C06,2021-12-31,2021,12,31,365,-0.0043,1.0,1,0,1,28.575,77.225,188.11,204.05,934.1
GRID_R03_C06,2022-01-01,2022,1,1,1,0.0172,0.9999,1,0,1,28.575,77.225,238.69,202.42,773.5
GRID_R03_C06,2022-01-02,2022,1,2,2,0.0344,0.9994,1,0,1,28.575,77.225,265.11,270.07,818.75
GRID_R03_C06,2022-01-03,2022,1,3,3,0.0516,0.9987,1,0,1,28.575,77.225,246.69,235.29,856.0
GRID_R03_C06,2022-01-04,2022,1,4,4,0.0688,0.9976,1,0,1,28.575,77.225,220.81,252.29,698.75
GRID_R03_C06,2022-01-05,2022,1,5,5,0.0859,0.9963,1,0,1,28.575,77.225,265.96,349.82,682.2
GRID_R03_C06,2022-01-06,2022,1,6,6,0.103,0.9947,1,0,1,28.575,77.225,109.5,153.98,291.12
GRID_R03_C06,2022-01-07,2022,1,7,7,0.1201,0.9928,1,0,1,28.575,77.225,70.24,82.85,174.0
GRID_R03_C06,2022-01-08,2022,1,8,8,0.1372,0.9905,1,0,1,28.575,77.225,46.6,48.84,597.2
GRID_R03_C06,2022-01-09,2022,1,9,9,0.1542,0.988,1,0,1,28.575,77.225,44.1,26.94,195.67
GRID_R03_C06,2022-01-10,2022,1,10,10,0.1712,0.9852,1,0,1,28.575,77.225,90.21,81.79,309.67
GRID_R03_C06,2022-01-11,2022,1,11,11,0.1881,0.9821,1,0,1,28.575,77.225,93.39,95.03,458.75
GRID_R03_C06,2022-01-12,2022,1,12,12,0.205,0.9788,1,0,1,28.575,77.225,111.43,78.9,493.4
GRID_R03_C06,2022-01-13,2022,1,13,13,0.2218,0.9751,1,0,1,28.575,77.225,205.32,160.48,813.75
GRID_R03_C06,2022-01-14,2022,1,14,14,0.2385,0.9711,1,0,1,28.575,77.225,187.32,129.87,479.33
GRID_R03_C06,2022-01-15,2022,1,15,15,0.2552,0.9669,1,0,1,28.575,77.225,118.68,68.27,375.67
GRID_R03_C06,2022-01-16,2022,1,16,16,0.2718,0.9624,1,0,1,28.575,77.225,137.41,95.92,415.0
GRID_R03_C06,2022-01-17,2022,1,17,17,0.2883,0.9575,1,0,1,28.575,77.225,174.77,126.57,505.33
GRID_R03_C06,2022-01-18,2022,1,18,18,0.3047,0.9524,1,0,1,28.575,77.225,178.79,201.62,444.0
GRID_R03_C06,2022-01-19,2022,1,19,19,0.3211,0.9471,1,0,1,28.575,77.225,186.01,155.28,600.1
GRID_R03_C06,2022-01-20,2022,1,20,20,0.3373,0.9414,1,0,1,28.575,77.225,238.21,193.92,451.7
GRID_R03_C06,2022-01-21,2022,1,21,21,0.3534,0.9355,1,0,1,28.575,77.225,197.22,153.95,560.75
GRID_R03_C06,2022-01-22,2022,1,22,22,0.3695,0.9292,1,0,1,28.575,77.225,130.02,117.19,903.7
GRID_R03_C06,2022-01-23,2022,1,23,23,0.3854,0.9227,1,0,1,28.575,77.225,109.91,71.84,534.0
GRID_R03_C06,2022-01-24,2022,1,24,24,0.4012,0.916,1,0,1,28.575,77.225,112.47,65.48,570.0
GRID_R03_C06,2022-01-25,2022,1,25,25,0.4169,0.9089,1,0,1,28.575,77.225,119.76,70.15,547.0
GRID_R03_C06,2022-01-26,2022,1,26,26,0.4325,0.9016,1,0,1,28.575,77.225,126.34,94.48,646.5
GRID_R03_C06,2022-01-27,2022,1,27,27,0.4479,0.8941,1,0,1,28.575,77.225,118.13,105.53,538.1
GRID_R03_C06,2022-01-28,2022,1,28,28,0.4633,0.8862,1,0,1,28.575,77.225,103.89,98.14,841.5
GRID_R03_C06,2022-01-29,2022,1,29,29,0.4784,0.8781,1,0,1,28.575,77.225,124.1,115.06,895.9
GRID_R03_C06,2022-01-30,2022,1,30,30,0.4935,0.8698,1,0,1,28.575,77.225,143.1,148.19,953.6
GRID_R03_C06,2022-01-31,2022,1,31,31,0.5084,0.8611,1,0,1,28.575,77.225,215.21,207.11,871.6
GRID_R03_C06,2022-02-01,2022,2,1,32,0.5231,0.8523,0,0,1,28.575,77.225,202.33,203.1,833.8
GRID_R03_C06,2022-02-02,2022,2,2,33,0.5377,0.8432,0,0,1,28.575,77.225,161.68,148.87,730.45
GRID_R03_C06,2022-02-03,2022,2,3,34,0.5521,0.8338,0,0,1,28.575,77.225,142.22,166.98,558.3
GRID_R03_C06,2022-02-04,2022,2,4,35,0.5664,0.8242,0,0,1,28.575,77.225,64.38,48.62,813.1
GRID_R03_C06,2022-02-05,2022,2,5,36,0.5805,0.8143,0,0,1,28.575,77.225,129.48,86.26,694.75
GRID_R03_C06,2022-02-06,2022,2,6,37,0.5944,0.8042,0,0,1,28.575,77.225,162.97,199.03,732.25
GRID_R03_C06,2022-02-07,2022,2,7,38,0.6081,0.7938,0,0,1,28.575,77.225,123.8,133.18,850.0
GRID_R03_C06,2022-02-08,2022,2,8,39,0.6217,0.7833,0,0,1,28.575,77.225,146.36,164.75,554.05
GRID_R03_C06,2022-02-09,2022,2,9,40,0.6351,0.7725,0,0,1,28.575,77.225,95.7,58.05,756.35
GRID_R03_C06,2022-02-10,2022,2,10,41,0.6483,0.7614,0,0,1,28.575,77.225,82.18,74.62,614.8
GRID_R03_C06,2022-02-11,2022,2,11,42,0.6613,0.7502,0,0,1,28.575,77.225,88.88,104.79,658.4
GRID_R03_C06,2022-02-12,2022,2,12,43,0.6741,0.7387,0,0,1,28.575,77.225,93.96,101.03,819.8
GRID_R03_C06,2022-02-13,2022,2,13,44,0.6867,0.727,0,0,1,28.575,77.225,125.88,164.91,572.25
GRID_R03_C06,2022-02-14,2022,2,14,45,0.6991,0.715,0,0,1,28.575,77.225,116.5,152.48,685.73
GRID_R03_C06,2022-02-15,2022,2,15,46,0.7113,0.7029,0,0,1,28.575,77.225,105.06,142.07,680.8
GRID_R03_C06,2022-02-16,2022,2,16,47,0.7233,0.6906,0,0,1,28.575,77.225,139.55,187.94,518.0
GRID_R03_C06,2022-02-17,2022,2,17,48,0.735,0.678,0,0,1,28.575,77.225,113.76,128.62,393.5
GRID_R03_C06,2022-02-18,2022,2,18,49,0.7466,0.6653,0,0,1,28.575,77.225,114.55,180.36,557.7
GRID_R03_C06,2022-02-19,2022,2,19,50,0.7579,0.6523,0,0,1,28.575,77.225,85.13,98.02,792.75
GRID_R03_C06,2022-02-20,2022,2,20,51,0.769,0.6392,0,0,1,28.575,77.225,82.67,99.35,814.1
GRID_R03_C06,2022-02-21,2022,2,21,52,0.7799,0.6259,0,0,1,28.575,77.225,80.89,77.72,841.5
GRID_R03_C06,2022-02-22,2022,2,22,53,0.7906,0.6124,0,0,1,28.575,77.225,99.45,127.66,669.0
GRID_R03_C06,2022-02-23,2022,2,23,54,0.801,0.5987,0,0,1,28.575,77.225,112.36,111.56,491.55
GRID_R03_C06,2022-02-24,2022,2,24,55,0.8112,0.5848,0,0,1,28.575,77.225,149.33,203.59,458.5
GRID_R03_C06,2022-02-25,2022,2,25,56,0.8211,0.5708,0,0,1,28.575,77.225,126.85,191.24,410.0
GRID_R03_C06,2022-02-26,2022,2,26,57,0.8308,0.5566,0,0,1,28.575,77.225,27.32,18.8,276.0
GRID_R03_C06,2022-02-27,2022,2,27,58,0.8402,0.5422,0,0,1,28.575,77.225,43.55,49.78,141.75
GRID_R03_C06,2022-02-28,2022,2,28,59,0.8495,0.5277,0,0,1,28.575,77.225,46.79,51.25,302.2
GRID_R03_C06,2022-03-01,2022,3,1,60,0.8584,0.513,0,0,1,28.575,77.225,85.2,103.27,518.8
GRID_R03_C06,2022-03-02,2022,3,2,61,0.8671,0.4981,0,0,1,28.575,77.225,103.09,149.55,315.75
GRID_R03_C06,2022-03-03,2022,3,3,62,0.8755,0.4831,0,0,1,28.575,77.225,81.43,89.55,355.0
GRID_R03_C06,2022-03-04,2022,3,4,63,0.8837,0.468,0,0,1,28.575,77.225,76.79,110.28,265.15
GRID_R03_C06,2022-03-05,2022,3,5,64,0.8916,0.4527,0,0,1,28.575,77.225,57.07,67.97,177.75
GRID_R03_C06,2022-03-06,2022,3,6,65,0.8993,0.4373,0,0,1,28.575,77.225,86.4,100.89,624.6
GRID_R03_C06,2022-03-07,2022,3,7,66,0.9067,0.4218,0,0,1,28.575,77.225,120.95,154.56,475.25
GRID_R03_C06,2022-03-08,2022,3,8,67,0.9138,0.4061,0,0,1,28.575,77.225,120.12,206.2,489.05
GRID_R03_C06,2022-03-09,2022,3,9,68,0.9207,0.3904,0,0,1,28.575,77.225,68.32,98.59,244.0
GRID_R03_C06,2022-03-10,2022,3,10,69,0.9272,0.3745,0,0,1,28.575,77.225,64.08,84.09,397.0
GRID_R03_C06,2022-03-11,2022,3,11,70,0.9335,0.3585,0,0,1,28.575,77.225,77.38,116.53,253.25
GRID_R03_C06,2022-03-12,2022,3,12,71,0.9396,0.3424,0,0,1,28.575,77.225,73.17,100.11,228.5
GRID_R03_C06,2022-03-13,2022,3,13,72,0.9453,0.3261,0,0,1,28.575,77.225,89.79,107.3,258.7
GRID_R03_C06,2022-03-14,2022,3,14,73,0.9508,0.3098,0,0,1,28.575,77.225,118.62,184.2,354.32
GRID_R03_C06,2022-03-15,2022,3,15,74,0.956,0.2934,0,0,1,28.575,77.225,116.63,173.89,563.52
GRID_R03_C06,2022-03-16,2022,3,16,75,0.9609,0.2769,0,0,1,28.575,77.225,92.63,122.83,655.1
GRID_R03_C06,2022-03-17,2022,3,17,76,0.9655,0.2604,0,0,1,28.575,77.225,118.24,126.48,271.25
GRID_R03_C06,2022-03-18,2022,3,18,77,0.9698,0.2437,0,0,1,28.575,77.225,137.76,161.62,424.92
GRID_R03_C06,2022-03-19,2022,3,19,78,0.9739,0.227,0,0,1,28.575,77.225,106.58,114.19,322.88
GRID_R03_C06,2022-03-20,2022,3,20,79,0.9777,0.2102,0,0,1,28.575,77.225,104.26,125.51,606.98
GRID_R03_C06,2022-03-21,2022,3,21,80,0.9811,0.1934,0,0,1,28.575,77.225,130.28,188.16,417.5
GRID_R03_C06,2022-03-22,2022,3,22,81,0.9843,0.1765,0,0,1,28.575,77.225,80.13,91.92,367.0
GRID_R03_C06,2022-03-23,2022,3,23,82,0.9872,0.1595,0,0,1,28.575,77.225,100.6,131.08,507.0
GRID_R03_C06,2022-03-24,2022,3,24,83,0.9898,0.1425,0,0,1,28.575,77.225,114.07,193.47,395.0
GRID_R03_C06,2022-03-25,2022,3,25,84,0.9921,0.1255,0,0,1,28.575,77.225,88.68,120.84,258.08
GRID_R03_C06,2022-03-26,2022,3,26,85,0.9941,0.1084,0,0,1,28.575,77.225,84.56,130.38,266.25
GRID_R03_C06,2022-03-27,2022,3,27,86,0.9958,0.0913,0,0,1,28.575,77.225,89.19,117.92,273.95
GRID_R03_C06,2022-03-28,2022,3,28,87,0.9972,0.0741,0,0,1,28.575,77.225,103.39,141.58,363.7
GRID_R03_C06,2022-03-29,2022,3,29,88,0.9984,0.057,0,0,1,28.575,77.225,120.23,174.75,392.0
GRID_R03_C06,2022-03-30,2022,3,30,89,0.9992,0.0398,0,0,1,28.575,77.225,125.33,184.83,482.0
GRID_R03_C06,2022-03-31,2022,3,31,90,0.9997,0.0226,0,0,1,28.575,77.225,141.8,190.73,621.41
GRID_R03_C06,2022-04-01,2022,4,1,91,1.0,0.0054,0,0,1,28.575,77.225,73.4,110.61,261.08
GRID_R03_C06,2022-04-02,2022,4,2,92,0.9999,-0.0118,0,0,1,28.575,77.225,106.92,155.26,486.75
GRID_R03_C06,2022-04-03,2022,4,3,93,0.9996,-0.029,0,0,1,28.575,77.225,105.31,147.27,554.12
GRID_R03_C06,2022-04-04,2022,4,4,94,0.9989,-0.0462,0,0,1,28.575,77.225,106.92,119.72,412.75
GRID_R03_C06,2022-04-05,2022,4,5,95,0.998,-0.0634,0,0,1,28.575,77.225,102.59,199.12,403.5
GRID_R03_C06,2022-04-06,2022,4,6,96,0.9968,-0.0805,0,0,1,28.575,77.225,118.61,218.45,657.1
GRID_R03_C06,2022-04-07,2022,4,7,97,0.9952,-0.0977,0,0,1,28.575,77.225,124.24,194.43,451.0
GRID_R03_C06,2022-04-08,2022,4,8,98,0.9934,-0.1148,0,0,1,28.575,77.225,110.12,151.85,420.0
GRID_R03_C06,2022-04-09,2022,4,9,99,0.9913,-0.1319,0,0,1,28.575,77.225,109.85,156.71,713.2
GRID_R03_C06,2022-04-10,2022,4,10,100,0.9889,-0.1489,0,0,1,28.575,77.225,106.36,144.57,376.0
GRID_R03_C06,2022-04-11,2022,4,11,101,0.9861,-0.1659,0,0,1,28.575,77.225,109.75,168.72,458.7
GRID_R03_C06,2022-04-12,2022,4,12,102,0.9831,-0.1828,0,0,1,28.575,77.225,92.42,92.16,743.0
GRID_R03_C06,2022-04-13,2022,4,13,103,0.9799,-0.1997,0,0,1,28.575,77.225,111.71,204.68,412.32
GRID_R03_C06,2022-04-14,2022,4,14,104,0.9763,-0.2165,0,0,1,28.575,77.225,76.82,100.49,367.6
GRID_R03_C06,2022-04-15,2022,4,15,105,0.9724,-0.2333,0,0,1,28.575,77.225,70.63,77.51,257.88
GRID_R03_C06,2022-04-16,2022,4,16,106,0.9683,-0.25,0,0,1,28.575,77.225,102.22,135.16,257.25
GRID_R03_C06,2022-04-17,2022,4,17,107,0.9638,-0.2666,0,0,1,28.575,77.225,106.5,148.91,350.08
GRID_R03_C06,2022-04-18,2022,4,18,108,0.9591,-0.2831,0,0,1,28.575,77.225,112.05,143.79,894.0
GRID_R03_C06,2022-04-19,2022,4,19,109,0.9541,-0.2996,0,0,1,28.575,77.225,133.61,225.39,487.0
GRID_R03_C06,2022-04-20,2022,4,20,110,0.9488,-0.316,0,0,1,28.575,77.225,95.54,125.03,438.0
GRID_R03_C06,2022-04-21,2022,4,21,111,0.9432,-0.3322,0,0,1,28.575,77.225,104.24,115.77,340.9
GRID_R03_C06,2022-04-22,2022,4,22,112,0.9373,-0.3484,0,0,1,28.575,77.225,65.22,57.95,426.05
GRID_R03_C06,2022-04-23,2022,4,23,113,0.9312,-0.3645,0,0,1,28.575,77.225,110.12,190.55,412.47
GRID_R03_C06,2022-04-24,2022,4,24,114,0.9248,-0.3804,0,0,1,28.575,77.225,120.75,201.2,501.67
GRID_R03_C06,2022-04-25,2022,4,25,115,0.9181,-0.3963,0,0,1,28.575,77.225,100.34,132.63,394.4
GRID_R03_C06,2022-04-26,2022,4,26,116,0.9112,-0.412,0,0,1,28.575,77.225,81.97,78.35,458.1
GRID_R03_C06,2022-04-27,2022,4,27,117,0.9039,-0.4276,0,0,1,28.575,77.225,153.86,283.33,723.0
GRID_R03_C06,2022-04-28,2022,4,28,118,0.8965,-0.4431,0,0,1,28.575,77.225,163.21,204.22,765.92
GRID_R03_C06,2022-04-29,2022,4,29,119,0.8887,-0.4585,0,0,1,28.575,77.225,148.54,173.09,510.0
GRID_R03_C06,2022-04-30,2022,4,30,120,0.8807,-0.4737,0,0,1,28.575,77.225,121.09,152.58,444.0
GRID_R03_C06,2022-05-01,2022,5,1,121,0.8724,-0.4888,0,0,1,28.575,77.225,90.46,85.1,378.1
GRID_R03_C06,2022-05-02,2022,5,2,122,0.8639,-0.5037,0,0,1,28.575,77.225,73.78,73.02,193.8
GRID_R03_C06,2022-05-03,2022,5,3,123,0.8551,-0.5185,0,0,1,28.575,77.225,98.47,75.58,378.55
GRID_R03_C06,2022-05-04,2022,5,4,124,0.846,-0.5331,0,0,1,28.575,77.225,73.54,91.45,294.5
GRID_R03_C06,2022-05-05,2022,5,5,125,0.8367,-0.5476,0,0,1,28.575,77.225,71.62,82.66,213.25
GRID_R03_C06,2022-05-06,2022,5,6,126,0.8272,-0.5619,0,0,1,28.575,77.225,115.78,151.07,393.79
GRID_R03_C06,2022-05-07,2022,5,7,127,0.8174,-0.5761,0,0,1,28.575,77.225,86.89,94.49,394.15
GRID_R03_C06,2022-05-08,2022,5,8,128,0.8074,-0.59,0,0,1,28.575,77.225,82.76,82.24,317.93
GRID_R03_C06,2022-05-09,2022,5,9,129,0.7971,-0.6038,0,0,1,28.575,77.225,66.6,68.42,342.57
GRID_R03_C06,2022-05-10,2022,5,10,130,0.7866,-0.6175,0,0,1,28.575,77.225,64.78,71.54,208.72
GRID_R03_C06,2022-05-11,2022,5,11,131,0.7759,-0.6309,0,0,1,28.575,77.225,62.23,62.55,195.1
GRID_R03_C06,2022-05-12,2022,5,12,132,0.7649,-0.6442,0,0,1,28.575,77.225,67.67,63.77,284.5
GRID_R03_C06,2022-05-13,2022,5,13,133,0.7537,-0.6572,0,0,1,28.575,77.225,76.01,56.15,302.82
GRID_R03_C06,2022-05-14,2022,5,14,134,0.7423,-0.6701,0,0,1,28.575,77.225,108.68,171.32,482.76
GRID_R03_C06,2022-05-15,2022,5,15,135,0.7306,-0.6828,0,0,1,28.575,77.225,98.88,154.71,394.61
GRID_R03_C06,2022-05-16,2022,5,16,136,0.7188,-0.6952,0,0,1,28.575,77.225,96.8,85.25,889.56
GRID_R03_C06,2022-05-17,2022,5,17,137,0.7067,-0.7075,0,0,1,28.575,77.225,68.76,46.22,236.42
GRID_R03_C06,2022-05-18,2022,5,18,138,0.6945,-0.7195,0,0,1,28.575,77.225,76.49,78.65,284.62
GRID_R03_C06,2022-05-19,2022,5,19,139,0.682,-0.7314,0,0,1,28.575,77.225,88.25,96.65,260.2
GRID_R03_C06,2022-05-20,2022,5,20,140,0.6693,-0.743,0,0,1,28.575,77.225,92.72,114.24,470.15
GRID_R03_C06,2022-05-21,2022,5,21,141,0.6564,-0.7544,0,0,1,28.575,77.225,76.87,70.19,404.62
GRID_R03_C06,2022-05-22,2022,5,22,142,0.6433,-0.7656,0,0,1,28.575,77.225,64.57,75.6,273.0
GRID_R03_C06,2022-05-23,2022,5,23,143,0.6301,-0.7765,0,0,1,28.575,77.225,30.37,21.62,130.0
GRID_R03_C06,2022-05-24,2022,5,24,144,0.6166,-0.7873,0,0,1,28.575,77.225,36.28,30.55,192.42
GRID_R03_C06,2022-05-25,2022,5,25,145,0.603,-0.7978,0,0,1,28.575,77.225,81.34,108.12,534.0
GRID_R03_C06,2022-05-26,2022,5,26,146,0.5892,-0.808,0,0,1,28.575,77.225,94.83,125.56,622.6
GRID_R03_C06,2022-05-27,2022,5,27,147,0.5752,-0.818,0,0,1,28.575,77.225,81.91,106.06,217.0
GRID_R03_C06,2022-05-28,2022,5,28,148,0.561,-0.8278,0,0,1,28.575,77.225,75.39,65.53,283.68
GRID_R03_C06,2022-05-29,2022,5,29,149,0.5467,-0.8373,0,0,1,28.575,77.225,72.29,83.49,209.15
GRID_R03_C06,2022-05-30,2022,5,30,150,0.5322,-0.8466,0,0,1,28.575,77.225,65.49,69.05,436.25
GRID_R03_C06,2022-05-31,2022,5,31,151,0.5176,-0.8556,0,0,1,28.575,77.225,99.01,83.63,344.67
GRID_R03_C06,2022-06-01,2022,6,1,152,0.5028,-0.8644,0,0,1,28.575,77.225,97.93,147.1,353.12
GRID_R03_C06,2022-06-02,2022,6,2,153,0.4878,-0.8729,0,0,1,28.575,77.225,77.59,103.56,269.05
GRID_R03_C06,2022-06-03,2022,6,3,154,0.4728,-0.8812,0,0,1,28.575,77.225,89.98,136.35,275.25
GRID_R03_C06,2022-06-04,2022,6,4,155,0.4575,-0.8892,0,0,1,28.575,77.225,81.09,113.17,306.58
GRID_R03_C06,2022-06-05,2022,6,5,156,0.4422,-0.8969,0,0,1,28.575,77.225,59.21,52.12,298.7
GRID_R03_C06,2022-06-06,2022,6,6,157,0.4267,-0.9044,0,0,1,28.575,77.225,53.82,52.72,193.75
GRID_R03_C06,2022-06-07,2022,6,7,158,0.4111,-0.9116,0,0,1,28.575,77.225,88.0,71.28,388.0
GRID_R03_C06,2022-06-08,2022,6,8,159,0.3953,-0.9185,0,0,1,28.575,77.225,78.4,82.01,360.25
GRID_R03_C06,2022-06-09,2022,6,9,160,0.3795,-0.9252,0,0,1,28.575,77.225,62.57,61.73,252.6
GRID_R03_C06,2022-06-10,2022,6,10,161,0.3635,-0.9316,0,0,1,28.575,77.225,75.31,77.98,269.25
GRID_R03_C06,2022-06-11,2022,6,11,162,0.3474,-0.9377,0,0,1,28.575,77.225,70.14,68.3,192.75
GRID_R03_C06,2022-06-12,2022,6,12,163,0.3312,-0.9436,0,0,1,28.575,77.225,74.34,86.06,261.25
GRID_R03_C06,2022-06-13,2022,6,13,164,0.3149,-0.9491,0,0,1,28.575,77.225,51.93,34.18,190.75
GRID_R03_C06,2022-06-14,2022,6,14,165,0.2986,-0.9544,0,0,1,28.575,77.225,56.4,61.94,210.0
GRID_R03_C06,2022-06-15,2022,6,15,166,0.2821,-0.9594,0,0,1,28.575,77.225,35.44,36.86,187.7
GRID_R03_C06,2022-06-16,2022,6,16,167,0.2656,-0.9641,0,0,1,28.575,77.225,34.81,34.26,398.45
GRID_R03_C06,2022-06-17,2022,6,17,168,0.2489,-0.9685,0,0,1,28.575,77.225,28.28,19.79,90.1
GRID_R03_C06,2022-06-18,2022,6,18,169,0.2322,-0.9727,0,0,1,28.575,77.225,34.62,42.9,120.08
GRID_R03_C06,2022-06-19,2022,6,19,170,0.2155,-0.9765,0,0,1,28.575,77.225,42.72,54.49,173.0
GRID_R03_C06,2022-06-20,2022,6,20,171,0.1986,-0.9801,0,0,1,28.575,77.225,53.46,65.93,271.0
GRID_R03_C06,2022-06-21,2022,6,21,172,0.1818,-0.9833,0,0,1,28.575,77.225,44.11,63.39,193.5
GRID_R03_C06,2022-06-22,2022,6,22,173,0.1648,-0.9863,0,0,1,28.575,77.225,51.49,38.76,153.0
GRID_R03_C06,2022-06-23,2022,6,23,174,0.1478,-0.989,0,0,1,28.575,77.225,56.32,53.84,209.5
GRID_R03_C06,2022-06-24,2022,6,24,175,0.1308,-0.9914,0,0,1,28.575,77.225,72.0,102.15,258.75
GRID_R03_C06,2022-06-25,2022,6,25,176,0.1137,-0.9935,0,0,1,28.575,77.225,80.74,103.06,343.0
GRID_R03_C06,2022-06-26,2022,6,26,177,0.0966,-0.9953,0,0,1,28.575,77.225,65.27,65.89,295.6
GRID_R03_C06,2022-06-27,2022,6,27,178,0.0795,-0.9968,0,0,1,28.575,77.225,55.02,51.71,141.45
GRID_R03_C06,2022-06-28,2022,6,28,179,0.0623,-0.9981,0,0,1,28.575,77.225,74.87,68.65,221.0
GRID_R03_C06,2022-06-29,2022,6,29,180,0.0451,-0.999,0,0,1,28.575,77.225,60.43,39.46,226.7
GRID_R03_C06,2022-06-30,2022,6,30,181,0.028,-0.9996,0,0,1,28.575,77.225,37.61,33.29,430.33
GRID_R03_C06,2022-07-01,2022,7,1,182,0.0108,-0.9999,0,0,1,28.575,77.225,36.33,45.16,338.0
GRID_R03_C06,2022-07-02,2022,7,2,183,-0.0065,-1.0,0,0,1,28.575,77.225,42.77,66.61,165.67
GRID_R03_C06,2022-07-03,2022,7,3,184,-0.0237,-0.9997,0,0,1,28.575,77.225,30.43,20.7,138.25
GRID_R03_C06,2022-07-04,2022,7,4,185,-0.0408,-0.9992,0,0,1,28.575,77.225,63.45,56.27,172.0
GRID_R03_C06,2022-07-05,2022,7,5,186,-0.058,-0.9983,0,0,1,28.575,77.225,65.09,83.93,204.0
GRID_R03_C06,2022-07-06,2022,7,6,187,-0.0752,-0.9972,0,0,1,28.575,77.225,51.42,50.91,221.88
GRID_R03_C06,2022-07-07,2022,7,7,188,-0.0923,-0.9957,0,0,1,28.575,77.225,39.84,45.99,250.25
GRID_R03_C06,2022-07-08,2022,7,8,189,-0.1094,-0.994,0,0,1,28.575,77.225,37.09,41.18,248.0
GRID_R03_C06,2022-07-09,2022,7,9,190,-0.1265,-0.992,0,0,1,28.575,77.225,40.97,56.32,118.75
GRID_R03_C06,2022-07-10,2022,7,10,191,-0.1436,-0.9896,0,0,1,28.575,77.225,32.83,33.02,101.02
GRID_R03_C06,2022-07-11,2022,7,11,192,-0.1606,-0.987,0,0,1,28.575,77.225,44.83,46.68,170.25
GRID_R03_C06,2022-07-12,2022,7,12,193,-0.1775,-0.9841,0,0,1,28.575,77.225,41.83,40.27,682.03
GRID_R03_C06,2022-07-13,2022,7,13,194,-0.1944,-0.9809,0,0,1,28.575,77.225,34.51,34.52,176.78
GRID_R03_C06,2022-07-14,2022,7,14,195,-0.2113,-0.9774,0,0,1,28.575,77.225,30.76,34.16,137.45
GRID_R03_C06,2022-07-15,2022,7,15,196,-0.2281,-0.9736,0,0,1,28.575,77.225,26.49,20.34,170.16
GRID_R03_C06,2022-07-16,2022,7,16,197,-0.2448,-0.9696,0,0,1,28.575,77.225,24.89,24.14,355.38
GRID_R03_C06,2022-07-17,2022,7,17,198,-0.2614,-0.9652,0,0,1,28.575,77.225,28.45,11.8,453.8
GRID_R03_C06,2022-07-18,2022,7,18,199,-0.278,-0.9606,0,0,1,28.575,77.225,43.29,52.97,234.61
GRID_R03_C06,2022-07-19,2022,7,19,200,-0.2945,-0.9557,0,0,1,28.575,77.225,42.92,40.34,156.0
GRID_R03_C06,2022-07-20,2022,7,20,201,-0.3109,-0.9505,0,0,1,28.575,77.225,33.38,46.79,122.0
GRID_R03_C06,2022-07-21,2022,7,21,202,-0.3272,-0.945,0,0,1,28.575,77.225,44.16,24.17,180.5
GRID_R03_C06,2022-07-22,2022,7,22,203,-0.3434,-0.9392,0,0,1,28.575,77.225,55.16,72.88,175.0
GRID_R03_C06,2022-07-23,2022,7,23,204,-0.3595,-0.9332,0,0,1,28.575,77.225,29.52,28.55,83.75
GRID_R03_C06,2022-07-24,2022,7,24,205,-0.3755,-0.9268,0,0,1,28.575,77.225,24.77,20.19,120.7
GRID_R03_C06,2022-07-25,2022,7,25,206,-0.3914,-0.9202,0,0,1,28.575,77.225,24.63,23.37,89.18
GRID_R03_C06,2022-07-26,2022,7,26,207,-0.4071,-0.9134,0,0,1,28.575,77.225,28.09,31.65,87.0
GRID_R03_C06,2022-07-27,2022,7,27,208,-0.4228,-0.9062,0,0,1,28.575,77.225,30.82,30.24,171.0
GRID_R03_C06,2022-07-28,2022,7,28,209,-0.4383,-0.8988,0,0,1,28.575,77.225,22.01,22.15,83.28
GRID_R03_C06,2022-07-29,2022,7,29,210,-0.4537,-0.8912,0,0,1,28.575,77.225,19.28,21.15,89.7
GRID_R03_C06,2022-07-30,2022,7,30,211,-0.469,-0.8832,0,0,1,28.575,77.225,22.14,19.05,89.0
GRID_R03_C06,2022-07-31,2022,7,31,212,-0.4841,-0.875,0,0,1,28.575,77.225,23.89,23.02,82.25
GRID_R03_C06,2022-08-01,2022,8,1,213,-0.4991,-0.8666,0,0,1,28.575,77.225,26.41,26.42,133.09
GRID_R03_C06,2022-08-02,2022,8,2,214,-0.5139,-0.8578,0,0,1,28.575,77.225,32.31,25.05,149.25
GRID_R03_C06,2022-08-03,2022,8,3,215,-0.5286,-0.8489,0,0,1,28.575,77.225,48.43,39.76,165.39
GRID_R03_C06,2022-08-04,2022,8,4,216,-0.5431,-0.8397,0,0,1,28.575,77.225,46.68,59.37,128.0
GRID_R03_C06,2022-08-05,2022,8,5,217,-0.5575,-0.8302,0,0,1,28.575,77.225,38.62,34.97,162.5
GRID_R03_C06,2022-08-06,2022,8,6,218,-0.5717,-0.8205,0,0,1,28.575,77.225,52.04,52.92,182.75
GRID_R03_C06,2022-08-07,2022,8,7,219,-0.5857,-0.8105,0,0,1,28.575,77.225,45.98,72.95,153.0
GRID_R03_C06,2022-08-08,2022,8,8,220,-0.5996,-0.8003,0,0,1,28.575,77.225,44.97,46.35,158.13
GRID_R03_C06,2022-08-09,2022,8,9,221,-0.6132,-0.7899,0,0,1,28.575,77.225,41.5,54.17,143.0
GRID_R03_C06,2022-08-10,2022,8,10,222,-0.6267,-0.7792,0,0,1,28.575,77.225,27.02,34.2,136.97
GRID_R03_C06,2022-08-11,2022,8,11,223,-0.64,-0.7683,0,0,1,28.575,77.225,16.74,14.3,114.94
GRID_R03_C06,2022-08-12,2022,8,12,224,-0.6532,-0.7572,0,0,1,28.575,77.225,19.39,18.36,74.0
GRID_R03_C06,2022-08-13,2022,8,13,225,-0.6661,-0.7459,0,0,1,28.575,77.225,27.24,32.25,83.0
GRID_R03_C06,2022-08-14,2022,8,14,226,-0.6788,-0.7343,0,0,1,28.575,77.225,26.21,13.74,83.0
GRID_R03_C06,2022-08-15,2022,8,15,227,-0.6914,-0.7225,0,0,1,28.575,77.225,18.8,14.02,83.0
GRID_R03_C06,2022-08-16,2022,8,16,228,-0.7037,-0.7105,0,0,1,28.575,77.225,15.86,15.28,60.01
GRID_R03_C06,2022-08-17,2022,8,17,229,-0.7158,-0.6983,0,0,1,28.575,77.225,14.19,11.42,171.6
GRID_R03_C06,2022-08-18,2022,8,18,230,-0.7277,-0.6859,0,0,1,28.575,77.225,20.33,13.35,75.42
GRID_R03_C06,2022-08-19,2022,8,19,231,-0.7394,-0.6733,0,0,1,28.575,77.225,18.3,12.36,287.0
GRID_R03_C06,2022-08-20,2022,8,20,232,-0.7509,-0.6605,0,0,1,28.575,77.225,31.77,23.33,139.0
GRID_R03_C06,2022-08-21,2022,8,21,233,-0.7621,-0.6474,0,0,1,28.575,77.225,46.88,54.4,130.5
GRID_R03_C06,2022-08-22,2022,8,22,234,-0.7731,-0.6342,0,0,1,28.575,77.225,35.87,54.37,111.12
GRID_R03_C06,2022-08-23,2022,8,23,235,-0.7839,-0.6208,0,0,1,28.575,77.225,24.97,32.75,75.0
GRID_R03_C06,2022-08-24,2022,8,24,236,-0.7945,-0.6073,0,0,1,28.575,77.225,22.73,18.38,277.92
GRID_R03_C06,2022-08-25,2022,8,25,237,-0.8048,-0.5935,0,0,1,28.575,77.225,36.41,28.57,348.25
GRID_R03_C06,2022-08-26,2022,8,26,238,-0.8149,-0.5796,0,0,1,28.575,77.225,35.46,31.33,157.0
GRID_R03_C06,2022-08-27,2022,8,27,239,-0.8248,-0.5655,0,0,1,28.575,77.225,32.05,30.52,225.35
GRID_R03_C06,2022-08-28,2022,8,28,240,-0.8344,-0.5512,0,0,1,28.575,77.225,37.18,33.27,159.6
GRID_R03_C06,2022-08-29,2022,8,29,241,-0.8437,-0.5368,0,0,1,28.575,77.225,40.54,37.8,138.65
GRID_R03_C06,2022-08-30,2022,8,30,242,-0.8528,-0.5222,0,0,1,28.575,77.225,48.48,49.26,185.75
GRID_R03_C06,2022-08-31,2022,8,31,243,-0.8617,-0.5074,0,0,1,28.575,77.225,43.79,44.25,234.32
GRID_R03_C06,2022-09-01,2022,9,1,244,-0.8703,-0.4925,0,0,1,28.575,77.225,45.12,44.81,279.62
GRID_R03_C06,2022-09-02,2022,9,2,245,-0.8786,-0.4775,0,0,1,28.575,77.225,45.72,38.34,228.45
GRID_R03_C06,2022-09-03,2022,9,3,246,-0.8867,-0.4623,0,0,1,28.575,77.225,32.63,26.34,151.07
GRID_R03_C06,2022-09-04,2022,9,4,247,-0.8945,-0.447,0,0,1,28.575,77.225,26.45,23.94,209.71
GRID_R03_C06,2022-09-05,2022,9,5,248,-0.9021,-0.4315,0,0,1,28.575,77.225,26.79,22.54,209.21
GRID_R03_C06,2022-09-06,2022,9,6,249,-0.9094,-0.4159,0,0,1,28.575,77.225,40.21,43.33,161.12
GRID_R03_C06,2022-09-07,2022,9,7,250,-0.9164,-0.4002,0,0,1,28.575,77.225,46.22,52.1,466.0
GRID_R03_C06,2022-09-08,2022,9,8,251,-0.9232,-0.3844,0,0,1,28.575,77.225,63.62,68.09,151.0
GRID_R03_C06,2022-09-09,2022,9,9,252,-0.9296,-0.3685,0,0,1,28.575,77.225,59.85,68.97,173.2
GRID_R03_C06,2022-09-10,2022,9,10,253,-0.9358,-0.3524,0,0,1,28.575,77.225,49.78,60.63,111.4
GRID_R03_C06,2022-09-11,2022,9,11,254,-0.9418,-0.3363,0,0,1,28.575,77.225,32.13,26.0,167.07
GRID_R03_C06,2022-09-12,2022,9,12,255,-0.9474,-0.32,0,0,1,28.575,77.225,26.74,24.83,187.43
GRID_R03_C06,2022-09-13,2022,9,13,256,-0.9528,-0.3037,0,0,1,28.575,77.225,19.75,16.85,106.58
GRID_R03_C06,2022-09-14,2022,9,14,257,-0.9579,-0.2873,0,0,1,28.575,77.225,17.79,15.23,78.67
GRID_R03_C06,2022-09-15,2022,9,15,258,-0.9627,-0.2707,0,0,1,28.575,77.225,16.06,20.15,71.81
GRID_R03_C06,2022-09-16,2022,9,16,259,-0.9672,-0.2541,0,0,1,28.575,77.225,15.98,10.93,80.67
GRID_R03_C06,2022-09-17,2022,9,17,260,-0.9714,-0.2375,0,0,1,28.575,77.225,33.32,27.66,98.7
GRID_R03_C06,2022-09-18,2022,9,18,261,-0.9753,-0.2207,0,0,1,28.575,77.225,47.58,29.97,167.25
GRID_R03_C06,2022-09-19,2022,9,19,262,-0.979,-0.2039,0,0,1,28.575,77.225,72.39,83.14,249.75
GRID_R03_C06,2022-09-20,2022,9,20,263,-0.9824,-0.187,0,0,1,28.575,77.225,49.55,68.87,146.0
GRID_R03_C06,2022-09-21,2022,9,21,264,-0.9854,-0.1701,0,0,1,28.575,77.225,41.57,62.06,170.25
GRID_R03_C06,2022-09-22,2022,9,22,265,-0.9882,-0.1531,0,0,1,28.575,77.225,26.29,31.08,474.7
GRID_R03_C06,2022-09-23,2022,9,23,266,-0.9907,-0.1361,0,0,1,28.575,77.225,26.13,16.24,90.0
GRID_R03_C06,2022-09-24,2022,9,24,267,-0.9929,-0.1191,0,0,1,28.575,77.225,23.39,26.79,74.99
GRID_R03_C06,2022-09-25,2022,9,25,268,-0.9948,-0.102,0,0,1,28.575,77.225,21.57,11.84,128.15
GRID_R03_C06,2022-09-26,2022,9,26,269,-0.9964,-0.0848,0,0,1,28.575,77.225,47.79,61.88,156.25
GRID_R03_C06,2022-09-27,2022,9,27,270,-0.9977,-0.0677,0,0,1,28.575,77.225,40.29,44.09,132.88
GRID_R03_C06,2022-09-28,2022,9,28,271,-0.9987,-0.0505,0,0,1,28.575,77.225,55.13,59.02,182.85
GRID_R03_C06,2022-09-29,2022,9,29,272,-0.9994,-0.0333,0,0,1,28.575,77.225,66.05,82.87,205.25
GRID_R03_C06,2022-09-30,2022,9,30,273,-0.9999,-0.0161,0,0,1,28.575,77.225,80.25,91.86,214.82
GRID_R03_C06,2022-10-01,2022,10,1,274,-1.0,0.0011,0,0,1,28.575,77.225,81.41,104.02,174.0
GRID_R03_C06,2022-10-02,2022,10,2,275,-0.9998,0.0183,0,0,1,28.575,77.225,69.05,94.49,175.0
GRID_R03_C06,2022-10-03,2022,10,3,276,-0.9994,0.0355,0,0,1,28.575,77.225,42.71,51.5,258.45
GRID_R03_C06,2022-10-04,2022,10,4,277,-0.9986,0.0527,0,0,1,28.575,77.225,63.03,61.51,251.1
GRID_R03_C06,2022-10-05,2022,10,5,278,-0.9976,0.0698,0,0,1,28.575,77.225,89.36,110.49,285.6
GRID_R03_C06,2022-10-06,2022,10,6,279,-0.9962,0.087,0,0,1,28.575,77.225,16.63,13.15,103.28
GRID_R03_C06,2022-10-07,2022,10,7,280,-0.9946,0.1041,0,0,1,28.575,77.225,16.3,12.44,61.0
GRID_R03_C06,2022-10-08,2022,10,8,281,-0.9926,0.1212,0,0,1,28.575,77.225,14.32,14.32,82.5
GRID_R03_C06,2022-10-09,2022,10,9,282,-0.9904,0.1383,0,0,1,28.575,77.225,9.59,10.84,61.0
GRID_R03_C06,2022-10-10,2022,10,10,283,-0.9879,0.1553,0,0,1,28.575,77.225,14.76,9.01,61.0
GRID_R03_C06,2022-10-11,2022,10,11,284,-0.9851,0.1722,0,0,1,28.575,77.225,36.29,25.93,231.67
GRID_R03_C06,2022-10-12,2022,10,12,285,-0.9819,0.1892,0,0,1,28.575,77.225,62.49,72.65,205.75
GRID_R03_C06,2022-10-13,2022,10,13,286,-0.9785,0.206,0,0,1,28.575,77.225,53.52,60.34,172.25
GRID_R03_C06,2022-10-14,2022,10,14,287,-0.9749,0.2228,0,0,1,28.575,77.225,71.74,81.89,216.8
GRID_R03_C06,2022-10-15,2022,10,15,288,-0.9709,0.2396,1,0,1,28.575,77.225,89.6,103.27,401.5
GRID_R03_C06,2022-10-16,2022,10,16,289,-0.9666,0.2562,1,0,1,28.575,77.225,105.64,123.99,349.3
GRID_R03_C06,2022-10-17,2022,10,17,290,-0.9621,0.2728,1,0,1,28.575,77.225,108.94,127.64,383.5
GRID_R03_C06,2022-10-18,2022,10,18,291,-0.9572,0.2893,1,0,1,28.575,77.225,109.72,118.14,398.33
GRID_R03_C06,2022-10-19,2022,10,19,292,-0.9521,0.3057,1,0,1,28.575,77.225,102.01,124.26,331.92
GRID_R03_C06,2022-10-20,2022,10,20,293,-0.9467,0.3221,1,1,1,28.575,77.225,110.64,111.76,302.75
GRID_R03_C06,2022-10-21,2022,10,21,294,-0.941,0.3383,1,1,1,28.575,77.225,117.39,145.08,386.33
GRID_R03_C06,2022-10-22,2022,10,22,295,-0.9351,0.3545,1,1,1,28.575,77.225,122.89,153.83,322.0
GRID_R03_C06,2022-10-23,2022,10,23,296,-0.9288,0.3705,1,1,1,28.575,77.225,129.76,128.29,357.75
GRID_R03_C06,2022-10-24,2022,10,24,297,-0.9223,0.3864,1,1,1,28.575,77.225,177.52,168.07,921.25
GRID_R03_C06,2022-10-25,2022,10,25,298,-0.9155,0.4022,1,1,1,28.575,77.225,166.47,149.56,986.0
GRID_R03_C06,2022-10-26,2022,10,26,299,-0.9085,0.4179,1,1,1,28.575,77.225,142.96,114.47,621.5
GRID_R03_C06,2022-10-27,2022,10,27,300,-0.9012,0.4335,1,1,1,28.575,77.225,192.39,218.98,494.34
GRID_R03_C06,2022-10-28,2022,10,28,301,-0.8936,0.4489,1,1,1,28.575,77.225,223.13,226.04,514.0
GRID_R03_C06,2022-10-29,2022,10,29,302,-0.8857,0.4642,1,1,1,28.575,77.225,230.76,287.07,502.09
GRID_R03_C06,2022-10-30,2022,10,30,303,-0.8776,0.4794,1,1,1,28.575,77.225,211.77,210.91,749.6
GRID_R03_C06,2022-10-31,2022,10,31,304,-0.8692,0.4944,1,1,1,28.575,77.225,263.69,208.96,562.75
GRID_R03_C06,2022-11-01,2022,11,1,305,-0.8606,0.5093,1,1,1,28.575,77.225,248.88,294.21,705.25
GRID_R03_C06,2022-11-02,2022,11,2,306,-0.8517,0.524,1,1,1,28.575,77.225,241.74,214.26,589.0
GRID_R03_C06,2022-11-03,2022,11,3,307,-0.8426,0.5386,1,1,1,28.575,77.225,402.69,529.11,928.0
GRID_R03_C06,2022-11-04,2022,11,4,308,-0.8332,0.553,1,1,1,28.575,77.225,324.12,346.39,566.0
GRID_R03_C06,2022-11-05,2022,11,5,309,-0.8235,0.5672,1,1,1,28.575,77.225,193.45,200.61,425.0
GRID_R03_C06,2022-11-06,2022,11,6,310,-0.8137,0.5813,1,1,1,28.575,77.225,172.85,181.1,375.0
GRID_R03_C06,2022-11-07,2022,11,7,311,-0.8035,0.5952,1,1,1,28.575,77.225,193.57,227.11,449.82
GRID_R03_C06,2022-11-08,2022,11,8,312,-0.7932,0.609,1,1,1,28.575,77.225,240.17,245.39,445.7
GRID_R03_C06,2022-11-09,2022,11,9,313,-0.7826,0.6225,1,1,1,28.575,77.225,105.75,112.76,335.75
GRID_R03_C06,2022-11-10,2022,11,10,314,-0.7718,0.6359,1,1,1,28.575,77.225,162.28,178.2,478.0
GRID_R03_C06,2022-11-11,2022,11,11,315,-0.7607,0.6491,1,1,1,28.575,77.225,208.58,357.3,547.78
GRID_R03_C06,2022-11-12,2022,11,12,316,-0.7494,0.6621,1,1,1,28.575,77.225,186.89,259.16,421.27
GRID_R03_C06,2022-11-13,2022,11,13,317,-0.7379,0.6749,1,1,1,28.575,77.225,160.63,196.5,326.69
GRID_R03_C06,2022-11-14,2022,11,14,318,-0.7262,0.6875,1,1,1,28.575,77.225,140.22,172.86,415.5
GRID_R03_C06,2022-11-15,2022,11,15,319,-0.7143,0.6998,1,1,1,28.575,77.225,102.24,99.43,274.0
GRID_R03_C06,2022-11-16,2022,11,16,320,-0.7021,0.712,1,1,1,28.575,77.225,118.88,174.92,414.2
GRID_R03_C06,2022-11-17,2022,11,17,321,-0.6898,0.724,1,1,1,28.575,77.225,139.59,199.17,386.09
GRID_R03_C06,2022-11-18,2022,11,18,322,-0.6772,0.7358,1,1,1,28.575,77.225,157.43,240.44,551.78
GRID_R03_C06,2022-11-19,2022,11,19,323,-0.6645,0.7473,1,1,1,28.575,77.225,144.5,178.83,532.85
GRID_R03_C06,2022-11-20,2022,11,20,324,-0.6515,0.7586,1,1,1,28.575,77.225,171.28,216.63,551.35
GRID_R03_C06,2022-11-21,2022,11,21,325,-0.6384,0.7697,1,0,1,28.575,77.225,143.93,174.07,350.6
GRID_R03_C06,2022-11-22,2022,11,22,326,-0.625,0.7806,1,0,1,28.575,77.225,113.47,136.13,245.25
GRID_R03_C06,2022-11-23,2022,11,23,327,-0.6115,0.7912,1,0,1,28.575,77.225,103.72,127.52,416.48
GRID_R03_C06,2022-11-24,2022,11,24,328,-0.5978,0.8016,1,0,1,28.575,77.225,108.55,109.77,569.33
GRID_R03_C06,2022-11-25,2022,11,25,329,-0.584,0.8118,1,0,1,28.575,77.225,158.6,173.91,591.25
GRID_R03_C06,2022-11-26,2022,11,26,330,-0.5699,0.8217,1,0,1,28.575,77.225,180.96,192.28,757.0
GRID_R03_C06,2022-11-27,2022,11,27,331,-0.5557,0.8314,1,0,1,28.575,77.225,174.61,195.31,509.45
GRID_R03_C06,2022-11-28,2022,11,28,332,-0.5413,0.8408,1,0,1,28.575,77.225,198.65,227.57,680.0
GRID_R03_C06,2022-11-29,2022,11,29,333,-0.5268,0.85,1,0,1,28.575,77.225,230.27,284.3,658.91
GRID_R03_C06,2022-11-30,2022,11,30,334,-0.5121,0.859,1,0,1,28.575,77.225,207.63,223.34,533.0
GRID_R03_C06,2022-12-01,2022,12,1,335,-0.4972,0.8676,1,0,1,28.575,77.225,213.69,231.84,492.99
GRID_R03_C06,2022-12-02,2022,12,2,336,-0.4822,0.8761,1,0,1,28.575,77.225,200.39,204.94,605.25
GRID_R03_C06,2022-12-03,2022,12,3,337,-0.4671,0.8842,1,0,1,28.575,77.225,245.25,260.2,667.75
GRID_R03_C06,2022-12-04,2022,12,4,338,-0.4518,0.8921,1,0,1,28.575,77.225,250.6,293.9,635.75
GRID_R03_C06,2022-12-05,2022,12,5,339,-0.4364,0.8998,1,0,1,28.575,77.225,187.08,202.78,560.75
GRID_R03_C06,2022-12-06,2022,12,6,340,-0.4208,0.9071,1,0,1,28.575,77.225,184.23,189.48,359.0
GRID_R03_C06,2022-12-07,2022,12,7,341,-0.4052,0.9142,1,0,1,28.575,77.225,133.43,143.42,336.05
GRID_R03_C06,2022-12-08,2022,12,8,342,-0.3894,0.9211,1,0,1,28.575,77.225,143.94,139.75,466.58
GRID_R03_C06,2022-12-09,2022,12,9,343,-0.3735,0.9276,1,0,1,28.575,77.225,169.88,151.03,691.0
GRID_R03_C06,2022-12-10,2022,12,10,344,-0.3575,0.9339,1,0,1,28.575,77.225,211.95,254.19,646.75
GRID_R03_C06,2022-12-11,2022,12,11,345,-0.3413,0.9399,1,0,1,28.575,77.225,134.03,153.58,476.75
GRID_R03_C06,2022-12-12,2022,12,12,346,-0.3251,0.9457,1,0,1,28.575,77.225,95.92,100.39,620.75
GRID_R03_C06,2022-12-13,2022,12,13,347,-0.3088,0.9511,1,0,1,28.575,77.225,70.68,81.54,233.75
GRID_R03_C06,2022-12-14,2022,12,14,348,-0.2924,0.9563,1,0,1,28.575,77.225,85.59,94.24,367.25
GRID_R03_C06,2022-12-15,2022,12,15,349,-0.2759,0.9612,1,0,1,28.575,77.225,89.92,84.74,424.25
GRID_R03_C06,2022-12-16,2022,12,16,350,-0.2593,0.9658,1,0,1,28.575,77.225,124.19,111.4,659.18
GRID_R03_C06,2022-12-17,2022,12,17,351,-0.2427,0.9701,1,0,1,28.575,77.225,167.33,151.3,760.25
GRID_R03_C06,2022-12-18,2022,12,18,352,-0.226,0.9741,1,0,1,28.575,77.225,254.25,203.4,813.75
GRID_R03_C06,2022-12-19,2022,12,19,353,-0.2092,0.9779,1,0,1,28.575,77.225,259.11,226.32,843.5
GRID_R03_C06,2022-12-20,2022,12,20,354,-0.1923,0.9813,1,0,1,28.575,77.225,199.94,168.09,544.0
GRID_R03_C06,2022-12-21,2022,12,21,355,-0.1754,0.9845,1,0,1,28.575,77.225,188.4,149.22,490.33
GRID_R03_C06,2022-12-22,2022,12,22,356,-0.1585,0.9874,1,0,1,28.575,77.225,202.24,126.13,541.5
GRID_R03_C06,2022-12-23,2022,12,23,357,-0.1414,0.9899,1,0,1,28.575,77.225,202.07,128.73,592.25
GRID_R03_C06,2022-12-24,2022,12,24,358,-0.1244,0.9922,1,0,1,28.575,77.225,160.66,177.3,457.75
GRID_R03_C06,2022-12-25,2022,12,25,359,-0.1073,0.9942,1,0,1,28.575,77.225,168.91,143.09,840.0
GRID_R03_C06,2022-12-26,2022,12,26,360,-0.0902,0.9959,1,0,1,28.575,77.225,193.84,121.15,854.02
GRID_R03_C06,2022-12-27,2022,12,27,361,-0.073,0.9973,1,0,1,28.575,77.225,166.8,128.51,554.62
GRID_R03_C06,2022-12-28,2022,12,28,362,-0.0559,0.9984,1,0,1,28.575,77.225,151.84,165.35,701.2
GRID_R03_C06,2022-12-29,2022,12,29,363,-0.0387,0.9993,1,0,1,28.575,77.225,196.73,149.79,589.5
GRID_R03_C06,2022-12-30,2022,12,30,364,-0.0215,0.9998,1,0,1,28.575,77.225,256.68,236.1,805.0
GRID_R03_C06,2022-12-31,2022,12,31,365,-0.0043,1.0,1,0,1,28.575,77.225,156.24,154.1,582.0
GRID_R03_C06,2023-01-01,2023,1,1,1,0.0172,0.9999,1,0,1,28.575,77.225,140.59,112.69,679.25
GRID_R03_C06,2023-01-02,2023,1,2,2,0.0344,0.9994,1,0,1,28.575,77.225,233.11,193.92,516.68
GRID_R03_C06,2023-01-03,2023,1,3,3,0.0516,0.9987,1,0,1,28.575,77.225,239.57,221.13,472.25
GRID_R03_C06,2023-01-04,2023,1,4,4,0.0688,0.9976,1,0,1,28.575,77.225,179.33,118.26,546.75
GRID_R03_C06,2023-01-05,2023,1,5,5,0.0859,0.9963,1,0,1,28.575,77.225,208.96,121.88,788.25
GRID_R03_C06,2023-01-06,2023,1,6,6,0.103,0.9947,1,0,1,28.575,77.225,258.51,192.14,565.75
GRID_R03_C06,2023-01-07,2023,1,7,7,0.1201,0.9928,1,0,1,28.575,77.225,226.55,148.25,845.15
GRID_R03_C06,2023-01-08,2023,1,8,8,0.1372,0.9905,1,0,1,28.575,77.225,254.55,135.77,968.0
GRID_R03_C06,2023-01-09,2023,1,9,9,0.1542,0.988,1,0,1,28.575,77.225,377.61,262.54,979.0
GRID_R03_C06,2023-01-10,2023,1,10,10,0.1712,0.9852,1,0,1,28.575,77.225,232.43,146.22,805.2
GRID_R03_C06,2023-01-11,2023,1,11,11,0.1881,0.9821,1,0,1,28.575,77.225,175.13,93.59,915.0
GRID_R03_C06,2023-01-12,2023,1,12,12,0.205,0.9788,1,0,1,28.575,77.225,203.36,198.28,351.25
GRID_R03_C06,2023-01-13,2023,1,13,13,0.2218,0.9751,1,0,1,28.575,77.225,215.69,210.06,412.25
GRID_R03_C06,2023-01-14,2023,1,14,14,0.2385,0.9711,1,0,1,28.575,77.225,153.77,170.89,335.25
GRID_R03_C06,2023-01-15,2023,1,15,15,0.2552,0.9669,1,0,1,28.575,77.225,98.57,97.09,423.75
GRID_R03_C06,2023-01-16,2023,1,16,16,0.2718,0.9624,1,0,1,28.575,77.225,143.33,131.44,582.0
GRID_R03_C06,2023-01-17,2023,1,17,17,0.2883,0.9575,1,0,1,28.575,77.225,152.32,167.19,593.0
GRID_R03_C06,2023-01-18,2023,1,18,18,0.3047,0.9524,1,0,1,28.575,77.225,191.89,203.4,818.25
GRID_R03_C06,2023-01-19,2023,1,19,19,0.3211,0.9471,1,0,1,28.575,77.225,198.04,198.56,609.88
GRID_R03_C06,2023-01-20,2023,1,20,20,0.3373,0.9414,1,0,1,28.575,77.225,91.12,56.01,458.5
GRID_R03_C06,2023-01-21,2023,1,21,21,0.3534,0.9355,1,0,1,28.575,77.225,210.88,164.5,931.1
GRID_R03_C06,2023-01-22,2023,1,22,22,0.3695,0.9292,1,0,1,28.575,77.225,248.86,279.16,593.75
GRID_R03_C06,2023-01-23,2023,1,23,23,0.3854,0.9227,1,0,1,28.575,77.225,168.8,185.13,697.65
GRID_R03_C06,2023-01-24,2023,1,24,24,0.4012,0.916,1,0,1,28.575,77.225,86.73,102.82,335.0
GRID_R03_C06,2023-01-25,2023,1,25,25,0.4169,0.9089,1,0,1,28.575,77.225,105.39,103.56,282.5
GRID_R03_C06,2023-01-26,2023,1,26,26,0.4325,0.9016,1,0,1,28.575,77.225,138.53,158.69,261.25
GRID_R03_C06,2023-01-27,2023,1,27,27,0.4479,0.8941,1,0,1,28.575,77.225,92.74,98.78,201.25
GRID_R03_C06,2023-01-28,2023,1,28,28,0.4633,0.8862,1,0,1,28.575,77.225,123.06,110.04,415.0
GRID_R03_C06,2023-01-29,2023,1,29,29,0.4784,0.8781,1,0,1,28.575,77.225,187.89,219.15,553.75
GRID_R03_C06,2023-01-30,2023,1,30,30,0.4935,0.8698,1,0,1,28.575,77.225,79.17,31.48,953.9
GRID_R03_C06,2023-01-31,2023,1,31,31,0.5084,0.8611,1,0,1,28.575,77.225,85.1,78.2,724.1
GRID_R03_C06,2023-02-01,2023,2,1,32,0.5231,0.8523,0,0,1,28.575,77.225,84.61,84.26,818.42
GRID_R03_C06,2023-02-02,2023,2,2,33,0.5377,0.8432,0,0,1,28.575,77.225,87.18,96.8,635.88
GRID_R03_C06,2023-02-03,2023,2,3,34,0.5521,0.8338,0,0,1,28.575,77.225,103.31,96.71,753.0
GRID_R03_C06,2023-02-04,2023,2,4,35,0.5664,0.8242,0,0,1,28.575,77.225,118.23,104.62,517.0
GRID_R03_C06,2023-02-05,2023,2,5,36,0.5805,0.8143,0,0,1,28.575,77.225,105.12,112.14,550.5
GRID_R03_C06,2023-02-06,2023,2,6,37,0.5944,0.8042,0,0,1,28.575,77.225,142.37,178.57,410.75
GRID_R03_C06,2023-02-07,2023,2,7,38,0.6081,0.7938,0,0,1,28.575,77.225,116.41,192.85,424.25
GRID_R03_C06,2023-02-08,2023,2,8,39,0.6217,0.7833,0,0,1,28.575,77.225,73.83,78.85,281.0
GRID_R03_C06,2023-02-09,2023,2,9,40,0.6351,0.7725,0,0,1,28.575,77.225,91.53,116.1,255.75
GRID_R03_C06,2023-02-10,2023,2,10,41,0.6483,0.7614,0,0,1,28.575,77.225,93.96,97.32,266.5
GRID_R03_C06,2023-02-11,2023,2,11,42,0.6613,0.7502,0,0,1,28.575,77.225,137.57,177.28,403.1
GRID_R03_C06,2023-02-12,2023,2,12,43,0.6741,0.7387,0,0,1,28.575,77.225,55.0,74.17,211.8
GRID_R03_C06,2023-02-13,2023,2,13,44,0.6867,0.727,0,0,1,28.575,77.225,48.7,52.97,261.9
GRID_R03_C06,2023-02-14,2023,2,14,45,0.6991,0.715,0,0,1,28.575,77.225,63.39,69.72,284.48
GRID_R03_C06,2023-02-15,2023,2,15,46,0.7113,0.7029,0,0,1,28.575,77.225,91.34,97.16,302.0
GRID_R03_C06,2023-02-16,2023,2,16,47,0.7233,0.6906,0,0,1,28.575,77.225,166.5,140.14,489.0
GRID_R03_C06,2023-02-17,2023,2,17,48,0.735,0.678,0,0,1,28.575,77.225,221.81,254.05,493.0
GRID_R03_C06,2023-02-18,2023,2,18,49,0.7466,0.6653,0,0,1,28.575,77.225,202.82,256.19,552.75
GRID_R03_C06,2023-02-19,2023,2,19,50,0.7579,0.6523,0,0,1,28.575,77.225,180.82,197.74,421.18
GRID_R03_C06,2023-02-20,2023,2,20,51,0.769,0.6392,0,0,1,28.575,77.225,147.09,204.27,375.5
GRID_R03_C06,2023-02-21,2023,2,21,52,0.7799,0.6259,0,0,1,28.575,77.225,125.63,121.27,656.0
GRID_R03_C06,2023-02-22,2023,2,22,53,0.7906,0.6124,0,0,1,28.575,77.225,137.12,142.42,598.33
GRID_R03_C06,2023-02-23,2023,2,23,54,0.801,0.5987,0,0,1,28.575,77.225,82.06,100.74,433.71
GRID_R03_C06,2023-02-24,2023,2,24,55,0.8112,0.5848,0,0,1,28.575,77.225,80.97,101.45,294.0
GRID_R03_C06,2023-02-25,2023,2,25,56,0.8211,0.5708,0,0,1,28.575,77.225,115.56,131.95,342.93
GRID_R03_C06,2023-02-26,2023,2,26,57,0.8308,0.5566,0,0,1,28.575,77.225,138.48,183.46,388.62
GRID_R03_C06,2023-02-27,2023,2,27,58,0.8402,0.5422,0,0,1,28.575,77.225,119.02,171.7,601.25
GRID_R03_C06,2023-02-28,2023,2,28,59,0.8495,0.5277,0,0,1,28.575,77.225,90.5,131.14,342.25
GRID_R03_C06,2023-03-01,2023,3,1,60,0.8584,0.513,0,0,1,28.575,77.225,74.16,60.12,336.12
GRID_R03_C06,2023-03-02,2023,3,2,61,0.8671,0.4981,0,0,1,28.575,77.225,91.36,122.77,494.45
GRID_R03_C06,2023-03-03,2023,3,3,62,0.8755,0.4831,0,0,1,28.575,77.225,61.71,80.19,223.43
GRID_R03_C06,2023-03-04,2023,3,4,63,0.8837,0.468,0,0,1,28.575,77.225,54.64,54.04,213.2
GRID_R03_C06,2023-03-05,2023,3,5,64,0.8916,0.4527,0,0,1,28.575,77.225,56.31,73.75,238.5
GRID_R03_C06,2023-03-06,2023,3,6,65,0.8993,0.4373,0,0,1,28.575,77.225,67.11,102.74,260.5
GRID_R03_C06,2023-03-07,2023,3,7,66,0.9067,0.4218,0,0,1,28.575,77.225,85.44,122.07,859.6
GRID_R03_C06,2023-03-08,2023,3,8,67,0.9138,0.4061,0,0,1,28.575,77.225,112.71,170.69,449.76
GRID_R03_C06,2023-03-09,2023,3,9,68,0.9207,0.3904,0,0,1,28.575,77.225,55.22,43.35,174.25
GRID_R03_C06,2023-03-10,2023,3,10,69,0.9272,0.3745,0,0,1,28.575,77.225,90.97,142.38,363.25
GRID_R03_C06,2023-03-11,2023,3,11,70,0.9335,0.3585,0,0,1,28.575,77.225,92.21,126.75,376.25
GRID_R03_C06,2023-03-12,2023,3,12,71,0.9396,0.3424,0,0,1,28.575,77.225,96.52,128.32,343.0
GRID_R03_C06,2023-03-13,2023,3,13,72,0.9453,0.3261,0,0,1,28.575,77.225,106.76,170.57,539.25
GRID_R03_C06,2023-03-14,2023,3,14,73,0.9508,0.3098,0,0,1,28.575,77.225,101.82,169.29,405.0
GRID_R03_C06,2023-03-15,2023,3,15,74,0.956,0.2934,0,0,1,28.575,77.225,99.28,144.25,493.0
GRID_R03_C06,2023-03-16,2023,3,16,75,0.9609,0.2769,0,0,1,28.575,77.225,103.45,169.42,311.0
GRID_R03_C06,2023-03-17,2023,3,17,76,0.9655,0.2604,0,0,1,28.575,77.225,95.66,126.99,277.0
GRID_R03_C06,2023-03-18,2023,3,18,77,0.9698,0.2437,0,0,1,28.575,77.225,68.73,68.92,246.33
GRID_R03_C06,2023-03-19,2023,3,19,78,0.9739,0.227,0,0,1,28.575,77.225,81.25,107.01,194.0
GRID_R03_C06,2023-03-20,2023,3,20,79,0.9777,0.2102,0,0,1,28.575,77.225,56.77,86.71,484.7
GRID_R03_C06,2023-03-21,2023,3,21,80,0.9811,0.1934,0,0,1,28.575,77.225,46.16,46.26,421.4
GRID_R03_C06,2023-03-22,2023,3,22,81,0.9843,0.1765,0,0,1,28.575,77.225,78.51,103.87,263.7
GRID_R03_C06,2023-03-23,2023,3,23,82,0.9872,0.1595,0,0,1,28.575,77.225,72.64,126.92,389.37
GRID_R03_C06,2023-03-24,2023,3,24,83,0.9898,0.1425,0,0,1,28.575,77.225,87.5,147.35,331.25
GRID_R03_C06,2023-03-25,2023,3,25,84,0.9921,0.1255,0,0,1,28.575,77.225,40.65,22.9,265.23
GRID_R03_C06,2023-03-26,2023,3,26,85,0.9941,0.1084,0,0,1,28.575,77.225,65.61,67.31,296.75
GRID_R03_C06,2023-03-27,2023,3,27,86,0.9958,0.0913,0,0,1,28.575,77.225,59.22,104.09,897.0
GRID_R03_C06,2023-03-28,2023,3,28,87,0.9972,0.0741,0,0,1,28.575,77.225,68.09,117.08,303.75
GRID_R03_C06,2023-03-29,2023,3,29,88,0.9984,0.057,0,0,1,28.575,77.225,86.06,147.88,297.25
GRID_R03_C06,2023-03-30,2023,3,30,89,0.9992,0.0398,0,0,1,28.575,77.225,71.1,110.89,393.2
GRID_R03_C06,2023-03-31,2023,3,31,90,0.9997,0.0226,0,0,1,28.575,77.225,30.7,33.22,368.03
GRID_R03_C06,2023-04-01,2023,4,1,91,1.0,0.0054,0,0,1,28.575,77.225,45.0,50.95,280.2
GRID_R03_C06,2023-04-02,2023,4,2,92,0.9999,-0.0118,0,0,1,28.575,77.225,59.81,80.84,224.28
GRID_R03_C06,2023-04-03,2023,4,3,93,0.9996,-0.029,0,0,1,28.575,77.225,72.19,121.82,333.0
GRID_R03_C06,2023-04-04,2023,4,4,94,0.9989,-0.0462,0,0,1,28.575,77.225,45.44,29.36,231.75
GRID_R03_C06,2023-04-05,2023,4,5,95,0.998,-0.0634,0,0,1,28.575,77.225,54.84,74.72,301.97
GRID_R03_C06,2023-04-06,2023,4,6,96,0.9968,-0.0805,0,0,1,28.575,77.225,41.83,38.85,274.75
GRID_R03_C06,2023-04-07,2023,4,7,97,0.9952,-0.0977,0,0,1,28.575,77.225,50.13,62.82,231.4
GRID_R03_C06,2023-04-08,2023,4,8,98,0.9934,-0.1148,0,0,1,28.575,77.225,70.16,112.22,310.8
GRID_R03_C06,2023-04-09,2023,4,9,99,0.9913,-0.1319,0,0,1,28.575,77.225,104.17,193.79,517.0
GRID_R03_C06,2023-04-10,2023,4,10,100,0.9889,-0.1489,0,0,1,28.575,77.225,90.88,162.06,345.5
GRID_R03_C06,2023-04-11,2023,4,11,101,0.9861,-0.1659,0,0,1,28.575,77.225,125.55,211.25,484.0
GRID_R03_C06,2023-04-12,2023,4,12,102,0.9831,-0.1828,0,0,1,28.575,77.225,80.5,109.18,301.75
GRID_R03_C06,2023-04-13,2023,4,13,103,0.9799,-0.1997,0,0,1,28.575,77.225,91.21,134.67,408.07
GRID_R03_C06,2023-04-14,2023,4,14,104,0.9763,-0.2165,0,0,1,28.575,77.225,101.61,180.79,637.98
GRID_R03_C06,2023-04-15,2023,4,15,105,0.9724,-0.2333,0,0,1,28.575,77.225,102.14,168.04,426.0
GRID_R03_C06,2023-04-16,2023,4,16,106,0.9683,-0.25,0,0,1,28.575,77.225,74.74,116.52,292.25
GRID_R03_C06,2023-04-17,2023,4,17,107,0.9638,-0.2666,0,0,1,28.575,77.225,73.07,100.08,843.0
GRID_R03_C06,2023-04-18,2023,4,18,108,0.9591,-0.2831,0,0,1,28.575,77.225,77.58,87.12,341.25
GRID_R03_C06,2023-04-19,2023,4,19,109,0.9541,-0.2996,0,0,1,28.575,77.225,61.25,60.06,355.0
GRID_R03_C06,2023-04-20,2023,4,20,110,0.9488,-0.316,0,0,1,28.575,77.225,43.08,46.28,257.25
GRID_R03_C06,2023-04-21,2023,4,21,111,0.9432,-0.3322,0,0,1,28.575,77.225,42.14,38.9,132.0
GRID_R03_C06,2023-04-22,2023,4,22,112,0.9373,-0.3484,0,0,1,28.575,77.225,42.02,47.82,285.6
GRID_R03_C06,2023-04-23,2023,4,23,113,0.9312,-0.3645,0,0,1,28.575,77.225,27.04,22.57,116.15
GRID_R03_C06,2023-04-24,2023,4,24,114,0.9248,-0.3804,0,0,1,28.575,77.225,60.44,93.49,284.25
GRID_R03_C06,2023-04-25,2023,4,25,115,0.9181,-0.3963,0,0,1,28.575,77.225,57.03,54.03,232.0
GRID_R03_C06,2023-04-26,2023,4,26,116,0.9112,-0.412,0,0,1,28.575,77.225,89.57,102.38,227.88
GRID_R03_C06,2023-04-27,2023,4,27,117,0.9039,-0.4276,0,0,1,28.575,77.225,81.27,126.06,347.77
GRID_R03_C06,2023-04-28,2023,4,28,118,0.8965,-0.4431,0,0,1,28.575,77.225,69.6,79.05,230.5
GRID_R03_C06,2023-04-29,2023,4,29,119,0.8887,-0.4585,0,0,1,28.575,77.225,74.43,104.95,512.24
GRID_R03_C06,2023-04-30,2023,4,30,120,0.8807,-0.4737,0,0,1,28.575,77.225,51.31,52.35,388.1
GRID_R03_C06,2023-05-01,2023,5,1,121,0.8724,-0.4888,0,0,1,28.575,77.225,42.14,40.18,123.7
GRID_R03_C06,2023-05-02,2023,5,2,122,0.8639,-0.5037,0,0,1,28.575,77.225,40.17,33.05,142.0
GRID_R03_C06,2023-05-03,2023,5,3,123,0.8551,-0.5185,0,0,1,28.575,77.225,46.47,61.87,161.0
GRID_R03_C06,2023-05-04,2023,5,4,124,0.846,-0.5331,0,0,1,28.575,77.225,61.21,69.35,212.75
GRID_R03_C06,2023-05-05,2023,5,5,125,0.8367,-0.5476,0,0,1,28.575,77.225,81.37,90.75,335.0
GRID_R03_C06,2023-05-06,2023,5,6,126,0.8272,-0.5619,0,0,1,28.575,77.225,104.11,196.28,426.25
GRID_R03_C06,2023-05-07,2023,5,7,127,0.8174,-0.5761,0,0,1,28.575,77.225,65.47,75.25,269.5
GRID_R03_C06,2023-05-08,2023,5,8,128,0.8074,-0.59,0,0,1,28.575,77.225,54.44,80.29,242.4
GRID_R03_C06,2023-05-09,2023,5,9,129,0.7971,-0.6038,0,0,1,28.575,77.225,95.57,166.97,316.75
GRID_R03_C06,2023-05-10,2023,5,10,130,0.7866,-0.6175,0,0,1,28.575,77.225,91.05,128.71,319.0
GRID_R03_C06,2023-05-11,2023,5,11,131,0.7759,-0.6309,0,0,1,28.575,77.225,130.6,209.36,393.0
GRID_R03_C06,2023-05-12,2023,5,12,132,0.7649,-0.6442,0,0,1,28.575,77.225,91.49,100.45,348.88
GRID_R03_C06,2023-05-13,2023,5,13,133,0.7537,-0.6572,0,0,1,28.575,77.225,99.09,109.57,485.68
GRID_R03_C06,2023-05-14,2023,5,14,134,0.7423,-0.6701,0,0,1,28.575,77.225,98.57,136.92,479.27
GRID_R03_C06,2023-05-15,2023,5,15,135,0.7306,-0.6828,0,0,1,28.575,77.225,38.31,29.97,302.67
GRID_R03_C06,2023-05-16,2023,5,16,136,0.7188,-0.6952,0,0,1,28.575,77.225,136.34,257.39,858.0
GRID_R03_C06,2023-05-17,2023,5,17,137,0.7067,-0.7075,0,0,1,28.575,77.225,90.2,128.36,439.2
GRID_R03_C06,2023-05-18,2023,5,18,138,0.6945,-0.7195,0,0,1,28.575,77.225,41.38,32.39,475.8
GRID_R03_C06,2023-05-19,2023,5,19,139,0.682,-0.7314,0,0,1,28.575,77.225,66.91,82.41,324.2
GRID_R03_C06,2023-05-20,2023,5,20,140,0.6693,-0.743,0,0,1,28.575,77.225,69.13,97.72,410.08
GRID_R03_C06,2023-05-21,2023,5,21,141,0.6564,-0.7544,0,0,1,28.575,77.225,81.61,112.52,418.88
GRID_R03_C06,2023-05-22,2023,5,22,142,0.6433,-0.7656,0,0,1,28.575,77.225,62.36,47.74,293.65
GRID_R03_C06,2023-05-23,2023,5,23,143,0.6301,-0.7765,0,0,1,28.575,77.225,51.37,39.71,426.07
GRID_R03_C06,2023-05-24,2023,5,24,144,0.6166,-0.7873,0,0,1,28.575,77.225,30.2,33.36,224.1
GRID_R03_C06,2023-05-25,2023,5,25,145,0.603,-0.7978,0,0,1,28.575,77.225,25.89,20.93,134.75
GRID_R03_C06,2023-05-26,2023,5,26,146,0.5892,-0.808,0,0,1,28.575,77.225,26.17,23.94,150.6
GRID_R03_C06,2023-05-27,2023,5,27,147,0.5752,-0.818,0,0,1,28.575,77.225,33.7,29.09,523.54
GRID_R03_C06,2023-05-28,2023,5,28,148,0.561,-0.8278,0,0,1,28.575,77.225,56.8,80.39,233.0
GRID_R03_C06,2023-05-29,2023,5,29,149,0.5467,-0.8373,0,0,1,28.575,77.225,37.1,30.3,130.5
GRID_R03_C06,2023-05-30,2023,5,30,150,0.5322,-0.8466,0,0,1,28.575,77.225,40.46,55.96,135.7
GRID_R03_C06,2023-05-31,2023,5,31,151,0.5176,-0.8556,0,0,1,28.575,77.225,33.88,31.72,143.0
GRID_R03_C06,2023-06-01,2023,6,1,152,0.5028,-0.8644,0,0,1,28.575,77.225,46.64,58.04,292.76
GRID_R03_C06,2023-06-02,2023,6,2,153,0.4878,-0.8729,0,0,1,28.575,77.225,41.96,45.19,187.5
GRID_R03_C06,2023-06-03,2023,6,3,154,0.4728,-0.8812,0,0,1,28.575,77.225,53.0,61.51,386.5
GRID_R03_C06,2023-06-04,2023,6,4,155,0.4575,-0.8892,0,0,1,28.575,77.225,78.77,80.91,325.5
GRID_R03_C06,2023-06-05,2023,6,5,156,0.4422,-0.8969,0,0,1,28.575,77.225,62.55,71.0,251.1
GRID_R03_C06,2023-06-06,2023,6,6,157,0.4267,-0.9044,0,0,1,28.575,77.225,67.29,33.7,572.5
GRID_R03_C06,2023-06-07,2023,6,7,158,0.4111,-0.9116,0,0,1,28.575,77.225,68.05,92.24,474.55
GRID_R03_C06,2023-06-08,2023,6,8,159,0.3953,-0.9185,0,0,1,28.575,77.225,53.69,69.34,233.88
GRID_R03_C06,2023-06-09,2023,6,9,160,0.3795,-0.9252,0,0,1,28.575,77.225,43.43,43.51,173.5
GRID_R03_C06,2023-06-10,2023,6,10,161,0.3635,-0.9316,0,0,1,28.575,77.225,40.9,41.88,253.85
GRID_R03_C06,2023-06-11,2023,6,11,162,0.3474,-0.9377,0,0,1,28.575,77.225,39.92,35.37,191.32
GRID_R03_C06,2023-06-12,2023,6,12,163,0.3312,-0.9436,0,0,1,28.575,77.225,51.16,50.58,183.13
GRID_R03_C06,2023-06-13,2023,6,13,164,0.3149,-0.9491,0,0,1,28.575,77.225,58.07,62.85,247.82
GRID_R03_C06,2023-06-14,2023,6,14,165,0.2986,-0.9544,0,0,1,28.575,77.225,45.05,47.56,165.3
GRID_R03_C06,2023-06-15,2023,6,15,166,0.2821,-0.9594,0,0,1,28.575,77.225,36.9,41.12,210.9
GRID_R03_C06,2023-06-16,2023,6,16,167,0.2656,-0.9641,0,0,1,28.575,77.225,37.95,48.17,185.82
GRID_R03_C06,2023-06-17,2023,6,17,168,0.2489,-0.9685,0,0,1,28.575,77.225,42.72,46.56,196.94
GRID_R03_C06,2023-06-18,2023,6,18,169,0.2322,-0.9727,0,0,1,28.575,77.225,30.42,37.76,95.27
GRID_R03_C06,2023-06-19,2023,6,19,170,0.2155,-0.9765,0,0,1,28.575,77.225,26.76,19.09,89.0
GRID_R03_C06,2023-06-20,2023,6,20,171,0.1986,-0.9801,0,0,1,28.575,77.225,40.77,53.19,135.0
GRID_R03_C06,2023-06-21,2023,6,21,172,0.1818,-0.9833,0,0,1,28.575,77.225,37.05,27.92,126.36
GRID_R03_C06,2023-06-22,2023,6,22,173,0.1648,-0.9863,0,0,1,28.575,77.225,41.72,35.46,199.0
GRID_R03_C06,2023-06-23,2023,6,23,174,0.1478,-0.989,0,0,1,28.575,77.225,49.84,32.79,132.8
GRID_R03_C06,2023-06-24,2023,6,24,175,0.1308,-0.9914,0,0,1,28.575,77.225,53.71,59.12,164.0
GRID_R03_C06,2023-06-25,2023,6,25,176,0.1137,-0.9935,0,0,1,28.575,77.225,26.17,10.57,213.9
GRID_R03_C06,2023-06-26,2023,6,26,177,0.0966,-0.9953,0,0,1,28.575,77.225,45.76,58.46,238.0
GRID_R03_C06,2023-06-27,2023,6,27,178,0.0795,-0.9968,0,0,1,28.575,77.225,35.56,22.2,134.5
GRID_R03_C06,2023-06-28,2023,6,28,179,0.0623,-0.9981,0,0,1,28.575,77.225,33.49,42.22,122.25
GRID_R03_C06,2023-06-29,2023,6,29,180,0.0451,-0.999,0,0,1,28.575,77.225,40.76,45.28,206.0
GRID_R03_C06,2023-06-30,2023,6,30,181,0.028,-0.9996,0,0,1,28.575,77.225,25.96,19.04,324.97
GRID_R03_C06,2023-07-01,2023,7,1,182,0.0108,-0.9999,0,0,1,28.575,77.225,23.8,26.41,96.0
GRID_R03_C06,2023-07-02,2023,7,2,183,-0.0065,-1.0,0,0,1,28.575,77.225,34.21,26.01,119.0
GRID_R03_C06,2023-07-03,2023,7,3,184,-0.0237,-0.9997,0,0,1,28.575,77.225,53.81,37.97,133.0
GRID_R03_C06,2023-07-04,2023,7,4,185,-0.0408,-0.9992,0,0,1,28.575,77.225,49.22,51.84,135.02
GRID_R03_C06,2023-07-05,2023,7,5,186,-0.058,-0.9983,0,0,1,28.575,77.225,37.45,41.64,86.0
GRID_R03_C06,2023-07-06,2023,7,6,187,-0.0752,-0.9972,0,0,1,28.575,77.225,28.22,45.88,88.58
GRID_R03_C06,2023-07-07,2023,7,7,188,-0.0923,-0.9957,0,0,1,28.575,77.225,33.63,33.24,155.48
GRID_R03_C06,2023-07-08,2023,7,8,189,-0.1094,-0.994,0,0,1,28.575,77.225,27.02,21.61,192.15
GRID_R03_C06,2023-07-09,2023,7,9,190,-0.1265,-0.992,0,0,1,28.575,77.225,23.16,29.5,102.5
GRID_R03_C06,2023-07-10,2023,7,10,191,-0.1436,-0.9896,0,0,1,28.575,77.225,27.0,34.64,127.0
GRID_R03_C06,2023-07-11,2023,7,11,192,-0.1606,-0.987,0,0,1,28.575,77.225,33.59,36.34,95.5
GRID_R03_C06,2023-07-12,2023,7,12,193,-0.1775,-0.9841,0,0,1,28.575,77.225,32.39,32.56,101.15
GRID_R03_C06,2023-07-13,2023,7,13,194,-0.1944,-0.9809,0,0,1,28.575,77.225,37.11,36.05,103.0
GRID_R03_C06,2023-07-14,2023,7,14,195,-0.2113,-0.9774,0,0,1,28.575,77.225,36.83,37.88,86.6
GRID_R03_C06,2023-07-15,2023,7,15,196,-0.2281,-0.9736,0,0,1,28.575,77.225,37.5,32.62,135.25
GRID_R03_C06,2023-07-16,2023,7,16,197,-0.2448,-0.9696,0,0,1,28.575,77.225,28.46,25.38,107.4
GRID_R03_C06,2023-07-17,2023,7,17,198,-0.2614,-0.9652,0,0,1,28.575,77.225,45.31,30.88,158.0
GRID_R03_C06,2023-07-18,2023,7,18,199,-0.278,-0.9606,0,0,1,28.575,77.225,35.48,38.27,74.89
GRID_R03_C06,2023-07-19,2023,7,19,200,-0.2945,-0.9557,0,0,1,28.575,77.225,32.01,28.76,70.43
GRID_R03_C06,2023-07-20,2023,7,20,201,-0.3109,-0.9505,0,0,1,28.575,77.225,43.29,44.02,244.25
GRID_R03_C06,2023-07-21,2023,7,21,202,-0.3272,-0.945,0,0,1,28.575,77.225,53.1,60.53,274.0
GRID_R03_C06,2023-07-22,2023,7,22,203,-0.3434,-0.9392,0,0,1,28.575,77.225,34.44,34.98,124.7
GRID_R03_C06,2023-07-23,2023,7,23,204,-0.3595,-0.9332,0,0,1,28.575,77.225,27.59,26.55,94.0
GRID_R03_C06,2023-07-24,2023,7,24,205,-0.3755,-0.9268,0,0,1,28.575,77.225,30.6,33.99,141.0
GRID_R03_C06,2023-07-25,2023,7,25,206,-0.3914,-0.9202,0,0,1,28.575,77.225,43.11,37.92,123.33
GRID_R03_C06,2023-07-26,2023,7,26,207,-0.4071,-0.9134,0,0,1,28.575,77.225,24.52,10.76,91.6
GRID_R03_C06,2023-07-27,2023,7,27,208,-0.4228,-0.9062,0,0,1,28.575,77.225,39.93,45.29,160.75
GRID_R03_C06,2023-07-28,2023,7,28,209,-0.4383,-0.8988,0,0,1,28.575,77.225,35.1,43.94,172.36
GRID_R03_C06,2023-07-29,2023,7,29,210,-0.4537,-0.8912,0,0,1,28.575,77.225,16.8,18.34,95.0
GRID_R03_C06,2023-07-30,2023,7,30,211,-0.469,-0.8832,0,0,1,28.575,77.225,23.51,21.03,138.43
GRID_R03_C06,2023-07-31,2023,7,31,212,-0.4841,-0.875,0,0,1,28.575,77.225,45.49,57.92,853.8
GRID_R03_C06,2023-08-01,2023,8,1,213,-0.4991,-0.8666,0,0,1,28.575,77.225,28.05,23.08,105.33
GRID_R03_C06,2023-08-02,2023,8,2,214,-0.5139,-0.8578,0,0,1,28.575,77.225,27.37,27.07,335.4
GRID_R03_C06,2023-08-03,2023,8,3,215,-0.5286,-0.8489,0,0,1,28.575,77.225,31.06,25.45,183.33
GRID_R03_C06,2023-08-04,2023,8,4,216,-0.5431,-0.8397,0,0,1,28.575,77.225,36.88,30.03,250.75
GRID_R03_C06,2023-08-05,2023,8,5,217,-0.5575,-0.8302,0,0,1,28.575,77.225,40.65,37.91,558.29
GRID_R03_C06,2023-08-06,2023,8,6,218,-0.5717,-0.8205,0,0,1,28.575,77.225,30.95,26.53,315.18
GRID_R03_C06,2023-08-07,2023,8,7,219,-0.5857,-0.8105,0,0,1,28.575,77.225,29.26,26.44,98.5
GRID_R03_C06,2023-08-08,2023,8,8,220,-0.5996,-0.8003,0,0,1,28.575,77.225,30.8,27.08,137.0
GRID_R03_C06,2023-08-09,2023,8,9,221,-0.6132,-0.7899,0,0,1,28.575,77.225,36.83,29.18,150.12
GRID_R03_C06,2023-08-10,2023,8,10,222,-0.6267,-0.7792,0,0,1,28.575,77.225,37.31,33.22,129.6
GRID_R03_C06,2023-08-11,2023,8,11,223,-0.64,-0.7683,0,0,1,28.575,77.225,40.24,35.46,237.7
GRID_R03_C06,2023-08-12,2023,8,12,224,-0.6532,-0.7572,0,0,1,28.575,77.225,35.54,31.69,172.82
GRID_R03_C06,2023-08-13,2023,8,13,225,-0.6661,-0.7459,0,0,1,28.575,77.225,30.13,26.24,177.0
GRID_R03_C06,2023-08-14,2023,8,14,226,-0.6788,-0.7343,0,0,1,28.575,77.225,36.36,35.75,161.0
GRID_R03_C06,2023-08-15,2023,8,15,227,-0.6914,-0.7225,0,0,1,28.575,77.225,46.34,49.85,262.0
GRID_R03_C06,2023-08-16,2023,8,16,228,-0.7037,-0.7105,0,0,1,28.575,77.225,47.54,49.9,166.25
GRID_R03_C06,2023-08-17,2023,8,17,229,-0.7158,-0.6983,0,0,1,28.575,77.225,41.3,39.35,117.0
GRID_R03_C06,2023-08-18,2023,8,18,230,-0.7277,-0.6859,0,0,1,28.575,77.225,45.5,38.4,223.76
GRID_R03_C06,2023-08-19,2023,8,19,231,-0.7394,-0.6733,0,0,1,28.575,77.225,45.16,23.41,160.25
GRID_R03_C06,2023-08-20,2023,8,20,232,-0.7509,-0.6605,0,0,1,28.575,77.225,38.0,45.6,180.0
GRID_R03_C06,2023-08-21,2023,8,21,233,-0.7621,-0.6474,0,0,1,28.575,77.225,39.39,38.68,118.25
GRID_R03_C06,2023-08-22,2023,8,22,234,-0.7731,-0.6342,0,0,1,28.575,77.225,37.83,42.07,167.0
GRID_R03_C06,2023-08-23,2023,8,23,235,-0.7839,-0.6208,0,0,1,28.575,77.225,24.4,25.96,129.0
GRID_R03_C06,2023-08-24,2023,8,24,236,-0.7945,-0.6073,0,0,1,28.575,77.225,31.87,25.48,625.79
GRID_R03_C06,2023-08-25,2023,8,25,237,-0.8048,-0.5935,0,0,1,28.575,77.225,35.18,29.15,122.33
GRID_R03_C06,2023-08-26,2023,8,26,238,-0.8149,-0.5796,0,0,1,28.575,77.225,45.15,39.47,163.97
GRID_R03_C06,2023-08-27,2023,8,27,239,-0.8248,-0.5655,0,0,1,28.575,77.225,53.2,65.29,151.2
GRID_R03_C06,2023-08-28,2023,8,28,240,-0.8344,-0.5512,0,0,1,28.575,77.225,48.16,46.22,196.04
GRID_R03_C06,2023-08-29,2023,8,29,241,-0.8437,-0.5368,0,0,1,28.575,77.225,44.85,31.69,135.5
GRID_R03_C06,2023-08-30,2023,8,30,242,-0.8528,-0.5222,0,0,1,28.575,77.225,48.19,45.46,289.6
GRID_R03_C06,2023-08-31,2023,8,31,243,-0.8617,-0.5074,0,0,1,28.575,77.225,48.55,56.61,188.69
GRID_R03_C06,2023-09-01,2023,9,1,244,-0.8703,-0.4925,0,0,1,28.575,77.225,41.84,47.03,117.0
GRID_R03_C06,2023-09-02,2023,9,2,245,-0.8786,-0.4775,0,0,1,28.575,77.225,41.91,42.76,425.9
GRID_R03_C06,2023-09-03,2023,9,3,246,-0.8867,-0.4623,0,0,1,28.575,77.225,40.67,41.45,167.62
GRID_R03_C06,2023-09-04,2023,9,4,247,-0.8945,-0.447,0,0,1,28.575,77.225,39.55,47.47,201.6
GRID_R03_C06,2023-09-05,2023,9,5,248,-0.9021,-0.4315,0,0,1,28.575,77.225,39.25,33.24,126.67
GRID_R03_C06,2023-09-06,2023,9,6,249,-0.9094,-0.4159,0,0,1,28.575,77.225,31.96,31.6,240.07
GRID_R03_C06,2023-09-07,2023,9,7,250,-0.9164,-0.4002,0,0,1,28.575,77.225,34.79,29.54,120.0
GRID_R03_C06,2023-09-08,2023,9,8,251,-0.9232,-0.3844,0,0,1,28.575,77.225,23.47,18.74,134.67
GRID_R03_C06,2023-09-09,2023,9,9,252,-0.9296,-0.3685,0,0,1,28.575,77.225,13.58,11.89,238.75
GRID_R03_C06,2023-09-10,2023,9,10,253,-0.9358,-0.3524,0,0,1,28.575,77.225,11.76,19.09,276.5
GRID_R03_C06,2023-09-11,2023,9,11,254,-0.9418,-0.3363,0,0,1,28.575,77.225,26.75,21.54,129.8
GRID_R03_C06,2023-09-12,2023,9,12,255,-0.9474,-0.32,0,0,1,28.575,77.225,37.65,35.75,132.4
GRID_R03_C06,2023-09-13,2023,9,13,256,-0.9528,-0.3037,0,0,1,28.575,77.225,51.37,42.36,155.33
GRID_R03_C06,2023-09-14,2023,9,14,257,-0.9579,-0.2873,0,0,1,28.575,77.225,57.35,57.39,183.8
GRID_R03_C06,2023-09-15,2023,9,15,258,-0.9627,-0.2707,0,0,1,28.575,77.225,35.66,32.14,119.3
GRID_R03_C06,2023-09-16,2023,9,16,259,-0.9672,-0.2541,0,0,1,28.575,77.225,31.21,36.63,587.47
GRID_R03_C06,2023-09-17,2023,9,17,260,-0.9714,-0.2375,0,0,1,28.575,77.225,25.16,25.36,129.0
GRID_R03_C06,2023-09-18,2023,9,18,261,-0.9753,-0.2207,0,0,1,28.575,77.225,18.76,21.04,147.5
GRID_R03_C06,2023-09-19,2023,9,19,262,-0.979,-0.2039,0,0,1,28.575,77.225,27.1,25.77,759.58
GRID_R03_C06,2023-09-20,2023,9,20,263,-0.9824,-0.187,0,0,1,28.575,77.225,39.61,45.44,246.0
GRID_R03_C06,2023-09-21,2023,9,21,264,-0.9854,-0.1701,0,0,1,28.575,77.225,40.36,40.94,282.0
GRID_R03_C06,2023-09-22,2023,9,22,265,-0.9882,-0.1531,0,0,1,28.575,77.225,51.72,57.98,134.35
GRID_R03_C06,2023-09-23,2023,9,23,266,-0.9907,-0.1361,0,0,1,28.575,77.225,47.3,44.72,563.34
GRID_R03_C06,2023-09-24,2023,9,24,267,-0.9929,-0.1191,0,0,1,28.575,77.225,60.51,87.9,237.75
GRID_R03_C06,2023-09-25,2023,9,25,268,-0.9948,-0.102,0,0,1,28.575,77.225,63.7,70.64,709.0
GRID_R03_C06,2023-09-26,2023,9,26,269,-0.9964,-0.0848,0,0,1,28.575,77.225,69.31,82.78,152.0
GRID_R03_C06,2023-09-27,2023,9,27,270,-0.9977,-0.0677,0,0,1,28.575,77.225,51.92,52.16,442.17
GRID_R03_C06,2023-09-28,2023,9,28,271,-0.9987,-0.0505,0,0,1,28.575,77.225,58.6,63.85,141.5
GRID_R03_C06,2023-09-29,2023,9,29,272,-0.9994,-0.0333,0,0,1,28.575,77.225,69.08,76.33,157.9
GRID_R03_C06,2023-09-30,2023,9,30,273,-0.9999,-0.0161,0,0,1,28.575,77.225,65.54,84.43,275.0
GRID_R03_C06,2023-10-01,2023,10,1,274,-1.0,0.0011,0,0,1,28.575,77.225,64.31,77.34,153.8
GRID_R03_C06,2023-10-02,2023,10,2,275,-0.9998,0.0183,0,0,1,28.575,77.225,61.74,71.87,269.05
GRID_R03_C06,2023-10-03,2023,10,3,276,-0.9994,0.0355,0,0,1,28.575,77.225,64.71,76.32,278.07
GRID_R03_C06,2023-10-04,2023,10,4,277,-0.9986,0.0527,0,0,1,28.575,77.225,72.24,87.17,179.1
GRID_R03_C06,2023-10-05,2023,10,5,278,-0.9976,0.0698,0,0,1,28.575,77.225,83.87,80.79,335.83
GRID_R03_C06,2023-10-06,2023,10,6,279,-0.9962,0.087,0,0,1,28.575,77.225,91.94,95.15,480.25
GRID_R03_C06,2023-10-07,2023,10,7,280,-0.9946,0.1041,0,0,1,28.575,77.225,81.62,92.96,329.0
GRID_R03_C06,2023-10-08,2023,10,8,281,-0.9926,0.1212,0,0,1,28.575,77.225,65.44,53.8,451.02
GRID_R03_C06,2023-10-09,2023,10,9,282,-0.9904,0.1383,0,0,1,28.575,77.225,70.25,49.29,422.12
GRID_R03_C06,2023-10-10,2023,10,10,283,-0.9879,0.1553,0,0,1,28.575,77.225,69.95,48.84,763.0
GRID_R03_C06,2023-10-11,2023,10,11,284,-0.9851,0.1722,0,0,1,28.575,77.225,84.32,101.64,250.0
GRID_R03_C06,2023-10-12,2023,10,12,285,-0.9819,0.1892,0,0,1,28.575,77.225,107.82,156.92,527.25
GRID_R03_C06,2023-10-13,2023,10,13,286,-0.9785,0.206,0,0,1,28.575,77.225,130.11,184.16,805.25
GRID_R03_C06,2023-10-14,2023,10,14,287,-0.9749,0.2228,0,0,1,28.575,77.225,110.14,146.24,452.2
GRID_R03_C06,2023-10-15,2023,10,15,288,-0.9709,0.2396,1,0,1,28.575,77.225,89.09,113.73,439.25
GRID_R03_C06,2023-10-16,2023,10,16,289,-0.9666,0.2562,1,0,1,28.575,77.225,65.05,98.0,189.5
GRID_R03_C06,2023-10-17,2023,10,17,290,-0.9621,0.2728,1,0,1,28.575,77.225,42.19,28.41,171.0
GRID_R03_C06,2023-10-18,2023,10,18,291,-0.9572,0.2893,1,0,1,28.575,77.225,52.36,63.07,180.0
GRID_R03_C06,2023-10-19,2023,10,19,292,-0.9521,0.3057,1,0,1,28.575,77.225,55.38,60.28,166.5
GRID_R03_C06,2023-10-20,2023,10,20,293,-0.9467,0.3221,1,1,1,28.575,77.225,98.18,145.11,425.42
GRID_R03_C06,2023-10-21,2023,10,21,294,-0.941,0.3383,1,1,1,28.575,77.225,139.65,189.46,458.48
GRID_R03_C06,2023-10-22,2023,10,22,295,-0.9351,0.3545,1,1,1,28.575,77.225,153.79,194.82,410.0
GRID_R03_C06,2023-10-23,2023,10,23,296,-0.9288,0.3705,1,1,1,28.575,77.225,129.89,228.84,407.75
GRID_R03_C06,2023-10-24,2023,10,24,297,-0.9223,0.3864,1,1,1,28.575,77.225,101.39,127.4,323.5
GRID_R03_C06,2023-10-25,2023,10,25,298,-0.9155,0.4022,1,1,1,28.575,77.225,123.36,152.14,404.0
GRID_R03_C06,2023-10-26,2023,10,26,299,-0.9085,0.4179,1,1,1,28.575,77.225,117.31,144.12,613.0
GRID_R03_C06,2023-10-27,2023,10,27,300,-0.9012,0.4335,1,1,1,28.575,77.225,136.62,153.67,534.5
GRID_R03_C06,2023-10-28,2023,10,28,301,-0.8936,0.4489,1,1,1,28.575,77.225,162.96,200.82,563.0
GRID_R03_C06,2023-10-29,2023,10,29,302,-0.8857,0.4642,1,1,1,28.575,77.225,174.32,219.06,400.0
GRID_R03_C06,2023-10-30,2023,10,30,303,-0.8776,0.4794,1,1,1,28.575,77.225,184.86,223.49,476.0
GRID_R03_C06,2023-10-31,2023,10,31,304,-0.8692,0.4944,1,1,1,28.575,77.225,205.19,231.99,443.5
GRID_R03_C06,2023-11-01,2023,11,1,305,-0.8606,0.5093,1,1,1,28.575,77.225,185.71,221.1,443.75
GRID_R03_C06,2023-11-02,2023,11,2,306,-0.8517,0.524,1,1,1,28.575,77.225,312.49,270.19,652.5
GRID_R03_C06,2023-11-03,2023,11,3,307,-0.8426,0.5386,1,1,1,28.575,77.225,310.48,428.5,646.75
GRID_R03_C06,2023-11-04,2023,11,4,308,-0.8332,0.553,1,1,1,28.575,77.225,334.72,328.77,637.25
GRID_R03_C06,2023-11-05,2023,11,5,309,-0.8235,0.5672,1,1,1,28.575,77.225,333.91,392.4,771.0
GRID_R03_C06,2023-11-06,2023,11,6,310,-0.8137,0.5813,1,1,1,28.575,77.225,262.43,335.16,621.75
GRID_R03_C06,2023-11-07,2023,11,7,311,-0.8035,0.5952,1,1,1,28.575,77.225,266.06,271.85,554.25
GRID_R03_C06,2023-11-08,2023,11,8,312,-0.7932,0.609,1,1,1,28.575,77.225,282.3,341.5,669.0
GRID_R03_C06,2023-11-09,2023,11,9,313,-0.7826,0.6225,1,1,1,28.575,77.225,328.8,368.02,608.0
GRID_R03_C06,2023-11-10,2023,11,10,314,-0.7718,0.6359,1,1,1,28.575,77.225,123.09,42.35,639.5
GRID_R03_C06,2023-11-11,2023,11,11,315,-0.7607,0.6491,1,1,1,28.575,77.225,92.82,89.57,245.17
GRID_R03_C06,2023-11-12,2023,11,12,316,-0.7494,0.6621,1,1,1,28.575,77.225,136.56,117.27,973.0
GRID_R03_C06,2023-11-13,2023,11,13,317,-0.7379,0.6749,1,1,1,28.575,77.225,309.44,337.28,997.0
GRID_R03_C06,2023-11-14,2023,11,14,318,-0.7262,0.6875,1,1,1,28.575,77.225,233.61,252.5,633.05
GRID_R03_C06,2023-11-15,2023,11,15,319,-0.7143,0.6998,1,1,1,28.575,77.225,257.18,349.19,527.75
GRID_R03_C06,2023-11-16,2023,11,16,320,-0.7021,0.712,1,1,1,28.575,77.225,325.3,364.68,632.75
GRID_R03_C06,2023-11-17,2023,11,17,321,-0.6898,0.724,1,1,1,28.575,77.225,235.51,335.7,633.0
GRID_R03_C06,2023-11-18,2023,11,18,322,-0.6772,0.7358,1,1,1,28.575,77.225,158.45,178.05,381.0
GRID_R03_C06,2023-11-19,2023,11,19,323,-0.6645,0.7473,1,1,1,28.575,77.225,160.41,171.08,544.0
GRID_R03_C06,2023-11-20,2023,11,20,324,-0.6515,0.7586,1,1,1,28.575,77.225,201.14,251.19,636.81
GRID_R03_C06,2023-11-21,2023,11,21,325,-0.6384,0.7697,1,0,1,28.575,77.225,235.7,257.44,404.0
GRID_R03_C06,2023-11-22,2023,11,22,326,-0.625,0.7806,1,0,1,28.575,77.225,239.69,276.53,514.0
GRID_R03_C06,2023-11-23,2023,11,23,327,-0.6115,0.7912,1,0,1,28.575,77.225,247.62,267.48,635.93
GRID_R03_C06,2023-11-24,2023,11,24,328,-0.5978,0.8016,1,0,1,28.575,77.225,303.74,346.38,910.5
GRID_R03_C06,2023-11-25,2023,11,25,329,-0.584,0.8118,1,0,1,28.575,77.225,254.87,305.8,508.25
GRID_R03_C06,2023-11-26,2023,11,26,330,-0.5699,0.8217,1,0,1,28.575,77.225,270.39,315.22,717.5
GRID_R03_C06,2023-11-27,2023,11,27,331,-0.5557,0.8314,1,0,1,28.575,77.225,228.52,267.01,471.5
GRID_R03_C06,2023-11-28,2023,11,28,332,-0.5413,0.8408,1,0,1,28.575,77.225,136.84,182.42,350.0
GRID_R03_C06,2023-11-29,2023,11,29,333,-0.5268,0.85,1,0,1,28.575,77.225,188.94,180.79,549.0
GRID_R03_C06,2023-11-30,2023,11,30,334,-0.5121,0.859,1,0,1,28.575,77.225,254.65,296.44,555.0
GRID_R03_C06,2023-12-01,2023,12,1,335,-0.4972,0.8676,1,0,1,28.575,77.225,223.03,224.22,552.0
GRID_R03_C06,2023-12-02,2023,12,2,336,-0.4822,0.8761,1,0,1,28.575,77.225,161.3,176.49,382.25
GRID_R03_C06,2023-12-03,2023,12,3,337,-0.4671,0.8842,1,0,1,28.575,77.225,154.52,184.0,542.0
GRID_R03_C06,2023-12-04,2023,12,4,338,-0.4518,0.8921,1,0,1,28.575,77.225,154.1,182.68,612.28
GRID_R03_C06,2023-12-05,2023,12,5,339,-0.4364,0.8998,1,0,1,28.575,77.225,139.18,173.96,394.75
GRID_R03_C06,2023-12-06,2023,12,6,340,-0.4208,0.9071,1,0,1,28.575,77.225,139.58,161.97,389.0
GRID_R03_C06,2023-12-07,2023,12,7,341,-0.4052,0.9142,1,0,1,28.575,77.225,174.82,197.11,578.0
GRID_R03_C06,2023-12-08,2023,12,8,342,-0.3894,0.9211,1,0,1,28.575,77.225,161.49,156.9,475.0
GRID_R03_C06,2023-12-09,2023,12,9,343,-0.3735,0.9276,1,0,1,28.575,77.225,163.31,175.44,427.5
GRID_R03_C06,2023-12-10,2023,12,10,344,-0.3575,0.9339,1,0,1,28.575,77.225,156.68,160.56,463.0
GRID_R03_C06,2023-12-11,2023,12,11,345,-0.3413,0.9399,1,0,1,28.575,77.225,168.19,182.37,561.0
GRID_R03_C06,2023-12-12,2023,12,12,346,-0.3251,0.9457,1,0,1,28.575,77.225,227.63,294.87,665.51
GRID_R03_C06,2023-12-13,2023,12,13,347,-0.3088,0.9511,1,0,1,28.575,77.225,231.66,294.47,719.0
GRID_R03_C06,2023-12-14,2023,12,14,348,-0.2924,0.9563,1,0,1,28.575,77.225,169.19,191.95,493.0
GRID_R03_C06,2023-12-15,2023,12,15,349,-0.2759,0.9612,1,0,1,28.575,77.225,186.46,220.69,482.0
GRID_R03_C06,2023-12-16,2023,12,16,350,-0.2593,0.9658,1,0,1,28.575,77.225,219.33,280.89,541.91
GRID_R03_C06,2023-12-17,2023,12,17,351,-0.2427,0.9701,1,0,1,28.575,77.225,201.73,245.12,608.0
GRID_R03_C06,2023-12-18,2023,12,18,352,-0.226,0.9741,1,0,1,28.575,77.225,154.57,174.45,365.5
GRID_R03_C06,2023-12-19,2023,12,19,353,-0.2092,0.9779,1,0,1,28.575,77.225,131.33,149.75,420.75
GRID_R03_C06,2023-12-20,2023,12,20,354,-0.1923,0.9813,1,0,1,28.575,77.225,153.31,140.51,486.06
GRID_R03_C06,2023-12-21,2023,12,21,355,-0.1754,0.9845,1,0,1,28.575,77.225,231.12,244.39,542.82
GRID_R03_C06,2023-12-22,2023,12,22,356,-0.1585,0.9874,1,0,1,28.575,77.225,309.16,272.04,634.0
GRID_R03_C06,2023-12-23,2023,12,23,357,-0.1414,0.9899,1,0,1,28.575,77.225,316.03,372.88,889.5
GRID_R03_C06,2023-12-24,2023,12,24,358,-0.1244,0.9922,1,0,1,28.575,77.225,285.82,359.89,656.25
GRID_R03_C06,2023-12-25,2023,12,25,359,-0.1073,0.9942,1,0,1,28.575,77.225,216.32,210.69,579.33
GRID_R03_C06,2023-12-26,2023,12,26,360,-0.0902,0.9959,1,0,1,28.575,77.225,232.53,227.58,572.75
GRID_R03_C06,2023-12-27,2023,12,27,361,-0.073,0.9973,1,0,1,28.575,77.225,261.75,187.44,613.75
GRID_R03_C06,2023-12-28,2023,12,28,362,-0.0559,0.9984,1,0,1,28.575,77.225,188.87,138.42,437.5
GRID_R03_C06,2023-12-29,2023,12,29,363,-0.0387,0.9993,1,0,1,28.575,77.225,253.49,197.63,560.75
GRID_R03_C06,2023-12-30,2023,12,30,364,-0.0215,0.9998,1,0,1,28.575,77.225,248.19,214.17,401.0
GRID_R03_C06,2023-12-31,2023,12,31,365,-0.0043,1.0,1,0,1,28.575,77.225,215.66,191.45,356.0
GRID_R03_C06,2024-01-01,2024,1,1,1,0.0172,0.9999,1,0,1,28.575,77.225,176.71,154.68,355.0
GRID_R03_C06,2024-01-02,2024,1,2,2,0.0344,0.9994,1,0,1,28.575,77.225,180.65,168.0,478.5
GRID_R03_C06,2024-01-03,2024,1,3,3,0.0516,0.9987,1,0,1,28.575,77.225,191.73,129.29,716.0
GRID_R03_C06,2024-01-04,2024,1,4,4,0.0688,0.9976,1,0,1,28.575,77.225,215.34,189.23,465.75
GRID_R03_C06,2024-01-05,2024,1,5,5,0.0859,0.9963,1,0,1,28.575,77.225,158.89,117.06,353.25
GRID_R03_C06,2024-01-06,2024,1,6,6,0.103,0.9947,1,0,1,28.575,77.225,170.61,129.12,473.67
GRID_R03_C06,2024-01-07,2024,1,7,7,0.1201,0.9928,1,0,1,28.575,77.225,167.25,134.64,473.25
GRID_R03_C06,2024-01-08,2024,1,8,8,0.1372,0.9905,1,0,1,28.575,77.225,227.1,166.1,737.75
GRID_R03_C06,2024-01-09,2024,1,9,9,0.1542,0.988,1,0,1,28.575,77.225,131.42,143.72,288.12
GRID_R03_C06,2024-01-10,2024,1,10,10,0.1712,0.9852,1,0,1,28.575,77.225,154.84,107.78,457.17
GRID_R03_C06,2024-01-11,2024,1,11,11,0.1881,0.9821,1,0,1,28.575,77.225,188.87,157.43,515.5
GRID_R03_C06,2024-01-12,2024,1,12,12,0.205,0.9788,1,0,1,28.575,77.225,181.96,127.27,881.0
GRID_R03_C06,2024-01-13,2024,1,13,13,0.2218,0.9751,1,0,1,28.575,77.225,353.96,224.6,958.0
GRID_R03_C06,2024-01-14,2024,1,14,14,0.2385,0.9711,1,0,1,28.575,77.225,322.05,237.24,919.0
GRID_R03_C06,2024-01-15,2024,1,15,15,0.2552,0.9669,1,0,1,28.575,77.225,185.48,135.55,704.75
GRID_R03_C06,2024-01-16,2024,1,16,16,0.2718,0.9624,1,0,1,28.575,77.225,241.48,211.13,522.5
GRID_R03_C06,2024-01-17,2024,1,17,17,0.2883,0.9575,1,0,1,28.575,77.225,204.75,183.05,478.75
GRID_R03_C06,2024-01-18,2024,1,18,18,0.3047,0.9524,1,0,1,28.575,77.225,171.02,102.78,445.0
GRID_R03_C06,2024-01-19,2024,1,19,19,0.3211,0.9471,1,0,1,28.575,77.225,180.88,144.48,352.0
GRID_R03_C06,2024-01-20,2024,1,20,20,0.3373,0.9414,1,0,1,28.575,77.225,185.5,138.15,534.0
GRID_R03_C06,2024-01-21,2024,1,21,21,0.3534,0.9355,1,0,1,28.575,77.225,170.0,135.9,377.75
GRID_R03_C06,2024-01-22,2024,1,22,22,0.3695,0.9292,1,0,1,28.575,77.225,206.04,144.34,701.0
GRID_R03_C06,2024-01-23,2024,1,23,23,0.3854,0.9227,1,0,1,28.575,77.225,219.24,142.07,487.0
GRID_R03_C06,2024-01-24,2024,1,24,24,0.4012,0.916,1,0,1,28.575,77.225,246.43,216.23,531.75
GRID_R03_C06,2024-01-25,2024,1,25,25,0.4169,0.9089,1,0,1,28.575,77.225,194.53,103.21,655.75
GRID_R03_C06,2024-01-26,2024,1,26,26,0.4325,0.9016,1,0,1,28.575,77.225,289.48,260.3,917.0
GRID_R03_C06,2024-01-27,2024,1,27,27,0.4479,0.8941,1,0,1,28.575,77.225,181.24,191.55,583.75
GRID_R03_C06,2024-01-28,2024,1,28,28,0.4633,0.8862,1,0,1,28.575,77.225,252.72,244.89,693.85
GRID_R03_C06,2024-01-29,2024,1,29,29,0.4784,0.8781,1,0,1,28.575,77.225,202.95,155.93,541.75
GRID_R03_C06,2024-01-30,2024,1,30,30,0.4935,0.8698,1,0,1,28.575,77.225,213.54,130.5,529.25
GRID_R03_C06,2024-01-31,2024,1,31,31,0.5084,0.8611,1,0,1,28.575,77.225,223.33,196.58,517.0
GRID_R03_C06,2024-02-01,2024,2,1,32,0.5231,0.8523,0,0,1,28.575,77.225,65.75,39.6,201.5
GRID_R03_C06,2024-02-02,2024,2,2,33,0.5377,0.8432,0,0,1,28.575,77.225,102.63,75.95,242.25
GRID_R03_C06,2024-02-03,2024,2,3,34,0.5521,0.8338,0,0,1,28.575,77.225,98.88,86.22,505.67
GRID_R03_C06,2024-02-04,2024,2,4,35,0.5664,0.8242,0,0,1,28.575,77.225,122.9,107.12,379.5
GRID_R03_C06,2024-02-05,2024,2,5,36,0.5805,0.8143,0,0,1,28.575,77.225,74.81,82.84,184.25
GRID_R03_C06,2024-02-06,2024,2,6,37,0.5944,0.8042,0,0,1,28.575,77.225,66.58,63.62,361.75
GRID_R03_C06,2024-02-07,2024,2,7,38,0.6081,0.7938,0,0,1,28.575,77.225,76.73,85.12,255.0
GRID_R03_C06,2024-02-08,2024,2,8,39,0.6217,0.7833,0,0,1,28.575,77.225,68.77,72.95,154.25
GRID_R03_C06,2024-02-09,2024,2,9,40,0.6351,0.7725,0,0,1,28.575,77.225,79.73,71.07,558.5
GRID_R03_C06,2024-02-10,2024,2,10,41,0.6483,0.7614,0,0,1,28.575,77.225,176.74,203.85,389.5
GRID_R03_C06,2024-02-11,2024,2,11,42,0.6613,0.7502,0,0,1,28.575,77.225,155.21,183.53,441.15
GRID_R03_C06,2024-02-12,2024,2,12,43,0.6741,0.7387,0,0,1,28.575,77.225,156.73,157.1,623.22
GRID_R03_C06,2024-02-13,2024,2,13,44,0.6867,0.727,0,0,1,28.575,77.225,203.35,210.56,458.74
GRID_R03_C06,2024-02-14,2024,2,14,45,0.6991,0.715,0,0,1,28.575,77.225,167.1,188.5,370.0
GRID_R03_C06,2024-02-15,2024,2,15,46,0.7113,0.7029,0,0,1,28.575,77.225,127.23,146.4,330.25
GRID_R03_C06,2024-02-16,2024,2,16,47,0.7233,0.6906,0,0,1,28.575,77.225,119.97,154.31,300.5
GRID_R03_C06,2024-02-17,2024,2,17,48,0.735,0.678,0,0,1,28.575,77.225,119.98,144.88,646.0
GRID_R03_C06,2024-02-18,2024,2,18,49,0.7466,0.6653,0,0,1,28.575,77.225,131.33,173.24,354.5
GRID_R03_C06,2024-02-19,2024,2,19,50,0.7579,0.6523,0,0,1,28.575,77.225,89.77,94.2,177.0
GRID_R03_C06,2024-02-20,2024,2,20,51,0.769,0.6392,0,0,1,28.575,77.225,120.38,118.12,384.67
GRID_R03_C06,2024-02-21,2024,2,21,52,0.7799,0.6259,0,0,1,28.575,77.225,89.5,92.84,263.0
GRID_R03_C06,2024-02-22,2024,2,22,53,0.7906,0.6124,0,0,1,28.575,77.225,61.85,89.15,268.68
GRID_R03_C06,2024-02-23,2024,2,23,54,0.801,0.5987,0,0,1,28.575,77.225,61.04,90.79,217.0
GRID_R03_C06,2024-02-24,2024,2,24,55,0.8112,0.5848,0,0,1,28.575,77.225,87.64,115.14,300.0
GRID_R03_C06,2024-02-25,2024,2,25,56,0.8211,0.5708,0,0,1,28.575,77.225,81.27,119.8,288.75
GRID_R03_C06,2024-02-26,2024,2,26,57,0.8308,0.5566,0,0,1,28.575,77.225,78.98,86.04,306.0
GRID_R03_C06,2024-02-27,2024,2,27,58,0.8402,0.5422,0,0,1,28.575,77.225,62.45,58.12,304.5
GRID_R03_C06,2024-02-28,2024,2,28,59,0.8495,0.5277,0,0,1,28.575,77.225,62.5,78.98,150.0
GRID_R03_C06,2024-02-29,2024,2,29,60,0.8584,0.513,0,0,1,28.575,77.225,67.57,85.39,255.67
GRID_R03_C06,2024-03-01,2024,3,1,61,0.8671,0.4981,0,0,1,28.575,77.225,91.52,134.08,369.75
GRID_R03_C06,2024-03-02,2024,3,2,62,0.8755,0.4831,0,0,1,28.575,77.225,33.53,30.69,331.1
GRID_R03_C06,2024-03-03,2024,3,3,63,0.8837,0.468,0,0,1,28.575,77.225,48.58,49.28,117.9
GRID_R03_C06,2024-03-04,2024,3,4,64,0.8916,0.4527,0,0,1,28.575,77.225,49.29,71.84,205.88
GRID_R03_C06,2024-03-05,2024,3,5,65,0.8993,0.4373,0,0,1,28.575,77.225,51.0,69.14,175.0
GRID_R03_C06,2024-03-06,2024,3,6,66,0.9067,0.4218,0,0,1,28.575,77.225,64.49,79.17,183.0
GRID_R03_C06,2024-03-07,2024,3,7,67,0.9138,0.4061,0,0,1,28.575,77.225,80.81,121.31,337.5
GRID_R03_C06,2024-03-08,2024,3,8,68,0.9207,0.3904,0,0,1,28.575,77.225,66.34,104.42,274.0
GRID_R03_C06,2024-03-09,2024,3,9,69,0.9272,0.3745,0,0,1,28.575,77.225,63.06,93.09,285.0
GRID_R03_C06,2024-03-10,2024,3,10,70,0.9335,0.3585,0,0,1,28.575,77.225,86.75,138.24,316.0
GRID_R03_C06,2024-03-11,2024,3,11,71,0.9396,0.3424,0,0,1,28.575,77.225,88.46,131.6,283.0
GRID_R03_C06,2024-03-12,2024,3,12,72,0.9453,0.3261,0,0,1,28.575,77.225,86.46,148.93,356.25
GRID_R03_C06,2024-03-13,2024,3,13,73,0.9508,0.3098,0,0,1,28.575,77.225,78.88,127.07,374.75
GRID_R03_C06,2024-03-14,2024,3,14,74,0.956,0.2934,0,0,1,28.575,77.225,87.64,146.29,340.25
GRID_R03_C06,2024-03-15,2024,3,15,75,0.9609,0.2769,0,0,1,28.575,77.225,47.12,61.55,523.84
GRID_R03_C06,2024-03-16,2024,3,16,76,0.9655,0.2604,0,0,1,28.575,77.225,77.67,97.76,272.5
GRID_R03_C06,2024-03-17,2024,3,17,77,0.9698,0.2437,0,0,1,28.575,77.225,91.12,140.8,319.25
GRID_R03_C06,2024-03-18,2024,3,18,78,0.9739,0.227,0,0,1,28.575,77.225,93.32,157.23,291.25
GRID_R03_C06,2024-03-19,2024,3,19,79,0.9777,0.2102,0,0,1,28.575,77.225,108.69,175.32,376.25
GRID_R03_C06,2024-03-20,2024,3,20,80,0.9811,0.1934,0,0,1,28.575,77.225,108.6,172.42,421.5
GRID_R03_C06,2024-03-21,2024,3,21,81,0.9843,0.1765,0,0,1,28.575,77.225,77.68,59.9,330.25
GRID_R03_C06,2024-03-22,2024,3,22,82,0.9872,0.1595,0,0,1,28.575,77.225,82.59,79.74,827.0
GRID_R03_C06,2024-03-23,2024,3,23,83,0.9898,0.1425,0,0,1,28.575,77.225,96.68,130.32,452.25
GRID_R03_C06,2024-03-24,2024,3,24,84,0.9921,0.1255,0,0,1,28.575,77.225,86.06,153.42,546.43
GRID_R03_C06,2024-03-25,2024,3,25,85,0.9941,0.1084,0,0,1,28.575,77.225,95.96,123.37,766.1
GRID_R03_C06,2024-03-26,2024,3,26,86,0.9958,0.0913,0,0,1,28.575,77.225,64.8,93.9,230.75
GRID_R03_C06,2024-03-27,2024,3,27,87,0.9972,0.0741,0,0,1,28.575,77.225,71.34,105.85,633.7
GRID_R03_C06,2024-03-28,2024,3,28,88,0.9984,0.057,0,0,1,28.575,77.225,68.5,91.49,426.88
GRID_R03_C06,2024-03-29,2024,3,29,89,0.9992,0.0398,0,0,1,28.575,77.225,85.28,117.0,568.35
GRID_R03_C06,2024-03-30,2024,3,30,90,0.9997,0.0226,0,0,1,28.575,77.225,86.72,102.6,518.72
GRID_R03_C06,2024-03-31,2024,3,31,91,1.0,0.0054,0,0,1,28.575,77.225,94.3,161.78,409.5
GRID_R03_C06,2024-04-01,2024,4,1,92,0.9999,-0.0118,0,0,1,28.575,77.225,53.67,88.33,567.9
GRID_R03_C06,2024-04-02,2024,4,2,93,0.9996,-0.029,0,0,1,28.575,77.225,64.78,118.59,542.43
GRID_R03_C06,2024-04-03,2024,4,3,94,0.9989,-0.0462,0,0,1,28.575,77.225,75.55,95.29,258.08
GRID_R03_C06,2024-04-04,2024,4,4,95,0.998,-0.0634,0,0,1,28.575,77.225,64.74,66.14,347.84
GRID_R03_C06,2024-04-05,2024,4,5,96,0.9968,-0.0805,0,0,1,28.575,77.225,63.67,84.65,237.42
GRID_R03_C06,2024-04-06,2024,4,6,97,0.9952,-0.0977,0,0,1,28.575,77.225,69.6,110.57,272.0
GRID_R03_C06,2024-04-07,2024,4,7,98,0.9934,-0.1148,0,0,1,28.575,77.225,84.93,177.41,398.0
GRID_R03_C06,2024-04-08,2024,4,8,99,0.9913,-0.1319,0,0,1,28.575,77.225,88.75,163.73,446.92
GRID_R03_C06,2024-04-09,2024,4,9,100,0.9889,-0.1489,0,0,1,28.575,77.225,85.74,124.7,331.43
GRID_R03_C06,2024-04-10,2024,4,10,101,0.9861,-0.1659,0,0,1,28.575,77.225,98.3,141.13,408.4
GRID_R03_C06,2024-04-11,2024,4,11,102,0.9831,-0.1828,0,0,1,28.575,77.225,88.87,143.02,483.95
GRID_R03_C06,2024-04-12,2024,4,12,103,0.9799,-0.1997,0,0,1,28.575,77.225,105.11,166.63,368.48
GRID_R03_C06,2024-04-13,2024,4,13,104,0.9763,-0.2165,0,0,1,28.575,77.225,66.97,76.5,438.28
GRID_R03_C06,2024-04-14,2024,4,14,105,0.9724,-0.2333,0,0,1,28.575,77.225,64.63,78.3,294.48
GRID_R03_C06,2024-04-15,2024,4,15,106,0.9683,-0.25,0,0,1,28.575,77.225,105.5,152.52,465.69
GRID_R03_C06,2024-04-16,2024,4,16,107,0.9638,-0.2666,0,0,1,28.575,77.225,86.72,153.98,448.0
GRID_R03_C06,2024-04-17,2024,4,17,108,0.9591,-0.2831,0,0,1,28.575,77.225,43.9,66.24,288.8
GRID_R03_C06,2024-04-18,2024,4,18,109,0.9541,-0.2996,0,0,1,28.575,77.225,56.12,92.33,375.4
GRID_R03_C06,2024-04-19,2024,4,19,110,0.9488,-0.316,0,0,1,28.575,77.225,63.15,82.74,302.02
GRID_R03_C06,2024-04-20,2024,4,20,111,0.9432,-0.3322,0,0,1,28.575,77.225,65.01,90.71,356.66
GRID_R03_C06,2024-04-21,2024,4,21,112,0.9373,-0.3484,0,0,1,28.575,77.225,47.47,64.36,311.12
GRID_R03_C06,2024-04-22,2024,4,22,113,0.9312,-0.3645,0,0,1,28.575,77.225,40.97,27.3,309.25
GRID_R03_C06,2024-04-23,2024,4,23,114,0.9248,-0.3804,0,0,1,28.575,77.225,71.66,92.4,332.25
GRID_R03_C06,2024-04-24,2024,4,24,115,0.9181,-0.3963,0,0,1,28.575,77.225,70.77,126.53,405.0
GRID_R03_C06,2024-04-25,2024,4,25,116,0.9112,-0.412,0,0,1,28.575,77.225,83.96,174.96,518.25
GRID_R03_C06,2024-04-26,2024,4,26,117,0.9039,-0.4276,0,0,1,28.575,77.225,66.73,92.69,260.0
GRID_R03_C06,2024-04-27,2024,4,27,118,0.8965,-0.4431,0,0,1,28.575,77.225,57.75,66.83,278.97
GRID_R03_C06,2024-04-28,2024,4,28,119,0.8887,-0.4585,0,0,1,28.575,77.225,58.7,67.53,340.22
GRID_R03_C06,2024-04-29,2024,4,29,120,0.8807,-0.4737,0,0,1,28.575,77.225,80.76,131.67,234.5
GRID_R03_C06,2024-04-30,2024,4,30,121,0.8724,-0.4888,0,0,1,28.575,77.225,63.92,91.66,325.5
GRID_R03_C06,2024-05-01,2024,5,1,122,0.8639,-0.5037,0,0,1,28.575,77.225,65.65,62.86,392.75
GRID_R03_C06,2024-05-02,2024,5,2,123,0.8551,-0.5185,0,0,1,28.575,77.225,83.75,120.49,362.0
GRID_R03_C06,2024-05-03,2024,5,3,124,0.846,-0.5331,0,0,1,28.575,77.225,134.28,202.24,468.98
GRID_R03_C06,2024-05-04,2024,5,4,125,0.8367,-0.5476,0,0,1,28.575,77.225,142.52,227.39,440.95
GRID_R03_C06,2024-05-05,2024,5,5,126,0.8272,-0.5619,0,0,1,28.575,77.225,142.22,264.3,575.75
GRID_R03_C06,2024-05-06,2024,5,6,127,0.8174,-0.5761,0,0,1,28.575,77.225,114.38,178.61,544.28
GRID_R03_C06,2024-05-07,2024,5,7,128,0.8074,-0.59,0,0,1,28.575,77.225,153.68,242.45,501.0
GRID_R03_C06,2024-05-08,2024,5,8,129,0.7971,-0.6038,0,0,1,28.575,77.225,75.7,65.79,381.71
GRID_R03_C06,2024-05-09,2024,5,9,130,0.7866,-0.6175,0,0,1,28.575,77.225,57.38,42.19,190.7
GRID_R03_C06,2024-05-10,2024,5,10,131,0.7759,-0.6309,0,0,1,28.575,77.225,79.65,69.38,942.14
GRID_R03_C06,2024-05-11,2024,5,11,132,0.7649,-0.6442,0,0,1,28.575,77.225,72.03,87.8,937.56
GRID_R03_C06,2024-05-12,2024,5,12,133,0.7537,-0.6572,0,0,1,28.575,77.225,85.34,93.66,416.0
GRID_R03_C06,2024-05-13,2024,5,13,134,0.7423,-0.6701,0,0,1,28.575,77.225,96.45,108.86,447.62
GRID_R03_C06,2024-05-14,2024,5,14,135,0.7306,-0.6828,0,0,1,28.575,77.225,110.77,184.72,942.06
GRID_R03_C06,2024-05-15,2024,5,15,136,0.7188,-0.6952,0,0,1,28.575,77.225,125.21,191.41,497.88
GRID_R03_C06,2024-05-16,2024,5,16,137,0.7067,-0.7075,0,0,1,28.575,77.225,105.87,103.27,336.32
GRID_R03_C06,2024-05-17,2024,5,17,138,0.6945,-0.7195,0,0,1,28.575,77.225,91.4,97.71,455.2
GRID_R03_C06,2024-05-18,2024,5,18,139,0.682,-0.7314,0,0,1,28.575,77.225,110.13,142.61,461.08
GRID_R03_C06,2024-05-19,2024,5,19,140,0.6693,-0.743,0,0,1,28.575,77.225,97.3,165.85,331.0
GRID_R03_C06,2024-05-20,2024,5,20,141,0.6564,-0.7544,0,0,1,28.575,77.225,86.89,133.35,942.44
GRID_R03_C06,2024-05-21,2024,5,21,142,0.6433,-0.7656,0,0,1,28.575,77.225,82.25,80.16,345.62
GRID_R03_C06,2024-05-22,2024,5,22,143,0.6301,-0.7765,0,0,1,28.575,77.225,71.31,73.7,199.0
GRID_R03_C06,2024-05-23,2024,5,23,144,0.6166,-0.7873,0,0,1,28.575,77.225,54.6,50.08,534.0
GRID_R03_C06,2024-05-24,2024,5,24,145,0.603,-0.7978,0,0,1,28.575,77.225,55.08,51.51,687.33
GRID_R03_C06,2024-05-25,2024,5,25,146,0.5892,-0.808,0,0,1,28.575,77.225,69.06,78.33,484.22
GRID_R03_C06,2024-05-26,2024,5,26,147,0.5752,-0.818,0,0,1,28.575,77.225,77.83,122.22,724.05
GRID_R03_C06,2024-05-27,2024,5,27,148,0.561,-0.8278,0,0,1,28.575,77.225,94.46,115.4,806.88
GRID_R03_C06,2024-05-28,2024,5,28,149,0.5467,-0.8373,0,0,1,28.575,77.225,95.19,109.84,503.78
GRID_R03_C06,2024-05-29,2024,5,29,150,0.5322,-0.8466,0,0,1,28.575,77.225,72.41,69.93,232.07
GRID_R03_C06,2024-05-30,2024,5,30,151,0.5176,-0.8556,0,0,1,28.575,77.225,67.0,75.42,530.0
GRID_R03_C06,2024-05-31,2024,5,31,152,0.5028,-0.8644,0,0,1,28.575,77.225,71.57,82.35,720.85
GRID_R03_C06,2024-06-01,2024,6,1,153,0.4878,-0.8729,0,0,1,28.575,77.225,75.06,88.07,484.68
GRID_R03_C06,2024-06-02,2024,6,2,154,0.4728,-0.8812,0,0,1,28.575,77.225,47.07,52.75,353.9
GRID_R03_C06,2024-06-03,2024,6,3,155,0.4575,-0.8892,0,0,1,28.575,77.225,58.78,55.73,830.8
GRID_R03_C06,2024-06-04,2024,6,4,156,0.4422,-0.8969,0,0,1,28.575,77.225,77.2,65.62,651.9
GRID_R03_C06,2024-06-05,2024,6,5,157,0.4267,-0.9044,0,0,1,28.575,77.225,75.46,61.75,960.04
GRID_R03_C06,2024-06-06,2024,6,6,158,0.4111,-0.9116,0,0,1,28.575,77.225,56.97,54.09,960.04
GRID_R03_C06,2024-06-07,2024,6,7,159,0.3953,-0.9185,0,0,1,28.575,77.225,64.59,88.6,826.68
GRID_R03_C06,2024-06-08,2024,6,8,160,0.3795,-0.9252,0,0,1,28.575,77.225,62.7,70.07,517.0
GRID_R03_C06,2024-06-09,2024,6,9,161,0.3635,-0.9316,0,0,1,28.575,77.225,55.34,76.61,783.42
GRID_R03_C06,2024-06-10,2024,6,10,162,0.3474,-0.9377,0,0,1,28.575,77.225,54.09,50.08,545.1
GRID_R03_C06,2024-06-11,2024,6,11,163,0.3312,-0.9436,0,0,1,28.575,77.225,87.56,145.0,958.38
GRID_R03_C06,2024-06-12,2024,6,12,164,0.3149,-0.9491,0,0,1,28.575,77.225,69.53,79.64,604.6
GRID_R03_C06,2024-06-13,2024,6,13,165,0.2986,-0.9544,0,0,1,28.575,77.225,54.47,40.91,555.92
GRID_R03_C06,2024-06-14,2024,6,14,166,0.2821,-0.9594,0,0,1,28.575,77.225,47.73,45.94,957.3
GRID_R03_C06,2024-06-15,2024,6,15,167,0.2656,-0.9641,0,0,1,28.575,77.225,46.51,40.34,366.6
GRID_R03_C06,2024-06-16,2024,6,16,168,0.2489,-0.9685,0,0,1,28.575,77.225,57.05,71.94,435.58
GRID_R03_C06,2024-06-17,2024,6,17,169,0.2322,-0.9727,0,0,1,28.575,77.225,54.85,63.44,257.74
GRID_R03_C06,2024-06-18,2024,6,18,170,0.2155,-0.9765,0,0,1,28.575,77.225,72.03,65.02,275.75
GRID_R03_C06,2024-06-19,2024,6,19,171,0.1986,-0.9801,0,0,1,28.575,77.225,66.38,46.3,505.3
GRID_R03_C06,2024-06-20,2024,6,20,172,0.1818,-0.9833,0,0,1,28.575,77.225,45.45,39.76,250.05
GRID_R03_C06,2024-06-21,2024,6,21,173,0.1648,-0.9863,0,0,1,28.575,77.225,64.15,65.06,222.48
GRID_R03_C06,2024-06-22,2024,6,22,174,0.1478,-0.989,0,0,1,28.575,77.225,90.97,143.47,530.9
GRID_R03_C06,2024-06-23,2024,6,23,175,0.1308,-0.9914,0,0,1,28.575,77.225,62.9,73.78,290.55
GRID_R03_C06,2024-06-24,2024,6,24,176,0.1137,-0.9935,0,0,1,28.575,77.225,59.25,73.91,214.62
GRID_R03_C06,2024-06-25,2024,6,25,177,0.0966,-0.9953,0,0,1,28.575,77.225,67.44,72.47,540.02
GRID_R03_C06,2024-06-26,2024,6,26,178,0.0795,-0.9968,0,0,1,28.575,77.225,51.45,72.43,247.49
GRID_R03_C06,2024-06-27,2024,6,27,179,0.0623,-0.9981,0,0,1,28.575,77.225,30.98,36.68,895.74
GRID_R03_C06,2024-06-28,2024,6,28,180,0.0451,-0.999,0,0,1,28.575,77.225,37.15,13.21,551.28
GRID_R03_C06,2024-06-29,2024,6,29,181,0.028,-0.9996,0,0,1,28.575,77.225,46.95,66.67,296.73
GRID_R03_C06,2024-06-30,2024,6,30,182,0.0108,-0.9999,0,0,1,28.575,77.225,60.22,62.81,210.0
GRID_R03_C06,2024-07-01,2024,7,1,183,-0.0065,-1.0,0,0,1,28.575,77.225,35.88,25.08,116.0
GRID_R03_C06,2024-07-02,2024,7,2,184,-0.0237,-0.9997,0,0,1,28.575,77.225,42.69,56.37,223.0
GRID_R03_C06,2024-07-03,2024,7,3,185,-0.0408,-0.9992,0,0,1,28.575,77.225,35.51,43.66,212.0
GRID_R03_C06,2024-07-04,2024,7,4,186,-0.058,-0.9983,0,0,1,28.575,77.225,28.18,24.9,942.06
GRID_R03_C06,2024-07-05,2024,7,5,187,-0.0752,-0.9972,0,0,1,28.575,77.225,28.51,41.37,111.0
GRID_R03_C06,2024-07-06,2024,7,6,188,-0.0923,-0.9957,0,0,1,28.575,77.225,23.94,28.39,74.0
GRID_R03_C06,2024-07-07,2024,7,7,189,-0.1094,-0.994,0,0,1,28.575,77.225,11.97,9.79,73.0
GRID_R03_C06,2024-07-08,2024,7,8,190,-0.1265,-0.992,0,0,1,28.575,77.225,21.51,22.95,102.0
GRID_R03_C06,2024-07-09,2024,7,9,191,-0.1436,-0.9896,0,0,1,28.575,77.225,45.17,45.34,957.7
GRID_R03_C06,2024-07-10,2024,7,10,192,-0.1606,-0.987,0,0,1,28.575,77.225,61.77,76.81,949.68
GRID_R03_C06,2024-07-11,2024,7,11,193,-0.1775,-0.9841,0,0,1,28.575,77.225,52.49,60.01,274.4
GRID_R03_C06,2024-07-12,2024,7,12,194,-0.1944,-0.9809,0,0,1,28.575,77.225,27.52,18.67,110.73
GRID_R03_C06,2024-07-13,2024,7,13,195,-0.2113,-0.9774,0,0,1,28.575,77.225,38.3,31.73,201.77
GRID_R03_C06,2024-07-14,2024,7,14,196,-0.2281,-0.9736,0,0,1,28.575,77.225,49.25,56.36,234.0
GRID_R03_C06,2024-07-15,2024,7,15,197,-0.2448,-0.9696,0,0,1,28.575,77.225,46.03,55.25,332.97
GRID_R03_C06,2024-07-16,2024,7,16,198,-0.2614,-0.9652,0,0,1,28.575,77.225,43.63,49.58,151.0
GRID_R03_C06,2024-07-17,2024,7,17,199,-0.278,-0.9606,0,0,1,28.575,77.225,36.11,32.5,206.0
GRID_R03_C06,2024-07-18,2024,7,18,200,-0.2945,-0.9557,0,0,1,28.575,77.225,43.18,49.19,185.0
GRID_R03_C06,2024-07-19,2024,7,19,201,-0.3109,-0.9505,0,0,1,28.575,77.225,65.17,68.39,176.0
GRID_R03_C06,2024-07-20,2024,7,20,202,-0.3272,-0.945,0,0,1,28.575,77.225,49.09,41.51,399.82
GRID_R03_C06,2024-07-21,2024,7,21,203,-0.3434,-0.9392,0,0,1,28.575,77.225,41.75,35.8,190.0
GRID_R03_C06,2024-07-22,2024,7,22,204,-0.3595,-0.9332,0,0,1,28.575,77.225,34.71,41.74,205.1
GRID_R03_C06,2024-07-23,2024,7,23,205,-0.3755,-0.9268,0,0,1,28.575,77.225,43.21,40.94,223.0
GRID_R03_C06,2024-07-24,2024,7,24,206,-0.3914,-0.9202,0,0,1,28.575,77.225,47.22,22.37,202.34
GRID_R03_C06,2024-07-25,2024,7,25,207,-0.4071,-0.9134,0,0,1,28.575,77.225,38.5,30.7,197.0
GRID_R03_C06,2024-07-26,2024,7,26,208,-0.4228,-0.9062,0,0,1,28.575,77.225,48.84,25.79,774.31
GRID_R03_C06,2024-07-27,2024,7,27,209,-0.4383,-0.8988,0,0,1,28.575,77.225,44.1,43.08,262.5
GRID_R03_C06,2024-07-28,2024,7,28,210,-0.4537,-0.8912,0,0,1,28.575,77.225,29.58,47.7,187.13
GRID_R03_C06,2024-07-29,2024,7,29,211,-0.469,-0.8832,0,0,1,28.575,77.225,32.49,29.25,213.83
GRID_R03_C06,2024-07-30,2024,7,30,212,-0.4841,-0.875,0,0,1,28.575,77.225,40.78,38.51,129.0
GRID_R03_C06,2024-07-31,2024,7,31,213,-0.4991,-0.8666,0,0,1,28.575,77.225,33.63,39.57,521.6
GRID_R03_C06,2024-08-01,2024,8,1,214,-0.5139,-0.8578,0,0,1,28.575,77.225,19.11,11.78,765.9
GRID_R03_C06,2024-08-02,2024,8,2,215,-0.5286,-0.8489,0,0,1,28.575,77.225,32.99,38.25,200.32
GRID_R03_C06,2024-08-03,2024,8,3,216,-0.5431,-0.8397,0,0,1,28.575,77.225,22.8,22.33,89.0
GRID_R03_C06,2024-08-04,2024,8,4,217,-0.5575,-0.8302,0,0,1,28.575,77.225,18.44,17.45,127.0
GRID_R03_C06,2024-08-05,2024,8,5,218,-0.5717,-0.8205,0,0,1,28.575,77.225,20.91,23.68,60.62
GRID_R03_C06,2024-08-06,2024,8,6,219,-0.5857,-0.8105,0,0,1,28.575,77.225,21.03,18.45,814.46
GRID_R03_C06,2024-08-07,2024,8,7,220,-0.5996,-0.8003,0,0,1,28.575,77.225,18.1,14.61,119.6
GRID_R03_C06,2024-08-08,2024,8,8,221,-0.6132,-0.7899,0,0,1,28.575,77.225,21.46,22.07,299.02
GRID_R03_C06,2024-08-09,2024,8,9,222,-0.6267,-0.7792,0,0,1,28.575,77.225,26.0,30.82,315.69
GRID_R03_C06,2024-08-10,2024,8,10,223,-0.64,-0.7683,0,0,1,28.575,77.225,33.01,37.3,127.0
GRID_R03_C06,2024-08-11,2024,8,11,224,-0.6532,-0.7572,0,0,1,28.575,77.225,27.23,31.07,135.42
GRID_R03_C06,2024-08-12,2024,8,12,225,-0.6661,-0.7459,0,0,1,28.575,77.225,28.42,28.91,137.84
GRID_R03_C06,2024-08-13,2024,8,13,226,-0.6788,-0.7343,0,0,1,28.575,77.225,24.7,21.54,906.46
GRID_R03_C06,2024-08-14,2024,8,14,227,-0.6914,-0.7225,0,0,1,28.575,77.225,35.64,46.9,175.0
GRID_R03_C06,2024-08-15,2024,8,15,228,-0.7037,-0.7105,0,0,1,28.575,77.225,27.01,27.51,105.0
GRID_R03_C06,2024-08-16,2024,8,16,229,-0.7158,-0.6983,0,0,1,28.575,77.225,21.76,33.58,93.0
GRID_R03_C06,2024-08-17,2024,8,17,230,-0.7277,-0.6859,0,0,1,28.575,77.225,30.57,28.92,164.99
GRID_R03_C06,2024-08-18,2024,8,18,231,-0.7394,-0.6733,0,0,1,28.575,77.225,30.02,28.36,120.15
GRID_R03_C06,2024-08-19,2024,8,19,232,-0.7509,-0.6605,0,0,1,28.575,77.225,28.04,30.16,120.68
GRID_R03_C06,2024-08-20,2024,8,20,233,-0.7621,-0.6474,0,0,1,28.575,77.225,22.69,14.25,85.0
GRID_R03_C06,2024-08-21,2024,8,21,234,-0.7731,-0.6342,0,0,1,28.575,77.225,29.39,25.67,104.0
GRID_R03_C06,2024-08-22,2024,8,22,235,-0.7839,-0.6208,0,0,1,28.575,77.225,28.88,23.59,256.58
GRID_R03_C06,2024-08-23,2024,8,23,236,-0.7945,-0.6073,0,0,1,28.575,77.225,27.7,27.96,123.0
GRID_R03_C06,2024-08-24,2024,8,24,237,-0.8048,-0.5935,0,0,1,28.575,77.225,48.1,66.55,166.0
GRID_R03_C06,2024-08-25,2024,8,25,238,-0.8149,-0.5796,0,0,1,28.575,77.225,26.58,24.75,165.54
GRID_R03_C06,2024-08-26,2024,8,26,239,-0.8248,-0.5655,0,0,1,28.575,77.225,28.36,29.9,183.48
GRID_R03_C06,2024-08-27,2024,8,27,240,-0.8344,-0.5512,0,0,1,28.575,77.225,20.53,22.85,105.96
GRID_R03_C06,2024-08-28,2024,8,28,241,-0.8437,-0.5368,0,0,1,28.575,77.225,22.52,17.79,83.42
GRID_R03_C06,2024-08-29,2024,8,29,242,-0.8528,-0.5222,0,0,1,28.575,77.225,26.93,15.53,210.0
GRID_R03_C06,2024-08-30,2024,8,30,243,-0.8617,-0.5074,0,0,1,28.575,77.225,47.51,60.65,315.0
GRID_R03_C06,2024-08-31,2024,8,31,244,-0.8703,-0.4925,0,0,1,28.575,77.225,38.74,40.85,186.02
GRID_R03_C06,2024-09-01,2024,9,1,245,-0.8786,-0.4775,0,0,1,28.575,77.225,40.45,39.96,136.12
GRID_R03_C06,2024-09-02,2024,9,2,246,-0.8867,-0.4623,0,0,1,28.575,77.225,32.7,34.62,202.36
GRID_R03_C06,2024-09-03,2024,9,3,247,-0.8945,-0.447,0,0,1,28.575,77.225,33.86,35.89,174.38
GRID_R03_C06,2024-09-04,2024,9,4,248,-0.9021,-0.4315,0,0,1,28.575,77.225,23.5,25.29,85.0
GRID_R03_C06,2024-09-05,2024,9,5,249,-0.9094,-0.4159,0,0,1,28.575,77.225,40.35,28.36,512.55
GRID_R03_C06,2024-09-06,2024,9,6,250,-0.9164,-0.4002,0,0,1,28.575,77.225,29.93,37.68,111.0
GRID_R03_C06,2024-09-07,2024,9,7,251,-0.9232,-0.3844,0,0,1,28.575,77.225,28.02,34.8,100.0
GRID_R03_C06,2024-09-08,2024,9,8,252,-0.9296,-0.3685,0,0,1,28.575,77.225,50.87,55.1,141.0
GRID_R03_C06,2024-09-09,2024,9,9,253,-0.9358,-0.3524,0,0,1,28.575,77.225,49.05,54.34,155.0
GRID_R03_C06,2024-09-10,2024,9,10,254,-0.9418,-0.3363,0,0,1,28.575,77.225,42.02,48.53,425.68
GRID_R03_C06,2024-09-11,2024,9,11,255,-0.9474,-0.32,0,0,1,28.575,77.225,34.43,40.96,156.0
GRID_R03_C06,2024-09-12,2024,9,12,256,-0.9528,-0.3037,0,0,1,28.575,77.225,16.94,11.26,218.7
GRID_R03_C06,2024-09-13,2024,9,13,257,-0.9579,-0.2873,0,0,1,28.575,77.225,18.27,11.48,80.02
GRID_R03_C06,2024-09-14,2024,9,14,258,-0.9627,-0.2707,0,0,1,28.575,77.225,29.35,23.69,143.0
GRID_R03_C06,2024-09-15,2024,9,15,259,-0.9672,-0.2541,0,0,1,28.575,77.225,41.16,33.19,210.75
GRID_R03_C06,2024-09-16,2024,9,16,260,-0.9714,-0.2375,0,0,1,28.575,77.225,50.98,44.48,256.77
GRID_R03_C06,2024-09-17,2024,9,17,261,-0.9753,-0.2207,0,0,1,28.575,77.225,57.66,55.58,262.0
GRID_R03_C06,2024-09-18,2024,9,18,262,-0.979,-0.2039,0,0,1,28.575,77.225,36.81,57.93,175.0
GRID_R03_C06,2024-09-19,2024,9,19,263,-0.9824,-0.187,0,0,1,28.575,77.225,33.65,22.22,526.78
GRID_R03_C06,2024-09-20,2024,9,20,264,-0.9854,-0.1701,0,0,1,28.575,77.225,33.73,33.23,251.0
GRID_R03_C06,2024-09-21,2024,9,21,265,-0.9882,-0.1531,0,0,1,28.575,77.225,46.57,42.56,450.0
GRID_R03_C06,2024-09-22,2024,9,22,266,-0.9907,-0.1361,0,0,1,28.575,77.225,73.74,83.29,402.0
GRID_R03_C06,2024-09-23,2024,9,23,267,-0.9929,-0.1191,0,0,1,28.575,77.225,81.05,81.48,693.05
GRID_R03_C06,2024-09-24,2024,9,24,268,-0.9948,-0.102,0,0,1,28.575,77.225,96.32,92.12,388.0
GRID_R03_C06,2024-09-25,2024,9,25,269,-0.9964,-0.0848,0,0,1,28.575,77.225,84.05,113.08,405.0
GRID_R03_C06,2024-09-26,2024,9,26,270,-0.9977,-0.0677,0,0,1,28.575,77.225,28.35,29.5,136.0
GRID_R03_C06,2024-09-27,2024,9,27,271,-0.9987,-0.0505,0,0,1,28.575,77.225,17.48,15.85,457.93
GRID_R03_C06,2024-09-28,2024,9,28,272,-0.9994,-0.0333,0,0,1,28.575,77.225,21.54,14.36,279.0
GRID_R03_C06,2024-09-29,2024,9,29,273,-0.9999,-0.0161,0,0,1,28.575,77.225,31.56,34.07,488.7
GRID_R03_C06,2024-09-30,2024,9,30,274,-1.0,0.0011,0,0,1,28.575,77.225,63.4,74.46,186.0
GRID_R04_C06,2021-10-01,2021,10,1,274,-1.0,0.0011,0,0,1,28.625,77.225,50.61,68.41,177.0
GRID_R04_C06,2021-10-02,2021,10,2,275,-0.9998,0.0183,0,0,1,28.625,77.225,54.83,55.51,178.5
GRID_R04_C06,2021-10-03,2021,10,3,276,-0.9994,0.0355,0,0,1,28.625,77.225,37.36,49.38,114.33
GRID_R04_C06,2021-10-04,2021,10,4,277,-0.9986,0.0527,0,0,1,28.625,77.225,31.82,36.44,482.25
GRID_R04_C06,2021-10-05,2021,10,5,278,-0.9976,0.0698,0,0,1,28.625,77.225,40.86,32.54,129.73
GRID_R04_C06,2021-10-06,2021,10,6,279,-0.9962,0.087,0,0,1,28.625,77.225,51.69,62.61,703.3
GRID_R04_C06,2021-10-07,2021,10,7,280,-0.9946,0.1041,0,0,1,28.625,77.225,64.6,64.7,287.25
GRID_R04_C06,2021-10-08,2021,10,8,281,-0.9926,0.1212,0,0,1,28.625,77.225,71.38,81.18,261.75
GRID_R04_C06,2021-10-09,2021,10,9,282,-0.9904,0.1383,0,0,1,28.625,77.225,67.06,72.61,196.82
GRID_R04_C06,2021-10-10,2021,10,10,283,-0.9879,0.1553,0,0,1,28.625,77.225,64.56,73.76,191.25
GRID_R04_C06,2021-10-11,2021,10,11,284,-0.9851,0.1722,0,0,1,28.625,77.225,65.95,77.68,410.33
GRID_R04_C06,2021-10-12,2021,10,12,285,-0.9819,0.1892,0,0,1,28.625,77.225,70.25,97.36,458.45
GRID_R04_C06,2021-10-13,2021,10,13,286,-0.9785,0.206,0,0,1,28.625,77.225,77.42,89.43,166.0
GRID_R04_C06,2021-10-14,2021,10,14,287,-0.9749,0.2228,0,0,1,28.625,77.225,75.29,88.05,215.48
GRID_R04_C06,2021-10-15,2021,10,15,288,-0.9709,0.2396,1,0,1,28.625,77.225,91.62,99.28,230.0
GRID_R04_C06,2021-10-16,2021,10,16,289,-0.9666,0.2562,1,0,1,28.625,77.225,160.6,172.85,361.5
GRID_R04_C06,2021-10-17,2021,10,17,290,-0.9621,0.2728,1,0,1,28.625,77.225,113.29,165.29,654.75
GRID_R04_C06,2021-10-18,2021,10,18,291,-0.9572,0.2893,1,0,1,28.625,77.225,16.65,9.86,205.1
GRID_R04_C06,2021-10-19,2021,10,19,292,-0.9521,0.3057,1,0,1,28.625,77.225,52.53,30.74,186.91
GRID_R04_C06,2021-10-20,2021,10,20,293,-0.9467,0.3221,1,1,1,28.625,77.225,100.85,96.99,499.75
GRID_R04_C06,2021-10-21,2021,10,21,294,-0.941,0.3383,1,1,1,28.625,77.225,72.64,65.57,366.97
GRID_R04_C06,2021-10-22,2021,10,22,295,-0.9351,0.3545,1,1,1,28.625,77.225,56.72,47.4,298.0
GRID_R04_C06,2021-10-23,2021,10,23,296,-0.9288,0.3705,1,1,1,28.625,77.225,62.65,87.92,226.8
GRID_R04_C06,2021-10-24,2021,10,24,297,-0.9223,0.3864,1,1,1,28.625,77.225,65.97,88.51,297.68
GRID_R04_C06,2021-10-25,2021,10,25,298,-0.9155,0.4022,1,1,1,28.625,77.225,42.21,38.28,158.2
GRID_R04_C06,2021-10-26,2021,10,26,299,-0.9085,0.4179,1,1,1,28.625,77.225,69.24,73.6,325.66
GRID_R04_C06,2021-10-27,2021,10,27,300,-0.9012,0.4335,1,1,1,28.625,77.225,109.05,132.76,962.47
GRID_R04_C06,2021-10-28,2021,10,28,301,-0.8936,0.4489,1,1,1,28.625,77.225,124.19,149.44,466.25
GRID_R04_C06,2021-10-29,2021,10,29,302,-0.8857,0.4642,1,1,1,28.625,77.225,130.53,166.58,432.43
GRID_R04_C06,2021-10-30,2021,10,30,303,-0.8776,0.4794,1,1,1,28.625,77.225,112.9,148.67,269.0
GRID_R04_C06,2021-10-31,2021,10,31,304,-0.8692,0.4944,1,1,1,28.625,77.225,134.45,158.28,680.02
GRID_R04_C06,2021-11-01,2021,11,1,305,-0.8606,0.5093,1,1,1,28.625,77.225,139.16,150.74,417.56
GRID_R04_C06,2021-11-02,2021,11,2,306,-0.8517,0.524,1,1,1,28.625,77.225,134.71,158.39,401.0
GRID_R04_C06,2021-11-03,2021,11,3,307,-0.8426,0.5386,1,1,1,28.625,77.225,162.74,158.28,704.5
GRID_R04_C06,2021-11-04,2021,11,4,308,-0.8332,0.553,1,1,1,28.625,77.225,316.9,267.75,995.0
GRID_R04_C06,2021-11-05,2021,11,5,309,-0.8235,0.5672,1,1,1,28.625,77.225,416.77,519.22,997.63
GRID_R04_C06,2021-11-06,2021,11,6,310,-0.8137,0.5813,1,1,1,28.625,77.225,319.47,332.39,765.0
GRID_R04_C06,2021-11-07,2021,11,7,311,-0.8035,0.5952,1,1,1,28.625,77.225,262.63,321.22,593.5
GRID_R04_C06,2021-11-08,2021,11,8,312,-0.7932,0.609,1,1,1,28.625,77.225,253.53,332.58,650.67
GRID_R04_C06,2021-11-09,2021,11,9,313,-0.7826,0.6225,1,1,1,28.625,77.225,265.25,323.17,751.35
GRID_R04_C06,2021-11-10,2021,11,10,314,-0.7718,0.6359,1,1,1,28.625,77.225,233.41,205.8,975.1
GRID_R04_C06,2021-11-11,2021,11,11,315,-0.7607,0.6491,1,1,1,28.625,77.225,306.53,285.69,997.6
GRID_R04_C06,2021-11-12,2021,11,12,316,-0.7494,0.6621,1,1,1,28.625,77.225,384.56,440.73,699.75
GRID_R04_C06,2021-11-13,2021,11,13,317,-0.7379,0.6749,1,1,1,28.625,77.225,263.07,360.29,663.0
GRID_R04_C06,2021-11-14,2021,11,14,318,-0.7262,0.6875,1,1,1,28.625,77.225,183.04,182.18,559.29
GRID_R04_C06,2021-11-15,2021,11,15,319,-0.7143,0.6998,1,1,1,28.625,77.225,208.8,195.1,652.86
GRID_R04_C06,2021-11-16,2021,11,16,320,-0.7021,0.712,1,1,1,28.625,77.225,252.06,314.24,573.9
GRID_R04_C06,2021-11-17,2021,11,17,321,-0.6898,0.724,1,1,1,28.625,77.225,213.03,249.61,545.68
GRID_R04_C06,2021-11-18,2021,11,18,322,-0.6772,0.7358,1,1,1,28.625,77.225,213.94,273.22,646.09
GRID_R04_C06,2021-11-19,2021,11,19,323,-0.6645,0.7473,1,1,1,28.625,77.225,230.41,286.23,473.25
GRID_R04_C06,2021-11-20,2021,11,20,324,-0.6515,0.7586,1,1,1,28.625,77.225,222.03,248.07,543.81
GRID_R04_C06,2021-11-21,2021,11,21,325,-0.6384,0.7697,1,0,1,28.625,77.225,187.73,249.24,521.07
GRID_R04_C06,2021-11-22,2021,11,22,326,-0.625,0.7806,1,0,1,28.625,77.225,139.41,164.24,300.25
GRID_R04_C06,2021-11-23,2021,11,23,327,-0.6115,0.7912,1,0,1,28.625,77.225,152.83,146.69,558.85
GRID_R04_C06,2021-11-24,2021,11,24,328,-0.5978,0.8016,1,0,1,28.625,77.225,232.67,238.73,630.92
GRID_R04_C06,2021-11-25,2021,11,25,329,-0.584,0.8118,1,0,1,28.625,77.225,258.26,281.81,647.5
GRID_R04_C06,2021-11-26,2021,11,26,330,-0.5699,0.8217,1,0,1,28.625,77.225,272.51,342.73,920.5
GRID_R04_C06,2021-11-27,2021,11,27,331,-0.5557,0.8314,1,0,1,28.625,77.225,252.82,277.26,564.9
GRID_R04_C06,2021-11-28,2021,11,28,332,-0.5413,0.8408,1,0,1,28.625,77.225,268.55,303.6,571.25
GRID_R04_C06,2021-11-29,2021,11,29,333,-0.5268,0.85,1,0,1,28.625,77.225,214.44,280.48,591.75
GRID_R04_C06,2021-11-30,2021,11,30,334,-0.5121,0.859,1,0,1,28.625,77.225,174.95,178.7,418.7
GRID_R04_C06,2021-12-01,2021,12,1,335,-0.4972,0.8676,1,0,1,28.625,77.225,251.75,224.22,628.25
GRID_R04_C06,2021-12-02,2021,12,2,336,-0.4822,0.8761,1,0,1,28.625,77.225,262.35,303.28,728.75
GRID_R04_C06,2021-12-03,2021,12,3,337,-0.4671,0.8842,1,0,1,28.625,77.225,203.28,200.73,689.0
GRID_R04_C06,2021-12-04,2021,12,4,338,-0.4518,0.8921,1,0,1,28.625,77.225,171.39,225.64,515.5
GRID_R04_C06,2021-12-05,2021,12,5,339,-0.4364,0.8998,1,0,1,28.625,77.225,182.26,212.15,633.25
GRID_R04_C06,2021-12-06,2021,12,6,340,-0.4208,0.9071,1,0,1,28.625,77.225,143.38,158.74,633.9
GRID_R04_C06,2021-12-07,2021,12,7,341,-0.4052,0.9142,1,0,1,28.625,77.225,109.64,123.65,298.75
GRID_R04_C06,2021-12-08,2021,12,8,342,-0.3894,0.9211,1,0,1,28.625,77.225,115.53,127.39,389.45
GRID_R04_C06,2021-12-09,2021,12,9,343,-0.3735,0.9276,1,0,1,28.625,77.225,158.44,158.08,686.75
GRID_R04_C06,2021-12-10,2021,12,10,344,-0.3575,0.9339,1,0,1,28.625,77.225,150.32,162.28,433.25
GRID_R04_C06,2021-12-11,2021,12,11,345,-0.3413,0.9399,1,0,1,28.625,77.225,122.17,130.1,659.0
GRID_R04_C06,2021-12-12,2021,12,12,346,-0.3251,0.9457,1,0,1,28.625,77.225,143.5,134.15,629.5
GRID_R04_C06,2021-12-13,2021,12,13,347,-0.3088,0.9511,1,0,1,28.625,77.225,208.48,262.92,938.0
GRID_R04_C06,2021-12-14,2021,12,14,348,-0.2924,0.9563,1,0,1,28.625,77.225,226.41,276.31,658.75
GRID_R04_C06,2021-12-15,2021,12,15,349,-0.2759,0.9612,1,0,1,28.625,77.225,189.78,199.17,524.0
GRID_R04_C06,2021-12-16,2021,12,16,350,-0.2593,0.9658,1,0,1,28.625,77.225,219.25,233.31,550.25
GRID_R04_C06,2021-12-17,2021,12,17,351,-0.2427,0.9701,1,0,1,28.625,77.225,151.99,187.97,383.0
GRID_R04_C06,2021-12-18,2021,12,18,352,-0.226,0.9741,1,0,1,28.625,77.225,139.07,141.5,418.8
GRID_R04_C06,2021-12-19,2021,12,19,353,-0.2092,0.9779,1,0,1,28.625,77.225,145.13,122.5,489.5
GRID_R04_C06,2021-12-20,2021,12,20,354,-0.1923,0.9813,1,0,1,28.625,77.225,196.18,164.86,985.0
GRID_R04_C06,2021-12-21,2021,12,21,355,-0.1754,0.9845,1,0,1,28.625,77.225,296.12,370.11,985.0
GRID_R04_C06,2021-12-22,2021,12,22,356,-0.1585,0.9874,1,0,1,28.625,77.225,304.49,357.49,918.5
GRID_R04_C06,2021-12-23,2021,12,23,357,-0.1414,0.9899,1,0,1,28.625,77.225,352.64,422.22,840.0
GRID_R04_C06,2021-12-24,2021,12,24,358,-0.1244,0.9922,1,0,1,28.625,77.225,290.86,319.31,879.5
GRID_R04_C06,2021-12-25,2021,12,25,359,-0.1073,0.9942,1,0,1,28.625,77.225,365.24,386.2,973.0
GRID_R04_C06,2021-12-26,2021,12,26,360,-0.0902,0.9959,1,0,1,28.625,77.225,367.61,427.16,835.5
GRID_R04_C06,2021-12-27,2021,12,27,361,-0.073,0.9973,1,0,1,28.625,77.225,119.32,105.9,707.25
GRID_R04_C06,2021-12-28,2021,12,28,362,-0.0559,0.9984,1,0,1,28.625,77.225,149.27,152.45,465.0
GRID_R04_C06,2021-12-29,2021,12,29,363,-0.0387,0.9993,1,0,1,28.625,77.225,138.01,156.99,751.75
GRID_R04_C06,2021-12-30,2021,12,30,364,-0.0215,0.9998,1,0,1,28.625,77.225,164.4,186.85,931.8
GRID_R04_C06,2021-12-31,2021,12,31,365,-0.0043,1.0,1,0,1,28.625,77.225,188.11,204.05,934.1
GRID_R04_C06,2022-01-01,2022,1,1,1,0.0172,0.9999,1,0,1,28.625,77.225,238.69,202.42,773.5
GRID_R04_C06,2022-01-02,2022,1,2,2,0.0344,0.9994,1,0,1,28.625,77.225,265.11,270.07,818.75
GRID_R04_C06,2022-01-03,2022,1,3,3,0.0516,0.9987,1,0,1,28.625,77.225,246.69,235.29,856.0
GRID_R04_C06,2022-01-04,2022,1,4,4,0.0688,0.9976,1,0,1,28.625,77.225,220.81,252.29,698.75
GRID_R04_C06,2022-01-05,2022,1,5,5,0.0859,0.9963,1,0,1,28.625,77.225,265.96,349.82,682.2
GRID_R04_C06,2022-01-06,2022,1,6,6,0.103,0.9947,1,0,1,28.625,77.225,109.5,153.98,291.12
GRID_R04_C06,2022-01-07,2022,1,7,7,0.1201,0.9928,1,0,1,28.625,77.225,70.24,82.85,174.0
GRID_R04_C06,2022-01-08,2022,1,8,8,0.1372,0.9905,1,0,1,28.625,77.225,46.6,48.84,597.2
GRID_R04_C06,2022-01-09,2022,1,9,9,0.1542,0.988,1,0,1,28.625,77.225,44.1,26.94,195.67
GRID_R04_C06,2022-01-10,2022,1,10,10,0.1712,0.9852,1,0,1,28.625,77.225,90.21,81.79,309.67
GRID_R04_C06,2022-01-11,2022,1,11,11,0.1881,0.9821,1,0,1,28.625,77.225,93.39,95.03,458.75
GRID_R04_C06,2022-01-12,2022,1,12,12,0.205,0.9788,1,0,1,28.625,77.225,111.43,78.9,493.4
GRID_R04_C06,2022-01-13,2022,1,13,13,0.2218,0.9751,1,0,1,28.625,77.225,205.32,160.48,813.75
GRID_R04_C06,2022-01-14,2022,1,14,14,0.2385,0.9711,1,0,1,28.625,77.225,187.32,129.87,479.33
GRID_R04_C06,2022-01-15,2022,1,15,15,0.2552,0.9669,1,0,1,28.625,77.225,118.68,68.27,375.67
GRID_R04_C06,2022-01-16,2022,1,16,16,0.2718,0.9624,1,0,1,28.625,77.225,137.41,95.92,415.0
GRID_R04_C06,2022-01-17,2022,1,17,17,0.2883,0.9575,1,0,1,28.625,77.225,174.77,126.57,505.33
GRID_R04_C06,2022-01-18,2022,1,18,18,0.3047,0.9524,1,0,1,28.625,77.225,178.79,201.62,444.0
GRID_R04_C06,2022-01-19,2022,1,19,19,0.3211,0.9471,1,0,1,28.625,77.225,186.01,155.28,600.1
GRID_R04_C06,2022-01-20,2022,1,20,20,0.3373,0.9414,1,0,1,28.625,77.225,238.21,193.92,451.7
GRID_R04_C06,2022-01-21,2022,1,21,21,0.3534,0.9355,1,0,1,28.625,77.225,197.22,153.95,560.75
GRID_R04_C06,2022-01-22,2022,1,22,22,0.3695,0.9292,1,0,1,28.625,77.225,130.02,117.19,903.7
GRID_R04_C06,2022-01-23,2022,1,23,23,0.3854,0.9227,1,0,1,28.625,77.225,109.91,71.84,534.0
GRID_R04_C06,2022-01-24,2022,1,24,24,0.4012,0.916,1,0,1,28.625,77.225,112.47,65.48,570.0
GRID_R04_C06,2022-01-25,2022,1,25,25,0.4169,0.9089,1,0,1,28.625,77.225,119.76,70.15,547.0
GRID_R04_C06,2022-01-26,2022,1,26,26,0.4325,0.9016,1,0,1,28.625,77.225,126.34,94.48,646.5
GRID_R04_C06,2022-01-27,2022,1,27,27,0.4479,0.8941,1,0,1,28.625,77.225,118.13,105.53,538.1
GRID_R04_C06,2022-01-28,2022,1,28,28,0.4633,0.8862,1,0,1,28.625,77.225,103.89,98.14,841.5
GRID_R04_C06,2022-01-29,2022,1,29,29,0.4784,0.8781,1,0,1,28.625,77.225,124.1,115.06,895.9
GRID_R04_C06,2022-01-30,2022,1,30,30,0.4935,0.8698,1,0,1,28.625,77.225,143.1,148.19,953.6
GRID_R04_C06,2022-01-31,2022,1,31,31,0.5084,0.8611,1,0,1,28.625,77.225,215.21,207.11,871.6
GRID_R04_C06,2022-02-01,2022,2,1,32,0.5231,0.8523,0,0,1,28.625,77.225,202.33,203.1,833.8
GRID_R04_C06,2022-02-02,2022,2,2,33,0.5377,0.8432,0,0,1,28.625,77.225,161.68,148.87,730.45
GRID_R04_C06,2022-02-03,2022,2,3,34,0.5521,0.8338,0,0,1,28.625,77.225,142.22,166.98,558.3
GRID_R04_C06,2022-02-04,2022,2,4,35,0.5664,0.8242,0,0,1,28.625,77.225,64.38,48.62,813.1
GRID_R04_C06,2022-02-05,2022,2,5,36,0.5805,0.8143,0,0,1,28.625,77.225,129.48,86.26,694.75
GRID_R04_C06,2022-02-06,2022,2,6,37,0.5944,0.8042,0,0,1,28.625,77.225,162.97,199.03,732.25
GRID_R04_C06,2022-02-07,2022,2,7,38,0.6081,0.7938,0,0,1,28.625,77.225,123.8,133.18,850.0
GRID_R04_C06,2022-02-08,2022,2,8,39,0.6217,0.7833,0,0,1,28.625,77.225,146.36,164.75,554.05
GRID_R04_C06,2022-02-09,2022,2,9,40,0.6351,0.7725,0,0,1,28.625,77.225,95.7,58.05,756.35
GRID_R04_C06,2022-02-10,2022,2,10,41,0.6483,0.7614,0,0,1,28.625,77.225,82.18,74.62,614.8
GRID_R04_C06,2022-02-11,2022,2,11,42,0.6613,0.7502,0,0,1,28.625,77.225,88.88,104.79,658.4
GRID_R04_C06,2022-02-12,2022,2,12,43,0.6741,0.7387,0,0,1,28.625,77.225,93.96,101.03,819.8
GRID_R04_C06,2022-02-13,2022,2,13,44,0.6867,0.727,0,0,1,28.625,77.225,125.88,164.91,572.25
GRID_R04_C06,2022-02-14,2022,2,14,45,0.6991,0.715,0,0,1,28.625,77.225,116.5,152.48,685.73
GRID_R04_C06,2022-02-15,2022,2,15,46,0.7113,0.7029,0,0,1,28.625,77.225,105.06,142.07,680.8
GRID_R04_C06,2022-02-16,2022,2,16,47,0.7233,0.6906,0,0,1,28.625,77.225,139.55,187.94,518.0
GRID_R04_C06,2022-02-17,2022,2,17,48,0.735,0.678,0,0,1,28.625,77.225,113.76,128.62,393.5
GRID_R04_C06,2022-02-18,2022,2,18,49,0.7466,0.6653,0,0,1,28.625,77.225,114.55,180.36,557.7
GRID_R04_C06,2022-02-19,2022,2,19,50,0.7579,0.6523,0,0,1,28.625,77.225,85.13,98.02,792.75
GRID_R04_C06,2022-02-20,2022,2,20,51,0.769,0.6392,0,0,1,28.625,77.225,82.67,99.35,814.1
GRID_R04_C06,2022-02-21,2022,2,21,52,0.7799,0.6259,0,0,1,28.625,77.225,80.89,77.72,841.5
GRID_R04_C06,2022-02-22,2022,2,22,53,0.7906,0.6124,0,0,1,28.625,77.225,99.45,127.66,669.0
GRID_R04_C06,2022-02-23,2022,2,23,54,0.801,0.5987,0,0,1,28.625,77.225,112.36,111.56,491.55
GRID_R04_C06,2022-02-24,2022,2,24,55,0.8112,0.5848,0,0,1,28.625,77.225,149.33,203.59,458.5
GRID_R04_C06,2022-02-25,2022,2,25,56,0.8211,0.5708,0,0,1,28.625,77.225,126.85,191.24,410.0
GRID_R04_C06,2022-02-26,2022,2,26,57,0.8308,0.5566,0,0,1,28.625,77.225,27.32,18.8,276.0
GRID_R04_C06,2022-02-27,2022,2,27,58,0.8402,0.5422,0,0,1,28.625,77.225,43.55,49.78,141.75
GRID_R04_C06,2022-02-28,2022,2,28,59,0.8495,0.5277,0,0,1,28.625,77.225,46.79,51.25,302.2
GRID_R04_C06,2022-03-01,2022,3,1,60,0.8584,0.513,0,0,1,28.625,77.225,85.2,103.27,518.8
GRID_R04_C06,2022-03-02,2022,3,2,61,0.8671,0.4981,0,0,1,28.625,77.225,103.09,149.55,315.75
GRID_R04_C06,2022-03-03,2022,3,3,62,0.8755,0.4831,0,0,1,28.625,77.225,81.43,89.55,355.0
GRID_R04_C06,2022-03-04,2022,3,4,63,0.8837,0.468,0,0,1,28.625,77.225,76.79,110.28,265.15
GRID_R04_C06,2022-03-05,2022,3,5,64,0.8916,0.4527,0,0,1,28.625,77.225,57.07,67.97,177.75
GRID_R04_C06,2022-03-06,2022,3,6,65,0.8993,0.4373,0,0,1,28.625,77.225,86.4,100.89,624.6
GRID_R04_C06,2022-03-07,2022,3,7,66,0.9067,0.4218,0,0,1,28.625,77.225,120.95,154.56,475.25
GRID_R04_C06,2022-03-08,2022,3,8,67,0.9138,0.4061,0,0,1,28.625,77.225,120.12,206.2,489.05
GRID_R04_C06,2022-03-09,2022,3,9,68,0.9207,0.3904,0,0,1,28.625,77.225,68.32,98.59,244.0
GRID_R04_C06,2022-03-10,2022,3,10,69,0.9272,0.3745,0,0,1,28.625,77.225,64.08,84.09,397.0
GRID_R04_C06,2022-03-11,2022,3,11,70,0.9335,0.3585,0,0,1,28.625,77.225,77.38,116.53,253.25
GRID_R04_C06,2022-03-12,2022,3,12,71,0.9396,0.3424,0,0,1,28.625,77.225,73.17,100.11,228.5
GRID_R04_C06,2022-03-13,2022,3,13,72,0.9453,0.3261,0,0,1,28.625,77.225,89.79,107.3,258.7
GRID_R04_C06,2022-03-14,2022,3,14,73,0.9508,0.3098,0,0,1,28.625,77.225,118.62,184.2,354.32
GRID_R04_C06,2022-03-15,2022,3,15,74,0.956,0.2934,0,0,1,28.625,77.225,116.63,173.89,563.52
GRID_R04_C06,2022-03-16,2022,3,16,75,0.9609,0.2769,0,0,1,28.625,77.225,92.63,122.83,655.1
GRID_R04_C06,2022-03-17,2022,3,17,76,0.9655,0.2604,0,0,1,28.625,77.225,118.24,126.48,271.25
GRID_R04_C06,2022-03-18,2022,3,18,77,0.9698,0.2437,0,0,1,28.625,77.225,137.76,161.62,424.92
GRID_R04_C06,2022-03-19,2022,3,19,78,0.9739,0.227,0,0,1,28.625,77.225,106.58,114.19,322.88
GRID_R04_C06,2022-03-20,2022,3,20,79,0.9777,0.2102,0,0,1,28.625,77.225,104.26,125.51,606.98
GRID_R04_C06,2022-03-21,2022,3,21,80,0.9811,0.1934,0,0,1,28.625,77.225,130.28,188.16,417.5
GRID_R04_C06,2022-03-22,2022,3,22,81,0.9843,0.1765,0,0,1,28.625,77.225,80.13,91.92,367.0
GRID_R04_C06,2022-03-23,2022,3,23,82,0.9872,0.1595,0,0,1,28.625,77.225,100.6,131.08,507.0
GRID_R04_C06,2022-03-24,2022,3,24,83,0.9898,0.1425,0,0,1,28.625,77.225,114.07,193.47,395.0
GRID_R04_C06,2022-03-25,2022,3,25,84,0.9921,0.1255,0,0,1,28.625,77.225,88.68,120.84,258.08
GRID_R04_C06,2022-03-26,2022,3,26,85,0.9941,0.1084,0,0,1,28.625,77.225,84.56,130.38,266.25
GRID_R04_C06,2022-03-27,2022,3,27,86,0.9958,0.0913,0,0,1,28.625,77.225,89.19,117.92,273.95
GRID_R04_C06,2022-03-28,2022,3,28,87,0.9972,0.0741,0,0,1,28.625,77.225,103.39,141.58,363.7
GRID_R04_C06,2022-03-29,2022,3,29,88,0.9984,0.057,0,0,1,28.625,77.225,120.23,174.75,392.0
GRID_R04_C06,2022-03-30,2022,3,30,89,0.9992,0.0398,0,0,1,28.625,77.225,125.33,184.83,482.0
GRID_R04_C06,2022-03-31,2022,3,31,90,0.9997,0.0226,0,0,1,28.625,77.225,141.8,190.73,621.41
GRID_R04_C06,2022-04-01,2022,4,1,91,1.0,0.0054,0,0,1,28.625,77.225,73.4,110.61,261.08
GRID_R04_C06,2022-04-02,2022,4,2,92,0.9999,-0.0118,0,0,1,28.625,77.225,106.92,155.26,486.75
GRID_R04_C06,2022-04-03,2022,4,3,93,0.9996,-0.029,0,0,1,28.625,77.225,105.31,147.27,554.12
GRID_R04_C06,2022-04-04,2022,4,4,94,0.9989,-0.0462,0,0,1,28.625,77.225,106.92,119.72,412.75
GRID_R04_C06,2022-04-05,2022,4,5,95,0.998,-0.0634,0,0,1,28.625,77.225,102.59,199.12,403.5
GRID_R04_C06,2022-04-06,2022,4,6,96,0.9968,-0.0805,0,0,1,28.625,77.225,118.61,218.45,657.1
GRID_R04_C06,2022-04-07,2022,4,7,97,0.9952,-0.0977,0,0,1,28.625,77.225,124.24,194.43,451.0
GRID_R04_C06,2022-04-08,2022,4,8,98,0.9934,-0.1148,0,0,1,28.625,77.225,110.12,151.85,420.0
GRID_R04_C06,2022-04-09,2022,4,9,99,0.9913,-0.1319,0,0,1,28.625,77.225,109.85,156.71,713.2
GRID_R04_C06,2022-04-10,2022,4,10,100,0.9889,-0.1489,0,0,1,28.625,77.225,106.36,144.57,376.0
GRID_R04_C06,2022-04-11,2022,4,11,101,0.9861,-0.1659,0,0,1,28.625,77.225,109.75,168.72,458.7
GRID_R04_C06,2022-04-12,2022,4,12,102,0.9831,-0.1828,0,0,1,28.625,77.225,92.42,92.16,743.0
GRID_R04_C06,2022-04-13,2022,4,13,103,0.9799,-0.1997,0,0,1,28.625,77.225,111.71,204.68,412.32
GRID_R04_C06,2022-04-14,2022,4,14,104,0.9763,-0.2165,0,0,1,28.625,77.225,76.82,100.49,367.6
GRID_R04_C06,2022-04-15,2022,4,15,105,0.9724,-0.2333,0,0,1,28.625,77.225,70.63,77.51,257.88
GRID_R04_C06,2022-04-16,2022,4,16,106,0.9683,-0.25,0,0,1,28.625,77.225,102.22,135.16,257.25
GRID_R04_C06,2022-04-17,2022,4,17,107,0.9638,-0.2666,0,0,1,28.625,77.225,106.5,148.91,350.08
GRID_R04_C06,2022-04-18,2022,4,18,108,0.9591,-0.2831,0,0,1,28.625,77.225,112.05,143.79,894.0
GRID_R04_C06,2022-04-19,2022,4,19,109,0.9541,-0.2996,0,0,1,28.625,77.225,133.61,225.39,487.0
GRID_R04_C06,2022-04-20,2022,4,20,110,0.9488,-0.316,0,0,1,28.625,77.225,95.54,125.03,438.0
GRID_R04_C06,2022-04-21,2022,4,21,111,0.9432,-0.3322,0,0,1,28.625,77.225,104.24,115.77,340.9
GRID_R04_C06,2022-04-22,2022,4,22,112,0.9373,-0.3484,0,0,1,28.625,77.225,65.22,57.95,426.05
GRID_R04_C06,2022-04-23,2022,4,23,113,0.9312,-0.3645,0,0,1,28.625,77.225,110.12,190.55,412.47
GRID_R04_C06,2022-04-24,2022,4,24,114,0.9248,-0.3804,0,0,1,28.625,77.225,120.75,201.2,501.67
GRID_R04_C06,2022-04-25,2022,4,25,115,0.9181,-0.3963,0,0,1,28.625,77.225,100.34,132.63,394.4
GRID_R04_C06,2022-04-26,2022,4,26,116,0.9112,-0.412,0,0,1,28.625,77.225,81.97,78.35,458.1
GRID_R04_C06,2022-04-27,2022,4,27,117,0.9039,-0.4276,0,0,1,28.625,77.225,153.86,283.33,723.0
GRID_R04_C06,2022-04-28,2022,4,28,118,0.8965,-0.4431,0,0,1,28.625,77.225,163.21,204.22,765.92
GRID_R04_C06,2022-04-29,2022,4,29,119,0.8887,-0.4585,0,0,1,28.625,77.225,148.54,173.09,510.0
GRID_R04_C06,2022-04-30,2022,4,30,120,0.8807,-0.4737,0,0,1,28.625,77.225,121.09,152.58,444.0
GRID_R04_C06,2022-05-01,2022,5,1,121,0.8724,-0.4888,0,0,1,28.625,77.225,90.46,85.1,378.1
GRID_R04_C06,2022-05-02,2022,5,2,122,0.8639,-0.5037,0,0,1,28.625,77.225,73.78,73.02,193.8
GRID_R04_C06,2022-05-03,2022,5,3,123,0.8551,-0.5185,0,0,1,28.625,77.225,98.47,75.58,378.55
GRID_R04_C06,2022-05-04,2022,5,4,124,0.846,-0.5331,0,0,1,28.625,77.225,73.54,91.45,294.5
GRID_R04_C06,2022-05-05,2022,5,5,125,0.8367,-0.5476,0,0,1,28.625,77.225,71.62,82.66,213.25
GRID_R04_C06,2022-05-06,2022,5,6,126,0.8272,-0.5619,0,0,1,28.625,77.225,115.78,151.07,393.79
GRID_R04_C06,2022-05-07,2022,5,7,127,0.8174,-0.5761,0,0,1,28.625,77.225,86.89,94.49,394.15
GRID_R04_C06,2022-05-08,2022,5,8,128,0.8074,-0.59,0,0,1,28.625,77.225,82.76,82.24,317.93
GRID_R04_C06,2022-05-09,2022,5,9,129,0.7971,-0.6038,0,0,1,28.625,77.225,66.6,68.42,342.57
GRID_R04_C06,2022-05-10,2022,5,10,130,0.7866,-0.6175,0,0,1,28.625,77.225,64.78,71.54,208.72
GRID_R04_C06,2022-05-11,2022,5,11,131,0.7759,-0.6309,0,0,1,28.625,77.225,62.23,62.55,195.1
GRID_R04_C06,2022-05-12,2022,5,12,132,0.7649,-0.6442,0,0,1,28.625,77.225,67.67,63.77,284.5
GRID_R04_C06,2022-05-13,2022,5,13,133,0.7537,-0.6572,0,0,1,28.625,77.225,76.01,56.15,302.82
GRID_R04_C06,2022-05-14,2022,5,14,134,0.7423,-0.6701,0,0,1,28.625,77.225,108.68,171.32,482.76
GRID_R04_C06,2022-05-15,2022,5,15,135,0.7306,-0.6828,0,0,1,28.625,77.225,98.88,154.71,394.61
GRID_R04_C06,2022-05-16,2022,5,16,136,0.7188,-0.6952,0,0,1,28.625,77.225,96.8,85.25,889.56
GRID_R04_C06,2022-05-17,2022,5,17,137,0.7067,-0.7075,0,0,1,28.625,77.225,68.76,46.22,236.42
GRID_R04_C06,2022-05-18,2022,5,18,138,0.6945,-0.7195,0,0,1,28.625,77.225,76.49,78.65,284.62
GRID_R04_C06,2022-05-19,2022,5,19,139,0.682,-0.7314,0,0,1,28.625,77.225,88.25,96.65,260.2
GRID_R04_C06,2022-05-20,2022,5,20,140,0.6693,-0.743,0,0,1,28.625,77.225,92.72,114.24,470.15
GRID_R04_C06,2022-05-21,2022,5,21,141,0.6564,-0.7544,0,0,1,28.625,77.225,76.87,70.19,404.62
GRID_R04_C06,2022-05-22,2022,5,22,142,0.6433,-0.7656,0,0,1,28.625,77.225,64.57,75.6,273.0
GRID_R04_C06,2022-05-23,2022,5,23,143,0.6301,-0.7765,0,0,1,28.625,77.225,30.37,21.62,130.0
GRID_R04_C06,2022-05-24,2022,5,24,144,0.6166,-0.7873,0,0,1,28.625,77.225,36.28,30.55,192.42
GRID_R04_C06,2022-05-25,2022,5,25,145,0.603,-0.7978,0,0,1,28.625,77.225,81.34,108.12,534.0
GRID_R04_C06,2022-05-26,2022,5,26,146,0.5892,-0.808,0,0,1,28.625,77.225,94.83,125.56,622.6
GRID_R04_C06,2022-05-27,2022,5,27,147,0.5752,-0.818,0,0,1,28.625,77.225,81.91,106.06,217.0
GRID_R04_C06,2022-05-28,2022,5,28,148,0.561,-0.8278,0,0,1,28.625,77.225,75.39,65.53,283.68
GRID_R04_C06,2022-05-29,2022,5,29,149,0.5467,-0.8373,0,0,1,28.625,77.225,72.29,83.49,209.15
GRID_R04_C06,2022-05-30,2022,5,30,150,0.5322,-0.8466,0,0,1,28.625,77.225,65.49,69.05,436.25
GRID_R04_C06,2022-05-31,2022,5,31,151,0.5176,-0.8556,0,0,1,28.625,77.225,99.01,83.63,344.67
GRID_R04_C06,2022-06-01,2022,6,1,152,0.5028,-0.8644,0,0,1,28.625,77.225,97.93,147.1,353.12
GRID_R04_C06,2022-06-02,2022,6,2,153,0.4878,-0.8729,0,0,1,28.625,77.225,77.59,103.56,269.05
GRID_R04_C06,2022-06-03,2022,6,3,154,0.4728,-0.8812,0,0,1,28.625,77.225,89.98,136.35,275.25
GRID_R04_C06,2022-06-04,2022,6,4,155,0.4575,-0.8892,0,0,1,28.625,77.225,81.09,113.17,306.58
GRID_R04_C06,2022-06-05,2022,6,5,156,0.4422,-0.8969,0,0,1,28.625,77.225,59.21,52.12,298.7
GRID_R04_C06,2022-06-06,2022,6,6,157,0.4267,-0.9044,0,0,1,28.625,77.225,53.82,52.72,193.75
GRID_R04_C06,2022-06-07,2022,6,7,158,0.4111,-0.9116,0,0,1,28.625,77.225,88.0,71.28,388.0
GRID_R04_C06,2022-06-08,2022,6,8,159,0.3953,-0.9185,0,0,1,28.625,77.225,78.4,82.01,360.25
GRID_R04_C06,2022-06-09,2022,6,9,160,0.3795,-0.9252,0,0,1,28.625,77.225,62.57,61.73,252.6
GRID_R04_C06,2022-06-10,2022,6,10,161,0.3635,-0.9316,0,0,1,28.625,77.225,75.31,77.98,269.25
GRID_R04_C06,2022-06-11,2022,6,11,162,0.3474,-0.9377,0,0,1,28.625,77.225,70.14,68.3,192.75
GRID_R04_C06,2022-06-12,2022,6,12,163,0.3312,-0.9436,0,0,1,28.625,77.225,74.34,86.06,261.25
GRID_R04_C06,2022-06-13,2022,6,13,164,0.3149,-0.9491,0,0,1,28.625,77.225,51.93,34.18,190.75
GRID_R04_C06,2022-06-14,2022,6,14,165,0.2986,-0.9544,0,0,1,28.625,77.225,56.4,61.94,210.0
GRID_R04_C06,2022-06-15,2022,6,15,166,0.2821,-0.9594,0,0,1,28.625,77.225,35.44,36.86,187.7
GRID_R04_C06,2022-06-16,2022,6,16,167,0.2656,-0.9641,0,0,1,28.625,77.225,34.81,34.26,398.45
GRID_R04_C06,2022-06-17,2022,6,17,168,0.2489,-0.9685,0,0,1,28.625,77.225,28.28,19.79,90.1
GRID_R04_C06,2022-06-18,2022,6,18,169,0.2322,-0.9727,0,0,1,28.625,77.225,34.62,42.9,120.08
GRID_R04_C06,2022-06-19,2022,6,19,170,0.2155,-0.9765,0,0,1,28.625,77.225,42.72,54.49,173.0
GRID_R04_C06,2022-06-20,2022,6,20,171,0.1986,-0.9801,0,0,1,28.625,77.225,53.46,65.93,271.0
GRID_R04_C06,2022-06-21,2022,6,21,172,0.1818,-0.9833,0,0,1,28.625,77.225,44.11,63.39,193.5
GRID_R04_C06,2022-06-22,2022,6,22,173,0.1648,-0.9863,0,0,1,28.625,77.225,51.49,38.76,153.0
GRID_R04_C06,2022-06-23,2022,6,23,174,0.1478,-0.989,0,0,1,28.625,77.225,56.32,53.84,209.5
GRID_R04_C06,2022-06-24,2022,6,24,175,0.1308,-0.9914,0,0,1,28.625,77.225,72.0,102.15,258.75
GRID_R04_C06,2022-06-25,2022,6,25,176,0.1137,-0.9935,0,0,1,28.625,77.225,80.74,103.06,343.0
GRID_R04_C06,2022-06-26,2022,6,26,177,0.0966,-0.9953,0,0,1,28.625,77.225,65.27,65.89,295.6
GRID_R04_C06,2022-06-27,2022,6,27,178,0.0795,-0.9968,0,0,1,28.625,77.225,55.02,51.71,141.45
GRID_R04_C06,2022-06-28,2022,6,28,179,0.0623,-0.9981,0,0,1,28.625,77.225,74.87,68.65,221.0
GRID_R04_C06,2022-06-29,2022,6,29,180,0.0451,-0.999,0,0,1,28.625,77.225,60.43,39.46,226.7
GRID_R04_C06,2022-06-30,2022,6,30,181,0.028,-0.9996,0,0,1,28.625,77.225,37.61,33.29,430.33
GRID_R04_C06,2022-07-01,2022,7,1,182,0.0108,-0.9999,0,0,1,28.625,77.225,36.33,45.16,338.0
GRID_R04_C06,2022-07-02,2022,7,2,183,-0.0065,-1.0,0,0,1,28.625,77.225,42.77,66.61,165.67
GRID_R04_C06,2022-07-03,2022,7,3,184,-0.0237,-0.9997,0,0,1,28.625,77.225,30.43,20.7,138.25
GRID_R04_C06,2022-07-04,2022,7,4,185,-0.0408,-0.9992,0,0,1,28.625,77.225,63.45,56.27,172.0
GRID_R04_C06,2022-07-05,2022,7,5,186,-0.058,-0.9983,0,0,1,28.625,77.225,65.09,83.93,204.0
GRID_R04_C06,2022-07-06,2022,7,6,187,-0.0752,-0.9972,0,0,1,28.625,77.225,51.42,50.91,221.88
GRID_R04_C06,2022-07-07,2022,7,7,188,-0.0923,-0.9957,0,0,1,28.625,77.225,39.84,45.99,250.25
GRID_R04_C06,2022-07-08,2022,7,8,189,-0.1094,-0.994,0,0,1,28.625,77.225,37.09,41.18,248.0
GRID_R04_C06,2022-07-09,2022,7,9,190,-0.1265,-0.992,0,0,1,28.625,77.225,40.97,56.32,118.75
GRID_R04_C06,2022-07-10,2022,7,10,191,-0.1436,-0.9896,0,0,1,28.625,77.225,32.83,33.02,101.02
GRID_R04_C06,2022-07-11,2022,7,11,192,-0.1606,-0.987,0,0,1,28.625,77.225,44.83,46.68,170.25
GRID_R04_C06,2022-07-12,2022,7,12,193,-0.1775,-0.9841,0,0,1,28.625,77.225,41.83,40.27,682.03
GRID_R04_C06,2022-07-13,2022,7,13,194,-0.1944,-0.9809,0,0,1,28.625,77.225,34.51,34.52,176.78
GRID_R04_C06,2022-07-14,2022,7,14,195,-0.2113,-0.9774,0,0,1,28.625,77.225,30.76,34.16,137.45
GRID_R04_C06,2022-07-15,2022,7,15,196,-0.2281,-0.9736,0,0,1,28.625,77.225,26.49,20.34,170.16
GRID_R04_C06,2022-07-16,2022,7,16,197,-0.2448,-0.9696,0,0,1,28.625,77.225,24.89,24.14,355.38
GRID_R04_C06,2022-07-17,2022,7,17,198,-0.2614,-0.9652,0,0,1,28.625,77.225,28.45,11.8,453.8
GRID_R04_C06,2022-07-18,2022,7,18,199,-0.278,-0.9606,0,0,1,28.625,77.225,43.29,52.97,234.61
GRID_R04_C06,2022-07-19,2022,7,19,200,-0.2945,-0.9557,0,0,1,28.625,77.225,42.92,40.34,156.0
GRID_R04_C06,2022-07-20,2022,7,20,201,-0.3109,-0.9505,0,0,1,28.625,77.225,33.38,46.79,122.0
GRID_R04_C06,2022-07-21,2022,7,21,202,-0.3272,-0.945,0,0,1,28.625,77.225,44.16,24.17,180.5
GRID_R04_C06,2022-07-22,2022,7,22,203,-0.3434,-0.9392,0,0,1,28.625,77.225,55.16,72.88,175.0
GRID_R04_C06,2022-07-23,2022,7,23,204,-0.3595,-0.9332,0,0,1,28.625,77.225,29.52,28.55,83.75
GRID_R04_C06,2022-07-24,2022,7,24,205,-0.3755,-0.9268,0,0,1,28.625,77.225,24.77,20.19,120.7
GRID_R04_C06,2022-07-25,2022,7,25,206,-0.3914,-0.9202,0,0,1,28.625,77.225,24.63,23.37,89.18
GRID_R04_C06,2022-07-26,2022,7,26,207,-0.4071,-0.9134,0,0,1,28.625,77.225,28.09,31.65,87.0
GRID_R04_C06,2022-07-27,2022,7,27,208,-0.4228,-0.9062,0,0,1,28.625,77.225,30.82,30.24,171.0
GRID_R04_C06,2022-07-28,2022,7,28,209,-0.4383,-0.8988,0,0,1,28.625,77.225,22.01,22.15,83.28
GRID_R04_C06,2022-07-29,2022,7,29,210,-0.4537,-0.8912,0,0,1,28.625,77.225,19.28,21.15,89.7
GRID_R04_C06,2022-07-30,2022,7,30,211,-0.469,-0.8832,0,0,1,28.625,77.225,22.14,19.05,89.0
GRID_R04_C06,2022-07-31,2022,7,31,212,-0.4841,-0.875,0,0,1,28.625,77.225,23.89,23.02,82.25
GRID_R04_C06,2022-08-01,2022,8,1,213,-0.4991,-0.8666,0,0,1,28.625,77.225,26.41,26.42,133.09
GRID_R04_C06,2022-08-02,2022,8,2,214,-0.5139,-0.8578,0,0,1,28.625,77.225,32.31,25.05,149.25
GRID_R04_C06,2022-08-03,2022,8,3,215,-0.5286,-0.8489,0,0,1,28.625,77.225,48.43,39.76,165.39
GRID_R04_C06,2022-08-04,2022,8,4,216,-0.5431,-0.8397,0,0,1,28.625,77.225,46.68,59.37,128.0
GRID_R04_C06,2022-08-05,2022,8,5,217,-0.5575,-0.8302,0,0,1,28.625,77.225,38.62,34.97,162.5
GRID_R04_C06,2022-08-06,2022,8,6,218,-0.5717,-0.8205,0,0,1,28.625,77.225,52.04,52.92,182.75
GRID_R04_C06,2022-08-07,2022,8,7,219,-0.5857,-0.8105,0,0,1,28.625,77.225,45.98,72.95,153.0
GRID_R04_C06,2022-08-08,2022,8,8,220,-0.5996,-0.8003,0,0,1,28.625,77.225,44.97,46.35,158.13
GRID_R04_C06,2022-08-09,2022,8,9,221,-0.6132,-0.7899,0,0,1,28.625,77.225,41.5,54.17,143.0
GRID_R04_C06,2022-08-10,2022,8,10,222,-0.6267,-0.7792,0,0,1,28.625,77.225,27.02,34.2,136.97
GRID_R04_C06,2022-08-11,2022,8,11,223,-0.64,-0.7683,0,0,1,28.625,77.225,16.74,14.3,114.94
GRID_R04_C06,2022-08-12,2022,8,12,224,-0.6532,-0.7572,0,0,1,28.625,77.225,19.39,18.36,74.0
GRID_R04_C06,2022-08-13,2022,8,13,225,-0.6661,-0.7459,0,0,1,28.625,77.225,27.24,32.25,83.0
GRID_R04_C06,2022-08-14,2022,8,14,226,-0.6788,-0.7343,0,0,1,28.625,77.225,26.21,13.74,83.0
GRID_R04_C06,2022-08-15,2022,8,15,227,-0.6914,-0.7225,0,0,1,28.625,77.225,18.8,14.02,83.0
GRID_R04_C06,2022-08-16,2022,8,16,228,-0.7037,-0.7105,0,0,1,28.625,77.225,15.86,15.28,60.01
GRID_R04_C06,2022-08-17,2022,8,17,229,-0.7158,-0.6983,0,0,1,28.625,77.225,14.19,11.42,171.6
GRID_R04_C06,2022-08-18,2022,8,18,230,-0.7277,-0.6859,0,0,1,28.625,77.225,20.33,13.35,75.42
GRID_R04_C06,2022-08-19,2022,8,19,231,-0.7394,-0.6733,0,0,1,28.625,77.225,18.3,12.36,287.0
GRID_R04_C06,2022-08-20,2022,8,20,232,-0.7509,-0.6605,0,0,1,28.625,77.225,31.77,23.33,139.0
GRID_R04_C06,2022-08-21,2022,8,21,233,-0.7621,-0.6474,0,0,1,28.625,77.225,46.88,54.4,130.5
GRID_R04_C06,2022-08-22,2022,8,22,234,-0.7731,-0.6342,0,0,1,28.625,77.225,35.87,54.37,111.12
GRID_R04_C06,2022-08-23,2022,8,23,235,-0.7839,-0.6208,0,0,1,28.625,77.225,24.97,32.75,75.0
GRID_R04_C06,2022-08-24,2022,8,24,236,-0.7945,-0.6073,0,0,1,28.625,77.225,22.73,18.38,277.92
GRID_R04_C06,2022-08-25,2022,8,25,237,-0.8048,-0.5935,0,0,1,28.625,77.225,36.41,28.57,348.25
GRID_R04_C06,2022-08-26,2022,8,26,238,-0.8149,-0.5796,0,0,1,28.625,77.225,35.46,31.33,157.0
GRID_R04_C06,2022-08-27,2022,8,27,239,-0.8248,-0.5655,0,0,1,28.625,77.225,32.05,30.52,225.35
GRID_R04_C06,2022-08-28,2022,8,28,240,-0.8344,-0.5512,0,0,1,28.625,77.225,37.18,33.27,159.6
GRID_R04_C06,2022-08-29,2022,8,29,241,-0.8437,-0.5368,0,0,1,28.625,77.225,40.54,37.8,138.65
GRID_R04_C06,2022-08-30,2022,8,30,242,-0.8528,-0.5222,0,0,1,28.625,77.225,48.48,49.26,185.75
GRID_R04_C06,2022-08-31,2022,8,31,243,-0.8617,-0.5074,0,0,1,28.625,77.225,43.79,44.25,234.32
GRID_R04_C06,2022-09-01,2022,9,1,244,-0.8703,-0.4925,0,0,1,28.625,77.225,45.12,44.81,279.62
GRID_R04_C06,2022-09-02,2022,9,2,245,-0.8786,-0.4775,0,0,1,28.625,77.225,45.72,38.34,228.45
GRID_R04_C06,2022-09-03,2022,9,3,246,-0.8867,-0.4623,0,0,1,28.625,77.225,32.63,26.34,151.07
GRID_R04_C06,2022-09-04,2022,9,4,247,-0.8945,-0.447,0,0,1,28.625,77.225,26.45,23.94,209.71
GRID_R04_C06,2022-09-05,2022,9,5,248,-0.9021,-0.4315,0,0,1,28.625,77.225,26.79,22.54,209.21
GRID_R04_C06,2022-09-06,2022,9,6,249,-0.9094,-0.4159,0,0,1,28.625,77.225,40.21,43.33,161.12
GRID_R04_C06,2022-09-07,2022,9,7,250,-0.9164,-0.4002,0,0,1,28.625,77.225,46.22,52.1,466.0
GRID_R04_C06,2022-09-08,2022,9,8,251,-0.9232,-0.3844,0,0,1,28.625,77.225,63.62,68.09,151.0
GRID_R04_C06,2022-09-09,2022,9,9,252,-0.9296,-0.3685,0,0,1,28.625,77.225,59.85,68.97,173.2
GRID_R04_C06,2022-09-10,2022,9,10,253,-0.9358,-0.3524,0,0,1,28.625,77.225,49.78,60.63,111.4
GRID_R04_C06,2022-09-11,2022,9,11,254,-0.9418,-0.3363,0,0,1,28.625,77.225,32.13,26.0,167.07
GRID_R04_C06,2022-09-12,2022,9,12,255,-0.9474,-0.32,0,0,1,28.625,77.225,26.74,24.83,187.43
GRID_R04_C06,2022-09-13,2022,9,13,256,-0.9528,-0.3037,0,0,1,28.625,77.225,19.75,16.85,106.58
GRID_R04_C06,2022-09-14,2022,9,14,257,-0.9579,-0.2873,0,0,1,28.625,77.225,17.79,15.23,78.67
GRID_R04_C06,2022-09-15,2022,9,15,258,-0.9627,-0.2707,0,0,1,28.625,77.225,16.06,20.15,71.81
GRID_R04_C06,2022-09-16,2022,9,16,259,-0.9672,-0.2541,0,0,1,28.625,77.225,15.98,10.93,80.67
GRID_R04_C06,2022-09-17,2022,9,17,260,-0.9714,-0.2375,0,0,1,28.625,77.225,33.32,27.66,98.7
GRID_R04_C06,2022-09-18,2022,9,18,261,-0.9753,-0.2207,0,0,1,28.625,77.225,47.58,29.97,167.25
GRID_R04_C06,2022-09-19,2022,9,19,262,-0.979,-0.2039,0,0,1,28.625,77.225,72.39,83.14,249.75
GRID_R04_C06,2022-09-20,2022,9,20,263,-0.9824,-0.187,0,0,1,28.625,77.225,49.55,68.87,146.0
GRID_R04_C06,2022-09-21,2022,9,21,264,-0.9854,-0.1701,0,0,1,28.625,77.225,41.57,62.06,170.25
GRID_R04_C06,2022-09-22,2022,9,22,265,-0.9882,-0.1531,0,0,1,28.625,77.225,26.29,31.08,474.7
GRID_R04_C06,2022-09-23,2022,9,23,266,-0.9907,-0.1361,0,0,1,28.625,77.225,26.13,16.24,90.0
GRID_R04_C06,2022-09-24,2022,9,24,267,-0.9929,-0.1191,0,0,1,28.625,77.225,23.39,26.79,74.99
GRID_R04_C06,2022-09-25,2022,9,25,268,-0.9948,-0.102,0,0,1,28.625,77.225,21.57,11.84,128.15
GRID_R04_C06,2022-09-26,2022,9,26,269,-0.9964,-0.0848,0,0,1,28.625,77.225,47.79,61.88,156.25
GRID_R04_C06,2022-09-27,2022,9,27,270,-0.9977,-0.0677,0,0,1,28.625,77.225,40.29,44.09,132.88
GRID_R04_C06,2022-09-28,2022,9,28,271,-0.9987,-0.0505,0,0,1,28.625,77.225,55.13,59.02,182.85
GRID_R04_C06,2022-09-29,2022,9,29,272,-0.9994,-0.0333,0,0,1,28.625,77.225,66.05,82.87,205.25
GRID_R04_C06,2022-09-30,2022,9,30,273,-0.9999,-0.0161,0,0,1,28.625,77.225,80.25,91.86,214.82
GRID_R04_C06,2022-10-01,2022,10,1,274,-1.0,0.0011,0,0,1,28.625,77.225,81.41,104.02,174.0
GRID_R04_C06,2022-10-02,2022,10,2,275,-0.9998,0.0183,0,0,1,28.625,77.225,69.05,94.49,175.0
GRID_R04_C06,2022-10-03,2022,10,3,276,-0.9994,0.0355,0,0,1,28.625,77.225,42.71,51.5,258.45
GRID_R04_C06,2022-10-04,2022,10,4,277,-0.9986,0.0527,0,0,1,28.625,77.225,63.03,61.51,251.1
GRID_R04_C06,2022-10-05,2022,10,5,278,-0.9976,0.0698,0,0,1,28.625,77.225,89.36,110.49,285.6
GRID_R04_C06,2022-10-06,2022,10,6,279,-0.9962,0.087,0,0,1,28.625,77.225,16.63,13.15,103.28
GRID_R04_C06,2022-10-07,2022,10,7,280,-0.9946,0.1041,0,0,1,28.625,77.225,16.3,12.44,61.0
GRID_R04_C06,2022-10-08,2022,10,8,281,-0.9926,0.1212,0,0,1,28.625,77.225,14.32,14.32,82.5
GRID_R04_C06,2022-10-09,2022,10,9,282,-0.9904,0.1383,0,0,1,28.625,77.225,9.59,10.84,61.0
GRID_R04_C06,2022-10-10,2022,10,10,283,-0.9879,0.1553,0,0,1,28.625,77.225,14.76,9.01,61.0
GRID_R04_C06,2022-10-11,2022,10,11,284,-0.9851,0.1722,0,0,1,28.625,77.225,36.29,25.93,231.67
GRID_R04_C06,2022-10-12,2022,10,12,285,-0.9819,0.1892,0,0,1,28.625,77.225,62.49,72.65,205.75
GRID_R04_C06,2022-10-13,2022,10,13,286,-0.9785,0.206,0,0,1,28.625,77.225,53.52,60.34,172.25
GRID_R04_C06,2022-10-14,2022,10,14,287,-0.9749,0.2228,0,0,1,28.625,77.225,71.74,81.89,216.8
GRID_R04_C06,2022-10-15,2022,10,15,288,-0.9709,0.2396,1,0,1,28.625,77.225,89.6,103.27,401.5
GRID_R04_C06,2022-10-16,2022,10,16,289,-0.9666,0.2562,1,0,1,28.625,77.225,105.64,123.99,349.3
GRID_R04_C06,2022-10-17,2022,10,17,290,-0.9621,0.2728,1,0,1,28.625,77.225,108.94,127.64,383.5
GRID_R04_C06,2022-10-18,2022,10,18,291,-0.9572,0.2893,1,0,1,28.625,77.225,109.72,118.14,398.33
GRID_R04_C06,2022-10-19,2022,10,19,292,-0.9521,0.3057,1,0,1,28.625,77.225,102.01,124.26,331.92
GRID_R04_C06,2022-10-20,2022,10,20,293,-0.9467,0.3221,1,1,1,28.625,77.225,110.64,111.76,302.75
GRID_R04_C06,2022-10-21,2022,10,21,294,-0.941,0.3383,1,1,1,28.625,77.225,117.39,145.08,386.33
GRID_R04_C06,2022-10-22,2022,10,22,295,-0.9351,0.3545,1,1,1,28.625,77.225,122.89,153.83,322.0
GRID_R04_C06,2022-10-23,2022,10,23,296,-0.9288,0.3705,1,1,1,28.625,77.225,129.76,128.29,357.75
GRID_R04_C06,2022-10-24,2022,10,24,297,-0.9223,0.3864,1,1,1,28.625,77.225,177.52,168.07,921.25
GRID_R04_C06,2022-10-25,2022,10,25,298,-0.9155,0.4022,1,1,1,28.625,77.225,166.47,149.56,986.0
GRID_R04_C06,2022-10-26,2022,10,26,299,-0.9085,0.4179,1,1,1,28.625,77.225,142.96,114.47,621.5
GRID_R04_C06,2022-10-27,2022,10,27,300,-0.9012,0.4335,1,1,1,28.625,77.225,192.39,218.98,494.34
GRID_R04_C06,2022-10-28,2022,10,28,301,-0.8936,0.4489,1,1,1,28.625,77.225,223.13,226.04,514.0
GRID_R04_C06,2022-10-29,2022,10,29,302,-0.8857,0.4642,1,1,1,28.625,77.225,230.76,287.07,502.09
GRID_R04_C06,2022-10-30,2022,10,30,303,-0.8776,0.4794,1,1,1,28.625,77.225,211.77,210.91,749.6
GRID_R04_C06,2022-10-31,2022,10,31,304,-0.8692,0.4944,1,1,1,28.625,77.225,263.69,208.96,562.75
GRID_R04_C06,2022-11-01,2022,11,1,305,-0.8606,0.5093,1,1,1,28.625,77.225,248.88,294.21,705.25
GRID_R04_C06,2022-11-02,2022,11,2,306,-0.8517,0.524,1,1,1,28.625,77.225,241.74,214.26,589.0
GRID_R04_C06,2022-11-03,2022,11,3,307,-0.8426,0.5386,1,1,1,28.625,77.225,402.69,529.11,928.0
GRID_R04_C06,2022-11-04,2022,11,4,308,-0.8332,0.553,1,1,1,28.625,77.225,324.12,346.39,566.0
GRID_R04_C06,2022-11-05,2022,11,5,309,-0.8235,0.5672,1,1,1,28.625,77.225,193.45,200.61,425.0
GRID_R04_C06,2022-11-06,2022,11,6,310,-0.8137,0.5813,1,1,1,28.625,77.225,172.85,181.1,375.0
GRID_R04_C06,2022-11-07,2022,11,7,311,-0.8035,0.5952,1,1,1,28.625,77.225,193.57,227.11,449.82
GRID_R04_C06,2022-11-08,2022,11,8,312,-0.7932,0.609,1,1,1,28.625,77.225,240.17,245.39,445.7
GRID_R04_C06,2022-11-09,2022,11,9,313,-0.7826,0.6225,1,1,1,28.625,77.225,105.75,112.76,335.75
GRID_R04_C06,2022-11-10,2022,11,10,314,-0.7718,0.6359,1,1,1,28.625,77.225,162.28,178.2,478.0
GRID_R04_C06,2022-11-11,2022,11,11,315,-0.7607,0.6491,1,1,1,28.625,77.225,208.58,357.3,547.78
GRID_R04_C06,2022-11-12,2022,11,12,316,-0.7494,0.6621,1,1,1,28.625,77.225,186.89,259.16,421.27
GRID_R04_C06,2022-11-13,2022,11,13,317,-0.7379,0.6749,1,1,1,28.625,77.225,160.63,196.5,326.69
GRID_R04_C06,2022-11-14,2022,11,14,318,-0.7262,0.6875,1,1,1,28.625,77.225,140.22,172.86,415.5
GRID_R04_C06,2022-11-15,2022,11,15,319,-0.7143,0.6998,1,1,1,28.625,77.225,102.24,99.43,274.0
GRID_R04_C06,2022-11-16,2022,11,16,320,-0.7021,0.712,1,1,1,28.625,77.225,118.88,174.92,414.2
GRID_R04_C06,2022-11-17,2022,11,17,321,-0.6898,0.724,1,1,1,28.625,77.225,139.59,199.17,386.09
GRID_R04_C06,2022-11-18,2022,11,18,322,-0.6772,0.7358,1,1,1,28.625,77.225,157.43,240.44,551.78
GRID_R04_C06,2022-11-19,2022,11,19,323,-0.6645,0.7473,1,1,1,28.625,77.225,144.5,178.83,532.85
GRID_R04_C06,2022-11-20,2022,11,20,324,-0.6515,0.7586,1,1,1,28.625,77.225,171.28,216.63,551.35
GRID_R04_C06,2022-11-21,2022,11,21,325,-0.6384,0.7697,1,0,1,28.625,77.225,143.93,174.07,350.6
GRID_R04_C06,2022-11-22,2022,11,22,326,-0.625,0.7806,1,0,1,28.625,77.225,113.47,136.13,245.25
GRID_R04_C06,2022-11-23,2022,11,23,327,-0.6115,0.7912,1,0,1,28.625,77.225,103.72,127.52,416.48
GRID_R04_C06,2022-11-24,2022,11,24,328,-0.5978,0.8016,1,0,1,28.625,77.225,108.55,109.77,569.33
GRID_R04_C06,2022-11-25,2022,11,25,329,-0.584,0.8118,1,0,1,28.625,77.225,158.6,173.91,591.25
GRID_R04_C06,2022-11-26,2022,11,26,330,-0.5699,0.8217,1,0,1,28.625,77.225,180.96,192.28,757.0
GRID_R04_C06,2022-11-27,2022,11,27,331,-0.5557,0.8314,1,0,1,28.625,77.225,174.61,195.31,509.45
GRID_R04_C06,2022-11-28,2022,11,28,332,-0.5413,0.8408,1,0,1,28.625,77.225,198.65,227.57,680.0
GRID_R04_C06,2022-11-29,2022,11,29,333,-0.5268,0.85,1,0,1,28.625,77.225,230.27,284.3,658.91
GRID_R04_C06,2022-11-30,2022,11,30,334,-0.5121,0.859,1,0,1,28.625,77.225,207.63,223.34,533.0
GRID_R04_C06,2022-12-01,2022,12,1,335,-0.4972,0.8676,1,0,1,28.625,77.225,213.69,231.84,492.99
GRID_R04_C06,2022-12-02,2022,12,2,336,-0.4822,0.8761,1,0,1,28.625,77.225,200.39,204.94,605.25
GRID_R04_C06,2022-12-03,2022,12,3,337,-0.4671,0.8842,1,0,1,28.625,77.225,245.25,260.2,667.75
GRID_R04_C06,2022-12-04,2022,12,4,338,-0.4518,0.8921,1,0,1,28.625,77.225,250.6,293.9,635.75
GRID_R04_C06,2022-12-05,2022,12,5,339,-0.4364,0.8998,1,0,1,28.625,77.225,187.08,202.78,560.75
GRID_R04_C06,2022-12-06,2022,12,6,340,-0.4208,0.9071,1,0,1,28.625,77.225,184.23,189.48,359.0
GRID_R04_C06,2022-12-07,2022,12,7,341,-0.4052,0.9142,1,0,1,28.625,77.225,133.43,143.42,336.05
GRID_R04_C06,2022-12-08,2022,12,8,342,-0.3894,0.9211,1,0,1,28.625,77.225,143.94,139.75,466.58
GRID_R04_C06,2022-12-09,2022,12,9,343,-0.3735,0.9276,1,0,1,28.625,77.225,169.88,151.03,691.0
GRID_R04_C06,2022-12-10,2022,12,10,344,-0.3575,0.9339,1,0,1,28.625,77.225,211.95,254.19,646.75
GRID_R04_C06,2022-12-11,2022,12,11,345,-0.3413,0.9399,1,0,1,28.625,77.225,134.03,153.58,476.75
GRID_R04_C06,2022-12-12,2022,12,12,346,-0.3251,0.9457,1,0,1,28.625,77.225,95.92,100.39,620.75
GRID_R04_C06,2022-12-13,2022,12,13,347,-0.3088,0.9511,1,0,1,28.625,77.225,70.68,81.54,233.75
GRID_R04_C06,2022-12-14,2022,12,14,348,-0.2924,0.9563,1,0,1,28.625,77.225,85.59,94.24,367.25
GRID_R04_C06,2022-12-15,2022,12,15,349,-0.2759,0.9612,1,0,1,28.625,77.225,89.92,84.74,424.25
GRID_R04_C06,2022-12-16,2022,12,16,350,-0.2593,0.9658,1,0,1,28.625,77.225,124.19,111.4,659.18
GRID_R04_C06,2022-12-17,2022,12,17,351,-0.2427,0.9701,1,0,1,28.625,77.225,167.33,151.3,760.25
GRID_R04_C06,2022-12-18,2022,12,18,352,-0.226,0.9741,1,0,1,28.625,77.225,254.25,203.4,813.75
GRID_R04_C06,2022-12-19,2022,12,19,353,-0.2092,0.9779,1,0,1,28.625,77.225,259.11,226.32,843.5
GRID_R04_C06,2022-12-20,2022,12,20,354,-0.1923,0.9813,1,0,1,28.625,77.225,199.94,168.09,544.0
GRID_R04_C06,2022-12-21,2022,12,21,355,-0.1754,0.9845,1,0,1,28.625,77.225,188.4,149.22,490.33
GRID_R04_C06,2022-12-22,2022,12,22,356,-0.1585,0.9874,1,0,1,28.625,77.225,202.24,126.13,541.5
GRID_R04_C06,2022-12-23,2022,12,23,357,-0.1414,0.9899,1,0,1,28.625,77.225,202.07,128.73,592.25
GRID_R04_C06,2022-12-24,2022,12,24,358,-0.1244,0.9922,1,0,1,28.625,77.225,160.66,177.3,457.75
GRID_R04_C06,2022-12-25,2022,12,25,359,-0.1073,0.9942,1,0,1,28.625,77.225,168.91,143.09,840.0
GRID_R04_C06,2022-12-26,2022,12,26,360,-0.0902,0.9959,1,0,1,28.625,77.225,193.84,121.15,854.02
GRID_R04_C06,2022-12-27,2022,12,27,361,-0.073,0.9973,1,0,1,28.625,77.225,166.8,128.51,554.62
GRID_R04_C06,2022-12-28,2022,12,28,362,-0.0559,0.9984,1,0,1,28.625,77.225,151.84,165.35,701.2
GRID_R04_C06,2022-12-29,2022,12,29,363,-0.0387,0.9993,1,0,1,28.625,77.225,196.73,149.79,589.5
GRID_R04_C06,2022-12-30,2022,12,30,364,-0.0215,0.9998,1,0,1,28.625,77.225,256.68,236.1,805.0
GRID_R04_C06,2022-12-31,2022,12,31,365,-0.0043,1.0,1,0,1,28.625,77.225,156.24,154.1,582.0
GRID_R04_C06,2023-01-01,2023,1,1,1,0.0172,0.9999,1,0,1,28.625,77.225,140.59,112.69,679.25
GRID_R04_C06,2023-01-02,2023,1,2,2,0.0344,0.9994,1,0,1,28.625,77.225,233.11,193.92,516.68
GRID_R04_C06,2023-01-03,2023,1,3,3,0.0516,0.9987,1,0,1,28.625,77.225,239.57,221.13,472.25
GRID_R04_C06,2023-01-04,2023,1,4,4,0.0688,0.9976,1,0,1,28.625,77.225,179.33,118.26,546.75
GRID_R04_C06,2023-01-05,2023,1,5,5,0.0859,0.9963,1,0,1,28.625,77.225,208.96,121.88,788.25
GRID_R04_C06,2023-01-06,2023,1,6,6,0.103,0.9947,1,0,1,28.625,77.225,258.51,192.14,565.75
GRID_R04_C06,2023-01-07,2023,1,7,7,0.1201,0.9928,1,0,1,28.625,77.225,226.55,148.25,845.15
GRID_R04_C06,2023-01-08,2023,1,8,8,0.1372,0.9905,1,0,1,28.625,77.225,254.55,135.77,968.0
GRID_R04_C06,2023-01-09,2023,1,9,9,0.1542,0.988,1,0,1,28.625,77.225,377.61,262.54,979.0
GRID_R04_C06,2023-01-10,2023,1,10,10,0.1712,0.9852,1,0,1,28.625,77.225,232.43,146.22,805.2
GRID_R04_C06,2023-01-11,2023,1,11,11,0.1881,0.9821,1,0,1,28.625,77.225,175.13,93.59,915.0
GRID_R04_C06,2023-01-12,2023,1,12,12,0.205,0.9788,1,0,1,28.625,77.225,203.36,198.28,351.25
GRID_R04_C06,2023-01-13,2023,1,13,13,0.2218,0.9751,1,0,1,28.625,77.225,215.69,210.06,412.25
GRID_R04_C06,2023-01-14,2023,1,14,14,0.2385,0.9711,1,0,1,28.625,77.225,153.77,170.89,335.25
GRID_R04_C06,2023-01-15,2023,1,15,15,0.2552,0.9669,1,0,1,28.625,77.225,98.57,97.09,423.75
GRID_R04_C06,2023-01-16,2023,1,16,16,0.2718,0.9624,1,0,1,28.625,77.225,143.33,131.44,582.0
GRID_R04_C06,2023-01-17,2023,1,17,17,0.2883,0.9575,1,0,1,28.625,77.225,152.32,167.19,593.0
GRID_R04_C06,2023-01-18,2023,1,18,18,0.3047,0.9524,1,0,1,28.625,77.225,191.89,203.4,818.25
GRID_R04_C06,2023-01-19,2023,1,19,19,0.3211,0.9471,1,0,1,28.625,77.225,198.04,198.56,609.88
GRID_R04_C06,2023-01-20,2023,1,20,20,0.3373,0.9414,1,0,1,28.625,77.225,91.12,56.01,458.5
GRID_R04_C06,2023-01-21,2023,1,21,21,0.3534,0.9355,1,0,1,28.625,77.225,210.88,164.5,931.1
GRID_R04_C06,2023-01-22,2023,1,22,22,0.3695,0.9292,1,0,1,28.625,77.225,248.86,279.16,593.75
GRID_R04_C06,2023-01-23,2023,1,23,23,0.3854,0.9227,1,0,1,28.625,77.225,168.8,185.13,697.65
GRID_R04_C06,2023-01-24,2023,1,24,24,0.4012,0.916,1,0,1,28.625,77.225,86.73,102.82,335.0
GRID_R04_C06,2023-01-25,2023,1,25,25,0.4169,0.9089,1,0,1,28.625,77.225,105.39,103.56,282.5
GRID_R04_C06,2023-01-26,2023,1,26,26,0.4325,0.9016,1,0,1,28.625,77.225,138.53,158.69,261.25
GRID_R04_C06,2023-01-27,2023,1,27,27,0.4479,0.8941,1,0,1,28.625,77.225,92.74,98.78,201.25
GRID_R04_C06,2023-01-28,2023,1,28,28,0.4633,0.8862,1,0,1,28.625,77.225,123.06,110.04,415.0
GRID_R04_C06,2023-01-29,2023,1,29,29,0.4784,0.8781,1,0,1,28.625,77.225,187.89,219.15,553.75
GRID_R04_C06,2023-01-30,2023,1,30,30,0.4935,0.8698,1,0,1,28.625,77.225,79.17,31.48,953.9
GRID_R04_C06,2023-01-31,2023,1,31,31,0.5084,0.8611,1,0,1,28.625,77.225,85.1,78.2,724.1
GRID_R04_C06,2023-02-01,2023,2,1,32,0.5231,0.8523,0,0,1,28.625,77.225,84.61,84.26,818.42
GRID_R04_C06,2023-02-02,2023,2,2,33,0.5377,0.8432,0,0,1,28.625,77.225,87.18,96.8,635.88
GRID_R04_C06,2023-02-03,2023,2,3,34,0.5521,0.8338,0,0,1,28.625,77.225,103.31,96.71,753.0
GRID_R04_C06,2023-02-04,2023,2,4,35,0.5664,0.8242,0,0,1,28.625,77.225,118.23,104.62,517.0
GRID_R04_C06,2023-02-05,2023,2,5,36,0.5805,0.8143,0,0,1,28.625,77.225,105.12,112.14,550.5
GRID_R04_C06,2023-02-06,2023,2,6,37,0.5944,0.8042,0,0,1,28.625,77.225,142.37,178.57,410.75
GRID_R04_C06,2023-02-07,2023,2,7,38,0.6081,0.7938,0,0,1,28.625,77.225,116.41,192.85,424.25
GRID_R04_C06,2023-02-08,2023,2,8,39,0.6217,0.7833,0,0,1,28.625,77.225,73.83,78.85,281.0
GRID_R04_C06,2023-02-09,2023,2,9,40,0.6351,0.7725,0,0,1,28.625,77.225,91.53,116.1,255.75
GRID_R04_C06,2023-02-10,2023,2,10,41,0.6483,0.7614,0,0,1,28.625,77.225,93.96,97.32,266.5
GRID_R04_C06,2023-02-11,2023,2,11,42,0.6613,0.7502,0,0,1,28.625,77.225,137.57,177.28,403.1
GRID_R04_C06,2023-02-12,2023,2,12,43,0.6741,0.7387,0,0,1,28.625,77.225,55.0,74.17,211.8
GRID_R04_C06,2023-02-13,2023,2,13,44,0.6867,0.727,0,0,1,28.625,77.225,48.7,52.97,261.9
GRID_R04_C06,2023-02-14,2023,2,14,45,0.6991,0.715,0,0,1,28.625,77.225,63.39,69.72,284.48
GRID_R04_C06,2023-02-15,2023,2,15,46,0.7113,0.7029,0,0,1,28.625,77.225,91.34,97.16,302.0
GRID_R04_C06,2023-02-16,2023,2,16,47,0.7233,0.6906,0,0,1,28.625,77.225,166.5,140.14,489.0
GRID_R04_C06,2023-02-17,2023,2,17,48,0.735,0.678,0,0,1,28.625,77.225,221.81,254.05,493.0
GRID_R04_C06,2023-02-18,2023,2,18,49,0.7466,0.6653,0,0,1,28.625,77.225,202.82,256.19,552.75
GRID_R04_C06,2023-02-19,2023,2,19,50,0.7579,0.6523,0,0,1,28.625,77.225,180.82,197.74,421.18
GRID_R04_C06,2023-02-20,2023,2,20,51,0.769,0.6392,0,0,1,28.625,77.225,147.09,204.27,375.5
GRID_R04_C06,2023-02-21,2023,2,21,52,0.7799,0.6259,0,0,1,28.625,77.225,125.63,121.27,656.0
GRID_R04_C06,2023-02-22,2023,2,22,53,0.7906,0.6124,0,0,1,28.625,77.225,137.12,142.42,598.33
GRID_R04_C06,2023-02-23,2023,2,23,54,0.801,0.5987,0,0,1,28.625,77.225,82.06,100.74,433.71
GRID_R04_C06,2023-02-24,2023,2,24,55,0.8112,0.5848,0,0,1,28.625,77.225,80.97,101.45,294.0
GRID_R04_C06,2023-02-25,2023,2,25,56,0.8211,0.5708,0,0,1,28.625,77.225,115.56,131.95,342.93
GRID_R04_C06,2023-02-26,2023,2,26,57,0.8308,0.5566,0,0,1,28.625,77.225,138.48,183.46,388.62
GRID_R04_C06,2023-02-27,2023,2,27,58,0.8402,0.5422,0,0,1,28.625,77.225,119.02,171.7,601.25
GRID_R04_C06,2023-02-28,2023,2,28,59,0.8495,0.5277,0,0,1,28.625,77.225,90.5,131.14,342.25
GRID_R04_C06,2023-03-01,2023,3,1,60,0.8584,0.513,0,0,1,28.625,77.225,74.16,60.12,336.12
GRID_R04_C06,2023-03-02,2023,3,2,61,0.8671,0.4981,0,0,1,28.625,77.225,91.36,122.77,494.45
GRID_R04_C06,2023-03-03,2023,3,3,62,0.8755,0.4831,0,0,1,28.625,77.225,61.71,80.19,223.43
GRID_R04_C06,2023-03-04,2023,3,4,63,0.8837,0.468,0,0,1,28.625,77.225,54.64,54.04,213.2
GRID_R04_C06,2023-03-05,2023,3,5,64,0.8916,0.4527,0,0,1,28.625,77.225,56.31,73.75,238.5
GRID_R04_C06,2023-03-06,2023,3,6,65,0.8993,0.4373,0,0,1,28.625,77.225,67.11,102.74,260.5
GRID_R04_C06,2023-03-07,2023,3,7,66,0.9067,0.4218,0,0,1,28.625,77.225,85.44,122.07,859.6
GRID_R04_C06,2023-03-08,2023,3,8,67,0.9138,0.4061,0,0,1,28.625,77.225,112.71,170.69,449.76
GRID_R04_C06,2023-03-09,2023,3,9,68,0.9207,0.3904,0,0,1,28.625,77.225,55.22,43.35,174.25
GRID_R04_C06,2023-03-10,2023,3,10,69,0.9272,0.3745,0,0,1,28.625,77.225,90.97,142.38,363.25
GRID_R04_C06,2023-03-11,2023,3,11,70,0.9335,0.3585,0,0,1,28.625,77.225,92.21,126.75,376.25
GRID_R04_C06,2023-03-12,2023,3,12,71,0.9396,0.3424,0,0,1,28.625,77.225,96.52,128.32,343.0
GRID_R04_C06,2023-03-13,2023,3,13,72,0.9453,0.3261,0,0,1,28.625,77.225,106.76,170.57,539.25
GRID_R04_C06,2023-03-14,2023,3,14,73,0.9508,0.3098,0,0,1,28.625,77.225,101.82,169.29,405.0
GRID_R04_C06,2023-03-15,2023,3,15,74,0.956,0.2934,0,0,1,28.625,77.225,99.28,144.25,493.0
GRID_R04_C06,2023-03-16,2023,3,16,75,0.9609,0.2769,0,0,1,28.625,77.225,103.45,169.42,311.0
GRID_R04_C06,2023-03-17,2023,3,17,76,0.9655,0.2604,0,0,1,28.625,77.225,95.66,126.99,277.0
GRID_R04_C06,2023-03-18,2023,3,18,77,0.9698,0.2437,0,0,1,28.625,77.225,68.73,68.92,246.33
GRID_R04_C06,2023-03-19,2023,3,19,78,0.9739,0.227,0,0,1,28.625,77.225,81.25,107.01,194.0
GRID_R04_C06,2023-03-20,2023,3,20,79,0.9777,0.2102,0,0,1,28.625,77.225,56.77,86.71,484.7
GRID_R04_C06,2023-03-21,2023,3,21,80,0.9811,0.1934,0,0,1,28.625,77.225,46.16,46.26,421.4
GRID_R04_C06,2023-03-22,2023,3,22,81,0.9843,0.1765,0,0,1,28.625,77.225,78.51,103.87,263.7
GRID_R04_C06,2023-03-23,2023,3,23,82,0.9872,0.1595,0,0,1,28.625,77.225,72.64,126.92,389.37
GRID_R04_C06,2023-03-24,2023,3,24,83,0.9898,0.1425,0,0,1,28.625,77.225,87.5,147.35,331.25
GRID_R04_C06,2023-03-25,2023,3,25,84,0.9921,0.1255,0,0,1,28.625,77.225,40.65,22.9,265.23
GRID_R04_C06,2023-03-26,2023,3,26,85,0.9941,0.1084,0,0,1,28.625,77.225,65.61,67.31,296.75
GRID_R04_C06,2023-03-27,2023,3,27,86,0.9958,0.0913,0,0,1,28.625,77.225,59.22,104.09,897.0
GRID_R04_C06,2023-03-28,2023,3,28,87,0.9972,0.0741,0,0,1,28.625,77.225,68.09,117.08,303.75
GRID_R04_C06,2023-03-29,2023,3,29,88,0.9984,0.057,0,0,1,28.625,77.225,86.06,147.88,297.25
GRID_R04_C06,2023-03-30,2023,3,30,89,0.9992,0.0398,0,0,1,28.625,77.225,71.1,110.89,393.2
GRID_R04_C06,2023-03-31,2023,3,31,90,0.9997,0.0226,0,0,1,28.625,77.225,30.7,33.22,368.03
GRID_R04_C06,2023-04-01,2023,4,1,91,1.0,0.0054,0,0,1,28.625,77.225,45.0,50.95,280.2
GRID_R04_C06,2023-04-02,2023,4,2,92,0.9999,-0.0118,0,0,1,28.625,77.225,59.81,80.84,224.28
GRID_R04_C06,2023-04-03,2023,4,3,93,0.9996,-0.029,0,0,1,28.625,77.225,72.19,121.82,333.0
GRID_R04_C06,2023-04-04,2023,4,4,94,0.9989,-0.0462,0,0,1,28.625,77.225,45.44,29.36,231.75
GRID_R04_C06,2023-04-05,2023,4,5,95,0.998,-0.0634,0,0,1,28.625,77.225,54.84,74.72,301.97
GRID_R04_C06,2023-04-06,2023,4,6,96,0.9968,-0.0805,0,0,1,28.625,77.225,41.83,38.85,274.75
GRID_R04_C06,2023-04-07,2023,4,7,97,0.9952,-0.0977,0,0,1,28.625,77.225,50.13,62.82,231.4
GRID_R04_C06,2023-04-08,2023,4,8,98,0.9934,-0.1148,0,0,1,28.625,77.225,70.16,112.22,310.8
GRID_R04_C06,2023-04-09,2023,4,9,99,0.9913,-0.1319,0,0,1,28.625,77.225,104.17,193.79,517.0
GRID_R04_C06,2023-04-10,2023,4,10,100,0.9889,-0.1489,0,0,1,28.625,77.225,90.88,162.06,345.5
GRID_R04_C06,2023-04-11,2023,4,11,101,0.9861,-0.1659,0,0,1,28.625,77.225,125.55,211.25,484.0
GRID_R04_C06,2023-04-12,2023,4,12,102,0.9831,-0.1828,0,0,1,28.625,77.225,80.5,109.18,301.75
GRID_R04_C06,2023-04-13,2023,4,13,103,0.9799,-0.1997,0,0,1,28.625,77.225,91.21,134.67,408.07
GRID_R04_C06,2023-04-14,2023,4,14,104,0.9763,-0.2165,0,0,1,28.625,77.225,101.61,180.79,637.98
GRID_R04_C06,2023-04-15,2023,4,15,105,0.9724,-0.2333,0,0,1,28.625,77.225,102.14,168.04,426.0
GRID_R04_C06,2023-04-16,2023,4,16,106,0.9683,-0.25,0,0,1,28.625,77.225,74.74,116.52,292.25
GRID_R04_C06,2023-04-17,2023,4,17,107,0.9638,-0.2666,0,0,1,28.625,77.225,73.07,100.08,843.0
GRID_R04_C06,2023-04-18,2023,4,18,108,0.9591,-0.2831,0,0,1,28.625,77.225,77.58,87.12,341.25
GRID_R04_C06,2023-04-19,2023,4,19,109,0.9541,-0.2996,0,0,1,28.625,77.225,61.25,60.06,355.0
GRID_R04_C06,2023-04-20,2023,4,20,110,0.9488,-0.316,0,0,1,28.625,77.225,43.08,46.28,257.25
GRID_R04_C06,2023-04-21,2023,4,21,111,0.9432,-0.3322,0,0,1,28.625,77.225,42.14,38.9,132.0
GRID_R04_C06,2023-04-22,2023,4,22,112,0.9373,-0.3484,0,0,1,28.625,77.225,42.02,47.82,285.6
GRID_R04_C06,2023-04-23,2023,4,23,113,0.9312,-0.3645,0,0,1,28.625,77.225,27.04,22.57,116.15
GRID_R04_C06,2023-04-24,2023,4,24,114,0.9248,-0.3804,0,0,1,28.625,77.225,60.44,93.49,284.25
GRID_R04_C06,2023-04-25,2023,4,25,115,0.9181,-0.3963,0,0,1,28.625,77.225,57.03,54.03,232.0
GRID_R04_C06,2023-04-26,2023,4,26,116,0.9112,-0.412,0,0,1,28.625,77.225,89.57,102.38,227.88
GRID_R04_C06,2023-04-27,2023,4,27,117,0.9039,-0.4276,0,0,1,28.625,77.225,81.27,126.06,347.77
GRID_R04_C06,2023-04-28,2023,4,28,118,0.8965,-0.4431,0,0,1,28.625,77.225,69.6,79.05,230.5
GRID_R04_C06,2023-04-29,2023,4,29,119,0.8887,-0.4585,0,0,1,28.625,77.225,74.43,104.95,512.24
GRID_R04_C06,2023-04-30,2023,4,30,120,0.8807,-0.4737,0,0,1,28.625,77.225,51.31,52.35,388.1
GRID_R04_C06,2023-05-01,2023,5,1,121,0.8724,-0.4888,0,0,1,28.625,77.225,42.14,40.18,123.7
GRID_R04_C06,2023-05-02,2023,5,2,122,0.8639,-0.5037,0,0,1,28.625,77.225,40.17,33.05,142.0
GRID_R04_C06,2023-05-03,2023,5,3,123,0.8551,-0.5185,0,0,1,28.625,77.225,46.47,61.87,161.0
GRID_R04_C06,2023-05-04,2023,5,4,124,0.846,-0.5331,0,0,1,28.625,77.225,61.21,69.35,212.75
GRID_R04_C06,2023-05-05,2023,5,5,125,0.8367,-0.5476,0,0,1,28.625,77.225,81.37,90.75,335.0
GRID_R04_C06,2023-05-06,2023,5,6,126,0.8272,-0.5619,0,0,1,28.625,77.225,104.11,196.28,426.25
GRID_R04_C06,2023-05-07,2023,5,7,127,0.8174,-0.5761,0,0,1,28.625,77.225,65.47,75.25,269.5
GRID_R04_C06,2023-05-08,2023,5,8,128,0.8074,-0.59,0,0,1,28.625,77.225,54.44,80.29,242.4
GRID_R04_C06,2023-05-09,2023,5,9,129,0.7971,-0.6038,0,0,1,28.625,77.225,95.57,166.97,316.75
GRID_R04_C06,2023-05-10,2023,5,10,130,0.7866,-0.6175,0,0,1,28.625,77.225,91.05,128.71,319.0
GRID_R04_C06,2023-05-11,2023,5,11,131,0.7759,-0.6309,0,0,1,28.625,77.225,130.6,209.36,393.0
GRID_R04_C06,2023-05-12,2023,5,12,132,0.7649,-0.6442,0,0,1,28.625,77.225,91.49,100.45,348.88
GRID_R04_C06,2023-05-13,2023,5,13,133,0.7537,-0.6572,0,0,1,28.625,77.225,99.09,109.57,485.68
GRID_R04_C06,2023-05-14,2023,5,14,134,0.7423,-0.6701,0,0,1,28.625,77.225,98.57,136.92,479.27
GRID_R04_C06,2023-05-15,2023,5,15,135,0.7306,-0.6828,0,0,1,28.625,77.225,38.31,29.97,302.67
GRID_R04_C06,2023-05-16,2023,5,16,136,0.7188,-0.6952,0,0,1,28.625,77.225,136.34,257.39,858.0
GRID_R04_C06,2023-05-17,2023,5,17,137,0.7067,-0.7075,0,0,1,28.625,77.225,90.2,128.36,439.2
GRID_R04_C06,2023-05-18,2023,5,18,138,0.6945,-0.7195,0,0,1,28.625,77.225,41.38,32.39,475.8
GRID_R04_C06,2023-05-19,2023,5,19,139,0.682,-0.7314,0,0,1,28.625,77.225,66.91,82.41,324.2
GRID_R04_C06,2023-05-20,2023,5,20,140,0.6693,-0.743,0,0,1,28.625,77.225,69.13,97.72,410.08
GRID_R04_C06,2023-05-21,2023,5,21,141,0.6564,-0.7544,0,0,1,28.625,77.225,81.61,112.52,418.88
GRID_R04_C06,2023-05-22,2023,5,22,142,0.6433,-0.7656,0,0,1,28.625,77.225,62.36,47.74,293.65
GRID_R04_C06,2023-05-23,2023,5,23,143,0.6301,-0.7765,0,0,1,28.625,77.225,51.37,39.71,426.07
GRID_R04_C06,2023-05-24,2023,5,24,144,0.6166,-0.7873,0,0,1,28.625,77.225,30.2,33.36,224.1
GRID_R04_C06,2023-05-25,2023,5,25,145,0.603,-0.7978,0,0,1,28.625,77.225,25.89,20.93,134.75
GRID_R04_C06,2023-05-26,2023,5,26,146,0.5892,-0.808,0,0,1,28.625,77.225,26.17,23.94,150.6
GRID_R04_C06,2023-05-27,2023,5,27,147,0.5752,-0.818,0,0,1,28.625,77.225,33.7,29.09,523.54
GRID_R04_C06,2023-05-28,2023,5,28,148,0.561,-0.8278,0,0,1,28.625,77.225,56.8,80.39,233.0
GRID_R04_C06,2023-05-29,2023,5,29,149,0.5467,-0.8373,0,0,1,28.625,77.225,37.1,30.3,130.5
GRID_R04_C06,2023-05-30,2023,5,30,150,0.5322,-0.8466,0,0,1,28.625,77.225,40.46,55.96,135.7
GRID_R04_C06,2023-05-31,2023,5,31,151,0.5176,-0.8556,0,0,1,28.625,77.225,33.88,31.72,143.0
GRID_R04_C06,2023-06-01,2023,6,1,152,0.5028,-0.8644,0,0,1,28.625,77.225,46.64,58.04,292.76
GRID_R04_C06,2023-06-02,2023,6,2,153,0.4878,-0.8729,0,0,1,28.625,77.225,41.96,45.19,187.5
GRID_R04_C06,2023-06-03,2023,6,3,154,0.4728,-0.8812,0,0,1,28.625,77.225,53.0,61.51,386.5
GRID_R04_C06,2023-06-04,2023,6,4,155,0.4575,-0.8892,0,0,1,28.625,77.225,78.77,80.91,325.5
GRID_R04_C06,2023-06-05,2023,6,5,156,0.4422,-0.8969,0,0,1,28.625,77.225,62.55,71.0,251.1
GRID_R04_C06,2023-06-06,2023,6,6,157,0.4267,-0.9044,0,0,1,28.625,77.225,67.29,33.7,572.5
GRID_R04_C06,2023-06-07,2023,6,7,158,0.4111,-0.9116,0,0,1,28.625,77.225,68.05,92.24,474.55
GRID_R04_C06,2023-06-08,2023,6,8,159,0.3953,-0.9185,0,0,1,28.625,77.225,53.69,69.34,233.88
GRID_R04_C06,2023-06-09,2023,6,9,160,0.3795,-0.9252,0,0,1,28.625,77.225,43.43,43.51,173.5
GRID_R04_C06,2023-06-10,2023,6,10,161,0.3635,-0.9316,0,0,1,28.625,77.225,40.9,41.88,253.85
GRID_R04_C06,2023-06-11,2023,6,11,162,0.3474,-0.9377,0,0,1,28.625,77.225,39.92,35.37,191.32
GRID_R04_C06,2023-06-12,2023,6,12,163,0.3312,-0.9436,0,0,1,28.625,77.225,51.16,50.58,183.13
GRID_R04_C06,2023-06-13,2023,6,13,164,0.3149,-0.9491,0,0,1,28.625,77.225,58.07,62.85,247.82
GRID_R04_C06,2023-06-14,2023,6,14,165,0.2986,-0.9544,0,0,1,28.625,77.225,45.05,47.56,165.3
GRID_R04_C06,2023-06-15,2023,6,15,166,0.2821,-0.9594,0,0,1,28.625,77.225,36.9,41.12,210.9
GRID_R04_C06,2023-06-16,2023,6,16,167,0.2656,-0.9641,0,0,1,28.625,77.225,37.95,48.17,185.82
GRID_R04_C06,2023-06-17,2023,6,17,168,0.2489,-0.9685,0,0,1,28.625,77.225,42.72,46.56,196.94
GRID_R04_C06,2023-06-18,2023,6,18,169,0.2322,-0.9727,0,0,1,28.625,77.225,30.42,37.76,95.27
GRID_R04_C06,2023-06-19,2023,6,19,170,0.2155,-0.9765,0,0,1,28.625,77.225,26.76,19.09,89.0
GRID_R04_C06,2023-06-20,2023,6,20,171,0.1986,-0.9801,0,0,1,28.625,77.225,40.77,53.19,135.0
GRID_R04_C06,2023-06-21,2023,6,21,172,0.1818,-0.9833,0,0,1,28.625,77.225,37.05,27.92,126.36
GRID_R04_C06,2023-06-22,2023,6,22,173,0.1648,-0.9863,0,0,1,28.625,77.225,41.72,35.46,199.0
GRID_R04_C06,2023-06-23,2023,6,23,174,0.1478,-0.989,0,0,1,28.625,77.225,49.84,32.79,132.8
GRID_R04_C06,2023-06-24,2023,6,24,175,0.1308,-0.9914,0,0,1,28.625,77.225,53.71,59.12,164.0
GRID_R04_C06,2023-06-25,2023,6,25,176,0.1137,-0.9935,0,0,1,28.625,77.225,26.17,10.57,213.9
GRID_R04_C06,2023-06-26,2023,6,26,177,0.0966,-0.9953,0,0,1,28.625,77.225,45.76,58.46,238.0
GRID_R04_C06,2023-06-27,2023,6,27,178,0.0795,-0.9968,0,0,1,28.625,77.225,35.56,22.2,134.5
GRID_R04_C06,2023-06-28,2023,6,28,179,0.0623,-0.9981,0,0,1,28.625,77.225,33.49,42.22,122.25
GRID_R04_C06,2023-06-29,2023,6,29,180,0.0451,-0.999,0,0,1,28.625,77.225,40.76,45.28,206.0
GRID_R04_C06,2023-06-30,2023,6,30,181,0.028,-0.9996,0,0,1,28.625,77.225,25.96,19.04,324.97
GRID_R04_C06,2023-07-01,2023,7,1,182,0.0108,-0.9999,0,0,1,28.625,77.225,23.8,26.41,96.0
GRID_R04_C06,2023-07-02,2023,7,2,183,-0.0065,-1.0,0,0,1,28.625,77.225,34.21,26.01,119.0
GRID_R04_C06,2023-07-03,2023,7,3,184,-0.0237,-0.9997,0,0,1,28.625,77.225,53.81,37.97,133.0
GRID_R04_C06,2023-07-04,2023,7,4,185,-0.0408,-0.9992,0,0,1,28.625,77.225,49.22,51.84,135.02
GRID_R04_C06,2023-07-05,2023,7,5,186,-0.058,-0.9983,0,0,1,28.625,77.225,37.45,41.64,86.0
GRID_R04_C06,2023-07-06,2023,7,6,187,-0.0752,-0.9972,0,0,1,28.625,77.225,28.22,45.88,88.58
GRID_R04_C06,2023-07-07,2023,7,7,188,-0.0923,-0.9957,0,0,1,28.625,77.225,33.63,33.24,155.48
GRID_R04_C06,2023-07-08,2023,7,8,189,-0.1094,-0.994,0,0,1,28.625,77.225,27.02,21.61,192.15
GRID_R04_C06,2023-07-09,2023,7,9,190,-0.1265,-0.992,0,0,1,28.625,77.225,23.16,29.5,102.5
GRID_R04_C06,2023-07-10,2023,7,10,191,-0.1436,-0.9896,0,0,1,28.625,77.225,27.0,34.64,127.0
GRID_R04_C06,2023-07-11,2023,7,11,192,-0.1606,-0.987,0,0,1,28.625,77.225,33.59,36.34,95.5
GRID_R04_C06,2023-07-12,2023,7,12,193,-0.1775,-0.9841,0,0,1,28.625,77.225,32.39,32.56,101.15
GRID_R04_C06,2023-07-13,2023,7,13,194,-0.1944,-0.9809,0,0,1,28.625,77.225,37.11,36.05,103.0
GRID_R04_C06,2023-07-14,2023,7,14,195,-0.2113,-0.9774,0,0,1,28.625,77.225,36.83,37.88,86.6
GRID_R04_C06,2023-07-15,2023,7,15,196,-0.2281,-0.9736,0,0,1,28.625,77.225,37.5,32.62,135.25
GRID_R04_C06,2023-07-16,2023,7,16,197,-0.2448,-0.9696,0,0,1,28.625,77.225,28.46,25.38,107.4
GRID_R04_C06,2023-07-17,2023,7,17,198,-0.2614,-0.9652,0,0,1,28.625,77.225,45.31,30.88,158.0
GRID_R04_C06,2023-07-18,2023,7,18,199,-0.278,-0.9606,0,0,1,28.625,77.225,35.48,38.27,74.89
GRID_R04_C06,2023-07-19,2023,7,19,200,-0.2945,-0.9557,0,0,1,28.625,77.225,32.01,28.76,70.43
GRID_R04_C06,2023-07-20,2023,7,20,201,-0.3109,-0.9505,0,0,1,28.625,77.225,43.29,44.02,244.25
GRID_R04_C06,2023-07-21,2023,7,21,202,-0.3272,-0.945,0,0,1,28.625,77.225,53.1,60.53,274.0
GRID_R04_C06,2023-07-22,2023,7,22,203,-0.3434,-0.9392,0,0,1,28.625,77.225,34.44,34.98,124.7
GRID_R04_C06,2023-07-23,2023,7,23,204,-0.3595,-0.9332,0,0,1,28.625,77.225,27.59,26.55,94.0
GRID_R04_C06,2023-07-24,2023,7,24,205,-0.3755,-0.9268,0,0,1,28.625,77.225,30.6,33.99,141.0
GRID_R04_C06,2023-07-25,2023,7,25,206,-0.3914,-0.9202,0,0,1,28.625,77.225,43.11,37.92,123.33
GRID_R04_C06,2023-07-26,2023,7,26,207,-0.4071,-0.9134,0,0,1,28.625,77.225,24.52,10.76,91.6
GRID_R04_C06,2023-07-27,2023,7,27,208,-0.4228,-0.9062,0,0,1,28.625,77.225,39.93,45.29,160.75
GRID_R04_C06,2023-07-28,2023,7,28,209,-0.4383,-0.8988,0,0,1,28.625,77.225,35.1,43.94,172.36
GRID_R04_C06,2023-07-29,2023,7,29,210,-0.4537,-0.8912,0,0,1,28.625,77.225,16.8,18.34,95.0
GRID_R04_C06,2023-07-30,2023,7,30,211,-0.469,-0.8832,0,0,1,28.625,77.225,23.51,21.03,138.43
GRID_R04_C06,2023-07-31,2023,7,31,212,-0.4841,-0.875,0,0,1,28.625,77.225,45.49,57.92,853.8
GRID_R04_C06,2023-08-01,2023,8,1,213,-0.4991,-0.8666,0,0,1,28.625,77.225,28.05,23.08,105.33
GRID_R04_C06,2023-08-02,2023,8,2,214,-0.5139,-0.8578,0,0,1,28.625,77.225,27.37,27.07,335.4
GRID_R04_C06,2023-08-03,2023,8,3,215,-0.5286,-0.8489,0,0,1,28.625,77.225,31.06,25.45,183.33
GRID_R04_C06,2023-08-04,2023,8,4,216,-0.5431,-0.8397,0,0,1,28.625,77.225,36.88,30.03,250.75
GRID_R04_C06,2023-08-05,2023,8,5,217,-0.5575,-0.8302,0,0,1,28.625,77.225,40.65,37.91,558.29
GRID_R04_C06,2023-08-06,2023,8,6,218,-0.5717,-0.8205,0,0,1,28.625,77.225,30.95,26.53,315.18
GRID_R04_C06,2023-08-07,2023,8,7,219,-0.5857,-0.8105,0,0,1,28.625,77.225,29.26,26.44,98.5
GRID_R04_C06,2023-08-08,2023,8,8,220,-0.5996,-0.8003,0,0,1,28.625,77.225,30.8,27.08,137.0
GRID_R04_C06,2023-08-09,2023,8,9,221,-0.6132,-0.7899,0,0,1,28.625,77.225,36.83,29.18,150.12
GRID_R04_C06,2023-08-10,2023,8,10,222,-0.6267,-0.7792,0,0,1,28.625,77.225,37.31,33.22,129.6
GRID_R04_C06,2023-08-11,2023,8,11,223,-0.64,-0.7683,0,0,1,28.625,77.225,40.24,35.46,237.7
GRID_R04_C06,2023-08-12,2023,8,12,224,-0.6532,-0.7572,0,0,1,28.625,77.225,35.54,31.69,172.82
GRID_R04_C06,2023-08-13,2023,8,13,225,-0.6661,-0.7459,0,0,1,28.625,77.225,30.13,26.24,177.0
GRID_R04_C06,2023-08-14,2023,8,14,226,-0.6788,-0.7343,0,0,1,28.625,77.225,36.36,35.75,161.0
GRID_R04_C06,2023-08-15,2023,8,15,227,-0.6914,-0.7225,0,0,1,28.625,77.225,46.34,49.85,262.0
GRID_R04_C06,2023-08-16,2023,8,16,228,-0.7037,-0.7105,0,0,1,28.625,77.225,47.54,49.9,166.25
GRID_R04_C06,2023-08-17,2023,8,17,229,-0.7158,-0.6983,0,0,1,28.625,77.225,41.3,39.35,117.0
GRID_R04_C06,2023-08-18,2023,8,18,230,-0.7277,-0.6859,0,0,1,28.625,77.225,45.5,38.4,223.76
GRID_R04_C06,2023-08-19,2023,8,19,231,-0.7394,-0.6733,0,0,1,28.625,77.225,45.16,23.41,160.25
GRID_R04_C06,2023-08-20,2023,8,20,232,-0.7509,-0.6605,0,0,1,28.625,77.225,38.0,45.6,180.0
GRID_R04_C06,2023-08-21,2023,8,21,233,-0.7621,-0.6474,0,0,1,28.625,77.225,39.39,38.68,118.25
GRID_R04_C06,2023-08-22,2023,8,22,234,-0.7731,-0.6342,0,0,1,28.625,77.225,37.83,42.07,167.0
GRID_R04_C06,2023-08-23,2023,8,23,235,-0.7839,-0.6208,0,0,1,28.625,77.225,24.4,25.96,129.0
GRID_R04_C06,2023-08-24,2023,8,24,236,-0.7945,-0.6073,0,0,1,28.625,77.225,31.87,25.48,625.79
GRID_R04_C06,2023-08-25,2023,8,25,237,-0.8048,-0.5935,0,0,1,28.625,77.225,35.18,29.15,122.33
GRID_R04_C06,2023-08-26,2023,8,26,238,-0.8149,-0.5796,0,0,1,28.625,77.225,45.15,39.47,163.97
GRID_R04_C06,2023-08-27,2023,8,27,239,-0.8248,-0.5655,0,0,1,28.625,77.225,53.2,65.29,151.2
GRID_R04_C06,2023-08-28,2023,8,28,240,-0.8344,-0.5512,0,0,1,28.625,77.225,48.16,46.22,196.04
GRID_R04_C06,2023-08-29,2023,8,29,241,-0.8437,-0.5368,0,0,1,28.625,77.225,44.85,31.69,135.5
GRID_R04_C06,2023-08-30,2023,8,30,242,-0.8528,-0.5222,0,0,1,28.625,77.225,48.19,45.46,289.6
GRID_R04_C06,2023-08-31,2023,8,31,243,-0.8617,-0.5074,0,0,1,28.625,77.225,48.55,56.61,188.69
GRID_R04_C06,2023-09-01,2023,9,1,244,-0.8703,-0.4925,0,0,1,28.625,77.225,41.84,47.03,117.0
GRID_R04_C06,2023-09-02,2023,9,2,245,-0.8786,-0.4775,0,0,1,28.625,77.225,41.91,42.76,425.9
GRID_R04_C06,2023-09-03,2023,9,3,246,-0.8867,-0.4623,0,0,1,28.625,77.225,40.67,41.45,167.62
GRID_R04_C06,2023-09-04,2023,9,4,247,-0.8945,-0.447,0,0,1,28.625,77.225,39.55,47.47,201.6
GRID_R04_C06,2023-09-05,2023,9,5,248,-0.9021,-0.4315,0,0,1,28.625,77.225,39.25,33.24,126.67
GRID_R04_C06,2023-09-06,2023,9,6,249,-0.9094,-0.4159,0,0,1,28.625,77.225,31.96,31.6,240.07
GRID_R04_C06,2023-09-07,2023,9,7,250,-0.9164,-0.4002,0,0,1,28.625,77.225,34.79,29.54,120.0
GRID_R04_C06,2023-09-08,2023,9,8,251,-0.9232,-0.3844,0,0,1,28.625,77.225,23.47,18.74,134.67
GRID_R04_C06,2023-09-09,2023,9,9,252,-0.9296,-0.3685,0,0,1,28.625,77.225,13.58,11.89,238.75
GRID_R04_C06,2023-09-10,2023,9,10,253,-0.9358,-0.3524,0,0,1,28.625,77.225,11.76,19.09,276.5
GRID_R04_C06,2023-09-11,2023,9,11,254,-0.9418,-0.3363,0,0,1,28.625,77.225,26.75,21.54,129.8
GRID_R04_C06,2023-09-12,2023,9,12,255,-0.9474,-0.32,0,0,1,28.625,77.225,37.65,35.75,132.4
GRID_R04_C06,2023-09-13,2023,9,13,256,-0.9528,-0.3037,0,0,1,28.625,77.225,51.37,42.36,155.33
GRID_R04_C06,2023-09-14,2023,9,14,257,-0.9579,-0.2873,0,0,1,28.625,77.225,57.35,57.39,183.8
GRID_R04_C06,2023-09-15,2023,9,15,258,-0.9627,-0.2707,0,0,1,28.625,77.225,35.66,32.14,119.3
GRID_R04_C06,2023-09-16,2023,9,16,259,-0.9672,-0.2541,0,0,1,28.625,77.225,31.21,36.63,587.47
GRID_R04_C06,2023-09-17,2023,9,17,260,-0.9714,-0.2375,0,0,1,28.625,77.225,25.16,25.36,129.0
GRID_R04_C06,2023-09-18,2023,9,18,261,-0.9753,-0.2207,0,0,1,28.625,77.225,18.76,21.04,147.5
GRID_R04_C06,2023-09-19,2023,9,19,262,-0.979,-0.2039,0,0,1,28.625,77.225,27.1,25.77,759.58
GRID_R04_C06,2023-09-20,2023,9,20,263,-0.9824,-0.187,0,0,1,28.625,77.225,39.61,45.44,246.0
GRID_R04_C06,2023-09-21,2023,9,21,264,-0.9854,-0.1701,0,0,1,28.625,77.225,40.36,40.94,282.0
GRID_R04_C06,2023-09-22,2023,9,22,265,-0.9882,-0.1531,0,0,1,28.625,77.225,51.72,57.98,134.35
GRID_R04_C06,2023-09-23,2023,9,23,266,-0.9907,-0.1361,0,0,1,28.625,77.225,47.3,44.72,563.34
GRID_R04_C06,2023-09-24,2023,9,24,267,-0.9929,-0.1191,0,0,1,28.625,77.225,60.51,87.9,237.75
GRID_R04_C06,2023-09-25,2023,9,25,268,-0.9948,-0.102,0,0,1,28.625,77.225,63.7,70.64,709.0
GRID_R04_C06,2023-09-26,2023,9,26,269,-0.9964,-0.0848,0,0,1,28.625,77.225,69.31,82.78,152.0
GRID_R04_C06,2023-09-27,2023,9,27,270,-0.9977,-0.0677,0,0,1,28.625,77.225,51.92,52.16,442.17
GRID_R04_C06,2023-09-28,2023,9,28,271,-0.9987,-0.0505,0,0,1,28.625,77.225,58.6,63.85,141.5
GRID_R04_C06,2023-09-29,2023,9,29,272,-0.9994,-0.0333,0,0,1,28.625,77.225,69.08,76.33,157.9
GRID_R04_C06,2023-09-30,2023,9,30,273,-0.9999,-0.0161,0,0,1,28.625,77.225,65.54,84.43,275.0
GRID_R04_C06,2023-10-01,2023,10,1,274,-1.0,0.0011,0,0,1,28.625,77.225,64.31,77.34,153.8
GRID_R04_C06,2023-10-02,2023,10,2,275,-0.9998,0.0183,0,0,1,28.625,77.225,61.74,71.87,269.05
GRID_R04_C06,2023-10-03,2023,10,3,276,-0.9994,0.0355,0,0,1,28.625,77.225,64.71,76.32,278.07
GRID_R04_C06,2023-10-04,2023,10,4,277,-0.9986,0.0527,0,0,1,28.625,77.225,72.24,87.17,179.1
GRID_R04_C06,2023-10-05,2023,10,5,278,-0.9976,0.0698,0,0,1,28.625,77.225,83.87,80.79,335.83
GRID_R04_C06,2023-10-06,2023,10,6,279,-0.9962,0.087,0,0,1,28.625,77.225,91.94,95.15,480.25
GRID_R04_C06,2023-10-07,2023,10,7,280,-0.9946,0.1041,0,0,1,28.625,77.225,81.62,92.96,329.0
GRID_R04_C06,2023-10-08,2023,10,8,281,-0.9926,0.1212,0,0,1,28.625,77.225,65.44,53.8,451.02
GRID_R04_C06,2023-10-09,2023,10,9,282,-0.9904,0.1383,0,0,1,28.625,77.225,70.25,49.29,422.12
GRID_R04_C06,2023-10-10,2023,10,10,283,-0.9879,0.1553,0,0,1,28.625,77.225,69.95,48.84,763.0
GRID_R04_C06,2023-10-11,2023,10,11,284,-0.9851,0.1722,0,0,1,28.625,77.225,84.32,101.64,250.0
GRID_R04_C06,2023-10-12,2023,10,12,285,-0.9819,0.1892,0,0,1,28.625,77.225,107.82,156.92,527.25
GRID_R04_C06,2023-10-13,2023,10,13,286,-0.9785,0.206,0,0,1,28.625,77.225,130.11,184.16,805.25
GRID_R04_C06,2023-10-14,2023,10,14,287,-0.9749,0.2228,0,0,1,28.625,77.225,110.14,146.24,452.2
GRID_R04_C06,2023-10-15,2023,10,15,288,-0.9709,0.2396,1,0,1,28.625,77.225,89.09,113.73,439.25
GRID_R04_C06,2023-10-16,2023,10,16,289,-0.9666,0.2562,1,0,1,28.625,77.225,65.05,98.0,189.5
GRID_R04_C06,2023-10-17,2023,10,17,290,-0.9621,0.2728,1,0,1,28.625,77.225,42.19,28.41,171.0
GRID_R04_C06,2023-10-18,2023,10,18,291,-0.9572,0.2893,1,0,1,28.625,77.225,52.36,63.07,180.0
GRID_R04_C06,2023-10-19,2023,10,19,292,-0.9521,0.3057,1,0,1,28.625,77.225,55.38,60.28,166.5
GRID_R04_C06,2023-10-20,2023,10,20,293,-0.9467,0.3221,1,1,1,28.625,77.225,98.18,145.11,425.42
GRID_R04_C06,2023-10-21,2023,10,21,294,-0.941,0.3383,1,1,1,28.625,77.225,139.65,189.46,458.48
GRID_R04_C06,2023-10-22,2023,10,22,295,-0.9351,0.3545,1,1,1,28.625,77.225,153.79,194.82,410.0
GRID_R04_C06,2023-10-23,2023,10,23,296,-0.9288,0.3705,1,1,1,28.625,77.225,129.89,228.84,407.75
GRID_R04_C06,2023-10-24,2023,10,24,297,-0.9223,0.3864,1,1,1,28.625,77.225,101.39,127.4,323.5
GRID_R04_C06,2023-10-25,2023,10,25,298,-0.9155,0.4022,1,1,1,28.625,77.225,123.36,152.14,404.0
GRID_R04_C06,2023-10-26,2023,10,26,299,-0.9085,0.4179,1,1,1,28.625,77.225,117.31,144.12,613.0
GRID_R04_C06,2023-10-27,2023,10,27,300,-0.9012,0.4335,1,1,1,28.625,77.225,136.62,153.67,534.5
GRID_R04_C06,2023-10-28,2023,10,28,301,-0.8936,0.4489,1,1,1,28.625,77.225,162.96,200.82,563.0
GRID_R04_C06,2023-10-29,2023,10,29,302,-0.8857,0.4642,1,1,1,28.625,77.225,174.32,219.06,400.0
GRID_R04_C06,2023-10-30,2023,10,30,303,-0.8776,0.4794,1,1,1,28.625,77.225,184.86,223.49,476.0
GRID_R04_C06,2023-10-31,2023,10,31,304,-0.8692,0.4944,1,1,1,28.625,77.225,205.19,231.99,443.5
GRID_R04_C06,2023-11-01,2023,11,1,305,-0.8606,0.5093,1,1,1,28.625,77.225,185.71,221.1,443.75
GRID_R04_C06,2023-11-02,2023,11,2,306,-0.8517,0.524,1,1,1,28.625,77.225,312.49,270.19,652.5
GRID_R04_C06,2023-11-03,2023,11,3,307,-0.8426,0.5386,1,1,1,28.625,77.225,310.48,428.5,646.75
GRID_R04_C06,2023-11-04,2023,11,4,308,-0.8332,0.553,1,1,1,28.625,77.225,334.72,328.77,637.25
GRID_R04_C06,2023-11-05,2023,11,5,309,-0.8235,0.5672,1,1,1,28.625,77.225,333.91,392.4,771.0
GRID_R04_C06,2023-11-06,2023,11,6,310,-0.8137,0.5813,1,1,1,28.625,77.225,262.43,335.16,621.75
GRID_R04_C06,2023-11-07,2023,11,7,311,-0.8035,0.5952,1,1,1,28.625,77.225,266.06,271.85,554.25
GRID_R04_C06,2023-11-08,2023,11,8,312,-0.7932,0.609,1,1,1,28.625,77.225,282.3,341.5,669.0
GRID_R04_C06,2023-11-09,2023,11,9,313,-0.7826,0.6225,1,1,1,28.625,77.225,328.8,368.02,608.0
GRID_R04_C06,2023-11-10,2023,11,10,314,-0.7718,0.6359,1,1,1,28.625,77.225,123.09,42.35,639.5
GRID_R04_C06,2023-11-11,2023,11,11,315,-0.7607,0.6491,1,1,1,28.625,77.225,92.82,89.57,245.17
GRID_R04_C06,2023-11-12,2023,11,12,316,-0.7494,0.6621,1,1,1,28.625,77.225,136.56,117.27,973.0
GRID_R04_C06,2023-11-13,2023,11,13,317,-0.7379,0.6749,1,1,1,28.625,77.225,309.44,337.28,997.0
GRID_R04_C06,2023-11-14,2023,11,14,318,-0.7262,0.6875,1,1,1,28.625,77.225,233.61,252.5,633.05
GRID_R04_C06,2023-11-15,2023,11,15,319,-0.7143,0.6998,1,1,1,28.625,77.225,257.18,349.19,527.75
GRID_R04_C06,2023-11-16,2023,11,16,320,-0.7021,0.712,1,1,1,28.625,77.225,325.3,364.68,632.75
GRID_R04_C06,2023-11-17,2023,11,17,321,-0.6898,0.724,1,1,1,28.625,77.225,235.51,335.7,633.0
GRID_R04_C06,2023-11-18,2023,11,18,322,-0.6772,0.7358,1,1,1,28.625,77.225,158.45,178.05,381.0
GRID_R04_C06,2023-11-19,2023,11,19,323,-0.6645,0.7473,1,1,1,28.625,77.225,160.41,171.08,544.0
GRID_R04_C06,2023-11-20,2023,11,20,324,-0.6515,0.7586,1,1,1,28.625,77.225,201.14,251.19,636.81
GRID_R04_C06,2023-11-21,2023,11,21,325,-0.6384,0.7697,1,0,1,28.625,77.225,235.7,257.44,404.0
GRID_R04_C06,2023-11-22,2023,11,22,326,-0.625,0.7806,1,0,1,28.625,77.225,239.69,276.53,514.0
GRID_R04_C06,2023-11-23,2023,11,23,327,-0.6115,0.7912,1,0,1,28.625,77.225,247.62,267.48,635.93
GRID_R04_C06,2023-11-24,2023,11,24,328,-0.5978,0.8016,1,0,1,28.625,77.225,303.74,346.38,910.5
GRID_R04_C06,2023-11-25,2023,11,25,329,-0.584,0.8118,1,0,1,28.625,77.225,254.87,305.8,508.25
GRID_R04_C06,2023-11-26,2023,11,26,330,-0.5699,0.8217,1,0,1,28.625,77.225,270.39,315.22,717.5
GRID_R04_C06,2023-11-27,2023,11,27,331,-0.5557,0.8314,1,0,1,28.625,77.225,228.52,267.01,471.5
GRID_R04_C06,2023-11-28,2023,11,28,332,-0.5413,0.8408,1,0,1,28.625,77.225,136.84,182.42,350.0
GRID_R04_C06,2023-11-29,2023,11,29,333,-0.5268,0.85,1,0,1,28.625,77.225,188.94,180.79,549.0
GRID_R04_C06,2023-11-30,2023,11,30,334,-0.5121,0.859,1,0,1,28.625,77.225,254.65,296.44,555.0
GRID_R04_C06,2023-12-01,2023,12,1,335,-0.4972,0.8676,1,0,1,28.625,77.225,223.03,224.22,552.0
GRID_R04_C06,2023-12-02,2023,12,2,336,-0.4822,0.8761,1,0,1,28.625,77.225,161.3,176.49,382.25
GRID_R04_C06,2023-12-03,2023,12,3,337,-0.4671,0.8842,1,0,1,28.625,77.225,154.52,184.0,542.0
GRID_R04_C06,2023-12-04,2023,12,4,338,-0.4518,0.8921,1,0,1,28.625,77.225,154.1,182.68,612.28
GRID_R04_C06,2023-12-05,2023,12,5,339,-0.4364,0.8998,1,0,1,28.625,77.225,139.18,173.96,394.75
GRID_R04_C06,2023-12-06,2023,12,6,340,-0.4208,0.9071,1,0,1,28.625,77.225,139.58,161.97,389.0
GRID_R04_C06,2023-12-07,2023,12,7,341,-0.4052,0.9142,1,0,1,28.625,77.225,174.82,197.11,578.0
GRID_R04_C06,2023-12-08,2023,12,8,342,-0.3894,0.9211,1,0,1,28.625,77.225,161.49,156.9,475.0
GRID_R04_C06,2023-12-09,2023,12,9,343,-0.3735,0.9276,1,0,1,28.625,77.225,163.31,175.44,427.5
GRID_R04_C06,2023-12-10,2023,12,10,344,-0.3575,0.9339,1,0,1,28.625,77.225,156.68,160.56,463.0
GRID_R04_C06,2023-12-11,2023,12,11,345,-0.3413,0.9399,1,0,1,28.625,77.225,168.19,182.37,561.0
GRID_R04_C06,2023-12-12,2023,12,12,346,-0.3251,0.9457,1,0,1,28.625,77.225,227.63,294.87,665.51
GRID_R04_C06,2023-12-13,2023,12,13,347,-0.3088,0.9511,1,0,1,28.625,77.225,231.66,294.47,719.0
GRID_R04_C06,2023-12-14,2023,12,14,348,-0.2924,0.9563,1,0,1,28.625,77.225,169.19,191.95,493.0
GRID_R04_C06,2023-12-15,2023,12,15,349,-0.2759,0.9612,1,0,1,28.625,77.225,186.46,220.69,482.0
GRID_R04_C06,2023-12-16,2023,12,16,350,-0.2593,0.9658,1,0,1,28.625,77.225,219.33,280.89,541.91
GRID_R04_C06,2023-12-17,2023,12,17,351,-0.2427,0.9701,1,0,1,28.625,77.225,201.73,245.12,608.0
GRID_R04_C06,2023-12-18,2023,12,18,352,-0.226,0.9741,1,0,1,28.625,77.225,154.57,174.45,365.5
GRID_R04_C06,2023-12-19,2023,12,19,353,-0.2092,0.9779,1,0,1,28.625,77.225,131.33,149.75,420.75
GRID_R04_C06,2023-12-20,2023,12,20,354,-0.1923,0.9813,1,0,1,28.625,77.225,153.31,140.51,486.06
GRID_R04_C06,2023-12-21,2023,12,21,355,-0.1754,0.9845,1,0,1,28.625,77.225,231.12,244.39,542.82
GRID_R04_C06,2023-12-22,2023,12,22,356,-0.1585,0.9874,1,0,1,28.625,77.225,309.16,272.04,634.0
GRID_R04_C06,2023-12-23,2023,12,23,357,-0.1414,0.9899,1,0,1,28.625,77.225,316.03,372.88,889.5
GRID_R04_C06,2023-12-24,2023,12,24,358,-0.1244,0.9922,1,0,1,28.625,77.225,285.82,359.89,656.25
GRID_R04_C06,2023-12-25,2023,12,25,359,-0.1073,0.9942,1,0,1,28.625,77.225,216.32,210.69,579.33
GRID_R04_C06,2023-12-26,2023,12,26,360,-0.0902,0.9959,1,0,1,28.625,77.225,232.53,227.58,572.75
GRID_R04_C06,2023-12-27,2023,12,27,361,-0.073,0.9973,1,0,1,28.625,77.225,261.75,187.44,613.75
GRID_R04_C06,2023-12-28,2023,12,28,362,-0.0559,0.9984,1,0,1,28.625,77.225,188.87,138.42,437.5
GRID_R04_C06,2023-12-29,2023,12,29,363,-0.0387,0.9993,1,0,1,28.625,77.225,253.49,197.63,560.75
GRID_R04_C06,2023-12-30,2023,12,30,364,-0.0215,0.9998,1,0,1,28.625,77.225,248.19,214.17,401.0
GRID_R04_C06,2023-12-31,2023,12,31,365,-0.0043,1.0,1,0,1,28.625,77.225,215.66,191.45,356.0
GRID_R04_C06,2024-01-01,2024,1,1,1,0.0172,0.9999,1,0,1,28.625,77.225,176.71,154.68,355.0
GRID_R04_C06,2024-01-02,2024,1,2,2,0.0344,0.9994,1,0,1,28.625,77.225,180.65,168.0,478.5
GRID_R04_C06,2024-01-03,2024,1,3,3,0.0516,0.9987,1,0,1,28.625,77.225,191.73,129.29,716.0
GRID_R04_C06,2024-01-04,2024,1,4,4,0.0688,0.9976,1,0,1,28.625,77.225,215.34,189.23,465.75
GRID_R04_C06,2024-01-05,2024,1,5,5,0.0859,0.9963,1,0,1,28.625,77.225,158.89,117.06,353.25
GRID_R04_C06,2024-01-06,2024,1,6,6,0.103,0.9947,1,0,1,28.625,77.225,170.61,129.12,473.67
GRID_R04_C06,2024-01-07,2024,1,7,7,0.1201,0.9928,1,0,1,28.625,77.225,167.25,134.64,473.25
GRID_R04_C06,2024-01-08,2024,1,8,8,0.1372,0.9905,1,0,1,28.625,77.225,227.1,166.1,737.75
GRID_R04_C06,2024-01-09,2024,1,9,9,0.1542,0.988,1,0,1,28.625,77.225,131.42,143.72,288.12
GRID_R04_C06,2024-01-10,2024,1,10,10,0.1712,0.9852,1,0,1,28.625,77.225,154.84,107.78,457.17
GRID_R04_C06,2024-01-11,2024,1,11,11,0.1881,0.9821,1,0,1,28.625,77.225,188.87,157.43,515.5
GRID_R04_C06,2024-01-12,2024,1,12,12,0.205,0.9788,1,0,1,28.625,77.225,181.96,127.27,881.0
GRID_R04_C06,2024-01-13,2024,1,13,13,0.2218,0.9751,1,0,1,28.625,77.225,353.96,224.6,958.0
GRID_R04_C06,2024-01-14,2024,1,14,14,0.2385,0.9711,1,0,1,28.625,77.225,322.05,237.24,919.0
GRID_R04_C06,2024-01-15,2024,1,15,15,0.2552,0.9669,1,0,1,28.625,77.225,185.48,135.55,704.75
GRID_R04_C06,2024-01-16,2024,1,16,16,0.2718,0.9624,1,0,1,28.625,77.225,241.48,211.13,522.5
GRID_R04_C06,2024-01-17,2024,1,17,17,0.2883,0.9575,1,0,1,28.625,77.225,204.75,183.05,478.75
GRID_R04_C06,2024-01-18,2024,1,18,18,0.3047,0.9524,1,0,1,28.625,77.225,171.02,102.78,445.0
GRID_R04_C06,2024-01-19,2024,1,19,19,0.3211,0.9471,1,0,1,28.625,77.225,180.88,144.48,352.0
GRID_R04_C06,2024-01-20,2024,1,20,20,0.3373,0.9414,1,0,1,28.625,77.225,185.5,138.15,534.0
GRID_R04_C06,2024-01-21,2024,1,21,21,0.3534,0.9355,1,0,1,28.625,77.225,170.0,135.9,377.75
GRID_R04_C06,2024-01-22,2024,1,22,22,0.3695,0.9292,1,0,1,28.625,77.225,206.04,144.34,701.0
GRID_R04_C06,2024-01-23,2024,1,23,23,0.3854,0.9227,1,0,1,28.625,77.225,219.24,142.07,487.0
GRID_R04_C06,2024-01-24,2024,1,24,24,0.4012,0.916,1,0,1,28.625,77.225,246.43,216.23,531.75
GRID_R04_C06,2024-01-25,2024,1,25,25,0.4169,0.9089,1,0,1,28.625,77.225,194.53,103.21,655.75
GRID_R04_C06,2024-01-26,2024,1,26,26,0.4325,0.9016,1,0,1,28.625,77.225,289.48,260.3,917.0
GRID_R04_C06,2024-01-27,2024,1,27,27,0.4479,0.8941,1,0,1,28.625,77.225,181.24,191.55,583.75
GRID_R04_C06,2024-01-28,2024,1,28,28,0.4633,0.8862,1,0,1,28.625,77.225,252.72,244.89,693.85
GRID_R04_C06,2024-01-29,2024,1,29,29,0.4784,0.8781,1,0,1,28.625,77.225,202.95,155.93,541.75
GRID_R04_C06,2024-01-30,2024,1,30,30,0.4935,0.8698,1,0,1,28.625,77.225,213.54,130.5,529.25
GRID_R04_C06,2024-01-31,2024,1,31,31,0.5084,0.8611,1,0,1,28.625,77.225,223.33,196.58,517.0
GRID_R04_C06,2024-02-01,2024,2,1,32,0.5231,0.8523,0,0,1,28.625,77.225,65.75,39.6,201.5
GRID_R04_C06,2024-02-02,2024,2,2,33,0.5377,0.8432,0,0,1,28.625,77.225,102.63,75.95,242.25
GRID_R04_C06,2024-02-03,2024,2,3,34,0.5521,0.8338,0,0,1,28.625,77.225,98.88,86.22,505.67
GRID_R04_C06,2024-02-04,2024,2,4,35,0.5664,0.8242,0,0,1,28.625,77.225,122.9,107.12,379.5
GRID_R04_C06,2024-02-05,2024,2,5,36,0.5805,0.8143,0,0,1,28.625,77.225,74.81,82.84,184.25
GRID_R04_C06,2024-02-06,2024,2,6,37,0.5944,0.8042,0,0,1,28.625,77.225,66.58,63.62,361.75
GRID_R04_C06,2024-02-07,2024,2,7,38,0.6081,0.7938,0,0,1,28.625,77.225,76.73,85.12,255.0
GRID_R04_C06,2024-02-08,2024,2,8,39,0.6217,0.7833,0,0,1,28.625,77.225,68.77,72.95,154.25
GRID_R04_C06,2024-02-09,2024,2,9,40,0.6351,0.7725,0,0,1,28.625,77.225,79.73,71.07,558.5
GRID_R04_C06,2024-02-10,2024,2,10,41,0.6483,0.7614,0,0,1,28.625,77.225,176.74,203.85,389.5
GRID_R04_C06,2024-02-11,2024,2,11,42,0.6613,0.7502,0,0,1,28.625,77.225,155.21,183.53,441.15
GRID_R04_C06,2024-02-12,2024,2,12,43,0.6741,0.7387,0,0,1,28.625,77.225,156.73,157.1,623.22
GRID_R04_C06,2024-02-13,2024,2,13,44,0.6867,0.727,0,0,1,28.625,77.225,203.35,210.56,458.74
GRID_R04_C06,2024-02-14,2024,2,14,45,0.6991,0.715,0,0,1,28.625,77.225,167.1,188.5,370.0
GRID_R04_C06,2024-02-15,2024,2,15,46,0.7113,0.7029,0,0,1,28.625,77.225,127.23,146.4,330.25
GRID_R04_C06,2024-02-16,2024,2,16,47,0.7233,0.6906,0,0,1,28.625,77.225,119.97,154.31,300.5
GRID_R04_C06,2024-02-17,2024,2,17,48,0.735,0.678,0,0,1,28.625,77.225,119.98,144.88,646.0
GRID_R04_C06,2024-02-18,2024,2,18,49,0.7466,0.6653,0,0,1,28.625,77.225,131.33,173.24,354.5
GRID_R04_C06,2024-02-19,2024,2,19,50,0.7579,0.6523,0,0,1,28.625,77.225,89.77,94.2,177.0
GRID_R04_C06,2024-02-20,2024,2,20,51,0.769,0.6392,0,0,1,28.625,77.225,120.38,118.12,384.67
GRID_R04_C06,2024-02-21,2024,2,21,52,0.7799,0.6259,0,0,1,28.625,77.225,89.5,92.84,263.0
GRID_R04_C06,2024-02-22,2024,2,22,53,0.7906,0.6124,0,0,1,28.625,77.225,61.85,89.15,268.68
GRID_R04_C06,2024-02-23,2024,2,23,54,0.801,0.5987,0,0,1,28.625,77.225,61.04,90.79,217.0
GRID_R04_C06,2024-02-24,2024,2,24,55,0.8112,0.5848,0,0,1,28.625,77.225,87.64,115.14,300.0
GRID_R04_C06,2024-02-25,2024,2,25,56,0.8211,0.5708,0,0,1,28.625,77.225,81.27,119.8,288.75
GRID_R04_C06,2024-02-26,2024,2,26,57,0.8308,0.5566,0,0,1,28.625,77.225,78.98,86.04,306.0
GRID_R04_C06,2024-02-27,2024,2,27,58,0.8402,0.5422,0,0,1,28.625,77.225,62.45,58.12,304.5
GRID_R04_C06,2024-02-28,2024,2,28,59,0.8495,0.5277,0,0,1,28.625,77.225,62.5,78.98,150.0
GRID_R04_C06,2024-02-29,2024,2,29,60,0.8584,0.513,0,0,1,28.625,77.225,67.57,85.39,255.67
GRID_R04_C06,2024-03-01,2024,3,1,61,0.8671,0.4981,0,0,1,28.625,77.225,91.52,134.08,369.75
GRID_R04_C06,2024-03-02,2024,3,2,62,0.8755,0.4831,0,0,1,28.625,77.225,33.53,30.69,331.1
GRID_R04_C06,2024-03-03,2024,3,3,63,0.8837,0.468,0,0,1,28.625,77.225,48.58,49.28,117.9
GRID_R04_C06,2024-03-04,2024,3,4,64,0.8916,0.4527,0,0,1,28.625,77.225,49.29,71.84,205.88
GRID_R04_C06,2024-03-05,2024,3,5,65,0.8993,0.4373,0,0,1,28.625,77.225,51.0,69.14,175.0
GRID_R04_C06,2024-03-06,2024,3,6,66,0.9067,0.4218,0,0,1,28.625,77.225,64.49,79.17,183.0
GRID_R04_C06,2024-03-07,2024,3,7,67,0.9138,0.4061,0,0,1,28.625,77.225,80.81,121.31,337.5
GRID_R04_C06,2024-03-08,2024,3,8,68,0.9207,0.3904,0,0,1,28.625,77.225,66.34,104.42,274.0
GRID_R04_C06,2024-03-09,2024,3,9,69,0.9272,0.3745,0,0,1,28.625,77.225,63.06,93.09,285.0
GRID_R04_C06,2024-03-10,2024,3,10,70,0.9335,0.3585,0,0,1,28.625,77.225,86.75,138.24,316.0
GRID_R04_C06,2024-03-11,2024,3,11,71,0.9396,0.3424,0,0,1,28.625,77.225,88.46,131.6,283.0
GRID_R04_C06,2024-03-12,2024,3,12,72,0.9453,0.3261,0,0,1,28.625,77.225,86.46,148.93,356.25
GRID_R04_C06,2024-03-13,2024,3,13,73,0.9508,0.3098,0,0,1,28.625,77.225,78.88,127.07,374.75
GRID_R04_C06,2024-03-14,2024,3,14,74,0.956,0.2934,0,0,1,28.625,77.225,87.64,146.29,340.25
GRID_R04_C06,2024-03-15,2024,3,15,75,0.9609,0.2769,0,0,1,28.625,77.225,47.12,61.55,523.84
GRID_R04_C06,2024-03-16,2024,3,16,76,0.9655,0.2604,0,0,1,28.625,77.225,77.67,97.76,272.5
GRID_R04_C06,2024-03-17,2024,3,17,77,0.9698,0.2437,0,0,1,28.625,77.225,91.12,140.8,319.25
GRID_R04_C06,2024-03-18,2024,3,18,78,0.9739,0.227,0,0,1,28.625,77.225,93.32,157.23,291.25
GRID_R04_C06,2024-03-19,2024,3,19,79,0.9777,0.2102,0,0,1,28.625,77.225,108.69,175.32,376.25
GRID_R04_C06,2024-03-20,2024,3,20,80,0.9811,0.1934,0,0,1,28.625,77.225,108.6,172.42,421.5
GRID_R04_C06,2024-03-21,2024,3,21,81,0.9843,0.1765,0,0,1,28.625,77.225,77.68,59.9,330.25
GRID_R04_C06,2024-03-22,2024,3,22,82,0.9872,0.1595,0,0,1,28.625,77.225,82.59,79.74,827.0
GRID_R04_C06,2024-03-23,2024,3,23,83,0.9898,0.1425,0,0,1,28.625,77.225,96.68,130.32,452.25
GRID_R04_C06,2024-03-24,2024,3,24,84,0.9921,0.1255,0,0,1,28.625,77.225,86.06,153.42,546.43
GRID_R04_C06,2024-03-25,2024,3,25,85,0.9941,0.1084,0,0,1,28.625,77.225,95.96,123.37,766.1
GRID_R04_C06,2024-03-26,2024,3,26,86,0.9958,0.0913,0,0,1,28.625,77.225,64.8,93.9,230.75
GRID_R04_C06,2024-03-27,2024,3,27,87,0.9972,0.0741,0,0,1,28.625,77.225,71.34,105.85,633.7
GRID_R04_C06,2024-03-28,2024,3,28,88,0.9984,0.057,0,0,1,28.625,77.225,68.5,91.49,426.88
GRID_R04_C06,2024-03-29,2024,3,29,89,0.9992,0.0398,0,0,1,28.625,77.225,85.28,117.0,568.35
GRID_R04_C06,2024-03-30,2024,3,30,90,0.9997,0.0226,0,0,1,28.625,77.225,86.72,102.6,518.72
GRID_R04_C06,2024-03-31,2024,3,31,91,1.0,0.0054,0,0,1,28.625,77.225,94.3,161.78,409.5
GRID_R04_C06,2024-04-01,2024,4,1,92,0.9999,-0.0118,0,0,1,28.625,77.225,53.67,88.33,567.9
GRID_R04_C06,2024-04-02,2024,4,2,93,0.9996,-0.029,0,0,1,28.625,77.225,64.78,118.59,542.43
GRID_R04_C06,2024-04-03,2024,4,3,94,0.9989,-0.0462,0,0,1,28.625,77.225,75.55,95.29,258.08
GRID_R04_C06,2024-04-04,2024,4,4,95,0.998,-0.0634,0,0,1,28.625,77.225,64.74,66.14,347.84
GRID_R04_C06,2024-04-05,2024,4,5,96,0.9968,-0.0805,0,0,1,28.625,77.225,63.67,84.65,237.42
GRID_R04_C06,2024-04-06,2024,4,6,97,0.9952,-0.0977,0,0,1,28.625,77.225,69.6,110.57,272.0
GRID_R04_C06,2024-04-07,2024,4,7,98,0.9934,-0.1148,0,0,1,28.625,77.225,84.93,177.41,398.0
GRID_R04_C06,2024-04-08,2024,4,8,99,0.9913,-0.1319,0,0,1,28.625,77.225,88.75,163.73,446.92
GRID_R04_C06,2024-04-09,2024,4,9,100,0.9889,-0.1489,0,0,1,28.625,77.225,85.74,124.7,331.43
GRID_R04_C06,2024-04-10,2024,4,10,101,0.9861,-0.1659,0,0,1,28.625,77.225,98.3,141.13,408.4
GRID_R04_C06,2024-04-11,2024,4,11,102,0.9831,-0.1828,0,0,1,28.625,77.225,88.87,143.02,483.95
GRID_R04_C06,2024-04-12,2024,4,12,103,0.9799,-0.1997,0,0,1,28.625,77.225,105.11,166.63,368.48
GRID_R04_C06,2024-04-13,2024,4,13,104,0.9763,-0.2165,0,0,1,28.625,77.225,66.97,76.5,438.28
GRID_R04_C06,2024-04-14,2024,4,14,105,0.9724,-0.2333,0,0,1,28.625,77.225,64.63,78.3,294.48
GRID_R04_C06,2024-04-15,2024,4,15,106,0.9683,-0.25,0,0,1,28.625,77.225,105.5,152.52,465.69
GRID_R04_C06,2024-04-16,2024,4,16,107,0.9638,-0.2666,0,0,1,28.625,77.225,86.72,153.98,448.0
GRID_R04_C06,2024-04-17,2024,4,17,108,0.9591,-0.2831,0,0,1,28.625,77.225,43.9,66.24,288.8
GRID_R04_C06,2024-04-18,2024,4,18,109,0.9541,-0.2996,0,0,1,28.625,77.225,56.12,92.33,375.4
GRID_R04_C06,2024-04-19,2024,4,19,110,0.9488,-0.316,0,0,1,28.625,77.225,63.15,82.74,302.02
GRID_R04_C06,2024-04-20,2024,4,20,111,0.9432,-0.3322,0,0,1,28.625,77.225,65.01,90.71,356.66
GRID_R04_C06,2024-04-21,2024,4,21,112,0.9373,-0.3484,0,0,1,28.625,77.225,47.47,64.36,311.12
GRID_R04_C06,2024-04-22,2024,4,22,113,0.9312,-0.3645,0,0,1,28.625,77.225,40.97,27.3,309.25
GRID_R04_C06,2024-04-23,2024,4,23,114,0.9248,-0.3804,0,0,1,28.625,77.225,71.66,92.4,332.25
GRID_R04_C06,2024-04-24,2024,4,24,115,0.9181,-0.3963,0,0,1,28.625,77.225,70.77,126.53,405.0
GRID_R04_C06,2024-04-25,2024,4,25,116,0.9112,-0.412,0,0,1,28.625,77.225,83.96,174.96,518.25
GRID_R04_C06,2024-04-26,2024,4,26,117,0.9039,-0.4276,0,0,1,28.625,77.225,66.73,92.69,260.0
GRID_R04_C06,2024-04-27,2024,4,27,118,0.8965,-0.4431,0,0,1,28.625,77.225,57.75,66.83,278.97
GRID_R04_C06,2024-04-28,2024,4,28,119,0.8887,-0.4585,0,0,1,28.625,77.225,58.7,67.53,340.22
GRID_R04_C06,2024-04-29,2024,4,29,120,0.8807,-0.4737,0,0,1,28.625,77.225,80.76,131.67,234.5
GRID_R04_C06,2024-04-30,2024,4,30,121,0.8724,-0.4888,0,0,1,28.625,77.225,63.92,91.66,325.5
GRID_R04_C06,2024-05-01,2024,5,1,122,0.8639,-0.5037,0,0,1,28.625,77.225,65.65,62.86,392.75
GRID_R04_C06,2024-05-02,2024,5,2,123,0.8551,-0.5185,0,0,1,28.625,77.225,83.75,120.49,362.0
GRID_R04_C06,2024-05-03,2024,5,3,124,0.846,-0.5331,0,0,1,28.625,77.225,134.28,202.24,468.98
GRID_R04_C06,2024-05-04,2024,5,4,125,0.8367,-0.5476,0,0,1,28.625,77.225,142.52,227.39,440.95
GRID_R04_C06,2024-05-05,2024,5,5,126,0.8272,-0.5619,0,0,1,28.625,77.225,142.22,264.3,575.75
GRID_R04_C06,2024-05-06,2024,5,6,127,0.8174,-0.5761,0,0,1,28.625,77.225,114.38,178.61,544.28
GRID_R04_C06,2024-05-07,2024,5,7,128,0.8074,-0.59,0,0,1,28.625,77.225,153.68,242.45,501.0
GRID_R04_C06,2024-05-08,2024,5,8,129,0.7971,-0.6038,0,0,1,28.625,77.225,75.7,65.79,381.71
GRID_R04_C06,2024-05-09,2024,5,9,130,0.7866,-0.6175,0,0,1,28.625,77.225,57.38,42.19,190.7
GRID_R04_C06,2024-05-10,2024,5,10,131,0.7759,-0.6309,0,0,1,28.625,77.225,79.65,69.38,942.14
GRID_R04_C06,2024-05-11,2024,5,11,132,0.7649,-0.6442,0,0,1,28.625,77.225,72.03,87.8,937.56
GRID_R04_C06,2024-05-12,2024,5,12,133,0.7537,-0.6572,0,0,1,28.625,77.225,85.34,93.66,416.0
GRID_R04_C06,2024-05-13,2024,5,13,134,0.7423,-0.6701,0,0,1,28.625,77.225,96.45,108.86,447.62
GRID_R04_C06,2024-05-14,2024,5,14,135,0.7306,-0.6828,0,0,1,28.625,77.225,110.77,184.72,942.06
GRID_R04_C06,2024-05-15,2024,5,15,136,0.7188,-0.6952,0,0,1,28.625,77.225,125.21,191.41,497.88
GRID_R04_C06,2024-05-16,2024,5,16,137,0.7067,-0.7075,0,0,1,28.625,77.225,105.87,103.27,336.32
GRID_R04_C06,2024-05-17,2024,5,17,138,0.6945,-0.7195,0,0,1,28.625,77.225,91.4,97.71,455.2
GRID_R04_C06,2024-05-18,2024,5,18,139,0.682,-0.7314,0,0,1,28.625,77.225,110.13,142.61,461.08
GRID_R04_C06,2024-05-19,2024,5,19,140,0.6693,-0.743,0,0,1,28.625,77.225,97.3,165.85,331.0
GRID_R04_C06,2024-05-20,2024,5,20,141,0.6564,-0.7544,0,0,1,28.625,77.225,86.89,133.35,942.44
GRID_R04_C06,2024-05-21,2024,5,21,142,0.6433,-0.7656,0,0,1,28.625,77.225,82.25,80.16,345.62
GRID_R04_C06,2024-05-22,2024,5,22,143,0.6301,-0.7765,0,0,1,28.625,77.225,71.31,73.7,199.0
GRID_R04_C06,2024-05-23,2024,5,23,144,0.6166,-0.7873,0,0,1,28.625,77.225,54.6,50.08,534.0
GRID_R04_C06,2024-05-24,2024,5,24,145,0.603,-0.7978,0,0,1,28.625,77.225,55.08,51.51,687.33
GRID_R04_C06,2024-05-25,2024,5,25,146,0.5892,-0.808,0,0,1,28.625,77.225,69.06,78.33,484.22
GRID_R04_C06,2024-05-26,2024,5,26,147,0.5752,-0.818,0,0,1,28.625,77.225,77.83,122.22,724.05
GRID_R04_C06,2024-05-27,2024,5,27,148,0.561,-0.8278,0,0,1,28.625,77.225,94.46,115.4,806.88
GRID_R04_C06,2024-05-28,2024,5,28,149,0.5467,-0.8373,0,0,1,28.625,77.225,95.19,109.84,503.78
GRID_R04_C06,2024-05-29,2024,5,29,150,0.5322,-0.8466,0,0,1,28.625,77.225,72.41,69.93,232.07
GRID_R04_C06,2024-05-30,2024,5,30,151,0.5176,-0.8556,0,0,1,28.625,77.225,67.0,75.42,530.0
GRID_R04_C06,2024-05-31,2024,5,31,152,0.5028,-0.8644,0,0,1,28.625,77.225,71.57,82.35,720.85
GRID_R04_C06,2024-06-01,2024,6,1,153,0.4878,-0.8729,0,0,1,28.625,77.225,75.06,88.07,484.68
GRID_R04_C06,2024-06-02,2024,6,2,154,0.4728,-0.8812,0,0,1,28.625,77.225,47.07,52.75,353.9
GRID_R04_C06,2024-06-03,2024,6,3,155,0.4575,-0.8892,0,0,1,28.625,77.225,58.78,55.73,830.8
GRID_R04_C06,2024-06-04,2024,6,4,156,0.4422,-0.8969,0,0,1,28.625,77.225,77.2,65.62,651.9
GRID_R04_C06,2024-06-05,2024,6,5,157,0.4267,-0.9044,0,0,1,28.625,77.225,75.46,61.75,960.04
GRID_R04_C06,2024-06-06,2024,6,6,158,0.4111,-0.9116,0,0,1,28.625,77.225,56.97,54.09,960.04
GRID_R04_C06,2024-06-07,2024,6,7,159,0.3953,-0.9185,0,0,1,28.625,77.225,64.59,88.6,826.68
GRID_R04_C06,2024-06-08,2024,6,8,160,0.3795,-0.9252,0,0,1,28.625,77.225,62.7,70.07,517.0
GRID_R04_C06,2024-06-09,2024,6,9,161,0.3635,-0.9316,0,0,1,28.625,77.225,55.34,76.61,783.42
GRID_R04_C06,2024-06-10,2024,6,10,162,0.3474,-0.9377,0,0,1,28.625,77.225,54.09,50.08,545.1
GRID_R04_C06,2024-06-11,2024,6,11,163,0.3312,-0.9436,0,0,1,28.625,77.225,87.56,145.0,958.38
GRID_R04_C06,2024-06-12,2024,6,12,164,0.3149,-0.9491,0,0,1,28.625,77.225,69.53,79.64,604.6
GRID_R04_C06,2024-06-13,2024,6,13,165,0.2986,-0.9544,0,0,1,28.625,77.225,54.47,40.91,555.92
GRID_R04_C06,2024-06-14,2024,6,14,166,0.2821,-0.9594,0,0,1,28.625,77.225,47.73,45.94,957.3
GRID_R04_C06,2024-06-15,2024,6,15,167,0.2656,-0.9641,0,0,1,28.625,77.225,46.51,40.34,366.6
GRID_R04_C06,2024-06-16,2024,6,16,168,0.2489,-0.9685,0,0,1,28.625,77.225,57.05,71.94,435.58
GRID_R04_C06,2024-06-17,2024,6,17,169,0.2322,-0.9727,0,0,1,28.625,77.225,54.85,63.44,257.74
GRID_R04_C06,2024-06-18,2024,6,18,170,0.2155,-0.9765,0,0,1,28.625,77.225,72.03,65.02,275.75
GRID_R04_C06,2024-06-19,2024,6,19,171,0.1986,-0.9801,0,0,1,28.625,77.225,66.38,46.3,505.3
GRID_R04_C06,2024-06-20,2024,6,20,172,0.1818,-0.9833,0,0,1,28.625,77.225,45.45,39.76,250.05
GRID_R04_C06,2024-06-21,2024,6,21,173,0.1648,-0.9863,0,0,1,28.625,77.225,64.15,65.06,222.48
GRID_R04_C06,2024-06-22,2024,6,22,174,0.1478,-0.989,0,0,1,28.625,77.225,90.97,143.47,530.9
GRID_R04_C06,2024-06-23,2024,6,23,175,0.1308,-0.9914,0,0,1,28.625,77.225,62.9,73.78,290.55
GRID_R04_C06,2024-06-24,2024,6,24,176,0.1137,-0.9935,0,0,1,28.625,77.225,59.25,73.91,214.62
GRID_R04_C06,2024-06-25,2024,6,25,177,0.0966,-0.9953,0,0,1,28.625,77.225,67.44,72.47,540.02
GRID_R04_C06,2024-06-26,2024,6,26,178,0.0795,-0.9968,0,0,1,28.625,77.225,51.45,72.43,247.49
GRID_R04_C06,2024-06-27,2024,6,27,179,0.0623,-0.9981,0,0,1,28.625,77.225,30.98,36.68,895.74
GRID_R04_C06,2024-06-28,2024,6,28,180,0.0451,-0.999,0,0,1,28.625,77.225,37.15,13.21,551.28
GRID_R04_C06,2024-06-29,2024,6,29,181,0.028,-0.9996,0,0,1,28.625,77.225,46.95,66.67,296.73
GRID_R04_C06,2024-06-30,2024,6,30,182,0.0108,-0.9999,0,0,1,28.625,77.225,60.22,62.81,210.0
GRID_R04_C06,2024-07-01,2024,7,1,183,-0.0065,-1.0,0,0,1,28.625,77.225,35.88,25.08,116.0
GRID_R04_C06,2024-07-02,2024,7,2,184,-0.0237,-0.9997,0,0,1,28.625,77.225,42.69,56.37,223.0
GRID_R04_C06,2024-07-03,2024,7,3,185,-0.0408,-0.9992,0,0,1,28.625,77.225,35.51,43.66,212.0
GRID_R04_C06,2024-07-04,2024,7,4,186,-0.058,-0.9983,0,0,1,28.625,77.225,28.18,24.9,942.06
GRID_R04_C06,2024-07-05,2024,7,5,187,-0.0752,-0.9972,0,0,1,28.625,77.225,28.51,41.37,111.0
GRID_R04_C06,2024-07-06,2024,7,6,188,-0.0923,-0.9957,0,0,1,28.625,77.225,23.94,28.39,74.0
GRID_R04_C06,2024-07-07,2024,7,7,189,-0.1094,-0.994,0,0,1,28.625,77.225,11.97,9.79,73.0
GRID_R04_C06,2024-07-08,2024,7,8,190,-0.1265,-0.992,0,0,1,28.625,77.225,21.51,22.95,102.0
GRID_R04_C06,2024-07-09,2024,7,9,191,-0.1436,-0.9896,0,0,1,28.625,77.225,45.17,45.34,957.7
GRID_R04_C06,2024-07-10,2024,7,10,192,-0.1606,-0.987,0,0,1,28.625,77.225,61.77,76.81,949.68
GRID_R04_C06,2024-07-11,2024,7,11,193,-0.1775,-0.9841,0,0,1,28.625,77.225,52.49,60.01,274.4
GRID_R04_C06,2024-07-12,2024,7,12,194,-0.1944,-0.9809,0,0,1,28.625,77.225,27.52,18.67,110.73
GRID_R04_C06,2024-07-13,2024,7,13,195,-0.2113,-0.9774,0,0,1,28.625,77.225,38.3,31.73,201.77
GRID_R04_C06,2024-07-14,2024,7,14,196,-0.2281,-0.9736,0,0,1,28.625,77.225,49.25,56.36,234.0
GRID_R04_C06,2024-07-15,2024,7,15,197,-0.2448,-0.9696,0,0,1,28.625,77.225,46.03,55.25,332.97
GRID_R04_C06,2024-07-16,2024,7,16,198,-0.2614,-0.9652,0,0,1,28.625,77.225,43.63,49.58,151.0
GRID_R04_C06,2024-07-17,2024,7,17,199,-0.278,-0.9606,0,0,1,28.625,77.225,36.11,32.5,206.0
GRID_R04_C06,2024-07-18,2024,7,18,200,-0.2945,-0.9557,0,0,1,28.625,77.225,43.18,49.19,185.0
GRID_R04_C06,2024-07-19,2024,7,19,201,-0.3109,-0.9505,0,0,1,28.625,77.225,65.17,68.39,176.0
GRID_R04_C06,2024-07-20,2024,7,20,202,-0.3272,-0.945,0,0,1,28.625,77.225,49.09,41.51,399.82
GRID_R04_C06,2024-07-21,2024,7,21,203,-0.3434,-0.9392,0,0,1,28.625,77.225,41.75,35.8,190.0
GRID_R04_C06,2024-07-22,2024,7,22,204,-0.3595,-0.9332,0,0,1,28.625,77.225,34.71,41.74,205.1
GRID_R04_C06,2024-07-23,2024,7,23,205,-0.3755,-0.9268,0,0,1,28.625,77.225,43.21,40.94,223.0
GRID_R04_C06,2024-07-24,2024,7,24,206,-0.3914,-0.9202,0,0,1,28.625,77.225,47.22,22.37,202.34
GRID_R04_C06,2024-07-25,2024,7,25,207,-0.4071,-0.9134,0,0,1,28.625,77.225,38.5,30.7,197.0
GRID_R04_C06,2024-07-26,2024,7,26,208,-0.4228,-0.9062,0,0,1,28.625,77.225,48.84,25.79,774.31
GRID_R04_C06,2024-07-27,2024,7,27,209,-0.4383,-0.8988,0,0,1,28.625,77.225,44.1,43.08,262.5
GRID_R04_C06,2024-07-28,2024,7,28,210,-0.4537,-0.8912,0,0,1,28.625,77.225,29.58,47.7,187.13
GRID_R04_C06,2024-07-29,2024,7,29,211,-0.469,-0.8832,0,0,1,28.625,77.225,32.49,29.25,213.83
GRID_R04_C06,2024-07-30,2024,7,30,212,-0.4841,-0.875,0,0,1,28.625,77.225,40.78,38.51,129.0
GRID_R04_C06,2024-07-31,2024,7,31,213,-0.4991,-0.8666,0,0,1,28.625,77.225,33.63,39.57,521.6
GRID_R04_C06,2024-08-01,2024,8,1,214,-0.5139,-0.8578,0,0,1,28.625,77.225,19.11,11.78,765.9
GRID_R04_C06,2024-08-02,2024,8,2,215,-0.5286,-0.8489,0,0,1,28.625,77.225,32.99,38.25,200.32
GRID_R04_C06,2024-08-03,2024,8,3,216,-0.5431,-0.8397,0,0,1,28.625,77.225,22.8,22.33,89.0
GRID_R04_C06,2024-08-04,2024,8,4,217,-0.5575,-0.8302,0,0,1,28.625,77.225,18.44,17.45,127.0
GRID_R04_C06,2024-08-05,2024,8,5,218,-0.5717,-0.8205,0,0,1,28.625,77.225,20.91,23.68,60.62
GRID_R04_C06,2024-08-06,2024,8,6,219,-0.5857,-0.8105,0,0,1,28.625,77.225,21.03,18.45,814.46
GRID_R04_C06,2024-08-07,2024,8,7,220,-0.5996,-0.8003,0,0,1,28.625,77.225,18.1,14.61,119.6
GRID_R04_C06,2024-08-08,2024,8,8,221,-0.6132,-0.7899,0,0,1,28.625,77.225,21.46,22.07,299.02
GRID_R04_C06,2024-08-09,2024,8,9,222,-0.6267,-0.7792,0,0,1,28.625,77.225,26.0,30.82,315.69
GRID_R04_C06,2024-08-10,2024,8,10,223,-0.64,-0.7683,0,0,1,28.625,77.225,33.01,37.3,127.0
GRID_R04_C06,2024-08-11,2024,8,11,224,-0.6532,-0.7572,0,0,1,28.625,77.225,27.23,31.07,135.42
GRID_R04_C06,2024-08-12,2024,8,12,225,-0.6661,-0.7459,0,0,1,28.625,77.225,28.42,28.91,137.84
GRID_R04_C06,2024-08-13,2024,8,13,226,-0.6788,-0.7343,0,0,1,28.625,77.225,24.7,21.54,906.46
GRID_R04_C06,2024-08-14,2024,8,14,227,-0.6914,-0.7225,0,0,1,28.625,77.225,35.64,46.9,175.0
GRID_R04_C06,2024-08-15,2024,8,15,228,-0.7037,-0.7105,0,0,1,28.625,77.225,27.01,27.51,105.0
GRID_R04_C06,2024-08-16,2024,8,16,229,-0.7158,-0.6983,0,0,1,28.625,77.225,21.76,33.58,93.0
GRID_R04_C06,2024-08-17,2024,8,17,230,-0.7277,-0.6859,0,0,1,28.625,77.225,30.57,28.92,164.99
GRID_R04_C06,2024-08-18,2024,8,18,231,-0.7394,-0.6733,0,0,1,28.625,77.225,30.02,28.36,120.15
GRID_R04_C06,2024-08-19,2024,8,19,232,-0.7509,-0.6605,0,0,1,28.625,77.225,28.04,30.16,120.68
GRID_R04_C06,2024-08-20,2024,8,20,233,-0.7621,-0.6474,0,0,1,28.625,77.225,22.69,14.25,85.0
GRID_R04_C06,2024-08-21,2024,8,21,234,-0.7731,-0.6342,0,0,1,28.625,77.225,29.39,25.67,104.0
GRID_R04_C06,2024-08-22,2024,8,22,235,-0.7839,-0.6208,0,0,1,28.625,77.225,28.88,23.59,256.58
GRID_R04_C06,2024-08-23,2024,8,23,236,-0.7945,-0.6073,0,0,1,28.625,77.225,27.7,27.96,123.0
GRID_R04_C06,2024-08-24,2024,8,24,237,-0.8048,-0.5935,0,0,1,28.625,77.225,48.1,66.55,166.0
GRID_R04_C06,2024-08-25,2024,8,25,238,-0.8149,-0.5796,0,0,1,28.625,77.225,26.58,24.75,165.54
GRID_R04_C06,2024-08-26,2024,8,26,239,-0.8248,-0.5655,0,0,1,28.625,77.225,28.36,29.9,183.48
GRID_R04_C06,2024-08-27,2024,8,27,240,-0.8344,-0.5512,0,0,1,28.625,77.225,20.53,22.85,105.96
GRID_R04_C06,2024-08-28,2024,8,28,241,-0.8437,-0.5368,0,0,1,28.625,77.225,22.52,17.79,83.42
GRID_R04_C06,2024-08-29,2024,8,29,242,-0.8528,-0.5222,0,0,1,28.625,77.225,26.93,15.53,210.0
GRID_R04_C06,2024-08-30,2024,8,30,243,-0.8617,-0.5074,0,0,1,28.625,77.225,47.51,60.65,315.0
GRID_R04_C06,2024-08-31,2024,8,31,244,-0.8703,-0.4925,0,0,1,28.625,77.225,38.74,40.85,186.02
GRID_R04_C06,2024-09-01,2024,9,1,245,-0.8786,-0.4775,0,0,1,28.625,77.225,40.45,39.96,136.12
GRID_R04_C06,2024-09-02,2024,9,2,246,-0.8867,-0.4623,0,0,1,28.625,77.225,32.7,34.62,202.36
GRID_R04_C06,2024-09-03,2024,9,3,247,-0.8945,-0.447,0,0,1,28.625,77.225,33.86,35.89,174.38
GRID_R04_C06,2024-09-04,2024,9,4,248,-0.9021,-0.4315,0,0,1,28.625,77.225,23.5,25.29,85.0
GRID_R04_C06,2024-09-05,2024,9,5,249,-0.9094,-0.4159,0,0,1,28.625,77.225,40.35,28.36,512.55
GRID_R04_C06,2024-09-06,2024,9,6,250,-0.9164,-0.4002,0,0,1,28.625,77.225,29.93,37.68,111.0
GRID_R04_C06,2024-09-07,2024,9,7,251,-0.9232,-0.3844,0,0,1,28.625,77.225,28.02,34.8,100.0
GRID_R04_C06,2024-09-08,2024,9,8,252,-0.9296,-0.3685,0,0,1,28.625,77.225,50.87,55.1,141.0
GRID_R04_C06,2024-09-09,2024,9,9,253,-0.9358,-0.3524,0,0,1,28.625,77.225,49.05,54.34,155.0
GRID_R04_C06,2024-09-10,2024,9,10,254,-0.9418,-0.3363,0,0,1,28.625,77.225,42.02,48.53,425.68
GRID_R04_C06,2024-09-11,2024,9,11,255,-0.9474,-0.32,0,0,1,28.625,77.225,34.43,40.96,156.0
GRID_R04_C06,2024-09-12,2024,9,12,256,-0.9528,-0.3037,0,0,1,28.625,77.225,16.94,11.26,218.7
GRID_R04_C06,2024-09-13,2024,9,13,257,-0.9579,-0.2873,0,0,1,28.625,77.225,18.27,11.48,80.02
GRID_R04_C06,2024-09-14,2024,9,14,258,-0.9627,-0.2707,0,0,1,28.625,77.225,29.35,23.69,143.0
GRID_R04_C06,2024-09-15,2024,9,15,259,-0.9672,-0.2541,0,0,1,28.625,77.225,41.16,33.19,210.75
GRID_R04_C06,2024-09-16,2024,9,16,260,-0.9714,-0.2375,0,0,1,28.625,77.225,50.98,44.48,256.77
GRID_R04_C06,2024-09-17,2024,9,17,261,-0.9753,-0.2207,0,0,1,28.625,77.225,57.66,55.58,262.0
GRID_R04_C06,2024-09-18,2024,9,18,262,-0.979,-0.2039,0,0,1,28.625,77.225,36.81,57.93,175.0
GRID_R04_C06,2024-09-19,2024,9,19,263,-0.9824,-0.187,0,0,1,28.625,77.225,33.65,22.22,526.78
GRID_R04_C06,2024-09-20,2024,9,20,264,-0.9854,-0.1701,0,0,1,28.625,77.225,33.73,33.23,251.0
GRID_R04_C06,2024-09-21,2024,9,21,265,-0.9882,-0.1531,0,0,1,28.625,77.225,46.57,42.56,450.0
GRID_R04_C06,2024-09-22,2024,9,22,266,-0.9907,-0.1361,0,0,1,28.625,77.225,73.74,83.29,402.0
GRID_R04_C06,2024-09-23,2024,9,23,267,-0.9929,-0.1191,0,0,1,28.625,77.225,81.05,81.48,693.05
GRID_R04_C06,2024-09-24,2024,9,24,268,-0.9948,-0.102,0,0,1,28.625,77.225,96.32,92.12,388.0
GRID_R04_C06,2024-09-25,2024,9,25,269,-0.9964,-0.0848,0,0,1,28.625,77.225,84.05,113.08,405.0
GRID_R04_C06,2024-09-26,2024,9,26,270,-0.9977,-0.0677,0,0,1,28.625,77.225,28.35,29.5,136.0
GRID_R04_C06,2024-09-27,2024,9,27,271,-0.9987,-0.0505,0,0,1,28.625,77.225,17.48,15.85,457.93
GRID_R04_C06,2024-09-28,2024,9,28,272,-0.9994,-0.0333,0,0,1,28.625,77.225,21.54,14.36,279.0
GRID_R04_C06,2024-09-29,2024,9,29,273,-0.9999,-0.0161,0,0,1,28.625,77.225,31.56,34.07,488.7
GRID_R04_C06,2024-09-30,2024,9,30,274,-1.0,0.0011,0,0,1,28.625,77.225,63.4,74.46,186.0
GRID_R05_C06,2021-10-01,2021,10,1,274,-1.0,0.0011,0,0,1,28.675,77.225,50.61,68.41,177.0
GRID_R05_C06,2021-10-02,2021,10,2,275,-0.9998,0.0183,0,0,1,28.675,77.225,54.83,55.51,178.5
GRID_R05_C06,2021-10-03,2021,10,3,276,-0.9994,0.0355,0,0,1,28.675,77.225,37.36,49.38,114.33
GRID_R05_C06,2021-10-04,2021,10,4,277,-0.9986,0.0527,0,0,1,28.675,77.225,31.82,36.44,482.25
GRID_R05_C06,2021-10-05,2021,10,5,278,-0.9976,0.0698,0,0,1,28.675,77.225,40.86,32.54,129.73
GRID_R05_C06,2021-10-06,2021,10,6,279,-0.9962,0.087,0,0,1,28.675,77.225,51.69,62.61,703.3
GRID_R05_C06,2021-10-07,2021,10,7,280,-0.9946,0.1041,0,0,1,28.675,77.225,64.6,64.7,287.25
GRID_R05_C06,2021-10-08,2021,10,8,281,-0.9926,0.1212,0,0,1,28.675,77.225,71.38,81.18,261.75
GRID_R05_C06,2021-10-09,2021,10,9,282,-0.9904,0.1383,0,0,1,28.675,77.225,67.06,72.61,196.82
GRID_R05_C06,2021-10-10,2021,10,10,283,-0.9879,0.1553,0,0,1,28.675,77.225,64.56,73.76,191.25
GRID_R05_C06,2021-10-11,2021,10,11,284,-0.9851,0.1722,0,0,1,28.675,77.225,65.95,77.68,410.33
GRID_R05_C06,2021-10-12,2021,10,12,285,-0.9819,0.1892,0,0,1,28.675,77.225,70.25,97.36,458.45
GRID_R05_C06,2021-10-13,2021,10,13,286,-0.9785,0.206,0,0,1,28.675,77.225,77.42,89.43,166.0
GRID_R05_C06,2021-10-14,2021,10,14,287,-0.9749,0.2228,0,0,1,28.675,77.225,75.29,88.05,215.48
GRID_R05_C06,2021-10-15,2021,10,15,288,-0.9709,0.2396,1,0,1,28.675,77.225,91.62,99.28,230.0
GRID_R05_C06,2021-10-16,2021,10,16,289,-0.9666,0.2562,1,0,1,28.675,77.225,160.6,172.85,361.5
GRID_R05_C06,2021-10-17,2021,10,17,290,-0.9621,0.2728,1,0,1,28.675,77.225,113.29,165.29,654.75
GRID_R05_C06,2021-10-18,2021,10,18,291,-0.9572,0.2893,1,0,1,28.675,77.225,16.65,9.86,205.1
GRID_R05_C06,2021-10-19,2021,10,19,292,-0.9521,0.3057,1,0,1,28.675,77.225,52.53,30.74,186.91
GRID_R05_C06,2021-10-20,2021,10,20,293,-0.9467,0.3221,1,1,1,28.675,77.225,100.85,96.99,499.75
GRID_R05_C06,2021-10-21,2021,10,21,294,-0.941,0.3383,1,1,1,28.675,77.225,72.64,65.57,366.97
GRID_R05_C06,2021-10-22,2021,10,22,295,-0.9351,0.3545,1,1,1,28.675,77.225,56.72,47.4,298.0
GRID_R05_C06,2021-10-23,2021,10,23,296,-0.9288,0.3705,1,1,1,28.675,77.225,62.65,87.92,226.8
GRID_R05_C06,2021-10-24,2021,10,24,297,-0.9223,0.3864,1,1,1,28.675,77.225,65.97,88.51,297.68
GRID_R05_C06,2021-10-25,2021,10,25,298,-0.9155,0.4022,1,1,1,28.675,77.225,42.21,38.28,158.2
GRID_R05_C06,2021-10-26,2021,10,26,299,-0.9085,0.4179,1,1,1,28.675,77.225,69.24,73.6,325.66
GRID_R05_C06,2021-10-27,2021,10,27,300,-0.9012,0.4335,1,1,1,28.675,77.225,109.05,132.76,962.47
GRID_R05_C06,2021-10-28,2021,10,28,301,-0.8936,0.4489,1,1,1,28.675,77.225,124.19,149.44,466.25
GRID_R05_C06,2021-10-29,2021,10,29,302,-0.8857,0.4642,1,1,1,28.675,77.225,130.53,166.58,432.43
GRID_R05_C06,2021-10-30,2021,10,30,303,-0.8776,0.4794,1,1,1,28.675,77.225,112.9,148.67,269.0
GRID_R05_C06,2021-10-31,2021,10,31,304,-0.8692,0.4944,1,1,1,28.675,77.225,134.45,158.28,680.02
GRID_R05_C06,2021-11-01,2021,11,1,305,-0.8606,0.5093,1,1,1,28.675,77.225,139.16,150.74,417.56
GRID_R05_C06,2021-11-02,2021,11,2,306,-0.8517,0.524,1,1,1,28.675,77.225,134.71,158.39,401.0
GRID_R05_C06,2021-11-03,2021,11,3,307,-0.8426,0.5386,1,1,1,28.675,77.225,162.74,158.28,704.5
GRID_R05_C06,2021-11-04,2021,11,4,308,-0.8332,0.553,1,1,1,28.675,77.225,316.9,267.75,995.0
GRID_R05_C06,2021-11-05,2021,11,5,309,-0.8235,0.5672,1,1,1,28.675,77.225,416.77,519.22,997.63
GRID_R05_C06,2021-11-06,2021,11,6,310,-0.8137,0.5813,1,1,1,28.675,77.225,319.47,332.39,765.0
GRID_R05_C06,2021-11-07,2021,11,7,311,-0.8035,0.5952,1,1,1,28.675,77.225,262.63,321.22,593.5
GRID_R05_C06,2021-11-08,2021,11,8,312,-0.7932,0.609,1,1,1,28.675,77.225,253.53,332.58,650.67
GRID_R05_C06,2021-11-09,2021,11,9,313,-0.7826,0.6225,1,1,1,28.675,77.225,265.25,323.17,751.35
GRID_R05_C06,2021-11-10,2021,11,10,314,-0.7718,0.6359,1,1,1,28.675,77.225,233.41,205.8,975.1
GRID_R05_C06,2021-11-11,2021,11,11,315,-0.7607,0.6491,1,1,1,28.675,77.225,306.53,285.69,997.6
GRID_R05_C06,2021-11-12,2021,11,12,316,-0.7494,0.6621,1,1,1,28.675,77.225,384.56,440.73,699.75
GRID_R05_C06,2021-11-13,2021,11,13,317,-0.7379,0.6749,1,1,1,28.675,77.225,263.07,360.29,663.0
GRID_R05_C06,2021-11-14,2021,11,14,318,-0.7262,0.6875,1,1,1,28.675,77.225,183.04,182.18,559.29
GRID_R05_C06,2021-11-15,2021,11,15,319,-0.7143,0.6998,1,1,1,28.675,77.225,208.8,195.1,652.86
GRID_R05_C06,2021-11-16,2021,11,16,320,-0.7021,0.712,1,1,1,28.675,77.225,252.06,314.24,573.9
GRID_R05_C06,2021-11-17,2021,11,17,321,-0.6898,0.724,1,1,1,28.675,77.225,213.03,249.61,545.68
GRID_R05_C06,2021-11-18,2021,11,18,322,-0.6772,0.7358,1,1,1,28.675,77.225,213.94,273.22,646.09
GRID_R05_C06,2021-11-19,2021,11,19,323,-0.6645,0.7473,1,1,1,28.675,77.225,230.41,286.23,473.25
GRID_R05_C06,2021-11-20,2021,11,20,324,-0.6515,0.7586,1,1,1,28.675,77.225,222.03,248.07,543.81
GRID_R05_C06,2021-11-21,2021,11,21,325,-0.6384,0.7697,1,0,1,28.675,77.225,187.73,249.24,521.07
GRID_R05_C06,2021-11-22,2021,11,22,326,-0.625,0.7806,1,0,1,28.675,77.225,139.41,164.24,300.25
GRID_R05_C06,2021-11-23,2021,11,23,327,-0.6115,0.7912,1,0,1,28.675,77.225,152.83,146.69,558.85
GRID_R05_C06,2021-11-24,2021,11,24,328,-0.5978,0.8016,1,0,1,28.675,77.225,232.67,238.73,630.92
GRID_R05_C06,2021-11-25,2021,11,25,329,-0.584,0.8118,1,0,1,28.675,77.225,258.26,281.81,647.5
GRID_R05_C06,2021-11-26,2021,11,26,330,-0.5699,0.8217,1,0,1,28.675,77.225,272.51,342.73,920.5
GRID_R05_C06,2021-11-27,2021,11,27,331,-0.5557,0.8314,1,0,1,28.675,77.225,252.82,277.26,564.9
GRID_R05_C06,2021-11-28,2021,11,28,332,-0.5413,0.8408,1,0,1,28.675,77.225,268.55,303.6,571.25
GRID_R05_C06,2021-11-29,2021,11,29,333,-0.5268,0.85,1,0,1,28.675,77.225,214.44,280.48,591.75
GRID_R05_C06,2021-11-30,2021,11,30,334,-0.5121,0.859,1,0,1,28.675,77.225,174.95,178.7,418.7
GRID_R05_C06,2021-12-01,2021,12,1,335,-0.4972,0.8676,1,0,1,28.675,77.225,251.75,224.22,628.25
GRID_R05_C06,2021-12-02,2021,12,2,336,-0.4822,0.8761,1,0,1,28.675,77.225,262.35,303.28,728.75
GRID_R05_C06,2021-12-03,2021,12,3,337,-0.4671,0.8842,1,0,1,28.675,77.225,203.28,200.73,689.0
GRID_R05_C06,2021-12-04,2021,12,4,338,-0.4518,0.8921,1,0,1,28.675,77.225,171.39,225.64,515.5
GRID_R05_C06,2021-12-05,2021,12,5,339,-0.4364,0.8998,1,0,1,28.675,77.225,182.26,212.15,633.25
GRID_R05_C06,2021-12-06,2021,12,6,340,-0.4208,0.9071,1,0,1,28.675,77.225,143.38,158.74,633.9
GRID_R05_C06,2021-12-07,2021,12,7,341,-0.4052,0.9142,1,0,1,28.675,77.225,109.64,123.65,298.75
GRID_R05_C06,2021-12-08,2021,12,8,342,-0.3894,0.9211,1,0,1,28.675,77.225,115.53,127.39,389.45
GRID_R05_C06,2021-12-09,2021,12,9,343,-0.3735,0.9276,1,0,1,28.675,77.225,158.44,158.08,686.75
GRID_R05_C06,2021-12-10,2021,12,10,344,-0.3575,0.9339,1,0,1,28.675,77.225,150.32,162.28,433.25
GRID_R05_C06,2021-12-11,2021,12,11,345,-0.3413,0.9399,1,0,1,28.675,77.225,122.17,130.1,659.0
GRID_R05_C06,2021-12-12,2021,12,12,346,-0.3251,0.9457,1,0,1,28.675,77.225,143.5,134.15,629.5
GRID_R05_C06,2021-12-13,2021,12,13,347,-0.3088,0.9511,1,0,1,28.675,77.225,208.48,262.92,938.0
GRID_R05_C06,2021-12-14,2021,12,14,348,-0.2924,0.9563,1,0,1,28.675,77.225,226.41,276.31,658.75
GRID_R05_C06,2021-12-15,2021,12,15,349,-0.2759,0.9612,1,0,1,28.675,77.225,189.78,199.17,524.0
GRID_R05_C06,2021-12-16,2021,12,16,350,-0.2593,0.9658,1,0,1,28.675,77.225,219.25,233.31,550.25
GRID_R05_C06,2021-12-17,2021,12,17,351,-0.2427,0.9701,1,0,1,28.675,77.225,151.99,187.97,383.0
GRID_R05_C06,2021-12-18,2021,12,18,352,-0.226,0.9741,1,0,1,28.675,77.225,139.07,141.5,418.8
GRID_R05_C06,2021-12-19,2021,12,19,353,-0.2092,0.9779,1,0,1,28.675,77.225,145.13,122.5,489.5
GRID_R05_C06,2021-12-20,2021,12,20,354,-0.1923,0.9813,1,0,1,28.675,77.225,196.18,164.86,985.0
GRID_R05_C06,2021-12-21,2021,12,21,355,-0.1754,0.9845,1,0,1,28.675,77.225,296.12,370.11,985.0
GRID_R05_C06,2021-12-22,2021,12,22,356,-0.1585,0.9874,1,0,1,28.675,77.225,304.49,357.49,918.5
GRID_R05_C06,2021-12-23,2021,12,23,357,-0.1414,0.9899,1,0,1,28.675,77.225,352.64,422.22,840.0
GRID_R05_C06,2021-12-24,2021,12,24,358,-0.1244,0.9922,1,0,1,28.675,77.225,290.86,319.31,879.5
GRID_R05_C06,2021-12-25,2021,12,25,359,-0.1073,0.9942,1,0,1,28.675,77.225,365.24,386.2,973.0
GRID_R05_C06,2021-12-26,2021,12,26,360,-0.0902,0.9959,1,0,1,28.675,77.225,367.61,427.16,835.5
GRID_R05_C06,2021-12-27,2021,12,27,361,-0.073,0.9973,1,0,1,28.675,77.225,119.32,105.9,707.25
GRID_R05_C06,2021-12-28,2021,12,28,362,-0.0559,0.9984,1,0,1,28.675,77.225,149.27,152.45,465.0
GRID_R05_C06,2021-12-29,2021,12,29,363,-0.0387,0.9993,1,0,1,28.675,77.225,138.01,156.99,751.75
GRID_R05_C06,2021-12-30,2021,12,30,364,-0.0215,0.9998,1,0,1,28.675,77.225,164.4,186.85,931.8
GRID_R05_C06,2021-12-31,2021,12,31,365,-0.0043,1.0,1,0,1,28.675,77.225,188.11,204.05,934.1
GRID_R05_C06,2022-01-01,2022,1,1,1,0.0172,0.9999,1,0,1,28.675,77.225,238.69,202.42,773.5
GRID_R05_C06,2022-01-02,2022,1,2,2,0.0344,0.9994,1,0,1,28.675,77.225,265.11,270.07,818.75
GRID_R05_C06,2022-01-03,2022,1,3,3,0.0516,0.9987,1,0,1,28.675,77.225,246.69,235.29,856.0
GRID_R05_C06,2022-01-04,2022,1,4,4,0.0688,0.9976,1,0,1,28.675,77.225,220.81,252.29,698.75
GRID_R05_C06,2022-01-05,2022,1,5,5,0.0859,0.9963,1,0,1,28.675,77.225,265.96,349.82,682.2
GRID_R05_C06,2022-01-06,2022,1,6,6,0.103,0.9947,1,0,1,28.675,77.225,109.5,153.98,291.12
GRID_R05_C06,2022-01-07,2022,1,7,7,0.1201,0.9928,1,0,1,28.675,77.225,70.24,82.85,174.0
GRID_R05_C06,2022-01-08,2022,1,8,8,0.1372,0.9905,1,0,1,28.675,77.225,46.6,48.84,597.2
GRID_R05_C06,2022-01-09,2022,1,9,9,0.1542,0.988,1,0,1,28.675,77.225,44.1,26.94,195.67
GRID_R05_C06,2022-01-10,2022,1,10,10,0.1712,0.9852,1,0,1,28.675,77.225,90.21,81.79,309.67
GRID_R05_C06,2022-01-11,2022,1,11,11,0.1881,0.9821,1,0,1,28.675,77.225,93.39,95.03,458.75
GRID_R05_C06,2022-01-12,2022,1,12,12,0.205,0.9788,1,0,1,28.675,77.225,111.43,78.9,493.4
GRID_R05_C06,2022-01-13,2022,1,13,13,0.2218,0.9751,1,0,1,28.675,77.225,205.32,160.48,813.75
GRID_R05_C06,2022-01-14,2022,1,14,14,0.2385,0.9711,1,0,1,28.675,77.225,187.32,129.87,479.33
GRID_R05_C06,2022-01-15,2022,1,15,15,0.2552,0.9669,1,0,1,28.675,77.225,118.68,68.27,375.67
GRID_R05_C06,2022-01-16,2022,1,16,16,0.2718,0.9624,1,0,1,28.675,77.225,137.41,95.92,415.0
GRID_R05_C06,2022-01-17,2022,1,17,17,0.2883,0.9575,1,0,1,28.675,77.225,174.77,126.57,505.33
GRID_R05_C06,2022-01-18,2022,1,18,18,0.3047,0.9524,1,0,1,28.675,77.225,178.79,201.62,444.0
GRID_R05_C06,2022-01-19,2022,1,19,19,0.3211,0.9471,1,0,1,28.675,77.225,186.01,155.28,600.1
GRID_R05_C06,2022-01-20,2022,1,20,20,0.3373,0.9414,1,0,1,28.675,77.225,238.21,193.92,451.7
GRID_R05_C06,2022-01-21,2022,1,21,21,0.3534,0.9355,1,0,1,28.675,77.225,197.22,153.95,560.75
GRID_R05_C06,2022-01-22,2022,1,22,22,0.3695,0.9292,1,0,1,28.675,77.225,130.02,117.19,903.7
GRID_R05_C06,2022-01-23,2022,1,23,23,0.3854,0.9227,1,0,1,28.675,77.225,109.91,71.84,534.0
GRID_R05_C06,2022-01-24,2022,1,24,24,0.4012,0.916,1,0,1,28.675,77.225,112.47,65.48,570.0
GRID_R05_C06,2022-01-25,2022,1,25,25,0.4169,0.9089,1,0,1,28.675,77.225,119.76,70.15,547.0
GRID_R05_C06,2022-01-26,2022,1,26,26,0.4325,0.9016,1,0,1,28.675,77.225,126.34,94.48,646.5
GRID_R05_C06,2022-01-27,2022,1,27,27,0.4479,0.8941,1,0,1,28.675,77.225,118.13,105.53,538.1
GRID_R05_C06,2022-01-28,2022,1,28,28,0.4633,0.8862,1,0,1,28.675,77.225,103.89,98.14,841.5
GRID_R05_C06,2022-01-29,2022,1,29,29,0.4784,0.8781,1,0,1,28.675,77.225,124.1,115.06,895.9
GRID_R05_C06,2022-01-30,2022,1,30,30,0.4935,0.8698,1,0,1,28.675,77.225,143.1,148.19,953.6
GRID_R05_C06,2022-01-31,2022,1,31,31,0.5084,0.8611,1,0,1,28.675,77.225,215.21,207.11,871.6
GRID_R05_C06,2022-02-01,2022,2,1,32,0.5231,0.8523,0,0,1,28.675,77.225,202.33,203.1,833.8
GRID_R05_C06,2022-02-02,2022,2,2,33,0.5377,0.8432,0,0,1,28.675,77.225,161.68,148.87,730.45
GRID_R05_C06,2022-02-03,2022,2,3,34,0.5521,0.8338,0,0,1,28.675,77.225,142.22,166.98,558.3
GRID_R05_C06,2022-02-04,2022,2,4,35,0.5664,0.8242,0,0,1,28.675,77.225,64.38,48.62,813.1
GRID_R05_C06,2022-02-05,2022,2,5,36,0.5805,0.8143,0,0,1,28.675,77.225,129.48,86.26,694.75
GRID_R05_C06,2022-02-06,2022,2,6,37,0.5944,0.8042,0,0,1,28.675,77.225,162.97,199.03,732.25
GRID_R05_C06,2022-02-07,2022,2,7,38,0.6081,0.7938,0,0,1,28.675,77.225,123.8,133.18,850.0
GRID_R05_C06,2022-02-08,2022,2,8,39,0.6217,0.7833,0,0,1,28.675,77.225,146.36,164.75,554.05
GRID_R05_C06,2022-02-09,2022,2,9,40,0.6351,0.7725,0,0,1,28.675,77.225,95.7,58.05,756.35
GRID_R05_C06,2022-02-10,2022,2,10,41,0.6483,0.7614,0,0,1,28.675,77.225,82.18,74.62,614.8
GRID_R05_C06,2022-02-11,2022,2,11,42,0.6613,0.7502,0,0,1,28.675,77.225,88.88,104.79,658.4
GRID_R05_C06,2022-02-12,2022,2,12,43,0.6741,0.7387,0,0,1,28.675,77.225,93.96,101.03,819.8
GRID_R05_C06,2022-02-13,2022,2,13,44,0.6867,0.727,0,0,1,28.675,77.225,125.88,164.91,572.25
GRID_R05_C06,2022-02-14,2022,2,14,45,0.6991,0.715,0,0,1,28.675,77.225,116.5,152.48,685.73
GRID_R05_C06,2022-02-15,2022,2,15,46,0.7113,0.7029,0,0,1,28.675,77.225,105.06,142.07,680.8
GRID_R05_C06,2022-02-16,2022,2,16,47,0.7233,0.6906,0,0,1,28.675,77.225,139.55,187.94,518.0
GRID_R05_C06,2022-02-17,2022,2,17,48,0.735,0.678,0,0,1,28.675,77.225,113.76,128.62,393.5
GRID_R05_C06,2022-02-18,2022,2,18,49,0.7466,0.6653,0,0,1,28.675,77.225,114.55,180.36,557.7
GRID_R05_C06,2022-02-19,2022,2,19,50,0.7579,0.6523,0,0,1,28.675,77.225,85.13,98.02,792.75
GRID_R05_C06,2022-02-20,2022,2,20,51,0.769,0.6392,0,0,1,28.675,77.225,82.67,99.35,814.1
GRID_R05_C06,2022-02-21,2022,2,21,52,0.7799,0.6259,0,0,1,28.675,77.225,80.89,77.72,841.5
GRID_R05_C06,2022-02-22,2022,2,22,53,0.7906,0.6124,0,0,1,28.675,77.225,99.45,127.66,669.0
GRID_R05_C06,2022-02-23,2022,2,23,54,0.801,0.5987,0,0,1,28.675,77.225,112.36,111.56,491.55
GRID_R05_C06,2022-02-24,2022,2,24,55,0.8112,0.5848,0,0,1,28.675,77.225,149.33,203.59,458.5
GRID_R05_C06,2022-02-25,2022,2,25,56,0.8211,0.5708,0,0,1,28.675,77.225,126.85,191.24,410.0
GRID_R05_C06,2022-02-26,2022,2,26,57,0.8308,0.5566,0,0,1,28.675,77.225,27.32,18.8,276.0
GRID_R05_C06,2022-02-27,2022,2,27,58,0.8402,0.5422,0,0,1,28.675,77.225,43.55,49.78,141.75
GRID_R05_C06,2022-02-28,2022,2,28,59,0.8495,0.5277,0,0,1,28.675,77.225,46.79,51.25,302.2
GRID_R05_C06,2022-03-01,2022,3,1,60,0.8584,0.513,0,0,1,28.675,77.225,85.2,103.27,518.8
GRID_R05_C06,2022-03-02,2022,3,2,61,0.8671,0.4981,0,0,1,28.675,77.225,103.09,149.55,315.75
GRID_R05_C06,2022-03-03,2022,3,3,62,0.8755,0.4831,0,0,1,28.675,77.225,81.43,89.55,355.0
GRID_R05_C06,2022-03-04,2022,3,4,63,0.8837,0.468,0,0,1,28.675,77.225,76.79,110.28,265.15
GRID_R05_C06,2022-03-05,2022,3,5,64,0.8916,0.4527,0,0,1,28.675,77.225,57.07,67.97,177.75
GRID_R05_C06,2022-03-06,2022,3,6,65,0.8993,0.4373,0,0,1,28.675,77.225,86.4,100.89,624.6
GRID_R05_C06,2022-03-07,2022,3,7,66,0.9067,0.4218,0,0,1,28.675,77.225,120.95,154.56,475.25
GRID_R05_C06,2022-03-08,2022,3,8,67,0.9138,0.4061,0,0,1,28.675,77.225,120.12,206.2,489.05
GRID_R05_C06,2022-03-09,2022,3,9,68,0.9207,0.3904,0,0,1,28.675,77.225,68.32,98.59,244.0
GRID_R05_C06,2022-03-10,2022,3,10,69,0.9272,0.3745,0,0,1,28.675,77.225,64.08,84.09,397.0
GRID_R05_C06,2022-03-11,2022,3,11,70,0.9335,0.3585,0,0,1,28.675,77.225,77.38,116.53,253.25
GRID_R05_C06,2022-03-12,2022,3,12,71,0.9396,0.3424,0,0,1,28.675,77.225,73.17,100.11,228.5
GRID_R05_C06,2022-03-13,2022,3,13,72,0.9453,0.3261,0,0,1,28.675,77.225,89.79,107.3,258.7
GRID_R05_C06,2022-03-14,2022,3,14,73,0.9508,0.3098,0,0,1,28.675,77.225,118.62,184.2,354.32
GRID_R05_C06,2022-03-15,2022,3,15,74,0.956,0.2934,0,0,1,28.675,77.225,116.63,173.89,563.52
GRID_R05_C06,2022-03-16,2022,3,16,75,0.9609,0.2769,0,0,1,28.675,77.225,92.63,122.83,655.1
GRID_R05_C06,2022-03-17,2022,3,17,76,0.9655,0.2604,0,0,1,28.675,77.225,118.24,126.48,271.25
GRID_R05_C06,2022-03-18,2022,3,18,77,0.9698,0.2437,0,0,1,28.675,77.225,137.76,161.62,424.92
GRID_R05_C06,2022-03-19,2022,3,19,78,0.9739,0.227,0,0,1,28.675,77.225,106.58,114.19,322.88
GRID_R05_C06,2022-03-20,2022,3,20,79,0.9777,0.2102,0,0,1,28.675,77.225,104.26,125.51,606.98
GRID_R05_C06,2022-03-21,2022,3,21,80,0.9811,0.1934,0,0,1,28.675,77.225,130.28,188.16,417.5
GRID_R05_C06,2022-03-22,2022,3,22,81,0.9843,0.1765,0,0,1,28.675,77.225,80.13,91.92,367.0
GRID_R05_C06,2022-03-23,2022,3,23,82,0.9872,0.1595,0,0,1,28.675,77.225,100.6,131.08,507.0
GRID_R05_C06,2022-03-24,2022,3,24,83,0.9898,0.1425,0,0,1,28.675,77.225,114.07,193.47,395.0
GRID_R05_C06,2022-03-25,2022,3,25,84,0.9921,0.1255,0,0,1,28.675,77.225,88.68,120.84,258.08
GRID_R05_C06,2022-03-26,2022,3,26,85,0.9941,0.1084,0,0,1,28.675,77.225,84.56,130.38,266.25
GRID_R05_C06,2022-03-27,2022,3,27,86,0.9958,0.0913,0,0,1,28.675,77.225,89.19,117.92,273.95
GRID_R05_C06,2022-03-28,2022,3,28,87,0.9972,0.0741,0,0,1,28.675,77.225,103.39,141.58,363.7
GRID_R05_C06,2022-03-29,2022,3,29,88,0.9984,0.057,0,0,1,28.675,77.225,120.23,174.75,392.0
GRID_R05_C06,2022-03-30,2022,3,30,89,0.9992,0.0398,0,0,1,28.675,77.225,125.33,184.83,482.0
GRID_R05_C06,2022-03-31,2022,3,31,90,0.9997,0.0226,0,0,1,28.675,77.225,141.8,190.73,621.41
GRID_R05_C06,2022-04-01,2022,4,1,91,1.0,0.0054,0,0,1,28.675,77.225,73.4,110.61,261.08
GRID_R05_C06,2022-04-02,2022,4,2,92,0.9999,-0.0118,0,0,1,28.675,77.225,106.92,155.26,486.75
GRID_R05_C06,2022-04-03,2022,4,3,93,0.9996,-0.029,0,0,1,28.675,77.225,105.31,147.27,554.12
GRID_R05_C06,2022-04-04,2022,4,4,94,0.9989,-0.0462,0,0,1,28.675,77.225,106.92,119.72,412.75
GRID_R05_C06,2022-04-05,2022,4,5,95,0.998,-0.0634,0,0,1,28.675,77.225,102.59,199.12,403.5
GRID_R05_C06,2022-04-06,2022,4,6,96,0.9968,-0.0805,0,0,1,28.675,77.225,118.61,218.45,657.1
GRID_R05_C06,2022-04-07,2022,4,7,97,0.9952,-0.0977,0,0,1,28.675,77.225,124.24,194.43,451.0
GRID_R05_C06,2022-04-08,2022,4,8,98,0.9934,-0.1148,0,0,1,28.675,77.225,110.12,151.85,420.0
GRID_R05_C06,2022-04-09,2022,4,9,99,0.9913,-0.1319,0,0,1,28.675,77.225,109.85,156.71,713.2
GRID_R05_C06,2022-04-10,2022,4,10,100,0.9889,-0.1489,0,0,1,28.675,77.225,106.36,144.57,376.0
GRID_R05_C06,2022-04-11,2022,4,11,101,0.9861,-0.1659,0,0,1,28.675,77.225,109.75,168.72,458.7
GRID_R05_C06,2022-04-12,2022,4,12,102,0.9831,-0.1828,0,0,1,28.675,77.225,92.42,92.16,743.0
GRID_R05_C06,2022-04-13,2022,4,13,103,0.9799,-0.1997,0,0,1,28.675,77.225,111.71,204.68,412.32
GRID_R05_C06,2022-04-14,2022,4,14,104,0.9763,-0.2165,0,0,1,28.675,77.225,76.82,100.49,367.6
GRID_R05_C06,2022-04-15,2022,4,15,105,0.9724,-0.2333,0,0,1,28.675,77.225,70.63,77.51,257.88
GRID_R05_C06,2022-04-16,2022,4,16,106,0.9683,-0.25,0,0,1,28.675,77.225,102.22,135.16,257.25
GRID_R05_C06,2022-04-17,2022,4,17,107,0.9638,-0.2666,0,0,1,28.675,77.225,106.5,148.91,350.08
GRID_R05_C06,2022-04-18,2022,4,18,108,0.9591,-0.2831,0,0,1,28.675,77.225,112.05,143.79,894.0
GRID_R05_C06,2022-04-19,2022,4,19,109,0.9541,-0.2996,0,0,1,28.675,77.225,133.61,225.39,487.0
GRID_R05_C06,2022-04-20,2022,4,20,110,0.9488,-0.316,0,0,1,28.675,77.225,95.54,125.03,438.0
GRID_R05_C06,2022-04-21,2022,4,21,111,0.9432,-0.3322,0,0,1,28.675,77.225,104.24,115.77,340.9
GRID_R05_C06,2022-04-22,2022,4,22,112,0.9373,-0.3484,0,0,1,28.675,77.225,65.22,57.95,426.05
GRID_R05_C06,2022-04-23,2022,4,23,113,0.9312,-0.3645,0,0,1,28.675,77.225,110.12,190.55,412.47
GRID_R05_C06,2022-04-24,2022,4,24,114,0.9248,-0.3804,0,0,1,28.675,77.225,120.75,201.2,501.67
GRID_R05_C06,2022-04-25,2022,4,25,115,0.9181,-0.3963,0,0,1,28.675,77.225,100.34,132.63,394.4
GRID_R05_C06,2022-04-26,2022,4,26,116,0.9112,-0.412,0,0,1,28.675,77.225,81.97,78.35,458.1
GRID_R05_C06,2022-04-27,2022,4,27,117,0.9039,-0.4276,0,0,1,28.675,77.225,153.86,283.33,723.0
GRID_R05_C06,2022-04-28,2022,4,28,118,0.8965,-0.4431,0,0,1,28.675,77.225,163.21,204.22,765.92
GRID_R05_C06,2022-04-29,2022,4,29,119,0.8887,-0.4585,0,0,1,28.675,77.225,148.54,173.09,510.0
GRID_R05_C06,2022-04-30,2022,4,30,120,0.8807,-0.4737,0,0,1,28.675,77.225,121.09,152.58,444.0
GRID_R05_C06,2022-05-01,2022,5,1,121,0.8724,-0.4888,0,0,1,28.675,77.225,90.46,85.1,378.1
GRID_R05_C06,2022-05-02,2022,5,2,122,0.8639,-0.5037,0,0,1,28.675,77.225,73.78,73.02,193.8
GRID_R05_C06,2022-05-03,2022,5,3,123,0.8551,-0.5185,0,0,1,28.675,77.225,98.47,75.58,378.55
GRID_R05_C06,2022-05-04,2022,5,4,124,0.846,-0.5331,0,0,1,28.675,77.225,73.54,91.45,294.5
GRID_R05_C06,2022-05-05,2022,5,5,125,0.8367,-0.5476,0,0,1,28.675,77.225,71.62,82.66,213.25
GRID_R05_C06,2022-05-06,2022,5,6,126,0.8272,-0.5619,0,0,1,28.675,77.225,115.78,151.07,393.79
GRID_R05_C06,2022-05-07,2022,5,7,127,0.8174,-0.5761,0,0,1,28.675,77.225,86.89,94.49,394.15
GRID_R05_C06,2022-05-08,2022,5,8,128,0.8074,-0.59,0,0,1,28.675,77.225,82.76,82.24,317.93
GRID_R05_C06,2022-05-09,2022,5,9,129,0.7971,-0.6038,0,0,1,28.675,77.225,66.6,68.42,342.57
GRID_R05_C06,2022-05-10,2022,5,10,130,0.7866,-0.6175,0,0,1,28.675,77.225,64.78,71.54,208.72
GRID_R05_C06,2022-05-11,2022,5,11,131,0.7759,-0.6309,0,0,1,28.675,77.225,62.23,62.55,195.1
GRID_R05_C06,2022-05-12,2022,5,12,132,0.7649,-0.6442,0,0,1,28.675,77.225,67.67,63.77,284.5
GRID_R05_C06,2022-05-13,2022,5,13,133,0.7537,-0.6572,0,0,1,28.675,77.225,76.01,56.15,302.82
GRID_R05_C06,2022-05-14,2022,5,14,134,0.7423,-0.6701,0,0,1,28.675,77.225,108.68,171.32,482.76
GRID_R05_C06,2022-05-15,2022,5,15,135,0.7306,-0.6828,0,0,1,28.675,77.225,98.88,154.71,394.61
GRID_R05_C06,2022-05-16,2022,5,16,136,0.7188,-0.6952,0,0,1,28.675,77.225,96.8,85.25,889.56
GRID_R05_C06,2022-05-17,2022,5,17,137,0.7067,-0.7075,0,0,1,28.675,77.225,68.76,46.22,236.42
GRID_R05_C06,2022-05-18,2022,5,18,138,0.6945,-0.7195,0,0,1,28.675,77.225,76.49,78.65,284.62
GRID_R05_C06,2022-05-19,2022,5,19,139,0.682,-0.7314,0,0,1,28.675,77.225,88.25,96.65,260.2
GRID_R05_C06,2022-05-20,2022,5,20,140,0.6693,-0.743,0,0,1,28.675,77.225,92.72,114.24,470.15
GRID_R05_C06,2022-05-21,2022,5,21,141,0.6564,-0.7544,0,0,1,28.675,77.225,76.87,70.19,404.62
GRID_R05_C06,2022-05-22,2022,5,22,142,0.6433,-0.7656,0,0,1,28.675,77.225,64.57,75.6,273.0
GRID_R05_C06,2022-05-23,2022,5,23,143,0.6301,-0.7765,0,0,1,28.675,77.225,30.37,21.62,130.0
GRID_R05_C06,2022-05-24,2022,5,24,144,0.6166,-0.7873,0,0,1,28.675,77.225,36.28,30.55,192.42
GRID_R05_C06,2022-05-25,2022,5,25,145,0.603,-0.7978,0,0,1,28.675,77.225,81.34,108.12,534.0
GRID_R05_C06,2022-05-26,2022,5,26,146,0.5892,-0.808,0,0,1,28.675,77.225,94.83,125.56,622.6
GRID_R05_C06,2022-05-27,2022,5,27,147,0.5752,-0.818,0,0,1,28.675,77.225,81.91,106.06,217.0
GRID_R05_C06,2022-05-28,2022,5,28,148,0.561,-0.8278,0,0,1,28.675,77.225,75.39,65.53,283.68
GRID_R05_C06,2022-05-29,2022,5,29,149,0.5467,-0.8373,0,0,1,28.675,77.225,72.29,83.49,209.15
GRID_R05_C06,2022-05-30,2022,5,30,150,0.5322,-0.8466,0,0,1,28.675,77.225,65.49,69.05,436.25
GRID_R05_C06,2022-05-31,2022,5,31,151,0.5176,-0.8556,0,0,1,28.675,77.225,99.01,83.63,344.67
GRID_R05_C06,2022-06-01,2022,6,1,152,0.5028,-0.8644,0,0,1,28.675,77.225,97.93,147.1,353.12
GRID_R05_C06,2022-06-02,2022,6,2,153,0.4878,-0.8729,0,0,1,28.675,77.225,77.59,103.56,269.05
GRID_R05_C06,2022-06-03,2022,6,3,154,0.4728,-0.8812,0,0,1,28.675,77.225,89.98,136.35,275.25
GRID_R05_C06,2022-06-04,2022,6,4,155,0.4575,-0.8892,0,0,1,28.675,77.225,81.09,113.17,306.58
GRID_R05_C06,2022-06-05,2022,6,5,156,0.4422,-0.8969,0,0,1,28.675,77.225,59.21,52.12,298.7
GRID_R05_C06,2022-06-06,2022,6,6,157,0.4267,-0.9044,0,0,1,28.675,77.225,53.82,52.72,193.75
GRID_R05_C06,2022-06-07,2022,6,7,158,0.4111,-0.9116,0,0,1,28.675,77.225,88.0,71.28,388.0
GRID_R05_C06,2022-06-08,2022,6,8,159,0.3953,-0.9185,0,0,1,28.675,77.225,78.4,82.01,360.25
GRID_R05_C06,2022-06-09,2022,6,9,160,0.3795,-0.9252,0,0,1,28.675,77.225,62.57,61.73,252.6
GRID_R05_C06,2022-06-10,2022,6,10,161,0.3635,-0.9316,0,0,1,28.675,77.225,75.31,77.98,269.25
GRID_R05_C06,2022-06-11,2022,6,11,162,0.3474,-0.9377,0,0,1,28.675,77.225,70.14,68.3,192.75
GRID_R05_C06,2022-06-12,2022,6,12,163,0.3312,-0.9436,0,0,1,28.675,77.225,74.34,86.06,261.25
GRID_R05_C06,2022-06-13,2022,6,13,164,0.3149,-0.9491,0,0,1,28.675,77.225,51.93,34.18,190.75
GRID_R05_C06,2022-06-14,2022,6,14,165,0.2986,-0.9544,0,0,1,28.675,77.225,56.4,61.94,210.0
GRID_R05_C06,2022-06-15,2022,6,15,166,0.2821,-0.9594,0,0,1,28.675,77.225,35.44,36.86,187.7
GRID_R05_C06,2022-06-16,2022,6,16,167,0.2656,-0.9641,0,0,1,28.675,77.225,34.81,34.26,398.45
GRID_R05_C06,2022-06-17,2022,6,17,168,0.2489,-0.9685,0,0,1,28.675,77.225,28.28,19.79,90.1
GRID_R05_C06,2022-06-18,2022,6,18,169,0.2322,-0.9727,0,0,1,28.675,77.225,34.62,42.9,120.08
GRID_R05_C06,2022-06-19,2022,6,19,170,0.2155,-0.9765,0,0,1,28.675,77.225,42.72,54.49,173.0
GRID_R05_C06,2022-06-20,2022,6,20,171,0.1986,-0.9801,0,0,1,28.675,77.225,53.46,65.93,271.0
GRID_R05_C06,2022-06-21,2022,6,21,172,0.1818,-0.9833,0,0,1,28.675,77.225,44.11,63.39,193.5
GRID_R05_C06,2022-06-22,2022,6,22,173,0.1648,-0.9863,0,0,1,28.675,77.225,51.49,38.76,153.0
GRID_R05_C06,2022-06-23,2022,6,23,174,0.1478,-0.989,0,0,1,28.675,77.225,56.32,53.84,209.5
GRID_R05_C06,2022-06-24,2022,6,24,175,0.1308,-0.9914,0,0,1,28.675,77.225,72.0,102.15,258.75
GRID_R05_C06,2022-06-25,2022,6,25,176,0.1137,-0.9935,0,0,1,28.675,77.225,80.74,103.06,343.0
GRID_R05_C06,2022-06-26,2022,6,26,177,0.0966,-0.9953,0,0,1,28.675,77.225,65.27,65.89,295.6
GRID_R05_C06,2022-06-27,2022,6,27,178,0.0795,-0.9968,0,0,1,28.675,77.225,55.02,51.71,141.45
GRID_R05_C06,2022-06-28,2022,6,28,179,0.0623,-0.9981,0,0,1,28.675,77.225,74.87,68.65,221.0
GRID_R05_C06,2022-06-29,2022,6,29,180,0.0451,-0.999,0,0,1,28.675,77.225,60.43,39.46,226.7
GRID_R05_C06,2022-06-30,2022,6,30,181,0.028,-0.9996,0,0,1,28.675,77.225,37.61,33.29,430.33
GRID_R05_C06,2022-07-01,2022,7,1,182,0.0108,-0.9999,0,0,1,28.675,77.225,36.33,45.16,338.0
GRID_R05_C06,2022-07-02,2022,7,2,183,-0.0065,-1.0,0,0,1,28.675,77.225,42.77,66.61,165.67
GRID_R05_C06,2022-07-03,2022,7,3,184,-0.0237,-0.9997,0,0,1,28.675,77.225,30.43,20.7,138.25
GRID_R05_C06,2022-07-04,2022,7,4,185,-0.0408,-0.9992,0,0,1,28.675,77.225,63.45,56.27,172.0
GRID_R05_C06,2022-07-05,2022,7,5,186,-0.058,-0.9983,0,0,1,28.675,77.225,65.09,83.93,204.0
GRID_R05_C06,2022-07-06,2022,7,6,187,-0.0752,-0.9972,0,0,1,28.675,77.225,51.42,50.91,221.88
GRID_R05_C06,2022-07-07,2022,7,7,188,-0.0923,-0.9957,0,0,1,28.675,77.225,39.84,45.99,250.25
GRID_R05_C06,2022-07-08,2022,7,8,189,-0.1094,-0.994,0,0,1,28.675,77.225,37.09,41.18,248.0
GRID_R05_C06,2022-07-09,2022,7,9,190,-0.1265,-0.992,0,0,1,28.675,77.225,40.97,56.32,118.75
GRID_R05_C06,2022-07-10,2022,7,10,191,-0.1436,-0.9896,0,0,1,28.675,77.225,32.83,33.02,101.02
GRID_R05_C06,2022-07-11,2022,7,11,192,-0.1606,-0.987,0,0,1,28.675,77.225,44.83,46.68,170.25
GRID_R05_C06,2022-07-12,2022,7,12,193,-0.1775,-0.9841,0,0,1,28.675,77.225,41.83,40.27,682.03
GRID_R05_C06,2022-07-13,2022,7,13,194,-0.1944,-0.9809,0,0,1,28.675,77.225,34.51,34.52,176.78
GRID_R05_C06,2022-07-14,2022,7,14,195,-0.2113,-0.9774,0,0,1,28.675,77.225,30.76,34.16,137.45
GRID_R05_C06,2022-07-15,2022,7,15,196,-0.2281,-0.9736,0,0,1,28.675,77.225,26.49,20.34,170.16
GRID_R05_C06,2022-07-16,2022,7,16,197,-0.2448,-0.9696,0,0,1,28.675,77.225,24.89,24.14,355.38
GRID_R05_C06,2022-07-17,2022,7,17,198,-0.2614,-0.9652,0,0,1,28.675,77.225,28.45,11.8,453.8
GRID_R05_C06,2022-07-18,2022,7,18,199,-0.278,-0.9606,0,0,1,28.675,77.225,43.29,52.97,234.61
GRID_R05_C06,2022-07-19,2022,7,19,200,-0.2945,-0.9557,0,0,1,28.675,77.225,42.92,40.34,156.0
GRID_R05_C06,2022-07-20,2022,7,20,201,-0.3109,-0.9505,0,0,1,28.675,77.225,33.38,46.79,122.0
GRID_R05_C06,2022-07-21,2022,7,21,202,-0.3272,-0.945,0,0,1,28.675,77.225,44.16,24.17,180.5
GRID_R05_C06,2022-07-22,2022,7,22,203,-0.3434,-0.9392,0,0,1,28.675,77.225,55.16,72.88,175.0
GRID_R05_C06,2022-07-23,2022,7,23,204,-0.3595,-0.9332,0,0,1,28.675,77.225,29.52,28.55,83.75
GRID_R05_C06,2022-07-24,2022,7,24,205,-0.3755,-0.9268,0,0,1,28.675,77.225,24.77,20.19,120.7
GRID_R05_C06,2022-07-25,2022,7,25,206,-0.3914,-0.9202,0,0,1,28.675,77.225,24.63,23.37,89.18
GRID_R05_C06,2022-07-26,2022,7,26,207,-0.4071,-0.9134,0,0,1,28.675,77.225,28.09,31.65,87.0
GRID_R05_C06,2022-07-27,2022,7,27,208,-0.4228,-0.9062,0,0,1,28.675,77.225,30.82,30.24,171.0
GRID_R05_C06,2022-07-28,2022,7,28,209,-0.4383,-0.8988,0,0,1,28.675,77.225,22.01,22.15,83.28
GRID_R05_C06,2022-07-29,2022,7,29,210,-0.4537,-0.8912,0,0,1,28.675,77.225,19.28,21.15,89.7
GRID_R05_C06,2022-07-30,2022,7,30,211,-0.469,-0.8832,0,0,1,28.675,77.225,22.14,19.05,89.0
GRID_R05_C06,2022-07-31,2022,7,31,212,-0.4841,-0.875,0,0,1,28.675,77.225,23.89,23.02,82.25
GRID_R05_C06,2022-08-01,2022,8,1,213,-0.4991,-0.8666,0,0,1,28.675,77.225,26.41,26.42,133.09
GRID_R05_C06,2022-08-02,2022,8,2,214,-0.5139,-0.8578,0,0,1,28.675,77.225,32.31,25.05,149.25
GRID_R05_C06,2022-08-03,2022,8,3,215,-0.5286,-0.8489,0,0,1,28.675,77.225,48.43,39.76,165.39
GRID_R05_C06,2022-08-04,2022,8,4,216,-0.5431,-0.8397,0,0,1,28.675,77.225,46.68,59.37,128.0
GRID_R05_C06,2022-08-05,2022,8,5,217,-0.5575,-0.8302,0,0,1,28.675,77.225,38.62,34.97,162.5
GRID_R05_C06,2022-08-06,2022,8,6,218,-0.5717,-0.8205,0,0,1,28.675,77.225,52.04,52.92,182.75
GRID_R05_C06,2022-08-07,2022,8,7,219,-0.5857,-0.8105,0,0,1,28.675,77.225,45.98,72.95,153.0
GRID_R05_C06,2022-08-08,2022,8,8,220,-0.5996,-0.8003,0,0,1,28.675,77.225,44.97,46.35,158.13
GRID_R05_C06,2022-08-09,2022,8,9,221,-0.6132,-0.7899,0,0,1,28.675,77.225,41.5,54.17,143.0
GRID_R05_C06,2022-08-10,2022,8,10,222,-0.6267,-0.7792,0,0,1,28.675,77.225,27.02,34.2,136.97
GRID_R05_C06,2022-08-11,2022,8,11,223,-0.64,-0.7683,0,0,1,28.675,77.225,16.74,14.3,114.94
GRID_R05_C06,2022-08-12,2022,8,12,224,-0.6532,-0.7572,0,0,1,28.675,77.225,19.39,18.36,74.0
GRID_R05_C06,2022-08-13,2022,8,13,225,-0.6661,-0.7459,0,0,1,28.675,77.225,27.24,32.25,83.0
GRID_R05_C06,2022-08-14,2022,8,14,226,-0.6788,-0.7343,0,0,1,28.675,77.225,26.21,13.74,83.0
GRID_R05_C06,2022-08-15,2022,8,15,227,-0.6914,-0.7225,0,0,1,28.675,77.225,18.8,14.02,83.0
GRID_R05_C06,2022-08-16,2022,8,16,228,-0.7037,-0.7105,0,0,1,28.675,77.225,15.86,15.28,60.01
GRID_R05_C06,2022-08-17,2022,8,17,229,-0.7158,-0.6983,0,0,1,28.675,77.225,14.19,11.42,171.6
GRID_R05_C06,2022-08-18,2022,8,18,230,-0.7277,-0.6859,0,0,1,28.675,77.225,20.33,13.35,75.42
GRID_R05_C06,2022-08-19,2022,8,19,231,-0.7394,-0.6733,0,0,1,28.675,77.225,18.3,12.36,287.0
GRID_R05_C06,2022-08-20,2022,8,20,232,-0.7509,-0.6605,0,0,1,28.675,77.225,31.77,23.33,139.0
GRID_R05_C06,2022-08-21,2022,8,21,233,-0.7621,-0.6474,0,0,1,28.675,77.225,46.88,54.4,130.5
GRID_R05_C06,2022-08-22,2022,8,22,234,-0.7731,-0.6342,0,0,1,28.675,77.225,35.87,54.37,111.12
GRID_R05_C06,2022-08-23,2022,8,23,235,-0.7839,-0.6208,0,0,1,28.675,77.225,24.97,32.75,75.0
GRID_R05_C06,2022-08-24,2022,8,24,236,-0.7945,-0.6073,0,0,1,28.675,77.225,22.73,18.38,277.92
GRID_R05_C06,2022-08-25,2022,8,25,237,-0.8048,-0.5935,0,0,1,28.675,77.225,36.41,28.57,348.25
GRID_R05_C06,2022-08-26,2022,8,26,238,-0.8149,-0.5796,0,0,1,28.675,77.225,35.46,31.33,157.0
GRID_R05_C06,2022-08-27,2022,8,27,239,-0.8248,-0.5655,0,0,1,28.675,77.225,32.05,30.52,225.35
GRID_R05_C06,2022-08-28,2022,8,28,240,-0.8344,-0.5512,0,0,1,28.675,77.225,37.18,33.27,159.6
GRID_R05_C06,2022-08-29,2022,8,29,241,-0.8437,-0.5368,0,0,1,28.675,77.225,40.54,37.8,138.65
GRID_R05_C06,2022-08-30,2022,8,30,242,-0.8528,-0.5222,0,0,1,28.675,77.225,48.48,49.26,185.75
GRID_R05_C06,2022-08-31,2022,8,31,243,-0.8617,-0.5074,0,0,1,28.675,77.225,43.79,44.25,234.32
GRID_R05_C06,2022-09-01,2022,9,1,244,-0.8703,-0.4925,0,0,1,28.675,77.225,45.12,44.81,279.62
GRID_R05_C06,2022-09-02,2022,9,2,245,-0.8786,-0.4775,0,0,1,28.675,77.225,45.72,38.34,228.45
GRID_R05_C06,2022-09-03,2022,9,3,246,-0.8867,-0.4623,0,0,1,28.675,77.225,32.63,26.34,151.07
GRID_R05_C06,2022-09-04,2022,9,4,247,-0.8945,-0.447,0,0,1,28.675,77.225,26.45,23.94,209.71
GRID_R05_C06,2022-09-05,2022,9,5,248,-0.9021,-0.4315,0,0,1,28.675,77.225,26.79,22.54,209.21
GRID_R05_C06,2022-09-06,2022,9,6,249,-0.9094,-0.4159,0,0,1,28.675,77.225,40.21,43.33,161.12
GRID_R05_C06,2022-09-07,2022,9,7,250,-0.9164,-0.4002,0,0,1,28.675,77.225,46.22,52.1,466.0
GRID_R05_C06,2022-09-08,2022,9,8,251,-0.9232,-0.3844,0,0,1,28.675,77.225,63.62,68.09,151.0
GRID_R05_C06,2022-09-09,2022,9,9,252,-0.9296,-0.3685,0,0,1,28.675,77.225,59.85,68.97,173.2
GRID_R05_C06,2022-09-10,2022,9,10,253,-0.9358,-0.3524,0,0,1,28.675,77.225,49.78,60.63,111.4
GRID_R05_C06,2022-09-11,2022,9,11,254,-0.9418,-0.3363,0,0,1,28.675,77.225,32.13,26.0,167.07
GRID_R05_C06,2022-09-12,2022,9,12,255,-0.9474,-0.32,0,0,1,28.675,77.225,26.74,24.83,187.43
GRID_R05_C06,2022-09-13,2022,9,13,256,-0.9528,-0.3037,0,0,1,28.675,77.225,19.75,16.85,106.58
GRID_R05_C06,2022-09-14,2022,9,14,257,-0.9579,-0.2873,0,0,1,28.675,77.225,17.79,15.23,78.67
GRID_R05_C06,2022-09-15,2022,9,15,258,-0.9627,-0.2707,0,0,1,28.675,77.225,16.06,20.15,71.81
GRID_R05_C06,2022-09-16,2022,9,16,259,-0.9672,-0.2541,0,0,1,28.675,77.225,15.98,10.93,80.67
GRID_R05_C06,2022-09-17,2022,9,17,260,-0.9714,-0.2375,0,0,1,28.675,77.225,33.32,27.66,98.7
GRID_R05_C06,2022-09-18,2022,9,18,261,-0.9753,-0.2207,0,0,1,28.675,77.225,47.58,29.97,167.25
GRID_R05_C06,2022-09-19,2022,9,19,262,-0.979,-0.2039,0,0,1,28.675,77.225,72.39,83.14,249.75
GRID_R05_C06,2022-09-20,2022,9,20,263,-0.9824,-0.187,0,0,1,28.675,77.225,49.55,68.87,146.0
GRID_R05_C06,2022-09-21,2022,9,21,264,-0.9854,-0.1701,0,0,1,28.675,77.225,41.57,62.06,170.25
GRID_R05_C06,2022-09-22,2022,9,22,265,-0.9882,-0.1531,0,0,1,28.675,77.225,26.29,31.08,474.7
GRID_R05_C06,2022-09-23,2022,9,23,266,-0.9907,-0.1361,0,0,1,28.675,77.225,26.13,16.24,90.0
GRID_R05_C06,2022-09-24,2022,9,24,267,-0.9929,-0.1191,0,0,1,28.675,77.225,23.39,26.79,74.99
GRID_R05_C06,2022-09-25,2022,9,25,268,-0.9948,-0.102,0,0,1,28.675,77.225,21.57,11.84,128.15
GRID_R05_C06,2022-09-26,2022,9,26,269,-0.9964,-0.0848,0,0,1,28.675,77.225,47.79,61.88,156.25
GRID_R05_C06,2022-09-27,2022,9,27,270,-0.9977,-0.0677,0,0,1,28.675,77.225,40.29,44.09,132.88
GRID_R05_C06,2022-09-28,2022,9,28,271,-0.9987,-0.0505,0,0,1,28.675,77.225,55.13,59.02,182.85
GRID_R05_C06,2022-09-29,2022,9,29,272,-0.9994,-0.0333,0,0,1,28.675,77.225,66.05,82.87,205.25
GRID_R05_C06,2022-09-30,2022,9,30,273,-0.9999,-0.0161,0,0,1,28.675,77.225,80.25,91.86,214.82
GRID_R05_C06,2022-10-01,2022,10,1,274,-1.0,0.0011,0,0,1,28.675,77.225,81.41,104.02,174.0
GRID_R05_C06,2022-10-02,2022,10,2,275,-0.9998,0.0183,0,0,1,28.675,77.225,69.05,94.49,175.0
GRID_R05_C06,2022-10-03,2022,10,3,276,-0.9994,0.0355,0,0,1,28.675,77.225,42.71,51.5,258.45
GRID_R05_C06,2022-10-04,2022,10,4,277,-0.9986,0.0527,0,0,1,28.675,77.225,63.03,61.51,251.1
GRID_R05_C06,2022-10-05,2022,10,5,278,-0.9976,0.0698,0,0,1,28.675,77.225,89.36,110.49,285.6
GRID_R05_C06,2022-10-06,2022,10,6,279,-0.9962,0.087,0,0,1,28.675,77.225,16.63,13.15,103.28
GRID_R05_C06,2022-10-07,2022,10,7,280,-0.9946,0.1041,0,0,1,28.675,77.225,16.3,12.44,61.0
GRID_R05_C06,2022-10-08,2022,10,8,281,-0.9926,0.1212,0,0,1,28.675,77.225,14.32,14.32,82.5
GRID_R05_C06,2022-10-09,2022,10,9,282,-0.9904,0.1383,0,0,1,28.675,77.225,9.59,10.84,61.0
GRID_R05_C06,2022-10-10,2022,10,10,283,-0.9879,0.1553,0,0,1,28.675,77.225,14.76,9.01,61.0
GRID_R05_C06,2022-10-11,2022,10,11,284,-0.9851,0.1722,0,0,1,28.675,77.225,36.29,25.93,231.67
GRID_R05_C06,2022-10-12,2022,10,12,285,-0.9819,0.1892,0,0,1,28.675,77.225,62.49,72.65,205.75
GRID_R05_C06,2022-10-13,2022,10,13,286,-0.9785,0.206,0,0,1,28.675,77.225,53.52,60.34,172.25
GRID_R05_C06,2022-10-14,2022,10,14,287,-0.9749,0.2228,0,0,1,28.675,77.225,71.74,81.89,216.8
GRID_R05_C06,2022-10-15,2022,10,15,288,-0.9709,0.2396,1,0,1,28.675,77.225,89.6,103.27,401.5
GRID_R05_C06,2022-10-16,2022,10,16,289,-0.9666,0.2562,1,0,1,28.675,77.225,105.64,123.99,349.3
GRID_R05_C06,2022-10-17,2022,10,17,290,-0.9621,0.2728,1,0,1,28.675,77.225,108.94,127.64,383.5
GRID_R05_C06,2022-10-18,2022,10,18,291,-0.9572,0.2893,1,0,1,28.675,77.225,109.72,118.14,398.33
GRID_R05_C06,2022-10-19,2022,10,19,292,-0.9521,0.3057,1,0,1,28.675,77.225,102.01,124.26,331.92
GRID_R05_C06,2022-10-20,2022,10,20,293,-0.9467,0.3221,1,1,1,28.675,77.225,110.64,111.76,302.75
GRID_R05_C06,2022-10-21,2022,10,21,294,-0.941,0.3383,1,1,1,28.675,77.225,117.39,145.08,386.33
GRID_R05_C06,2022-10-22,2022,10,22,295,-0.9351,0.3545,1,1,1,28.675,77.225,122.89,153.83,322.0
GRID_R05_C06,2022-10-23,2022,10,23,296,-0.9288,0.3705,1,1,1,28.675,77.225,129.76,128.29,357.75
GRID_R05_C06,2022-10-24,2022,10,24,297,-0.9223,0.3864,1,1,1,28.675,77.225,177.52,168.07,921.25
GRID_R05_C06,2022-10-25,2022,10,25,298,-0.9155,0.4022,1,1,1,28.675,77.225,166.47,149.56,986.0
GRID_R05_C06,2022-10-26,2022,10,26,299,-0.9085,0.4179,1,1,1,28.675,77.225,142.96,114.47,621.5
GRID_R05_C06,2022-10-27,2022,10,27,300,-0.9012,0.4335,1,1,1,28.675,77.225,192.39,218.98,494.34
GRID_R05_C06,2022-10-28,2022,10,28,301,-0.8936,0.4489,1,1,1,28.675,77.225,223.13,226.04,514.0
GRID_R05_C06,2022-10-29,2022,10,29,302,-0.8857,0.4642,1,1,1,28.675,77.225,230.76,287.07,502.09
GRID_R05_C06,2022-10-30,2022,10,30,303,-0.8776,0.4794,1,1,1,28.675,77.225,211.77,210.91,749.6
GRID_R05_C06,2022-10-31,2022,10,31,304,-0.8692,0.4944,1,1,1,28.675,77.225,263.69,208.96,562.75
GRID_R05_C06,2022-11-01,2022,11,1,305,-0.8606,0.5093,1,1,1,28.675,77.225,248.88,294.21,705.25
GRID_R05_C06,2022-11-02,2022,11,2,306,-0.8517,0.524,1,1,1,28.675,77.225,241.74,214.26,589.0
GRID_R05_C06,2022-11-03,2022,11,3,307,-0.8426,0.5386,1,1,1,28.675,77.225,402.69,529.11,928.0
GRID_R05_C06,2022-11-04,2022,11,4,308,-0.8332,0.553,1,1,1,28.675,77.225,324.12,346.39,566.0
GRID_R05_C06,2022-11-05,2022,11,5,309,-0.8235,0.5672,1,1,1,28.675,77.225,193.45,200.61,425.0
GRID_R05_C06,2022-11-06,2022,11,6,310,-0.8137,0.5813,1,1,1,28.675,77.225,172.85,181.1,375.0
GRID_R05_C06,2022-11-07,2022,11,7,311,-0.8035,0.5952,1,1,1,28.675,77.225,193.57,227.11,449.82
GRID_R05_C06,2022-11-08,2022,11,8,312,-0.7932,0.609,1,1,1,28.675,77.225,240.17,245.39,445.7
GRID_R05_C06,2022-11-09,2022,11,9,313,-0.7826,0.6225,1,1,1,28.675,77.225,105.75,112.76,335.75
GRID_R05_C06,2022-11-10,2022,11,10,314,-0.7718,0.6359,1,1,1,28.675,77.225,162.28,178.2,478.0
GRID_R05_C06,2022-11-11,2022,11,11,315,-0.7607,0.6491,1,1,1,28.675,77.225,208.58,357.3,547.78
GRID_R05_C06,2022-11-12,2022,11,12,316,-0.7494,0.6621,1,1,1,28.675,77.225,186.89,259.16,421.27
GRID_R05_C06,2022-11-13,2022,11,13,317,-0.7379,0.6749,1,1,1,28.675,77.225,160.63,196.5,326.69
GRID_R05_C06,2022-11-14,2022,11,14,318,-0.7262,0.6875,1,1,1,28.675,77.225,140.22,172.86,415.5
GRID_R05_C06,2022-11-15,2022,11,15,319,-0.7143,0.6998,1,1,1,28.675,77.225,102.24,99.43,274.0
GRID_R05_C06,2022-11-16,2022,11,16,320,-0.7021,0.712,1,1,1,28.675,77.225,118.88,174.92,414.2
GRID_R05_C06,2022-11-17,2022,11,17,321,-0.6898,0.724,1,1,1,28.675,77.225,139.59,199.17,386.09
GRID_R05_C06,2022-11-18,2022,11,18,322,-0.6772,0.7358,1,1,1,28.675,77.225,157.43,240.44,551.78
GRID_R05_C06,2022-11-19,2022,11,19,323,-0.6645,0.7473,1,1,1,28.675,77.225,144.5,178.83,532.85
GRID_R05_C06,2022-11-20,2022,11,20,324,-0.6515,0.7586,1,1,1,28.675,77.225,171.28,216.63,551.35
GRID_R05_C06,2022-11-21,2022,11,21,325,-0.6384,0.7697,1,0,1,28.675,77.225,143.93,174.07,350.6
GRID_R05_C06,2022-11-22,2022,11,22,326,-0.625,0.7806,1,0,1,28.675,77.225,113.47,136.13,245.25
GRID_R05_C06,2022-11-23,2022,11,23,327,-0.6115,0.7912,1,0,1,28.675,77.225,103.72,127.52,416.48
GRID_R05_C06,2022-11-24,2022,11,24,328,-0.5978,0.8016,1,0,1,28.675,77.225,108.55,109.77,569.33
GRID_R05_C06,2022-11-25,2022,11,25,329,-0.584,0.8118,1,0,1,28.675,77.225,158.6,173.91,591.25
GRID_R05_C06,2022-11-26,2022,11,26,330,-0.5699,0.8217,1,0,1,28.675,77.225,180.96,192.28,757.0
GRID_R05_C06,2022-11-27,2022,11,27,331,-0.5557,0.8314,1,0,1,28.675,77.225,174.61,195.31,509.45
GRID_R05_C06,2022-11-28,2022,11,28,332,-0.5413,0.8408,1,0,1,28.675,77.225,198.65,227.57,680.0
GRID_R05_C06,2022-11-29,2022,11,29,333,-0.5268,0.85,1,0,1,28.675,77.225,230.27,284.3,658.91
GRID_R05_C06,2022-11-30,2022,11,30,334,-0.5121,0.859,1,0,1,28.675,77.225,207.63,223.34,533.0
GRID_R05_C06,2022-12-01,2022,12,1,335,-0.4972,0.8676,1,0,1,28.675,77.225,213.69,231.84,492.99
GRID_R05_C06,2022-12-02,2022,12,2,336,-0.4822,0.8761,1,0,1,28.675,77.225,200.39,204.94,605.25
GRID_R05_C06,2022-12-03,2022,12,3,337,-0.4671,0.8842,1,0,1,28.675,77.225,245.25,260.2,667.75
GRID_R05_C06,2022-12-04,2022,12,4,338,-0.4518,0.8921,1,0,1,28.675,77.225,250.6,293.9,635.75
GRID_R05_C06,2022-12-05,2022,12,5,339,-0.4364,0.8998,1,0,1,28.675,77.225,187.08,202.78,560.75
GRID_R05_C06,2022-12-06,2022,12,6,340,-0.4208,0.9071,1,0,1,28.675,77.225,184.23,189.48,359.0
GRID_R05_C06,2022-12-07,2022,12,7,341,-0.4052,0.9142,1,0,1,28.675,77.225,133.43,143.42,336.05
GRID_R05_C06,2022-12-08,2022,12,8,342,-0.3894,0.9211,1,0,1,28.675,77.225,143.94,139.75,466.58
GRID_R05_C06,2022-12-09,2022,12,9,343,-0.3735,0.9276,1,0,1,28.675,77.225,169.88,151.03,691.0
GRID_R05_C06,2022-12-10,2022,12,10,344,-0.3575,0.9339,1,0,1,28.675,77.225,211.95,254.19,646.75
GRID_R05_C06,2022-12-11,2022,12,11,345,-0.3413,0.9399,1,0,1,28.675,77.225,134.03,153.58,476.75
GRID_R05_C06,2022-12-12,2022,12,12,346,-0.3251,0.9457,1,0,1,28.675,77.225,95.92,100.39,620.75
GRID_R05_C06,2022-12-13,2022,12,13,347,-0.3088,0.9511,1,0,1,28.675,77.225,70.68,81.54,233.75
GRID_R05_C06,2022-12-14,2022,12,14,348,-0.2924,0.9563,1,0,1,28.675,77.225,85.59,94.24,367.25
GRID_R05_C06,2022-12-15,2022,12,15,349,-0.2759,0.9612,1,0,1,28.675,77.225,89.92,84.74,424.25
GRID_R05_C06,2022-12-16,2022,12,16,350,-0.2593,0.9658,1,0,1,28.675,77.225,124.19,111.4,659.18
GRID_R05_C06,2022-12-17,2022,12,17,351,-0.2427,0.9701,1,0,1,28.675,77.225,167.33,151.3,760.25
GRID_R05_C06,2022-12-18,2022,12,18,352,-0.226,0.9741,1,0,1,28.675,77.225,254.25,203.4,813.75
GRID_R05_C06,2022-12-19,2022,12,19,353,-0.2092,0.9779,1,0,1,28.675,77.225,259.11,226.32,843.5
GRID_R05_C06,2022-12-20,2022,12,20,354,-0.1923,0.9813,1,0,1,28.675,77.225,199.94,168.09,544.0
GRID_R05_C06,2022-12-21,2022,12,21,355,-0.1754,0.9845,1,0,1,28.675,77.225,188.4,149.22,490.33
GRID_R05_C06,2022-12-22,2022,12,22,356,-0.1585,0.9874,1,0,1,28.675,77.225,202.24,126.13,541.5
GRID_R05_C06,2022-12-23,2022,12,23,357,-0.1414,0.9899,1,0,1,28.675,77.225,202.07,128.73,592.25
GRID_R05_C06,2022-12-24,2022,12,24,358,-0.1244,0.9922,1,0,1,28.675,77.225,160.66,177.3,457.75
GRID_R05_C06,2022-12-25,2022,12,25,359,-0.1073,0.9942,1,0,1,28.675,77.225,168.91,143.09,840.0
GRID_R05_C06,2022-12-26,2022,12,26,360,-0.0902,0.9959,1,0,1,28.675,77.225,193.84,121.15,854.02
GRID_R05_C06,2022-12-27,2022,12,27,361,-0.073,0.9973,1,0,1,28.675,77.225,166.8,128.51,554.62
GRID_R05_C06,2022-12-28,2022,12,28,362,-0.0559,0.9984,1,0,1,28.675,77.225,151.84,165.35,701.2
GRID_R05_C06,2022-12-29,2022,12,29,363,-0.0387,0.9993,1,0,1,28.675,77.225,196.73,149.79,589.5
GRID_R05_C06,2022-12-30,2022,12,30,364,-0.0215,0.9998,1,0,1,28.675,77.225,256.68,236.1,805.0
GRID_R05_C06,2022-12-31,2022,12,31,365,-0.0043,1.0,1,0,1,28.675,77.225,156.24,154.1,582.0
GRID_R05_C06,2023-01-01,2023,1,1,1,0.0172,0.9999,1,0,1,28.675,77.225,140.59,112.69,679.25
GRID_R05_C06,2023-01-02,2023,1,2,2,0.0344,0.9994,1,0,1,28.675,77.225,233.11,193.92,516.68
GRID_R05_C06,2023-01-03,2023,1,3,3,0.0516,0.9987,1,0,1,28.675,77.225,239.57,221.13,472.25
GRID_R05_C06,2023-01-04,2023,1,4,4,0.0688,0.9976,1,0,1,28.675,77.225,179.33,118.26,546.75
GRID_R05_C06,2023-01-05,2023,1,5,5,0.0859,0.9963,1,0,1,28.675,77.225,208.96,121.88,788.25
GRID_R05_C06,2023-01-06,2023,1,6,6,0.103,0.9947,1,0,1,28.675,77.225,258.51,192.14,565.75
GRID_R05_C06,2023-01-07,2023,1,7,7,0.1201,0.9928,1,0,1,28.675,77.225,226.55,148.25,845.15
GRID_R05_C06,2023-01-08,2023,1,8,8,0.1372,0.9905,1,0,1,28.675,77.225,254.55,135.77,968.0
GRID_R05_C06,2023-01-09,2023,1,9,9,0.1542,0.988,1,0,1,28.675,77.225,377.61,262.54,979.0
GRID_R05_C06,2023-01-10,2023,1,10,10,0.1712,0.9852,1,0,1,28.675,77.225,232.43,146.22,805.2
GRID_R05_C06,2023-01-11,2023,1,11,11,0.1881,0.9821,1,0,1,28.675,77.225,175.13,93.59,915.0
GRID_R05_C06,2023-01-12,2023,1,12,12,0.205,0.9788,1,0,1,28.675,77.225,203.36,198.28,351.25
GRID_R05_C06,2023-01-13,2023,1,13,13,0.2218,0.9751,1,0,1,28.675,77.225,215.69,210.06,412.25
GRID_R05_C06,2023-01-14,2023,1,14,14,0.2385,0.9711,1,0,1,28.675,77.225,153.77,170.89,335.25
GRID_R05_C06,2023-01-15,2023,1,15,15,0.2552,0.9669,1,0,1,28.675,77.225,98.57,97.09,423.75
GRID_R05_C06,2023-01-16,2023,1,16,16,0.2718,0.9624,1,0,1,28.675,77.225,143.33,131.44,582.0
GRID_R05_C06,2023-01-17,2023,1,17,17,0.2883,0.9575,1,0,1,28.675,77.225,152.32,167.19,593.0
GRID_R05_C06,2023-01-18,2023,1,18,18,0.3047,0.9524,1,0,1,28.675,77.225,191.89,203.4,818.25
GRID_R05_C06,2023-01-19,2023,1,19,19,0.3211,0.9471,1,0,1,28.675,77.225,198.04,198.56,609.88
GRID_R05_C06,2023-01-20,2023,1,20,20,0.3373,0.9414,1,0,1,28.675,77.225,91.12,56.01,458.5
GRID_R05_C06,2023-01-21,2023,1,21,21,0.3534,0.9355,1,0,1,28.675,77.225,210.88,164.5,931.1
GRID_R05_C06,2023-01-22,2023,1,22,22,0.3695,0.9292,1,0,1,28.675,77.225,248.86,279.16,593.75
GRID_R05_C06,2023-01-23,2023,1,23,23,0.3854,0.9227,1,0,1,28.675,77.225,168.8,185.13,697.65
GRID_R05_C06,2023-01-24,2023,1,24,24,0.4012,0.916,1,0,1,28.675,77.225,86.73,102.82,335.0
GRID_R05_C06,2023-01-25,2023,1,25,25,0.4169,0.9089,1,0,1,28.675,77.225,105.39,103.56,282.5
GRID_R05_C06,2023-01-26,2023,1,26,26,0.4325,0.9016,1,0,1,28.675,77.225,138.53,158.69,261.25
GRID_R05_C06,2023-01-27,2023,1,27,27,0.4479,0.8941,1,0,1,28.675,77.225,92.74,98.78,201.25
GRID_R05_C06,2023-01-28,2023,1,28,28,0.4633,0.8862,1,0,1,28.675,77.225,123.06,110.04,415.0
GRID_R05_C06,2023-01-29,2023,1,29,29,0.4784,0.8781,1,0,1,28.675,77.225,187.89,219.15,553.75
GRID_R05_C06,2023-01-30,2023,1,30,30,0.4935,0.8698,1,0,1,28.675,77.225,79.17,31.48,953.9
GRID_R05_C06,2023-01-31,2023,1,31,31,0.5084,0.8611,1,0,1,28.675,77.225,85.1,78.2,724.1
GRID_R05_C06,2023-02-01,2023,2,1,32,0.5231,0.8523,0,0,1,28.675,77.225,84.61,84.26,818.42
GRID_R05_C06,2023-02-02,2023,2,2,33,0.5377,0.8432,0,0,1,28.675,77.225,87.18,96.8,635.88
GRID_R05_C06,2023-02-03,2023,2,3,34,0.5521,0.8338,0,0,1,28.675,77.225,103.31,96.71,753.0
GRID_R05_C06,2023-02-04,2023,2,4,35,0.5664,0.8242,0,0,1,28.675,77.225,118.23,104.62,517.0
GRID_R05_C06,2023-02-05,2023,2,5,36,0.5805,0.8143,0,0,1,28.675,77.225,105.12,112.14,550.5
GRID_R05_C06,2023-02-06,2023,2,6,37,0.5944,0.8042,0,0,1,28.675,77.225,142.37,178.57,410.75
GRID_R05_C06,2023-02-07,2023,2,7,38,0.6081,0.7938,0,0,1,28.675,77.225,116.41,192.85,424.25
GRID_R05_C06,2023-02-08,2023,2,8,39,0.6217,0.7833,0,0,1,28.675,77.225,73.83,78.85,281.0
GRID_R05_C06,2023-02-09,2023,2,9,40,0.6351,0.7725,0,0,1,28.675,77.225,91.53,116.1,255.75
GRID_R05_C06,2023-02-10,2023,2,10,41,0.6483,0.7614,0,0,1,28.675,77.225,93.96,97.32,266.5
GRID_R05_C06,2023-02-11,2023,2,11,42,0.6613,0.7502,0,0,1,28.675,77.225,137.57,177.28,403.1
GRID_R05_C06,2023-02-12,2023,2,12,43,0.6741,0.7387,0,0,1,28.675,77.225,55.0,74.17,211.8
GRID_R05_C06,2023-02-13,2023,2,13,44,0.6867,0.727,0,0,1,28.675,77.225,48.7,52.97,261.9
GRID_R05_C06,2023-02-14,2023,2,14,45,0.6991,0.715,0,0,1,28.675,77.225,63.39,69.72,284.48
GRID_R05_C06,2023-02-15,2023,2,15,46,0.7113,0.7029,0,0,1,28.675,77.225,91.34,97.16,302.0
GRID_R05_C06,2023-02-16,2023,2,16,47,0.7233,0.6906,0,0,1,28.675,77.225,166.5,140.14,489.0
GRID_R05_C06,2023-02-17,2023,2,17,48,0.735,0.678,0,0,1,28.675,77.225,221.81,254.05,493.0
GRID_R05_C06,2023-02-18,2023,2,18,49,0.7466,0.6653,0,0,1,28.675,77.225,202.82,256.19,552.75
GRID_R05_C06,2023-02-19,2023,2,19,50,0.7579,0.6523,0,0,1,28.675,77.225,180.82,197.74,421.18
GRID_R05_C06,2023-02-20,2023,2,20,51,0.769,0.6392,0,0,1,28.675,77.225,147.09,204.27,375.5
GRID_R05_C06,2023-02-21,2023,2,21,52,0.7799,0.6259,0,0,1,28.675,77.225,125.63,121.27,656.0
GRID_R05_C06,2023-02-22,2023,2,22,53,0.7906,0.6124,0,0,1,28.675,77.225,137.12,142.42,598.33
GRID_R05_C06,2023-02-23,2023,2,23,54,0.801,0.5987,0,0,1,28.675,77.225,82.06,100.74,433.71
GRID_R05_C06,2023-02-24,2023,2,24,55,0.8112,0.5848,0,0,1,28.675,77.225,80.97,101.45,294.0
GRID_R05_C06,2023-02-25,2023,2,25,56,0.8211,0.5708,0,0,1,28.675,77.225,115.56,131.95,342.93
GRID_R05_C06,2023-02-26,2023,2,26,57,0.8308,0.5566,0,0,1,28.675,77.225,138.48,183.46,388.62
GRID_R05_C06,2023-02-27,2023,2,27,58,0.8402,0.5422,0,0,1,28.675,77.225,119.02,171.7,601.25
GRID_R05_C06,2023-02-28,2023,2,28,59,0.8495,0.5277,0,0,1,28.675,77.225,90.5,131.14,342.25
GRID_R05_C06,2023-03-01,2023,3,1,60,0.8584,0.513,0,0,1,28.675,77.225,74.16,60.12,336.12
GRID_R05_C06,2023-03-02,2023,3,2,61,0.8671,0.4981,0,0,1,28.675,77.225,91.36,122.77,494.45
GRID_R05_C06,2023-03-03,2023,3,3,62,0.8755,0.4831,0,0,1,28.675,77.225,61.71,80.19,223.43
GRID_R05_C06,2023-03-04,2023,3,4,63,0.8837,0.468,0,0,1,28.675,77.225,54.64,54.04,213.2
GRID_R05_C06,2023-03-05,2023,3,5,64,0.8916,0.4527,0,0,1,28.675,77.225,56.31,73.75,238.5
GRID_R05_C06,2023-03-06,2023,3,6,65,0.8993,0.4373,0,0,1,28.675,77.225,67.11,102.74,260.5
GRID_R05_C06,2023-03-07,2023,3,7,66,0.9067,0.4218,0,0,1,28.675,77.225,85.44,122.07,859.6
GRID_R05_C06,2023-03-08,2023,3,8,67,0.9138,0.4061,0,0,1,28.675,77.225,112.71,170.69,449.76
GRID_R05_C06,2023-03-09,2023,3,9,68,0.9207,0.3904,0,0,1,28.675,77.225,55.22,43.35,174.25
GRID_R05_C06,2023-03-10,2023,3,10,69,0.9272,0.3745,0,0,1,28.675,77.225,90.97,142.38,363.25
GRID_R05_C06,2023-03-11,2023,3,11,70,0.9335,0.3585,0,0,1,28.675,77.225,92.21,126.75,376.25
GRID_R05_C06,2023-03-12,2023,3,12,71,0.9396,0.3424,0,0,1,28.675,77.225,96.52,128.32,343.0
GRID_R05_C06,2023-03-13,2023,3,13,72,0.9453,0.3261,0,0,1,28.675,77.225,106.76,170.57,539.25
GRID_R05_C06,2023-03-14,2023,3,14,73,0.9508,0.3098,0,0,1,28.675,77.225,101.82,169.29,405.0
GRID_R05_C06,2023-03-15,2023,3,15,74,0.956,0.2934,0,0,1,28.675,77.225,99.28,144.25,493.0
GRID_R05_C06,2023-03-16,2023,3,16,75,0.9609,0.2769,0,0,1,28.675,77.225,103.45,169.42,311.0
GRID_R05_C06,2023-03-17,2023,3,17,76,0.9655,0.2604,0,0,1,28.675,77.225,95.66,126.99,277.0
GRID_R05_C06,2023-03-18,2023,3,18,77,0.9698,0.2437,0,0,1,28.675,77.225,68.73,68.92,246.33
GRID_R05_C06,2023-03-19,2023,3,19,78,0.9739,0.227,0,0,1,28.675,77.225,81.25,107.01,194.0
GRID_R05_C06,2023-03-20,2023,3,20,79,0.9777,0.2102,0,0,1,28.675,77.225,56.77,86.71,484.7
GRID_R05_C06,2023-03-21,2023,3,21,80,0.9811,0.1934,0,0,1,28.675,77.225,46.16,46.26,421.4
GRID_R05_C06,2023-03-22,2023,3,22,81,0.9843,0.1765,0,0,1,28.675,77.225,78.51,103.87,263.7
GRID_R05_C06,2023-03-23,2023,3,23,82,0.9872,0.1595,0,0,1,28.675,77.225,72.64,126.92,389.37
GRID_R05_C06,2023-03-24,2023,3,24,83,0.9898,0.1425,0,0,1,28.675,77.225,87.5,147.35,331.25
GRID_R05_C06,2023-03-25,2023,3,25,84,0.9921,0.1255,0,0,1,28.675,77.225,40.65,22.9,265.23
GRID_R05_C06,2023-03-26,2023,3,26,85,0.9941,0.1084,0,0,1,28.675,77.225,65.61,67.31,296.75
GRID_R05_C06,2023-03-27,2023,3,27,86,0.9958,0.0913,0,0,1,28.675,77.225,59.22,104.09,897.0
GRID_R05_C06,2023-03-28,2023,3,28,87,0.9972,0.0741,0,0,1,28.675,77.225,68.09,117.08,303.75
GRID_R05_C06,2023-03-29,2023,3,29,88,0.9984,0.057,0,0,1,28.675,77.225,86.06,147.88,297.25
GRID_R05_C06,2023-03-30,2023,3,30,89,0.9992,0.0398,0,0,1,28.675,77.225,71.1,110.89,393.2
GRID_R05_C06,2023-03-31,2023,3,31,90,0.9997,0.0226,0,0,1,28.675,77.225,30.7,33.22,368.03
GRID_R05_C06,2023-04-01,2023,4,1,91,1.0,0.0054,0,0,1,28.675,77.225,45.0,50.95,280.2
GRID_R05_C06,2023-04-02,2023,4,2,92,0.9999,-0.0118,0,0,1,28.675,77.225,59.81,80.84,224.28
GRID_R05_C06,2023-04-03,2023,4,3,93,0.9996,-0.029,0,0,1,28.675,77.225,72.19,121.82,333.0
GRID_R05_C06,2023-04-04,2023,4,4,94,0.9989,-0.0462,0,0,1,28.675,77.225,45.44,29.36,231.75
GRID_R05_C06,2023-04-05,2023,4,5,95,0.998,-0.0634,0,0,1,28.675,77.225,54.84,74.72,301.97
GRID_R05_C06,2023-04-06,2023,4,6,96,0.9968,-0.0805,0,0,1,28.675,77.225,41.83,38.85,274.75
GRID_R05_C06,2023-04-07,2023,4,7,97,0.9952,-0.0977,0,0,1,28.675,77.225,50.13,62.82,231.4
GRID_R05_C06,2023-04-08,2023,4,8,98,0.9934,-0.1148,0,0,1,28.675,77.225,70.16,112.22,310.8
GRID_R05_C06,2023-04-09,2023,4,9,99,0.9913,-0.1319,0,0,1,28.675,77.225,104.17,193.79,517.0
GRID_R05_C06,2023-04-10,2023,4,10,100,0.9889,-0.1489,0,0,1,28.675,77.225,90.88,162.06,345.5
GRID_R05_C06,2023-04-11,2023,4,11,101,0.9861,-0.1659,0,0,1,28.675,77.225,125.55,211.25,484.0
GRID_R05_C06,2023-04-12,2023,4,12,102,0.9831,-0.1828,0,0,1,28.675,77.225,80.5,109.18,301.75
GRID_R05_C06,2023-04-13,2023,4,13,103,0.9799,-0.1997,0,0,1,28.675,77.225,91.21,134.67,408.07
GRID_R05_C06,2023-04-14,2023,4,14,104,0.9763,-0.2165,0,0,1,28.675,77.225,101.61,180.79,637.98
GRID_R05_C06,2023-04-15,2023,4,15,105,0.9724,-0.2333,0,0,1,28.675,77.225,102.14,168.04,426.0
GRID_R05_C06,2023-04-16,2023,4,16,106,0.9683,-0.25,0,0,1,28.675,77.225,74.74,116.52,292.25
GRID_R05_C06,2023-04-17,2023,4,17,107,0.9638,-0.2666,0,0,1,28.675,77.225,73.07,100.08,843.0
GRID_R05_C06,2023-04-18,2023,4,18,108,0.9591,-0.2831,0,0,1,28.675,77.225,77.58,87.12,341.25
GRID_R05_C06,2023-04-19,2023,4,19,109,0.9541,-0.2996,0,0,1,28.675,77.225,61.25,60.06,355.0
GRID_R05_C06,2023-04-20,2023,4,20,110,0.9488,-0.316,0,0,1,28.675,77.225,43.08,46.28,257.25
GRID_R05_C06,2023-04-21,2023,4,21,111,0.9432,-0.3322,0,0,1,28.675,77.225,42.14,38.9,132.0
GRID_R05_C06,2023-04-22,2023,4,22,112,0.9373,-0.3484,0,0,1,28.675,77.225,42.02,47.82,285.6
GRID_R05_C06,2023-04-23,2023,4,23,113,0.9312,-0.3645,0,0,1,28.675,77.225,27.04,22.57,116.15
GRID_R05_C06,2023-04-24,2023,4,24,114,0.9248,-0.3804,0,0,1,28.675,77.225,60.44,93.49,284.25
GRID_R05_C06,2023-04-25,2023,4,25,115,0.9181,-0.3963,0,0,1,28.675,77.225,57.03,54.03,232.0
GRID_R05_C06,2023-04-26,2023,4,26,116,0.9112,-0.412,0,0,1,28.675,77.225,89.57,102.38,227.88
GRID_R05_C06,2023-04-27,2023,4,27,117,0.9039,-0.4276,0,0,1,28.675,77.225,81.27,126.06,347.77
GRID_R05_C06,2023-04-28,2023,4,28,118,0.8965,-0.4431,0,0,1,28.675,77.225,69.6,79.05,230.5
GRID_R05_C06,2023-04-29,2023,4,29,119,0.8887,-0.4585,0,0,1,28.675,77.225,74.43,104.95,512.24
GRID_R05_C06,2023-04-30,2023,4,30,120,0.8807,-0.4737,0,0,1,28.675,77.225,51.31,52.35,388.1
GRID_R05_C06,2023-05-01,2023,5,1,121,0.8724,-0.4888,0,0,1,28.675,77.225,42.14,40.18,123.7
GRID_R05_C06,2023-05-02,2023,5,2,122,0.8639,-0.5037,0,0,1,28.675,77.225,40.17,33.05,142.0
GRID_R05_C06,2023-05-03,2023,5,3,123,0.8551,-0.5185,0,0,1,28.675,77.225,46.47,61.87,161.0
GRID_R05_C06,2023-05-04,2023,5,4,124,0.846,-0.5331,0,0,1,28.675,77.225,61.21,69.35,212.75
GRID_R05_C06,2023-05-05,2023,5,5,125,0.8367,-0.5476,0,0,1,28.675,77.225,81.37,90.75,335.0
GRID_R05_C06,2023-05-06,2023,5,6,126,0.8272,-0.5619,0,0,1,28.675,77.225,104.11,196.28,426.25
GRID_R05_C06,2023-05-07,2023,5,7,127,0.8174,-0.5761,0,0,1,28.675,77.225,65.47,75.25,269.5
GRID_R05_C06,2023-05-08,2023,5,8,128,0.8074,-0.59,0,0,1,28.675,77.225,54.44,80.29,242.4
GRID_R05_C06,2023-05-09,2023,5,9,129,0.7971,-0.6038,0,0,1,28.675,77.225,95.57,166.97,316.75
GRID_R05_C06,2023-05-10,2023,5,10,130,0.7866,-0.6175,0,0,1,28.675,77.225,91.05,128.71,319.0
GRID_R05_C06,2023-05-11,2023,5,11,131,0.7759,-0.6309,0,0,1,28.675,77.225,130.6,209.36,393.0
GRID_R05_C06,2023-05-12,2023,5,12,132,0.7649,-0.6442,0,0,1,28.675,77.225,91.49,100.45,348.88
GRID_R05_C06,2023-05-13,2023,5,13,133,0.7537,-0.6572,0,0,1,28.675,77.225,99.09,109.57,485.68
GRID_R05_C06,2023-05-14,2023,5,14,134,0.7423,-0.6701,0,0,1,28.675,77.225,98.57,136.92,479.27
GRID_R05_C06,2023-05-15,2023,5,15,135,0.7306,-0.6828,0,0,1,28.675,77.225,38.31,29.97,302.67
GRID_R05_C06,2023-05-16,2023,5,16,136,0.7188,-0.6952,0,0,1,28.675,77.225,136.34,257.39,858.0
GRID_R05_C06,2023-05-17,2023,5,17,137,0.7067,-0.7075,0,0,1,28.675,77.225,90.2,128.36,439.2
GRID_R05_C06,2023-05-18,2023,5,18,138,0.6945,-0.7195,0,0,1,28.675,77.225,41.38,32.39,475.8
GRID_R05_C06,2023-05-19,2023,5,19,139,0.682,-0.7314,0,0,1,28.675,77.225,66.91,82.41,324.2
GRID_R05_C06,2023-05-20,2023,5,20,140,0.6693,-0.743,0,0,1,28.675,77.225,69.13,97.72,410.08
GRID_R05_C06,2023-05-21,2023,5,21,141,0.6564,-0.7544,0,0,1,28.675,77.225,81.61,112.52,418.88
GRID_R05_C06,2023-05-22,2023,5,22,142,0.6433,-0.7656,0,0,1,28.675,77.225,62.36,47.74,293.65
GRID_R05_C06,2023-05-23,2023,5,23,143,0.6301,-0.7765,0,0,1,28.675,77.225,51.37,39.71,426.07
GRID_R05_C06,2023-05-24,2023,5,24,144,0.6166,-0.7873,0,0,1,28.675,77.225,30.2,33.36,224.1
GRID_R05_C06,2023-05-25,2023,5,25,145,0.603,-0.7978,0,0,1,28.675,77.225,25.89,20.93,134.75
GRID_R05_C06,2023-05-26,2023,5,26,146,0.5892,-0.808,0,0,1,28.675,77.225,26.17,23.94,150.6
GRID_R05_C06,2023-05-27,2023,5,27,147,0.5752,-0.818,0,0,1,28.675,77.225,33.7,29.09,523.54
GRID_R05_C06,2023-05-28,2023,5,28,148,0.561,-0.8278,0,0,1,28.675,77.225,56.8,80.39,233.0
GRID_R05_C06,2023-05-29,2023,5,29,149,0.5467,-0.8373,0,0,1,28.675,77.225,37.1,30.3,130.5
GRID_R05_C06,2023-05-30,2023,5,30,150,0.5322,-0.8466,0,0,1,28.675,77.225,40.46,55.96,135.7
GRID_R05_C06,2023-05-31,2023,5,31,151,0.5176,-0.8556,0,0,1,28.675,77.225,33.88,31.72,143.0
GRID_R05_C06,2023-06-01,2023,6,1,152,0.5028,-0.8644,0,0,1,28.675,77.225,46.64,58.04,292.76
GRID_R05_C06,2023-06-02,2023,6,2,153,0.4878,-0.8729,0,0,1,28.675,77.225,41.96,45.19,187.5
GRID_R05_C06,2023-06-03,2023,6,3,154,0.4728,-0.8812,0,0,1,28.675,77.225,53.0,61.51,386.5
GRID_R05_C06,2023-06-04,2023,6,4,155,0.4575,-0.8892,0,0,1,28.675,77.225,78.77,80.91,325.5
GRID_R05_C06,2023-06-05,2023,6,5,156,0.4422,-0.8969,0,0,1,28.675,77.225,62.55,71.0,251.1
GRID_R05_C06,2023-06-06,2023,6,6,157,0.4267,-0.9044,0,0,1,28.675,77.225,67.29,33.7,572.5
GRID_R05_C06,2023-06-07,2023,6,7,158,0.4111,-0.9116,0,0,1,28.675,77.225,68.05,92.24,474.55
GRID_R05_C06,2023-06-08,2023,6,8,159,0.3953,-0.9185,0,0,1,28.675,77.225,53.69,69.34,233.88
GRID_R05_C06,2023-06-09,2023,6,9,160,0.3795,-0.9252,0,0,1,28.675,77.225,43.43,43.51,173.5
GRID_R05_C06,2023-06-10,2023,6,10,161,0.3635,-0.9316,0,0,1,28.675,77.225,40.9,41.88,253.85
GRID_R05_C06,2023-06-11,2023,6,11,162,0.3474,-0.9377,0,0,1,28.675,77.225,39.92,35.37,191.32
GRID_R05_C06,2023-06-12,2023,6,12,163,0.3312,-0.9436,0,0,1,28.675,77.225,51.16,50.58,183.13
GRID_R05_C06,2023-06-13,2023,6,13,164,0.3149,-0.9491,0,0,1,28.675,77.225,58.07,62.85,247.82
GRID_R05_C06,2023-06-14,2023,6,14,165,0.2986,-0.9544,0,0,1,28.675,77.225,45.05,47.56,165.3
GRID_R05_C06,2023-06-15,2023,6,15,166,0.2821,-0.9594,0,0,1,28.675,77.225,36.9,41.12,210.9
GRID_R05_C06,2023-06-16,2023,6,16,167,0.2656,-0.9641,0,0,1,28.675,77.225,37.95,48.17,185.82
GRID_R05_C06,2023-06-17,2023,6,17,168,0.2489,-0.9685,0,0,1,28.675,77.225,42.72,46.56,196.94
GRID_R05_C06,2023-06-18,2023,6,18,169,0.2322,-0.9727,0,0,1,28.675,77.225,30.42,37.76,95.27
GRID_R05_C06,2023-06-19,2023,6,19,170,0.2155,-0.9765,0,0,1,28.675,77.225,26.76,19.09,89.0
GRID_R05_C06,2023-06-20,2023,6,20,171,0.1986,-0.9801,0,0,1,28.675,77.225,40.77,53.19,135.0
GRID_R05_C06,2023-06-21,2023,6,21,172,0.1818,-0.9833,0,0,1,28.675,77.225,37.05,27.92,126.36
GRID_R05_C06,2023-06-22,2023,6,22,173,0.1648,-0.9863,0,0,1,28.675,77.225,41.72,35.46,199.0
GRID_R05_C06,2023-06-23,2023,6,23,174,0.1478,-0.989,0,0,1,28.675,77.225,49.84,32.79,132.8
GRID_R05_C06,2023-06-24,2023,6,24,175,0.1308,-0.9914,0,0,1,28.675,77.225,53.71,59.12,164.0
GRID_R05_C06,2023-06-25,2023,6,25,176,0.1137,-0.9935,0,0,1,28.675,77.225,26.17,10.57,213.9
GRID_R05_C06,2023-06-26,2023,6,26,177,0.0966,-0.9953,0,0,1,28.675,77.225,45.76,58.46,238.0
GRID_R05_C06,2023-06-27,2023,6,27,178,0.0795,-0.9968,0,0,1,28.675,77.225,35.56,22.2,134.5
GRID_R05_C06,2023-06-28,2023,6,28,179,0.0623,-0.9981,0,0,1,28.675,77.225,33.49,42.22,122.25
GRID_R05_C06,2023-06-29,2023,6,29,180,0.0451,-0.999,0,0,1,28.675,77.225,40.76,45.28,206.0
GRID_R05_C06,2023-06-30,2023,6,30,181,0.028,-0.9996,0,0,1,28.675,77.225,25.96,19.04,324.97
GRID_R05_C06,2023-07-01,2023,7,1,182,0.0108,-0.9999,0,0,1,28.675,77.225,23.8,26.41,96.0
GRID_R05_C06,2023-07-02,2023,7,2,183,-0.0065,-1.0,0,0,1,28.675,77.225,34.21,26.01,119.0
GRID_R05_C06,2023-07-03,2023,7,3,184,-0.0237,-0.9997,0,0,1,28.675,77.225,53.81,37.97,133.0
GRID_R05_C06,2023-07-04,2023,7,4,185,-0.0408,-0.9992,0,0,1,28.675,77.225,49.22,51.84,135.02
GRID_R05_C06,2023-07-05,2023,7,5,186,-0.058,-0.9983,0,0,1,28.675,77.225,37.45,41.64,86.0
GRID_R05_C06,2023-07-06,2023,7,6,187,-0.0752,-0.9972,0,0,1,28.675,77.225,28.22,45.88,88.58
GRID_R05_C06,2023-07-07,2023,7,7,188,-0.0923,-0.9957,0,0,1,28.675,77.225,33.63,33.24,155.48
GRID_R05_C06,2023-07-08,2023,7,8,189,-0.1094,-0.994,0,0,1,28.675,77.225,27.02,21.61,192.15
GRID_R05_C06,2023-07-09,2023,7,9,190,-0.1265,-0.992,0,0,1,28.675,77.225,23.16,29.5,102.5
GRID_R05_C06,2023-07-10,2023,7,10,191,-0.1436,-0.9896,0,0,1,28.675,77.225,27.0,34.64,127.0
GRID_R05_C06,2023-07-11,2023,7,11,192,-0.1606,-0.987,0,0,1,28.675,77.225,33.59,36.34,95.5
GRID_R05_C06,2023-07-12,2023,7,12,193,-0.1775,-0.9841,0,0,1,28.675,77.225,32.39,32.56,101.15
GRID_R05_C06,2023-07-13,2023,7,13,194,-0.1944,-0.9809,0,0,1,28.675,77.225,37.11,36.05,103.0
GRID_R05_C06,2023-07-14,2023,7,14,195,-0.2113,-0.9774,0,0,1,28.675,77.225,36.83,37.88,86.6
GRID_R05_C06,2023-07-15,2023,7,15,196,-0.2281,-0.9736,0,0,1,28.675,77.225,37.5,32.62,135.25
GRID_R05_C06,2023-07-16,2023,7,16,197,-0.2448,-0.9696,0,0,1,28.675,77.225,28.46,25.38,107.4
GRID_R05_C06,2023-07-17,2023,7,17,198,-0.2614,-0.9652,0,0,1,28.675,77.225,45.31,30.88,158.0
GRID_R05_C06,2023-07-18,2023,7,18,199,-0.278,-0.9606,0,0,1,28.675,77.225,35.48,38.27,74.89
GRID_R05_C06,2023-07-19,2023,7,19,200,-0.2945,-0.9557,0,0,1,28.675,77.225,32.01,28.76,70.43
GRID_R05_C06,2023-07-20,2023,7,20,201,-0.3109,-0.9505,0,0,1,28.675,77.225,43.29,44.02,244.25
GRID_R05_C06,2023-07-21,2023,7,21,202,-0.3272,-0.945,0,0,1,28.675,77.225,53.1,60.53,274.0
GRID_R05_C06,2023-07-22,2023,7,22,203,-0.3434,-0.9392,0,0,1,28.675,77.225,34.44,34.98,124.7
GRID_R05_C06,2023-07-23,2023,7,23,204,-0.3595,-0.9332,0,0,1,28.675,77.225,27.59,26.55,94.0
GRID_R05_C06,2023-07-24,2023,7,24,205,-0.3755,-0.9268,0,0,1,28.675,77.225,30.6,33.99,141.0
GRID_R05_C06,2023-07-25,2023,7,25,206,-0.3914,-0.9202,0,0,1,28.675,77.225,43.11,37.92,123.33
GRID_R05_C06,2023-07-26,2023,7,26,207,-0.4071,-0.9134,0,0,1,28.675,77.225,24.52,10.76,91.6
GRID_R05_C06,2023-07-27,2023,7,27,208,-0.4228,-0.9062,0,0,1,28.675,77.225,39.93,45.29,160.75
GRID_R05_C06,2023-07-28,2023,7,28,209,-0.4383,-0.8988,0,0,1,28.675,77.225,35.1,43.94,172.36
GRID_R05_C06,2023-07-29,2023,7,29,210,-0.4537,-0.8912,0,0,1,28.675,77.225,16.8,18.34,95.0
GRID_R05_C06,2023-07-30,2023,7,30,211,-0.469,-0.8832,0,0,1,28.675,77.225,23.51,21.03,138.43
GRID_R05_C06,2023-07-31,2023,7,31,212,-0.4841,-0.875,0,0,1,28.675,77.225,45.49,57.92,853.8
GRID_R05_C06,2023-08-01,2023,8,1,213,-0.4991,-0.8666,0,0,1,28.675,77.225,28.05,23.08,105.33
GRID_R05_C06,2023-08-02,2023,8,2,214,-0.5139,-0.8578,0,0,1,28.675,77.225,27.37,27.07,335.4
GRID_R05_C06,2023-08-03,2023,8,3,215,-0.5286,-0.8489,0,0,1,28.675,77.225,31.06,25.45,183.33
GRID_R05_C06,2023-08-04,2023,8,4,216,-0.5431,-0.8397,0,0,1,28.675,77.225,36.88,30.03,250.75
GRID_R05_C06,2023-08-05,2023,8,5,217,-0.5575,-0.8302,0,0,1,28.675,77.225,40.65,37.91,558.29
GRID_R05_C06,2023-08-06,2023,8,6,218,-0.5717,-0.8205,0,0,1,28.675,77.225,30.95,26.53,315.18
GRID_R05_C06,2023-08-07,2023,8,7,219,-0.5857,-0.8105,0,0,1,28.675,77.225,29.26,26.44,98.5
GRID_R05_C06,2023-08-08,2023,8,8,220,-0.5996,-0.8003,0,0,1,28.675,77.225,30.8,27.08,137.0
GRID_R05_C06,2023-08-09,2023,8,9,221,-0.6132,-0.7899,0,0,1,28.675,77.225,36.83,29.18,150.12
GRID_R05_C06,2023-08-10,2023,8,10,222,-0.6267,-0.7792,0,0,1,28.675,77.225,37.31,33.22,129.6
GRID_R05_C06,2023-08-11,2023,8,11,223,-0.64,-0.7683,0,0,1,28.675,77.225,40.24,35.46,237.7
GRID_R05_C06,2023-08-12,2023,8,12,224,-0.6532,-0.7572,0,0,1,28.675,77.225,35.54,31.69,172.82
GRID_R05_C06,2023-08-13,2023,8,13,225,-0.6661,-0.7459,0,0,1,28.675,77.225,30.13,26.24,177.0
GRID_R05_C06,2023-08-14,2023,8,14,226,-0.6788,-0.7343,0,0,1,28.675,77.225,36.36,35.75,161.0
GRID_R05_C06,2023-08-15,2023,8,15,227,-0.6914,-0.7225,0,0,1,28.675,77.225,46.34,49.85,262.0
GRID_R05_C06,2023-08-16,2023,8,16,228,-0.7037,-0.7105,0,0,1,28.675,77.225,47.54,49.9,166.25
GRID_R05_C06,2023-08-17,2023,8,17,229,-0.7158,-0.6983,0,0,1,28.675,77.225,41.3,39.35,117.0
GRID_R05_C06,2023-08-18,2023,8,18,230,-0.7277,-0.6859,0,0,1,28.675,77.225,45.5,38.4,223.76
GRID_R05_C06,2023-08-19,2023,8,19,231,-0.7394,-0.6733,0,0,1,28.675,77.225,45.16,23.41,160.25
GRID_R05_C06,2023-08-20,2023,8,20,232,-0.7509,-0.6605,0,0,1,28.675,77.225,38.0,45.6,180.0
GRID_R05_C06,2023-08-21,2023,8,21,233,-0.7621,-0.6474,0,0,1,28.675,77.225,39.39,38.68,118.25
GRID_R05_C06,2023-08-22,2023,8,22,234,-0.7731,-0.6342,0,0,1,28.675,77.225,37.83,42.07,167.0
GRID_R05_C06,2023-08-23,2023,8,23,235,-0.7839,-0.6208,0,0,1,28.675,77.225,24.4,25.96,129.0
GRID_R05_C06,2023-08-24,2023,8,24,236,-0.7945,-0.6073,0,0,1,28.675,77.225,31.87,25.48,625.79
GRID_R05_C06,2023-08-25,2023,8,25,237,-0.8048,-0.5935,0,0,1,28.675,77.225,35.18,29.15,122.33
GRID_R05_C06,2023-08-26,2023,8,26,238,-0.8149,-0.5796,0,0,1,28.675,77.225,45.15,39.47,163.97
GRID_R05_C06,2023-08-27,2023,8,27,239,-0.8248,-0.5655,0,0,1,28.675,77.225,53.2,65.29,151.2
GRID_R05_C06,2023-08-28,2023,8,28,240,-0.8344,-0.5512,0,0,1,28.675,77.225,48.16,46.22,196.04
GRID_R05_C06,2023-08-29,2023,8,29,241,-0.8437,-0.5368,0,0,1,28.675,77.225,44.85,31.69,135.5
GRID_R05_C06,2023-08-30,2023,8,30,242,-0.8528,-0.5222,0,0,1,28.675,77.225,48.19,45.46,289.6
GRID_R05_C06,2023-08-31,2023,8,31,243,-0.8617,-0.5074,0,0,1,28.675,77.225,48.55,56.61,188.69
GRID_R05_C06,2023-09-01,2023,9,1,244,-0.8703,-0.4925,0,0,1,28.675,77.225,41.84,47.03,117.0
GRID_R05_C06,2023-09-02,2023,9,2,245,-0.8786,-0.4775,0,0,1,28.675,77.225,41.91,42.76,425.9
GRID_R05_C06,2023-09-03,2023,9,3,246,-0.8867,-0.4623,0,0,1,28.675,77.225,40.67,41.45,167.62
GRID_R05_C06,2023-09-04,2023,9,4,247,-0.8945,-0.447,0,0,1,28.675,77.225,39.55,47.47,201.6
GRID_R05_C06,2023-09-05,2023,9,5,248,-0.9021,-0.4315,0,0,1,28.675,77.225,39.25,33.24,126.67
GRID_R05_C06,2023-09-06,2023,9,6,249,-0.9094,-0.4159,0,0,1,28.675,77.225,31.96,31.6,240.07
GRID_R05_C06,2023-09-07,2023,9,7,250,-0.9164,-0.4002,0,0,1,28.675,77.225,34.79,29.54,120.0
GRID_R05_C06,2023-09-08,2023,9,8,251,-0.9232,-0.3844,0,0,1,28.675,77.225,23.47,18.74,134.67
GRID_R05_C06,2023-09-09,2023,9,9,252,-0.9296,-0.3685,0,0,1,28.675,77.225,13.58,11.89,238.75
GRID_R05_C06,2023-09-10,2023,9,10,253,-0.9358,-0.3524,0,0,1,28.675,77.225,11.76,19.09,276.5
GRID_R05_C06,2023-09-11,2023,9,11,254,-0.9418,-0.3363,0,0,1,28.675,77.225,26.75,21.54,129.8
GRID_R05_C06,2023-09-12,2023,9,12,255,-0.9474,-0.32,0,0,1,28.675,77.225,37.65,35.75,132.4
GRID_R05_C06,2023-09-13,2023,9,13,256,-0.9528,-0.3037,0,0,1,28.675,77.225,51.37,42.36,155.33
GRID_R05_C06,2023-09-14,2023,9,14,257,-0.9579,-0.2873,0,0,1,28.675,77.225,57.35,57.39,183.8
GRID_R05_C06,2023-09-15,2023,9,15,258,-0.9627,-0.2707,0,0,1,28.675,77.225,35.66,32.14,119.3
GRID_R05_C06,2023-09-16,2023,9,16,259,-0.9672,-0.2541,0,0,1,28.675,77.225,31.21,36.63,587.47
GRID_R05_C06,2023-09-17,2023,9,17,260,-0.9714,-0.2375,0,0,1,28.675,77.225,25.16,25.36,129.0
GRID_R05_C06,2023-09-18,2023,9,18,261,-0.9753,-0.2207,0,0,1,28.675,77.225,18.76,21.04,147.5
GRID_R05_C06,2023-09-19,2023,9,19,262,-0.979,-0.2039,0,0,1,28.675,77.225,27.1,25.77,759.58
GRID_R05_C06,2023-09-20,2023,9,20,263,-0.9824,-0.187,0,0,1,28.675,77.225,39.61,45.44,246.0
GRID_R05_C06,2023-09-21,2023,9,21,264,-0.9854,-0.1701,0,0,1,28.675,77.225,40.36,40.94,282.0
GRID_R05_C06,2023-09-22,2023,9,22,265,-0.9882,-0.1531,0,0,1,28.675,77.225,51.72,57.98,134.35
GRID_R05_C06,2023-09-23,2023,9,23,266,-0.9907,-0.1361,0,0,1,28.675,77.225,47.3,44.72,563.34
GRID_R05_C06,2023-09-24,2023,9,24,267,-0.9929,-0.1191,0,0,1,28.675,77.225,60.51,87.9,237.75
GRID_R05_C06,2023-09-25,2023,9,25,268,-0.9948,-0.102,0,0,1,28.675,77.225,63.7,70.64,709.0
GRID_R05_C06,2023-09-26,2023,9,26,269,-0.9964,-0.0848,0,0,1,28.675,77.225,69.31,82.78,152.0
GRID_R05_C06,2023-09-27,2023,9,27,270,-0.9977,-0.0677,0,0,1,28.675,77.225,51.92,52.16,442.17
GRID_R05_C06,2023-09-28,2023,9,28,271,-0.9987,-0.0505,0,0,1,28.675,77.225,58.6,63.85,141.5
GRID_R05_C06,2023-09-29,2023,9,29,272,-0.9994,-0.0333,0,0,1,28.675,77.225,69.08,76.33,157.9
GRID_R05_C06,2023-09-30,2023,9,30,273,-0.9999,-0.0161,0,0,1,28.675,77.225,65.54,84.43,275.0
GRID_R05_C06,2023-10-01,2023,10,1,274,-1.0,0.0011,0,0,1,28.675,77.225,64.31,77.34,153.8
GRID_R05_C06,2023-10-02,2023,10,2,275,-0.9998,0.0183,0,0,1,28.675,77.225,61.74,71.87,269.05
GRID_R05_C06,2023-10-03,2023,10,3,276,-0.9994,0.0355,0,0,1,28.675,77.225,64.71,76.32,278.07
GRID_R05_C06,2023-10-04,2023,10,4,277,-0.9986,0.0527,0,0,1,28.675,77.225,72.24,87.17,179.1
GRID_R05_C06,2023-10-05,2023,10,5,278,-0.9976,0.0698,0,0,1,28.675,77.225,83.87,80.79,335.83
GRID_R05_C06,2023-10-06,2023,10,6,279,-0.9962,0.087,0,0,1,28.675,77.225,91.94,95.15,480.25
GRID_R05_C06,2023-10-07,2023,10,7,280,-0.9946,0.1041,0,0,1,28.675,77.225,81.62,92.96,329.0
GRID_R05_C06,2023-10-08,2023,10,8,281,-0.9926,0.1212,0,0,1,28.675,77.225,65.44,53.8,451.02
GRID_R05_C06,2023-10-09,2023,10,9,282,-0.9904,0.1383,0,0,1,28.675,77.225,70.25,49.29,422.12
GRID_R05_C06,2023-10-10,2023,10,10,283,-0.9879,0.1553,0,0,1,28.675,77.225,69.95,48.84,763.0
GRID_R05_C06,2023-10-11,2023,10,11,284,-0.9851,0.1722,0,0,1,28.675,77.225,84.32,101.64,250.0
GRID_R05_C06,2023-10-12,2023,10,12,285,-0.9819,0.1892,0,0,1,28.675,77.225,107.82,156.92,527.25
GRID_R05_C06,2023-10-13,2023,10,13,286,-0.9785,0.206,0,0,1,28.675,77.225,130.11,184.16,805.25
GRID_R05_C06,2023-10-14,2023,10,14,287,-0.9749,0.2228,0,0,1,28.675,77.225,110.14,146.24,452.2
GRID_R05_C06,2023-10-15,2023,10,15,288,-0.9709,0.2396,1,0,1,28.675,77.225,89.09,113.73,439.25
GRID_R05_C06,2023-10-16,2023,10,16,289,-0.9666,0.2562,1,0,1,28.675,77.225,65.05,98.0,189.5
GRID_R05_C06,2023-10-17,2023,10,17,290,-0.9621,0.2728,1,0,1,28.675,77.225,42.19,28.41,171.0
GRID_R05_C06,2023-10-18,2023,10,18,291,-0.9572,0.2893,1,0,1,28.675,77.225,52.36,63.07,180.0
GRID_R05_C06,2023-10-19,2023,10,19,292,-0.9521,0.3057,1,0,1,28.675,77.225,55.38,60.28,166.5
GRID_R05_C06,2023-10-20,2023,10,20,293,-0.9467,0.3221,1,1,1,28.675,77.225,98.18,145.11,425.42
GRID_R05_C06,2023-10-21,2023,10,21,294,-0.941,0.3383,1,1,1,28.675,77.225,139.65,189.46,458.48
GRID_R05_C06,2023-10-22,2023,10,22,295,-0.9351,0.3545,1,1,1,28.675,77.225,153.79,194.82,410.0
GRID_R05_C06,2023-10-23,2023,10,23,296,-0.9288,0.3705,1,1,1,28.675,77.225,129.89,228.84,407.75
GRID_R05_C06,2023-10-24,2023,10,24,297,-0.9223,0.3864,1,1,1,28.675,77.225,101.39,127.4,323.5
GRID_R05_C06,2023-10-25,2023,10,25,298,-0.9155,0.4022,1,1,1,28.675,77.225,123.36,152.14,404.0
GRID_R05_C06,2023-10-26,2023,10,26,299,-0.9085,0.4179,1,1,1,28.675,77.225,117.31,144.12,613.0
GRID_R05_C06,2023-10-27,2023,10,27,300,-0.9012,0.4335,1,1,1,28.675,77.225,136.62,153.67,534.5
GRID_R05_C06,2023-10-28,2023,10,28,301,-0.8936,0.4489,1,1,1,28.675,77.225,162.96,200.82,563.0
GRID_R05_C06,2023-10-29,2023,10,29,302,-0.8857,0.4642,1,1,1,28.675,77.225,174.32,219.06,400.0
GRID_R05_C06,2023-10-30,2023,10,30,303,-0.8776,0.4794,1,1,1,28.675,77.225,184.86,223.49,476.0
GRID_R05_C06,2023-10-31,2023,10,31,304,-0.8692,0.4944,1,1,1,28.675,77.225,205.19,231.99,443.5
GRID_R05_C06,2023-11-01,2023,11,1,305,-0.8606,0.5093,1,1,1,28.675,77.225,185.71,221.1,443.75
GRID_R05_C06,2023-11-02,2023,11,2,306,-0.8517,0.524,1,1,1,28.675,77.225,312.49,270.19,652.5
GRID_R05_C06,2023-11-03,2023,11,3,307,-0.8426,0.5386,1,1,1,28.675,77.225,310.48,428.5,646.75
GRID_R05_C06,2023-11-04,2023,11,4,308,-0.8332,0.553,1,1,1,28.675,77.225,334.72,328.77,637.25
GRID_R05_C06,2023-11-05,2023,11,5,309,-0.8235,0.5672,1,1,1,28.675,77.225,333.91,392.4,771.0
GRID_R05_C06,2023-11-06,2023,11,6,310,-0.8137,0.5813,1,1,1,28.675,77.225,262.43,335.16,621.75
GRID_R05_C06,2023-11-07,2023,11,7,311,-0.8035,0.5952,1,1,1,28.675,77.225,266.06,271.85,554.25
GRID_R05_C06,2023-11-08,2023,11,8,312,-0.7932,0.609,1,1,1,28.675,77.225,282.3,341.5,669.0
GRID_R05_C06,2023-11-09,2023,11,9,313,-0.7826,0.6225,1,1,1,28.675,77.225,328.8,368.02,608.0
GRID_R05_C06,2023-11-10,2023,11,10,314,-0.7718,0.6359,1,1,1,28.675,77.225,123.09,42.35,639.5
GRID_R05_C06,2023-11-11,2023,11,11,315,-0.7607,0.6491,1,1,1,28.675,77.225,92.82,89.57,245.17
GRID_R05_C06,2023-11-12,2023,11,12,316,-0.7494,0.6621,1,1,1,28.675,77.225,136.56,117.27,973.0
GRID_R05_C06,2023-11-13,2023,11,13,317,-0.7379,0.6749,1,1,1,28.675,77.225,309.44,337.28,997.0
GRID_R05_C06,2023-11-14,2023,11,14,318,-0.7262,0.6875,1,1,1,28.675,77.225,233.61,252.5,633.05
GRID_R05_C06,2023-11-15,2023,11,15,319,-0.7143,0.6998,1,1,1,28.675,77.225,257.18,349.19,527.75
GRID_R05_C06,2023-11-16,2023,11,16,320,-0.7021,0.712,1,1,1,28.675,77.225,325.3,364.68,632.75
GRID_R05_C06,2023-11-17,2023,11,17,321,-0.6898,0.724,1,1,1,28.675,77.225,235.51,335.7,633.0
GRID_R05_C06,2023-11-18,2023,11,18,322,-0.6772,0.7358,1,1,1,28.675,77.225,158.45,178.05,381.0
GRID_R05_C06,2023-11-19,2023,11,19,323,-0.6645,0.7473,1,1,1,28.675,77.225,160.41,171.08,544.0
GRID_R05_C06,2023-11-20,2023,11,20,324,-0.6515,0.7586,1,1,1,28.675,77.225,201.14,251.19,636.81
GRID_R05_C06,2023-11-21,2023,11,21,325,-0.6384,0.7697,1,0,1,28.675,77.225,235.7,257.44,404.0
GRID_R05_C06,2023-11-22,2023,11,22,326,-0.625,0.7806,1,0,1,28.675,77.225,239.69,276.53,514.0
GRID_R05_C06,2023-11-23,2023,11,23,327,-0.6115,0.7912,1,0,1,28.675,77.225,247.62,267.48,635.93
GRID_R05_C06,2023-11-24,2023,11,24,328,-0.5978,0.8016,1,0,1,28.675,77.225,303.74,346.38,910.5
GRID_R05_C06,2023-11-25,2023,11,25,329,-0.584,0.8118,1,0,1,28.675,77.225,254.87,305.8,508.25
GRID_R05_C06,2023-11-26,2023,11,26,330,-0.5699,0.8217,1,0,1,28.675,77.225,270.39,315.22,717.5
GRID_R05_C06,2023-11-27,2023,11,27,331,-0.5557,0.8314,1,0,1,28.675,77.225,228.52,267.01,471.5
GRID_R05_C06,2023-11-28,2023,11,28,332,-0.5413,0.8408,1,0,1,28.675,77.225,136.84,182.42,350.0
GRID_R05_C06,2023-11-29,2023,11,29,333,-0.5268,0.85,1,0,1,28.675,77.225,188.94,180.79,549.0
GRID_R05_C06,2023-11-30,2023,11,30,334,-0.5121,0.859,1,0,1,28.675,77.225,254.65,296.44,555.0
GRID_R05_C06,2023-12-01,2023,12,1,335,-0.4972,0.8676,1,0,1,28.675,77.225,223.03,224.22,552.0
GRID_R05_C06,2023-12-02,2023,12,2,336,-0.4822,0.8761,1,0,1,28.675,77.225,161.3,176.49,382.25
GRID_R05_C06,2023-12-03,2023,12,3,337,-0.4671,0.8842,1,0,1,28.675,77.225,154.52,184.0,542.0
GRID_R05_C06,2023-12-04,2023,12,4,338,-0.4518,0.8921,1,0,1,28.675,77.225,154.1,182.68,612.28
GRID_R05_C06,2023-12-05,2023,12,5,339,-0.4364,0.8998,1,0,1,28.675,77.225,139.18,173.96,394.75
GRID_R05_C06,2023-12-06,2023,12,6,340,-0.4208,0.9071,1,0,1,28.675,77.225,139.58,161.97,389.0
GRID_R05_C06,2023-12-07,2023,12,7,341,-0.4052,0.9142,1,0,1,28.675,77.225,174.82,197.11,578.0
GRID_R05_C06,2023-12-08,2023,12,8,342,-0.3894,0.9211,1,0,1,28.675,77.225,161.49,156.9,475.0
GRID_R05_C06,2023-12-09,2023,12,9,343,-0.3735,0.9276,1,0,1,28.675,77.225,163.31,175.44,427.5
GRID_R05_C06,2023-12-10,2023,12,10,344,-0.3575,0.9339,1,0,1,28.675,77.225,156.68,160.56,463.0
GRID_R05_C06,2023-12-11,2023,12,11,345,-0.3413,0.9399,1,0,1,28.675,77.225,168.19,182.37,561.0
GRID_R05_C06,2023-12-12,2023,12,12,346,-0.3251,0.9457,1,0,1,28.675,77.225,227.63,294.87,665.51
GRID_R05_C06,2023-12-13,2023,12,13,347,-0.3088,0.9511,1,0,1,28.675,77.225,231.66,294.47,719.0
GRID_R05_C06,2023-12-14,2023,12,14,348,-0.2924,0.9563,1,0,1,28.675,77.225,169.19,191.95,493.0
GRID_R05_C06,2023-12-15,2023,12,15,349,-0.2759,0.9612,1,0,1,28.675,77.225,186.46,220.69,482.0
GRID_R05_C06,2023-12-16,2023,12,16,350,-0.2593,0.9658,1,0,1,28.675,77.225,219.33,280.89,541.91
GRID_R05_C06,2023-12-17,2023,12,17,351,-0.2427,0.9701,1,0,1,28.675,77.225,201.73,245.12,608.0
GRID_R05_C06,2023-12-18,2023,12,18,352,-0.226,0.9741,1,0,1,28.675,77.225,154.57,174.45,365.5
GRID_R05_C06,2023-12-19,2023,12,19,353,-0.2092,0.9779,1,0,1,28.675,77.225,131.33,149.75,420.75
GRID_R05_C06,2023-12-20,2023,12,20,354,-0.1923,0.9813,1,0,1,28.675,77.225,153.31,140.51,486.06
GRID_R05_C06,2023-12-21,2023,12,21,355,-0.1754,0.9845,1,0,1,28.675,77.225,231.12,244.39,542.82
GRID_R05_C06,2023-12-22,2023,12,22,356,-0.1585,0.9874,1,0,1,28.675,77.225,309.16,272.04,634.0
GRID_R05_C06,2023-12-23,2023,12,23,357,-0.1414,0.9899,1,0,1,28.675,77.225,316.03,372.88,889.5
GRID_R05_C06,2023-12-24,2023,12,24,358,-0.1244,0.9922,1,0,1,28.675,77.225,285.82,359.89,656.25
GRID_R05_C06,2023-12-25,2023,12,25,359,-0.1073,0.9942,1,0,1,28.675,77.225,216.32,210.69,579.33
GRID_R05_C06,2023-12-26,2023,12,26,360,-0.0902,0.9959,1,0,1,28.675,77.225,232.53,227.58,572.75
GRID_R05_C06,2023-12-27,2023,12,27,361,-0.073,0.9973,1,0,1,28.675,77.225,261.75,187.44,613.75
GRID_R05_C06,2023-12-28,2023,12,28,362,-0.0559,0.9984,1,0,1,28.675,77.225,188.87,138.42,437.5
GRID_R05_C06,2023-12-29,2023,12,29,363,-0.0387,0.9993,1,0,1,28.675,77.225,253.49,197.63,560.75
GRID_R05_C06,2023-12-30,2023,12,30,364,-0.0215,0.9998,1,0,1,28.675,77.225,248.19,214.17,401.0
GRID_R05_C06,2023-12-31,2023,12,31,365,-0.0043,1.0,1,0,1,28.675,77.225,215.66,191.45,356.0
GRID_R05_C06,2024-01-01,2024,1,1,1,0.0172,0.9999,1,0,1,28.675,77.225,176.71,154.68,355.0
GRID_R05_C06,2024-01-02,2024,1,2,2,0.0344,0.9994,1,0,1,28.675,77.225,180.65,168.0,478.5
GRID_R05_C06,2024-01-03,2024,1,3,3,0.0516,0.9987,1,0,1,28.675,77.225,191.73,129.29,716.0
GRID_R05_C06,2024-01-04,2024,1,4,4,0.0688,0.9976,1,0,1,28.675,77.225,215.34,189.23,465.75
GRID_R05_C06,2024-01-05,2024,1,5,5,0.0859,0.9963,1,0,1,28.675,77.225,158.89,117.06,353.25
GRID_R05_C06,2024-01-06,2024,1,6,6,0.103,0.9947,1,0,1,28.675,77.225,170.61,129.12,473.67
GRID_R05_C06,2024-01-07,2024,1,7,7,0.1201,0.9928,1,0,1,28.675,77.225,167.25,134.64,473.25
GRID_R05_C06,2024-01-08,2024,1,8,8,0.1372,0.9905,1,0,1,28.675,77.225,227.1,166.1,737.75
GRID_R05_C06,2024-01-09,2024,1,9,9,0.1542,0.988,1,0,1,28.675,77.225,131.42,143.72,288.12
GRID_R05_C06,2024-01-10,2024,1,10,10,0.1712,0.9852,1,0,1,28.675,77.225,154.84,107.78,457.17
GRID_R05_C06,2024-01-11,2024,1,11,11,0.1881,0.9821,1,0,1,28.675,77.225,188.87,157.43,515.5
GRID_R05_C06,2024-01-12,2024,1,12,12,0.205,0.9788,1,0,1,28.675,77.225,181.96,127.27,881.0
GRID_R05_C06,2024-01-13,2024,1,13,13,0.2218,0.9751,1,0,1,28.675,77.225,353.96,224.6,958.0
GRID_R05_C06,2024-01-14,2024,1,14,14,0.2385,0.9711,1,0,1,28.675,77.225,322.05,237.24,919.0
GRID_R05_C06,2024-01-15,2024,1,15,15,0.2552,0.9669,1,0,1,28.675,77.225,185.48,135.55,704.75
GRID_R05_C06,2024-01-16,2024,1,16,16,0.2718,0.9624,1,0,1,28.675,77.225,241.48,211.13,522.5
GRID_R05_C06,2024-01-17,2024,1,17,17,0.2883,0.9575,1,0,1,28.675,77.225,204.75,183.05,478.75
GRID_R05_C06,2024-01-18,2024,1,18,18,0.3047,0.9524,1,0,1,28.675,77.225,171.02,102.78,445.0
GRID_R05_C06,2024-01-19,2024,1,19,19,0.3211,0.9471,1,0,1,28.675,77.225,180.88,144.48,352.0
GRID_R05_C06,2024-01-20,2024,1,20,20,0.3373,0.9414,1,0,1,28.675,77.225,185.5,138.15,534.0
GRID_R05_C06,2024-01-21,2024,1,21,21,0.3534,0.9355,1,0,1,28.675,77.225,170.0,135.9,377.75
GRID_R05_C06,2024-01-22,2024,1,22,22,0.3695,0.9292,1,0,1,28.675,77.225,206.04,144.34,701.0
GRID_R05_C06,2024-01-23,2024,1,23,23,0.3854,0.9227,1,0,1,28.675,77.225,219.24,142.07,487.0
GRID_R05_C06,2024-01-24,2024,1,24,24,0.4012,0.916,1,0,1,28.675,77.225,246.43,216.23,531.75
GRID_R05_C06,2024-01-25,2024,1,25,25,0.4169,0.9089,1,0,1,28.675,77.225,194.53,103.21,655.75
GRID_R05_C06,2024-01-26,2024,1,26,26,0.4325,0.9016,1,0,1,28.675,77.225,289.48,260.3,917.0
GRID_R05_C06,2024-01-27,2024,1,27,27,0.4479,0.8941,1,0,1,28.675,77.225,181.24,191.55,583.75
GRID_R05_C06,2024-01-28,2024,1,28,28,0.4633,0.8862,1,0,1,28.675,77.225,252.72,244.89,693.85
GRID_R05_C06,2024-01-29,2024,1,29,29,0.4784,0.8781,1,0,1,28.675,77.225,202.95,155.93,541.75
GRID_R05_C06,2024-01-30,2024,1,30,30,0.4935,0.8698,1,0,1,28.675,77.225,213.54,130.5,529.25
GRID_R05_C06,2024-01-31,2024,1,31,31,0.5084,0.8611,1,0,1,28.675,77.225,223.33,196.58,517.0
GRID_R05_C06,2024-02-01,2024,2,1,32,0.5231,0.8523,0,0,1,28.675,77.225,65.75,39.6,201.5
GRID_R05_C06,2024-02-02,2024,2,2,33,0.5377,0.8432,0,0,1,28.675,77.225,102.63,75.95,242.25
GRID_R05_C06,2024-02-03,2024,2,3,34,0.5521,0.8338,0,0,1,28.675,77.225,98.88,86.22,505.67
GRID_R05_C06,2024-02-04,2024,2,4,35,0.5664,0.8242,0,0,1,28.675,77.225,122.9,107.12,379.5
GRID_R05_C06,2024-02-05,2024,2,5,36,0.5805,0.8143,0,0,1,28.675,77.225,74.81,82.84,184.25
GRID_R05_C06,2024-02-06,2024,2,6,37,0.5944,0.8042,0,0,1,28.675,77.225,66.58,63.62,361.75
GRID_R05_C06,2024-02-07,2024,2,7,38,0.6081,0.7938,0,0,1,28.675,77.225,76.73,85.12,255.0
GRID_R05_C06,2024-02-08,2024,2,8,39,0.6217,0.7833,0,0,1,28.675,77.225,68.77,72.95,154.25
GRID_R05_C06,2024-02-09,2024,2,9,40,0.6351,0.7725,0,0,1,28.675,77.225,79.73,71.07,558.5
GRID_R05_C06,2024-02-10,2024,2,10,41,0.6483,0.7614,0,0,1,28.675,77.225,176.74,203.85,389.5
GRID_R05_C06,2024-02-11,2024,2,11,42,0.6613,0.7502,0,0,1,28.675,77.225,155.21,183.53,441.15
GRID_R05_C06,2024-02-12,2024,2,12,43,0.6741,0.7387,0,0,1,28.675,77.225,156.73,157.1,623.22
GRID_R05_C06,2024-02-13,2024,2,13,44,0.6867,0.727,0,0,1,28.675,77.225,203.35,210.56,458.74
GRID_R05_C06,2024-02-14,2024,2,14,45,0.6991,0.715,0,0,1,28.675,77.225,167.1,188.5,370.0
GRID_R05_C06,2024-02-15,2024,2,15,46,0.7113,0.7029,0,0,1,28.675,77.225,127.23,146.4,330.25
GRID_R05_C06,2024-02-16,2024,2,16,47,0.7233,0.6906,0,0,1,28.675,77.225,119.97,154.31,300.5
GRID_R05_C06,2024-02-17,2024,2,17,48,0.735,0.678,0,0,1,28.675,77.225,119.98,144.88,646.0
GRID_R05_C06,2024-02-18,2024,2,18,49,0.7466,0.6653,0,0,1,28.675,77.225,131.33,173.24,354.5
GRID_R05_C06,2024-02-19,2024,2,19,50,0.7579,0.6523,0,0,1,28.675,77.225,89.77,94.2,177.0
GRID_R05_C06,2024-02-20,2024,2,20,51,0.769,0.6392,0,0,1,28.675,77.225,120.38,118.12,384.67
GRID_R05_C06,2024-02-21,2024,2,21,52,0.7799,0.6259,0,0,1,28.675,77.225,89.5,92.84,263.0
GRID_R05_C06,2024-02-22,2024,2,22,53,0.7906,0.6124,0,0,1,28.675,77.225,61.85,89.15,268.68
GRID_R05_C06,2024-02-23,2024,2,23,54,0.801,0.5987,0,0,1,28.675,77.225,61.04,90.79,217.0
GRID_R05_C06,2024-02-24,2024,2,24,55,0.8112,0.5848,0,0,1,28.675,77.225,87.64,115.14,300.0
GRID_R05_C06,2024-02-25,2024,2,25,56,0.8211,0.5708,0,0,1,28.675,77.225,81.27,119.8,288.75
GRID_R05_C06,2024-02-26,2024,2,26,57,0.8308,0.5566,0,0,1,28.675,77.225,78.98,86.04,306.0
GRID_R05_C06,2024-02-27,2024,2,27,58,0.8402,0.5422,0,0,1,28.675,77.225,62.45,58.12,304.5
GRID_R05_C06,2024-02-28,2024,2,28,59,0.8495,0.5277,0,0,1,28.675,77.225,62.5,78.98,150.0
GRID_R05_C06,2024-02-29,2024,2,29,60,0.8584,0.513,0,0,1,28.675,77.225,67.57,85.39,255.67
GRID_R05_C06,2024-03-01,2024,3,1,61,0.8671,0.4981,0,0,1,28.675,77.225,91.52,134.08,369.75
GRID_R05_C06,2024-03-02,2024,3,2,62,0.8755,0.4831,0,0,1,28.675,77.225,33.53,30.69,331.1
GRID_R05_C06,2024-03-03,2024,3,3,63,0.8837,0.468,0,0,1,28.675,77.225,48.58,49.28,117.9
GRID_R05_C06,2024-03-04,2024,3,4,64,0.8916,0.4527,0,0,1,28.675,77.225,49.29,71.84,205.88
GRID_R05_C06,2024-03-05,2024,3,5,65,0.8993,0.4373,0,0,1,28.675,77.225,51.0,69.14,175.0
GRID_R05_C06,2024-03-06,2024,3,6,66,0.9067,0.4218,0,0,1,28.675,77.225,64.49,79.17,183.0
GRID_R05_C06,2024-03-07,2024,3,7,67,0.9138,0.4061,0,0,1,28.675,77.225,80.81,121.31,337.5
GRID_R05_C06,2024-03-08,2024,3,8,68,0.9207,0.3904,0,0,1,28.675,77.225,66.34,104.42,274.0
GRID_R05_C06,2024-03-09,2024,3,9,69,0.9272,0.3745,0,0,1,28.675,77.225,63.06,93.09,285.0
GRID_R05_C06,2024-03-10,2024,3,10,70,0.9335,0.3585,0,0,1,28.675,77.225,86.75,138.24,316.0
GRID_R05_C06,2024-03-11,2024,3,11,71,0.9396,0.3424,0,0,1,28.675,77.225,88.46,131.6,283.0
GRID_R05_C06,2024-03-12,2024,3,12,72,0.9453,0.3261,0,0,1,28.675,77.225,86.46,148.93,356.25
GRID_R05_C06,2024-03-13,2024,3,13,73,0.9508,0.3098,0,0,1,28.675,77.225,78.88,127.07,374.75
GRID_R05_C06,2024-03-14,2024,3,14,74,0.956,0.2934,0,0,1,28.675,77.225,87.64,146.29,340.25
GRID_R05_C06,2024-03-15,2024,3,15,75,0.9609,0.2769,0,0,1,28.675,77.225,47.12,61.55,523.84
GRID_R05_C06,2024-03-16,2024,3,16,76,0.9655,0.2604,0,0,1,28.675,77.225,77.67,97.76,272.5
GRID_R05_C06,2024-03-17,2024,3,17,77,0.9698,0.2437,0,0,1,28.675,77.225,91.12,140.8,319.25
GRID_R05_C06,2024-03-18,2024,3,18,78,0.9739,0.227,0,0,1,28.675,77.225,93.32,157.23,291.25
GRID_R05_C06,2024-03-19,2024,3,19,79,0.9777,0.2102,0,0,1,28.675,77.225,108.69,175.32,376.25
GRID_R05_C06,2024-03-20,2024,3,20,80,0.9811,0.1934,0,0,1,28.675,77.225,108.6,172.42,421.5
GRID_R05_C06,2024-03-21,2024,3,21,81,0.9843,0.1765,0,0,1,28.675,77.225,77.68,59.9,330.25
GRID_R05_C06,2024-03-22,2024,3,22,82,0.9872,0.1595,0,0,1,28.675,77.225,82.59,79.74,827.0
GRID_R05_C06,2024-03-23,2024,3,23,83,0.9898,0.1425,0,0,1,28.675,77.225,96.68,130.32,452.25
GRID_R05_C06,2024-03-24,2024,3,24,84,0.9921,0.1255,0,0,1,28.675,77.225,86.06,153.42,546.43
GRID_R05_C06,2024-03-25,2024,3,25,85,0.9941,0.1084,0,0,1,28.675,77.225,95.96,123.37,766.1
GRID_R05_C06,2024-03-26,2024,3,26,86,0.9958,0.0913,0,0,1,28.675,77.225,64.8,93.9,230.75
GRID_R05_C06,2024-03-27,2024,3,27,87,0.9972,0.0741,0,0,1,28.675,77.225,71.34,105.85,633.7
GRID_R05_C06,2024-03-28,2024,3,28,88,0.9984,0.057,0,0,1,28.675,77.225,68.5,91.49,426.88
GRID_R05_C06,2024-03-29,2024,3,29,89,0.9992,0.0398,0,0,1,28.675,77.225,85.28,117.0,568.35
GRID_R05_C06,2024-03-30,2024,3,30,90,0.9997,0.0226,0,0,1,28.675,77.225,86.72,102.6,518.72
GRID_R05_C06,2024-03-31,2024,3,31,91,1.0,0.0054,0,0,1,28.675,77.225,94.3,161.78,409.5
GRID_R05_C06,2024-04-01,2024,4,1,92,0.9999,-0.0118,0,0,1,28.675,77.225,53.67,88.33,567.9
GRID_R05_C06,2024-04-02,2024,4,2,93,0.9996,-0.029,0,0,1,28.675,77.225,64.78,118.59,542.43
GRID_R05_C06,2024-04-03,2024,4,3,94,0.9989,-0.0462,0,0,1,28.675,77.225,75.55,95.29,258.08
GRID_R05_C06,2024-04-04,2024,4,4,95,0.998,-0.0634,0,0,1,28.675,77.225,64.74,66.14,347.84
GRID_R05_C06,2024-04-05,2024,4,5,96,0.9968,-0.0805,0,0,1,28.675,77.225,63.67,84.65,237.42
GRID_R05_C06,2024-04-06,2024,4,6,97,0.9952,-0.0977,0,0,1,28.675,77.225,69.6,110.57,272.0
GRID_R05_C06,2024-04-07,2024,4,7,98,0.9934,-0.1148,0,0,1,28.675,77.225,84.93,177.41,398.0
GRID_R05_C06,2024-04-08,2024,4,8,99,0.9913,-0.1319,0,0,1,28.675,77.225,88.75,163.73,446.92
GRID_R05_C06,2024-04-09,2024,4,9,100,0.9889,-0.1489,0,0,1,28.675,77.225,85.74,124.7,331.43
GRID_R05_C06,2024-04-10,2024,4,10,101,0.9861,-0.1659,0,0,1,28.675,77.225,98.3,141.13,408.4
GRID_R05_C06,2024-04-11,2024,4,11,102,0.9831,-0.1828,0,0,1,28.675,77.225,88.87,143.02,483.95
GRID_R05_C06,2024-04-12,2024,4,12,103,0.9799,-0.1997,0,0,1,28.675,77.225,105.11,166.63,368.48
GRID_R05_C06,2024-04-13,2024,4,13,104,0.9763,-0.2165,0,0,1,28.675,77.225,66.97,76.5,438.28
GRID_R05_C06,2024-04-14,2024,4,14,105,0.9724,-0.2333,0,0,1,28.675,77.225,64.63,78.3,294.48
GRID_R05_C06,2024-04-15,2024,4,15,106,0.9683,-0.25,0,0,1,28.675,77.225,105.5,152.52,465.69
GRID_R05_C06,2024-04-16,2024,4,16,107,0.9638,-0.2666,0,0,1,28.675,77.225,86.72,153.98,448.0
GRID_R05_C06,2024-04-17,2024,4,17,108,0.9591,-0.2831,0,0,1,28.675,77.225,43.9,66.24,288.8
GRID_R05_C06,2024-04-18,2024,4,18,109,0.9541,-0.2996,0,0,1,28.675,77.225,56.12,92.33,375.4
GRID_R05_C06,2024-04-19,2024,4,19,110,0.9488,-0.316,0,0,1,28.675,77.225,63.15,82.74,302.02
GRID_R05_C06,2024-04-20,2024,4,20,111,0.9432,-0.3322,0,0,1,28.675,77.225,65.01,90.71,356.66
GRID_R05_C06,2024-04-21,2024,4,21,112,0.9373,-0.3484,0,0,1,28.675,77.225,47.47,64.36,311.12
GRID_R05_C06,2024-04-22,2024,4,22,113,0.9312,-0.3645,0,0,1,28.675,77.225,40.97,27.3,309.25
GRID_R05_C06,2024-04-23,2024,4,23,114,0.9248,-0.3804,0,0,1,28.675,77.225,71.66,92.4,332.25
GRID_R05_C06,2024-04-24,2024,4,24,115,0.9181,-0.3963,0,0,1,28.675,77.225,70.77,126.53,405.0
GRID_R05_C06,2024-04-25,2024,4,25,116,0.9112,-0.412,0,0,1,28.675,77.225,83.96,174.96,518.25
GRID_R05_C06,2024-04-26,2024,4,26,117,0.9039,-0.4276,0,0,1,28.675,77.225,66.73,92.69,260.0
GRID_R05_C06,2024-04-27,2024,4,27,118,0.8965,-0.4431,0,0,1,28.675,77.225,57.75,66.83,278.97
GRID_R05_C06,2024-04-28,2024,4,28,119,0.8887,-0.4585,0,0,1,28.675,77.225,58.7,67.53,340.22
GRID_R05_C06,2024-04-29,2024,4,29,120,0.8807,-0.4737,0,0,1,28.675,77.225,80.76,131.67,234.5
GRID_R05_C06,2024-04-30,2024,4,30,121,0.8724,-0.4888,0,0,1,28.675,77.225,63.92,91.66,325.5
GRID_R05_C06,2024-05-01,2024,5,1,122,0.8639,-0.5037,0,0,1,28.675,77.225,65.65,62.86,392.75
GRID_R05_C06,2024-05-02,2024,5,2,123,0.8551,-0.5185,0,0,1,28.675,77.225,83.75,120.49,362.0
GRID_R05_C06,2024-05-03,2024,5,3,124,0.846,-0.5331,0,0,1,28.675,77.225,134.28,202.24,468.98
GRID_R05_C06,2024-05-04,2024,5,4,125,0.8367,-0.5476,0,0,1,28.675,77.225,142.52,227.39,440.95
GRID_R05_C06,2024-05-05,2024,5,5,126,0.8272,-0.5619,0,0,1,28.675,77.225,142.22,264.3,575.75
GRID_R05_C06,2024-05-06,2024,5,6,127,0.8174,-0.5761,0,0,1,28.675,77.225,114.38,178.61,544.28
GRID_R05_C06,2024-05-07,2024,5,7,128,0.8074,-0.59,0,0,1,28.675,77.225,153.68,242.45,501.0
GRID_R05_C06,2024-05-08,2024,5,8,129,0.7971,-0.6038,0,0,1,28.675,77.225,75.7,65.79,381.71
GRID_R05_C06,2024-05-09,2024,5,9,130,0.7866,-0.6175,0,0,1,28.675,77.225,57.38,42.19,190.7
GRID_R05_C06,2024-05-10,2024,5,10,131,0.7759,-0.6309,0,0,1,28.675,77.225,79.65,69.38,942.14
GRID_R05_C06,2024-05-11,2024,5,11,132,0.7649,-0.6442,0,0,1,28.675,77.225,72.03,87.8,937.56
GRID_R05_C06,2024-05-12,2024,5,12,133,0.7537,-0.6572,0,0,1,28.675,77.225,85.34,93.66,416.0
GRID_R05_C06,2024-05-13,2024,5,13,134,0.7423,-0.6701,0,0,1,28.675,77.225,96.45,108.86,447.62
GRID_R05_C06,2024-05-14,2024,5,14,135,0.7306,-0.6828,0,0,1,28.675,77.225,110.77,184.72,942.06
GRID_R05_C06,2024-05-15,2024,5,15,136,0.7188,-0.6952,0,0,1,28.675,77.225,125.21,191.41,497.88
GRID_R05_C06,2024-05-16,2024,5,16,137,0.7067,-0.7075,0,0,1,28.675,77.225,105.87,103.27,336.32
GRID_R05_C06,2024-05-17,2024,5,17,138,0.6945,-0.7195,0,0,1,28.675,77.225,91.4,97.71,455.2
GRID_R05_C06,2024-05-18,2024,5,18,139,0.682,-0.7314,0,0,1,28.675,77.225,110.13,142.61,461.08
GRID_R05_C06,2024-05-19,2024,5,19,140,0.6693,-0.743,0,0,1,28.675,77.225,97.3,165.85,331.0
GRID_R05_C06,2024-05-20,2024,5,20,141,0.6564,-0.7544,0,0,1,28.675,77.225,86.89,133.35,942.44
GRID_R05_C06,2024-05-21,2024,5,21,142,0.6433,-0.7656,0,0,1,28.675,77.225,82.25,80.16,345.62
GRID_R05_C06,2024-05-22,2024,5,22,143,0.6301,-0.7765,0,0,1,28.675,77.225,71.31,73.7,199.0
GRID_R05_C06,2024-05-23,2024,5,23,144,0.6166,-0.7873,0,0,1,28.675,77.225,54.6,50.08,534.0
GRID_R05_C06,2024-05-24,2024,5,24,145,0.603,-0.7978,0,0,1,28.675,77.225,55.08,51.51,687.33
GRID_R05_C06,2024-05-25,2024,5,25,146,0.5892,-0.808,0,0,1,28.675,77.225,69.06,78.33,484.22
GRID_R05_C06,2024-05-26,2024,5,26,147,0.5752,-0.818,0,0,1,28.675,77.225,77.83,122.22,724.05
GRID_R05_C06,2024-05-27,2024,5,27,148,0.561,-0.8278,0,0,1,28.675,77.225,94.46,115.4,806.88
GRID_R05_C06,2024-05-28,2024,5,28,149,0.5467,-0.8373,0,0,1,28.675,77.225,95.19,109.84,503.78
GRID_R05_C06,2024-05-29,2024,5,29,150,0.5322,-0.8466,0,0,1,28.675,77.225,72.41,69.93,232.07
GRID_R05_C06,2024-05-30,2024,5,30,151,0.5176,-0.8556,0,0,1,28.675,77.225,67.0,75.42,530.0
GRID_R05_C06,2024-05-31,2024,5,31,152,0.5028,-0.8644,0,0,1,28.675,77.225,71.57,82.35,720.85
GRID_R05_C06,2024-06-01,2024,6,1,153,0.4878,-0.8729,0,0,1,28.675,77.225,75.06,88.07,484.68
GRID_R05_C06,2024-06-02,2024,6,2,154,0.4728,-0.8812,0,0,1,28.675,77.225,47.07,52.75,353.9
GRID_R05_C06,2024-06-03,2024,6,3,155,0.4575,-0.8892,0,0,1,28.675,77.225,58.78,55.73,830.8
GRID_R05_C06,2024-06-04,2024,6,4,156,0.4422,-0.8969,0,0,1,28.675,77.225,77.2,65.62,651.9
GRID_R05_C06,2024-06-05,2024,6,5,157,0.4267,-0.9044,0,0,1,28.675,77.225,75.46,61.75,960.04
GRID_R05_C06,2024-06-06,2024,6,6,158,0.4111,-0.9116,0,0,1,28.675,77.225,56.97,54.09,960.04
GRID_R05_C06,2024-06-07,2024,6,7,159,0.3953,-0.9185,0,0,1,28.675,77.225,64.59,88.6,826.68
GRID_R05_C06,2024-06-08,2024,6,8,160,0.3795,-0.9252,0,0,1,28.675,77.225,62.7,70.07,517.0
GRID_R05_C06,2024-06-09,2024,6,9,161,0.3635,-0.9316,0,0,1,28.675,77.225,55.34,76.61,783.42
GRID_R05_C06,2024-06-10,2024,6,10,162,0.3474,-0.9377,0,0,1,28.675,77.225,54.09,50.08,545.1
GRID_R05_C06,2024-06-11,2024,6,11,163,0.3312,-0.9436,0,0,1,28.675,77.225,87.56,145.0,958.38
GRID_R05_C06,2024-06-12,2024,6,12,164,0.3149,-0.9491,0,0,1,28.675,77.225,69.53,79.64,604.6
GRID_R05_C06,2024-06-13,2024,6,13,165,0.2986,-0.9544,0,0,1,28.675,77.225,54.47,40.91,555.92
GRID_R05_C06,2024-06-14,2024,6,14,166,0.2821,-0.9594,0,0,1,28.675,77.225,47.73,45.94,957.3
GRID_R05_C06,2024-06-15,2024,6,15,167,0.2656,-0.9641,0,0,1,28.675,77.225,46.51,40.34,366.6
GRID_R05_C06,2024-06-16,2024,6,16,168,0.2489,-0.9685,0,0,1,28.675,77.225,57.05,71.94,435.58
GRID_R05_C06,2024-06-17,2024,6,17,169,0.2322,-0.9727,0,0,1,28.675,77.225,54.85,63.44,257.74
GRID_R05_C06,2024-06-18,2024,6,18,170,0.2155,-0.9765,0,0,1,28.675,77.225,72.03,65.02,275.75
GRID_R05_C06,2024-06-19,2024,6,19,171,0.1986,-0.9801,0,0,1,28.675,77.225,66.38,46.3,505.3
GRID_R05_C06,2024-06-20,2024,6,20,172,0.1818,-0.9833,0,0,1,28.675,77.225,45.45,39.76,250.05
GRID_R05_C06,2024-06-21,2024,6,21,173,0.1648,-0.9863,0,0,1,28.675,77.225,64.15,65.06,222.48
GRID_R05_C06,2024-06-22,2024,6,22,174,0.1478,-0.989,0,0,1,28.675,77.225,90.97,143.47,530.9
GRID_R05_C06,2024-06-23,2024,6,23,175,0.1308,-0.9914,0,0,1,28.675,77.225,62.9,73.78,290.55
GRID_R05_C06,2024-06-24,2024,6,24,176,0.1137,-0.9935,0,0,1,28.675,77.225,59.25,73.91,214.62
GRID_R05_C06,2024-06-25,2024,6,25,177,0.0966,-0.9953,0,0,1,28.675,77.225,67.44,72.47,540.02
GRID_R05_C06,2024-06-26,2024,6,26,178,0.0795,-0.9968,0,0,1,28.675,77.225,51.45,72.43,247.49
GRID_R05_C06,2024-06-27,2024,6,27,179,0.0623,-0.9981,0,0,1,28.675,77.225,30.98,36.68,895.74
GRID_R05_C06,2024-06-28,2024,6,28,180,0.0451,-0.999,0,0,1,28.675,77.225,37.15,13.21,551.28
GRID_R05_C06,2024-06-29,2024,6,29,181,0.028,-0.9996,0,0,1,28.675,77.225,46.95,66.67,296.73
GRID_R05_C06,2024-06-30,2024,6,30,182,0.0108,-0.9999,0,0,1,28.675,77.225,60.22,62.81,210.0
GRID_R05_C06,2024-07-01,2024,7,1,183,-0.0065,-1.0,0,0,1,28.675,77.225,35.88,25.08,116.0
GRID_R05_C06,2024-07-02,2024,7,2,184,-0.0237,-0.9997,0,0,1,28.675,77.225,42.69,56.37,223.0
GRID_R05_C06,2024-07-03,2024,7,3,185,-0.0408,-0.9992,0,0,1,28.675,77.225,35.51,43.66,212.0
GRID_R05_C06,2024-07-04,2024,7,4,186,-0.058,-0.9983,0,0,1,28.675,77.225,28.18,24.9,942.06
GRID_R05_C06,2024-07-05,2024,7,5,187,-0.0752,-0.9972,0,0,1,28.675,77.225,28.51,41.37,111.0
GRID_R05_C06,2024-07-06,2024,7,6,188,-0.0923,-0.9957,0,0,1,28.675,77.225,23.94,28.39,74.0
GRID_R05_C06,2024-07-07,2024,7,7,189,-0.1094,-0.994,0,0,1,28.675,77.225,11.97,9.79,73.0
GRID_R05_C06,2024-07-08,2024,7,8,190,-0.1265,-0.992,0,0,1,28.675,77.225,21.51,22.95,102.0
GRID_R05_C06,2024-07-09,2024,7,9,191,-0.1436,-0.9896,0,0,1,28.675,77.225,45.17,45.34,957.7
GRID_R05_C06,2024-07-10,2024,7,10,192,-0.1606,-0.987,0,0,1,28.675,77.225,61.77,76.81,949.68
GRID_R05_C06,2024-07-11,2024,7,11,193,-0.1775,-0.9841,0,0,1,28.675,77.225,52.49,60.01,274.4
GRID_R05_C06,2024-07-12,2024,7,12,194,-0.1944,-0.9809,0,0,1,28.675,77.225,27.52,18.67,110.73
GRID_R05_C06,2024-07-13,2024,7,13,195,-0.2113,-0.9774,0,0,1,28.675,77.225,38.3,31.73,201.77
GRID_R05_C06,2024-07-14,2024,7,14,196,-0.2281,-0.9736,0,0,1,28.675,77.225,49.25,56.36,234.0
GRID_R05_C06,2024-07-15,2024,7,15,197,-0.2448,-0.9696,0,0,1,28.675,77.225,46.03,55.25,332.97
GRID_R05_C06,2024-07-16,2024,7,16,198,-0.2614,-0.9652,0,0,1,28.675,77.225,43.63,49.58,151.0
GRID_R05_C06,2024-07-17,2024,7,17,199,-0.278,-0.9606,0,0,1,28.675,77.225,36.11,32.5,206.0
GRID_R05_C06,2024-07-18,2024,7,18,200,-0.2945,-0.9557,0,0,1,28.675,77.225,43.18,49.19,185.0
GRID_R05_C06,2024-07-19,2024,7,19,201,-0.3109,-0.9505,0,0,1,28.675,77.225,65.17,68.39,176.0
GRID_R05_C06,2024-07-20,2024,7,20,202,-0.3272,-0.945,0,0,1,28.675,77.225,49.09,41.51,399.82
GRID_R05_C06,2024-07-21,2024,7,21,203,-0.3434,-0.9392,0,0,1,28.675,77.225,41.75,35.8,190.0
GRID_R05_C06,2024-07-22,2024,7,22,204,-0.3595,-0.9332,0,0,1,28.675,77.225,34.71,41.74,205.1
GRID_R05_C06,2024-07-23,2024,7,23,205,-0.3755,-0.9268,0,0,1,28.675,77.225,43.21,40.94,223.0
GRID_R05_C06,2024-07-24,2024,7,24,206,-0.3914,-0.9202,0,0,1,28.675,77.225,47.22,22.37,202.34
GRID_R05_C06,2024-07-25,2024,7,25,207,-0.4071,-0.9134,0,0,1,28.675,77.225,38.5,30.7,197.0
GRID_R05_C06,2024-07-26,2024,7,26,208,-0.4228,-0.9062,0,0,1,28.675,77.225,48.84,25.79,774.31
GRID_R05_C06,2024-07-27,2024,7,27,209,-0.4383,-0.8988,0,0,1,28.675,77.225,44.1,43.08,262.5
GRID_R05_C06,2024-07-28,2024,7,28,210,-0.4537,-0.8912,0,0,1,28.675,77.225,29.58,47.7,187.13
GRID_R05_C06,2024-07-29,2024,7,29,211,-0.469,-0.8832,0,0,1,28.675,77.225,32.49,29.25,213.83
GRID_R05_C06,2024-07-30,2024,7,30,212,-0.4841,-0.875,0,0,1,28.675,77.225,40.78,38.51,129.0
GRID_R05_C06,2024-07-31,2024,7,31,213,-0.4991,-0.8666,0,0,1,28.675,77.225,33.63,39.57,521.6
GRID_R05_C06,2024-08-01,2024,8,1,214,-0.5139,-0.8578,0,0,1,28.675,77.225,19.11,11.78,765.9
GRID_R05_C06,2024-08-02,2024,8,2,215,-0.5286,-0.8489,0,0,1,28.675,77.225,32.99,38.25,200.32
GRID_R05_C06,2024-08-03,2024,8,3,216,-0.5431,-0.8397,0,0,1,28.675,77.225,22.8,22.33,89.0
GRID_R05_C06,2024-08-04,2024,8,4,217,-0.5575,-0.8302,0,0,1,28.675,77.225,18.44,17.45,127.0
GRID_R05_C06,2024-08-05,2024,8,5,218,-0.5717,-0.8205,0,0,1,28.675,77.225,20.91,23.68,60.62
GRID_R05_C06,2024-08-06,2024,8,6,219,-0.5857,-0.8105,0,0,1,28.675,77.225,21.03,18.45,814.46
GRID_R05_C06,2024-08-07,2024,8,7,220,-0.5996,-0.8003,0,0,1,28.675,77.225,18.1,14.61,119.6
GRID_R05_C06,2024-08-08,2024,8,8,221,-0.6132,-0.7899,0,0,1,28.675,77.225,21.46,22.07,299.02
GRID_R05_C06,2024-08-09,2024,8,9,222,-0.6267,-0.7792,0,0,1,28.675,77.225,26.0,30.82,315.69
GRID_R05_C06,2024-08-10,2024,8,10,223,-0.64,-0.7683,0,0,1,28.675,77.225,33.01,37.3,127.0
GRID_R05_C06,2024-08-11,2024,8,11,224,-0.6532,-0.7572,0,0,1,28.675,77.225,27.23,31.07,135.42
GRID_R05_C06,2024-08-12,2024,8,12,225,-0.6661,-0.7459,0,0,1,28.675,77.225,28.42,28.91,137.84
GRID_R05_C06,2024-08-13,2024,8,13,226,-0.6788,-0.7343,0,0,1,28.675,77.225,24.7,21.54,906.46
GRID_R05_C06,2024-08-14,2024,8,14,227,-0.6914,-0.7225,0,0,1,28.675,77.225,35.64,46.9,175.0
GRID_R05_C06,2024-08-15,2024,8,15,228,-0.7037,-0.7105,0,0,1,28.675,77.225,27.01,27.51,105.0
GRID_R05_C06,2024-08-16,2024,8,16,229,-0.7158,-0.6983,0,0,1,28.675,77.225,21.76,33.58,93.0
GRID_R05_C06,2024-08-17,2024,8,17,230,-0.7277,-0.6859,0,0,1,28.675,77.225,30.57,28.92,164.99
GRID_R05_C06,2024-08-18,2024,8,18,231,-0.7394,-0.6733,0,0,1,28.675,77.225,30.02,28.36,120.15
GRID_R05_C06,2024-08-19,2024,8,19,232,-0.7509,-0.6605,0,0,1,28.675,77.225,28.04,30.16,120.68
GRID_R05_C06,2024-08-20,2024,8,20,233,-0.7621,-0.6474,0,0,1,28.675,77.225,22.69,14.25,85.0
GRID_R05_C06,2024-08-21,2024,8,21,234,-0.7731,-0.6342,0,0,1,28.675,77.225,29.39,25.67,104.0
GRID_R05_C06,2024-08-22,2024,8,22,235,-0.7839,-0.6208,0,0,1,28.675,77.225,28.88,23.59,256.58
GRID_R05_C06,2024-08-23,2024,8,23,236,-0.7945,-0.6073,0,0,1,28.675,77.225,27.7,27.96,123.0
GRID_R05_C06,2024-08-24,2024,8,24,237,-0.8048,-0.5935,0,0,1,28.675,77.225,48.1,66.55,166.0
GRID_R05_C06,2024-08-25,2024,8,25,238,-0.8149,-0.5796,0,0,1,28.675,77.225,26.58,24.75,165.54
GRID_R05_C06,2024-08-26,2024,8,26,239,-0.8248,-0.5655,0,0,1,28.675,77.225,28.36,29.9,183.48
GRID_R05_C06,2024-08-27,2024,8,27,240,-0.8344,-0.5512,0,0,1,28.675,77.225,20.53,22.85,105.96
GRID_R05_C06,2024-08-28,2024,8,28,241,-0.8437,-0.5368,0,0,1,28.675,77.225,22.52,17.79,83.42
GRID_R05_C06,2024-08-29,2024,8,29,242,-0.8528,-0.5222,0,0,1,28.675,77.225,26.93,15.53,210.0
GRID_R05_C06,2024-08-30,2024,8,30,243,-0.8617,-0.5074,0,0,1,28.675,77.225,47.51,60.65,315.0
GRID_R05_C06,2024-08-31,2024,8,31,244,-0.8703,-0.4925,0,0,1,28.675,77.225,38.74,40.85,186.02
GRID_R05_C06,2024-09-01,2024,9,1,245,-0.8786,-0.4775,0,0,1,28.675,77.225,40.45,39.96,136.12
GRID_R05_C06,2024-09-02,2024,9,2,246,-0.8867,-0.4623,0,0,1,28.675,77.225,32.7,34.62,202.36
GRID_R05_C06,2024-09-03,2024,9,3,247,-0.8945,-0.447,0,0,1,28.675,77.225,33.86,35.89,174.38
GRID_R05_C06,2024-09-04,2024,9,4,248,-0.9021,-0.4315,0,0,1,28.675,77.225,23.5,25.29,85.0
GRID_R05_C06,2024-09-05,2024,9,5,249,-0.9094,-0.4159,0,0,1,28.675,77.225,40.35,28.36,512.55
GRID_R05_C06,2024-09-06,2024,9,6,250,-0.9164,-0.4002,0,0,1,28.675,77.225,29.93,37.68,111.0
GRID_R05_C06,2024-09-07,2024,9,7,251,-0.9232,-0.3844,0,0,1,28.675,77.225,28.02,34.8,100.0
GRID_R05_C06,2024-09-08,2024,9,8,252,-0.9296,-0.3685,0,0,1,28.675,77.225,50.87,55.1,141.0
GRID_R05_C06,2024-09-09,2024,9,9,253,-0.9358,-0.3524,0,0,1,28.675,77.225,49.05,54.34,155.0
GRID_R05_C06,2024-09-10,2024,9,10,254,-0.9418,-0.3363,0,0,1,28.675,77.225,42.02,48.53,425.68
GRID_R05_C06,2024-09-11,2024,9,11,255,-0.9474,-0.32,0,0,1,28.675,77.225,34.43,40.96,156.0
GRID_R05_C06,2024-09-12,2024,9,12,256,-0.9528,-0.3037,0,0,1,28.675,77.225,16.94,11.26,218.7
GRID_R05_C06,2024-09-13,2024,9,13,257,-0.9579,-0.2873,0,0,1,28.675,77.225,18.27,11.48,80.02
GRID_R05_C06,2024-09-14,2024,9,14,258,-0.9627,-0.2707,0,0,1,28.675,77.225,29.35,23.69,143.0
GRID_R05_C06,2024-09-15,2024,9,15,259,-0.9672,-0.2541,0,0,1,28.675,77.225,41.16,33.19,210.75
GRID_R05_C06,2024-09-16,2024,9,16,260,-0.9714,-0.2375,0,0,1,28.675,77.225,50.98,44.48,256.77
GRID_R05_C06,2024-09-17,2024,9,17,261,-0.9753,-0.2207,0,0,1,28.675,77.225,57.66,55.58,262.0
GRID_R05_C06,2024-09-18,2024,9,18,262,-0.979,-0.2039,0,0,1,28.675,77.225,36.81,57.93,175.0
GRID_R05_C06,2024-09-19,2024,9,19,263,-0.9824,-0.187,0,0,1,28.675,77.225,33.65,22.22,526.78
GRID_R05_C06,2024-09-20,2024,9,20,264,-0.9854,-0.1701,0,0,1,28.675,77.225,33.73,33.23,251.0
GRID_R05_C06,2024-09-21,2024,9,21,265,-0.9882,-0.1531,0,0,1,28.675,77.225,46.57,42.56,450.0
GRID_R05_C06,2024-09-22,2024,9,22,266,-0.9907,-0.1361,0,0,1,28.675,77.225,73.74,83.29,402.0
GRID_R05_C06,2024-09-23,2024,9,23,267,-0.9929,-0.1191,0,0,1,28.675,77.225,81.05,81.48,693.05
GRID_R05_C06,2024-09-24,2024,9,24,268,-0.9948,-0.102,0,0,1,28.675,77.225,96.32,92.12,388.0
GRID_R05_C06,2024-09-25,2024,9,25,269,-0.9964,-0.0848,0,0,1,28.675,77.225,84.05,113.08,405.0
GRID_R05_C06,2024-09-26,2024,9,26,270,-0.9977,-0.0677,0,0,1,28.675,77.225,28.35,29.5,136.0
GRID_R05_C06,2024-09-27,2024,9,27,271,-0.9987,-0.0505,0,0,1,28.675,77.225,17.48,15.85,457.93
GRID_R05_C06,2024-09-28,2024,9,28,272,-0.9994,-0.0333,0,0,1,28.675,77.225,21.54,14.36,279.0
GRID_R05_C06,2024-09-29,2024,9,29,273,-0.9999,-0.0161,0,0,1,28.675,77.225,31.56,34.07,488.7
GRID_R05_C06,2024-09-30,2024,9,30,274,-1.0,0.0011,0,0,1,28.675,77.225,63.4,74.46,186.0
GRID_R05_C08,2021-10-01,2021,10,1,274,-1.0,0.0011,0,0,1,28.675,77.325,50.61,68.41,177.0
GRID_R05_C08,2021-10-02,2021,10,2,275,-0.9998,0.0183,0,0,1,28.675,77.325,54.83,55.51,178.5
GRID_R05_C08,2021-10-03,2021,10,3,276,-0.9994,0.0355,0,0,1,28.675,77.325,37.36,49.38,114.33
GRID_R05_C08,2021-10-04,2021,10,4,277,-0.9986,0.0527,0,0,1,28.675,77.325,31.82,36.44,482.25
GRID_R05_C08,2021-10-05,2021,10,5,278,-0.9976,0.0698,0,0,1,28.675,77.325,40.86,32.54,129.73
GRID_R05_C08,2021-10-06,2021,10,6,279,-0.9962,0.087,0,0,1,28.675,77.325,51.69,62.61,703.3
GRID_R05_C08,2021-10-07,2021,10,7,280,-0.9946,0.1041,0,0,1,28.675,77.325,64.6,64.7,287.25
GRID_R05_C08,2021-10-08,2021,10,8,281,-0.9926,0.1212,0,0,1,28.675,77.325,71.38,81.18,261.75
GRID_R05_C08,2021-10-09,2021,10,9,282,-0.9904,0.1383,0,0,1,28.675,77.325,67.06,72.61,196.82
GRID_R05_C08,2021-10-10,2021,10,10,283,-0.9879,0.1553,0,0,1,28.675,77.325,64.56,73.76,191.25
GRID_R05_C08,2021-10-11,2021,10,11,284,-0.9851,0.1722,0,0,1,28.675,77.325,65.95,77.68,410.33
GRID_R05_C08,2021-10-12,2021,10,12,285,-0.9819,0.1892,0,0,1,28.675,77.325,70.25,97.36,458.45
GRID_R05_C08,2021-10-13,2021,10,13,286,-0.9785,0.206,0,0,1,28.675,77.325,77.42,89.43,166.0
GRID_R05_C08,2021-10-14,2021,10,14,287,-0.9749,0.2228,0,0,1,28.675,77.325,75.29,88.05,215.48
GRID_R05_C08,2021-10-15,2021,10,15,288,-0.9709,0.2396,1,0,1,28.675,77.325,91.62,99.28,230.0
GRID_R05_C08,2021-10-16,2021,10,16,289,-0.9666,0.2562,1,0,1,28.675,77.325,160.6,172.85,361.5
GRID_R05_C08,2021-10-17,2021,10,17,290,-0.9621,0.2728,1,0,1,28.675,77.325,113.29,165.29,654.75
GRID_R05_C08,2021-10-18,2021,10,18,291,-0.9572,0.2893,1,0,1,28.675,77.325,16.65,9.86,205.1
GRID_R05_C08,2021-10-19,2021,10,19,292,-0.9521,0.3057,1,0,1,28.675,77.325,52.53,30.74,186.91
GRID_R05_C08,2021-10-20,2021,10,20,293,-0.9467,0.3221,1,1,1,28.675,77.325,100.85,96.99,499.75
GRID_R05_C08,2021-10-21,2021,10,21,294,-0.941,0.3383,1,1,1,28.675,77.325,72.64,65.57,366.97
GRID_R05_C08,2021-10-22,2021,10,22,295,-0.9351,0.3545,1,1,1,28.675,77.325,56.72,47.4,298.0
GRID_R05_C08,2021-10-23,2021,10,23,296,-0.9288,0.3705,1,1,1,28.675,77.325,62.65,87.92,226.8
GRID_R05_C08,2021-10-24,2021,10,24,297,-0.9223,0.3864,1,1,1,28.675,77.325,65.97,88.51,297.68
GRID_R05_C08,2021-10-25,2021,10,25,298,-0.9155,0.4022,1,1,1,28.675,77.325,42.21,38.28,158.2
GRID_R05_C08,2021-10-26,2021,10,26,299,-0.9085,0.4179,1,1,1,28.675,77.325,69.24,73.6,325.66
GRID_R05_C08,2021-10-27,2021,10,27,300,-0.9012,0.4335,1,1,1,28.675,77.325,109.05,132.76,962.47
GRID_R05_C08,2021-10-28,2021,10,28,301,-0.8936,0.4489,1,1,1,28.675,77.325,124.19,149.44,466.25
GRID_R05_C08,2021-10-29,2021,10,29,302,-0.8857,0.4642,1,1,1,28.675,77.325,130.53,166.58,432.43
GRID_R05_C08,2021-10-30,2021,10,30,303,-0.8776,0.4794,1,1,1,28.675,77.325,112.9,148.67,269.0
GRID_R05_C08,2021-10-31,2021,10,31,304,-0.8692,0.4944,1,1,1,28.675,77.325,134.45,158.28,680.02
GRID_R05_C08,2021-11-01,2021,11,1,305,-0.8606,0.5093,1,1,1,28.675,77.325,139.16,150.74,417.56
GRID_R05_C08,2021-11-02,2021,11,2,306,-0.8517,0.524,1,1,1,28.675,77.325,134.71,158.39,401.0
GRID_R05_C08,2021-11-03,2021,11,3,307,-0.8426,0.5386,1,1,1,28.675,77.325,162.74,158.28,704.5
GRID_R05_C08,2021-11-04,2021,11,4,308,-0.8332,0.553,1,1,1,28.675,77.325,316.9,267.75,995.0
GRID_R05_C08,2021-11-05,2021,11,5,309,-0.8235,0.5672,1,1,1,28.675,77.325,416.77,519.22,997.63
GRID_R05_C08,2021-11-06,2021,11,6,310,-0.8137,0.5813,1,1,1,28.675,77.325,319.47,332.39,765.0
GRID_R05_C08,2021-11-07,2021,11,7,311,-0.8035,0.5952,1,1,1,28.675,77.325,262.63,321.22,593.5
GRID_R05_C08,2021-11-08,2021,11,8,312,-0.7932,0.609,1,1,1,28.675,77.325,253.53,332.58,650.67
GRID_R05_C08,2021-11-09,2021,11,9,313,-0.7826,0.6225,1,1,1,28.675,77.325,265.25,323.17,751.35
GRID_R05_C08,2021-11-10,2021,11,10,314,-0.7718,0.6359,1,1,1,28.675,77.325,233.41,205.8,975.1
GRID_R05_C08,2021-11-11,2021,11,11,315,-0.7607,0.6491,1,1,1,28.675,77.325,306.53,285.69,997.6
GRID_R05_C08,2021-11-12,2021,11,12,316,-0.7494,0.6621,1,1,1,28.675,77.325,384.56,440.73,699.75
GRID_R05_C08,2021-11-13,2021,11,13,317,-0.7379,0.6749,1,1,1,28.675,77.325,263.07,360.29,663.0
GRID_R05_C08,2021-11-14,2021,11,14,318,-0.7262,0.6875,1,1,1,28.675,77.325,183.04,182.18,559.29
GRID_R05_C08,2021-11-15,2021,11,15,319,-0.7143,0.6998,1,1,1,28.675,77.325,208.8,195.1,652.86
GRID_R05_C08,2021-11-16,2021,11,16,320,-0.7021,0.712,1,1,1,28.675,77.325,252.06,314.24,573.9
GRID_R05_C08,2021-11-17,2021,11,17,321,-0.6898,0.724,1,1,1,28.675,77.325,213.03,249.61,545.68
GRID_R05_C08,2021-11-18,2021,11,18,322,-0.6772,0.7358,1,1,1,28.675,77.325,213.94,273.22,646.09
GRID_R05_C08,2021-11-19,2021,11,19,323,-0.6645,0.7473,1,1,1,28.675,77.325,230.41,286.23,473.25
GRID_R05_C08,2021-11-20,2021,11,20,324,-0.6515,0.7586,1,1,1,28.675,77.325,222.03,248.07,543.81
GRID_R05_C08,2021-11-21,2021,11,21,325,-0.6384,0.7697,1,0,1,28.675,77.325,187.73,249.24,521.07
GRID_R05_C08,2021-11-22,2021,11,22,326,-0.625,0.7806,1,0,1,28.675,77.325,139.41,164.24,300.25
GRID_R05_C08,2021-11-23,2021,11,23,327,-0.6115,0.7912,1,0,1,28.675,77.325,152.83,146.69,558.85
GRID_R05_C08,2021-11-24,2021,11,24,328,-0.5978,0.8016,1,0,1,28.675,77.325,232.67,238.73,630.92
GRID_R05_C08,2021-11-25,2021,11,25,329,-0.584,0.8118,1,0,1,28.675,77.325,258.26,281.81,647.5
GRID_R05_C08,2021-11-26,2021,11,26,330,-0.5699,0.8217,1,0,1,28.675,77.325,272.51,342.73,920.5
GRID_R05_C08,2021-11-27,2021,11,27,331,-0.5557,0.8314,1,0,1,28.675,77.325,252.82,277.26,564.9
GRID_R05_C08,2021-11-28,2021,11,28,332,-0.5413,0.8408,1,0,1,28.675,77.325,268.55,303.6,571.25
GRID_R05_C08,2021-11-29,2021,11,29,333,-0.5268,0.85,1,0,1,28.675,77.325,214.44,280.48,591.75
GRID_R05_C08,2021-11-30,2021,11,30,334,-0.5121,0.859,1,0,1,28.675,77.325,174.95,178.7,418.7
GRID_R05_C08,2021-12-01,2021,12,1,335,-0.4972,0.8676,1,0,1,28.675,77.325,251.75,224.22,628.25
GRID_R05_C08,2021-12-02,2021,12,2,336,-0.4822,0.8761,1,0,1,28.675,77.325,262.35,303.28,728.75
GRID_R05_C08,2021-12-03,2021,12,3,337,-0.4671,0.8842,1,0,1,28.675,77.325,203.28,200.73,689.0
GRID_R05_C08,2021-12-04,2021,12,4,338,-0.4518,0.8921,1,0,1,28.675,77.325,171.39,225.64,515.5
GRID_R05_C08,2021-12-05,2021,12,5,339,-0.4364,0.8998,1,0,1,28.675,77.325,182.26,212.15,633.25
GRID_R05_C08,2021-12-06,2021,12,6,340,-0.4208,0.9071,1,0,1,28.675,77.325,143.38,158.74,633.9
GRID_R05_C08,2021-12-07,2021,12,7,341,-0.4052,0.9142,1,0,1,28.675,77.325,109.64,123.65,298.75
GRID_R05_C08,2021-12-08,2021,12,8,342,-0.3894,0.9211,1,0,1,28.675,77.325,115.53,127.39,389.45
GRID_R05_C08,2021-12-09,2021,12,9,343,-0.3735,0.9276,1,0,1,28.675,77.325,158.44,158.08,686.75
GRID_R05_C08,2021-12-10,2021,12,10,344,-0.3575,0.9339,1,0,1,28.675,77.325,150.32,162.28,433.25
GRID_R05_C08,2021-12-11,2021,12,11,345,-0.3413,0.9399,1,0,1,28.675,77.325,122.17,130.1,659.0
GRID_R05_C08,2021-12-12,2021,12,12,346,-0.3251,0.9457,1,0,1,28.675,77.325,143.5,134.15,629.5
GRID_R05_C08,2021-12-13,2021,12,13,347,-0.3088,0.9511,1,0,1,28.675,77.325,208.48,262.92,938.0
GRID_R05_C08,2021-12-14,2021,12,14,348,-0.2924,0.9563,1,0,1,28.675,77.325,226.41,276.31,658.75
GRID_R05_C08,2021-12-15,2021,12,15,349,-0.2759,0.9612,1,0,1,28.675,77.325,189.78,199.17,524.0
GRID_R05_C08,2021-12-16,2021,12,16,350,-0.2593,0.9658,1,0,1,28.675,77.325,219.25,233.31,550.25
GRID_R05_C08,2021-12-17,2021,12,17,351,-0.2427,0.9701,1,0,1,28.675,77.325,151.99,187.97,383.0
GRID_R05_C08,2021-12-18,2021,12,18,352,-0.226,0.9741,1,0,1,28.675,77.325,139.07,141.5,418.8
GRID_R05_C08,2021-12-19,2021,12,19,353,-0.2092,0.9779,1,0,1,28.675,77.325,145.13,122.5,489.5
GRID_R05_C08,2021-12-20,2021,12,20,354,-0.1923,0.9813,1,0,1,28.675,77.325,196.18,164.86,985.0
GRID_R05_C08,2021-12-21,2021,12,21,355,-0.1754,0.9845,1,0,1,28.675,77.325,296.12,370.11,985.0
GRID_R05_C08,2021-12-22,2021,12,22,356,-0.1585,0.9874,1,0,1,28.675,77.325,304.49,357.49,918.5
GRID_R05_C08,2021-12-23,2021,12,23,357,-0.1414,0.9899,1,0,1,28.675,77.325,352.64,422.22,840.0
GRID_R05_C08,2021-12-24,2021,12,24,358,-0.1244,0.9922,1,0,1,28.675,77.325,290.86,319.31,879.5
GRID_R05_C08,2021-12-25,2021,12,25,359,-0.1073,0.9942,1,0,1,28.675,77.325,365.24,386.2,973.0
GRID_R05_C08,2021-12-26,2021,12,26,360,-0.0902,0.9959,1,0,1,28.675,77.325,367.61,427.16,835.5
GRID_R05_C08,2021-12-27,2021,12,27,361,-0.073,0.9973,1,0,1,28.675,77.325,119.32,105.9,707.25
GRID_R05_C08,2021-12-28,2021,12,28,362,-0.0559,0.9984,1,0,1,28.675,77.325,149.27,152.45,465.0
GRID_R05_C08,2021-12-29,2021,12,29,363,-0.0387,0.9993,1,0,1,28.675,77.325,138.01,156.99,751.75
GRID_R05_C08,2021-12-30,2021,12,30,364,-0.0215,0.9998,1,0,1,28.675,77.325,164.4,186.85,931.8
GRID_R05_C08,2021-12-31,2021,12,31,365,-0.0043,1.0,1,0,1,28.675,77.325,188.11,204.05,934.1
GRID_R05_C08,2022-01-01,2022,1,1,1,0.0172,0.9999,1,0,1,28.675,77.325,238.69,202.42,773.5
GRID_R05_C08,2022-01-02,2022,1,2,2,0.0344,0.9994,1,0,1,28.675,77.325,265.11,270.07,818.75
GRID_R05_C08,2022-01-03,2022,1,3,3,0.0516,0.9987,1,0,1,28.675,77.325,246.69,235.29,856.0
GRID_R05_C08,2022-01-04,2022,1,4,4,0.0688,0.9976,1,0,1,28.675,77.325,220.81,252.29,698.75
GRID_R05_C08,2022-01-05,2022,1,5,5,0.0859,0.9963,1,0,1,28.675,77.325,265.96,349.82,682.2
GRID_R05_C08,2022-01-06,2022,1,6,6,0.103,0.9947,1,0,1,28.675,77.325,109.5,153.98,291.12
GRID_R05_C08,2022-01-07,2022,1,7,7,0.1201,0.9928,1,0,1,28.675,77.325,70.24,82.85,174.0
GRID_R05_C08,2022-01-08,2022,1,8,8,0.1372,0.9905,1,0,1,28.675,77.325,46.6,48.84,597.2
GRID_R05_C08,2022-01-09,2022,1,9,9,0.1542,0.988,1,0,1,28.675,77.325,44.1,26.94,195.67
GRID_R05_C08,2022-01-10,2022,1,10,10,0.1712,0.9852,1,0,1,28.675,77.325,90.21,81.79,309.67
GRID_R05_C08,2022-01-11,2022,1,11,11,0.1881,0.9821,1,0,1,28.675,77.325,93.39,95.03,458.75
GRID_R05_C08,2022-01-12,2022,1,12,12,0.205,0.9788,1,0,1,28.675,77.325,111.43,78.9,493.4
GRID_R05_C08,2022-01-13,2022,1,13,13,0.2218,0.9751,1,0,1,28.675,77.325,205.32,160.48,813.75
GRID_R05_C08,2022-01-14,2022,1,14,14,0.2385,0.9711,1,0,1,28.675,77.325,187.32,129.87,479.33
GRID_R05_C08,2022-01-15,2022,1,15,15,0.2552,0.9669,1,0,1,28.675,77.325,118.68,68.27,375.67
GRID_R05_C08,2022-01-16,2022,1,16,16,0.2718,0.9624,1,0,1,28.675,77.325,137.41,95.92,415.0
GRID_R05_C08,2022-01-17,2022,1,17,17,0.2883,0.9575,1,0,1,28.675,77.325,174.77,126.57,505.33
GRID_R05_C08,2022-01-18,2022,1,18,18,0.3047,0.9524,1,0,1,28.675,77.325,178.79,201.62,444.0
GRID_R05_C08,2022-01-19,2022,1,19,19,0.3211,0.9471,1,0,1,28.675,77.325,186.01,155.28,600.1
GRID_R05_C08,2022-01-20,2022,1,20,20,0.3373,0.9414,1,0,1,28.675,77.325,238.21,193.92,451.7
GRID_R05_C08,2022-01-21,2022,1,21,21,0.3534,0.9355,1,0,1,28.675,77.325,197.22,153.95,560.75
GRID_R05_C08,2022-01-22,2022,1,22,22,0.3695,0.9292,1,0,1,28.675,77.325,130.02,117.19,903.7
GRID_R05_C08,2022-01-23,2022,1,23,23,0.3854,0.9227,1,0,1,28.675,77.325,109.91,71.84,534.0
GRID_R05_C08,2022-01-24,2022,1,24,24,0.4012,0.916,1,0,1,28.675,77.325,112.47,65.48,570.0
GRID_R05_C08,2022-01-25,2022,1,25,25,0.4169,0.9089,1,0,1,28.675,77.325,119.76,70.15,547.0
GRID_R05_C08,2022-01-26,2022,1,26,26,0.4325,0.9016,1,0,1,28.675,77.325,126.34,94.48,646.5
GRID_R05_C08,2022-01-27,2022,1,27,27,0.4479,0.8941,1,0,1,28.675,77.325,118.13,105.53,538.1
GRID_R05_C08,2022-01-28,2022,1,28,28,0.4633,0.8862,1,0,1,28.675,77.325,103.89,98.14,841.5
GRID_R05_C08,2022-01-29,2022,1,29,29,0.4784,0.8781,1,0,1,28.675,77.325,124.1,115.06,895.9
GRID_R05_C08,2022-01-30,2022,1,30,30,0.4935,0.8698,1,0,1,28.675,77.325,143.1,148.19,953.6
GRID_R05_C08,2022-01-31,2022,1,31,31,0.5084,0.8611,1,0,1,28.675,77.325,215.21,207.11,871.6
GRID_R05_C08,2022-02-01,2022,2,1,32,0.5231,0.8523,0,0,1,28.675,77.325,202.33,203.1,833.8
GRID_R05_C08,2022-02-02,2022,2,2,33,0.5377,0.8432,0,0,1,28.675,77.325,161.68,148.87,730.45
GRID_R05_C08,2022-02-03,2022,2,3,34,0.5521,0.8338,0,0,1,28.675,77.325,142.22,166.98,558.3
GRID_R05_C08,2022-02-04,2022,2,4,35,0.5664,0.8242,0,0,1,28.675,77.325,64.38,48.62,813.1
GRID_R05_C08,2022-02-05,2022,2,5,36,0.5805,0.8143,0,0,1,28.675,77.325,129.48,86.26,694.75
GRID_R05_C08,2022-02-06,2022,2,6,37,0.5944,0.8042,0,0,1,28.675,77.325,162.97,199.03,732.25
GRID_R05_C08,2022-02-07,2022,2,7,38,0.6081,0.7938,0,0,1,28.675,77.325,123.8,133.18,850.0
GRID_R05_C08,2022-02-08,2022,2,8,39,0.6217,0.7833,0,0,1,28.675,77.325,146.36,164.75,554.05
GRID_R05_C08,2022-02-09,2022,2,9,40,0.6351,0.7725,0,0,1,28.675,77.325,95.7,58.05,756.35
GRID_R05_C08,2022-02-10,2022,2,10,41,0.6483,0.7614,0,0,1,28.675,77.325,82.18,74.62,614.8
GRID_R05_C08,2022-02-11,2022,2,11,42,0.6613,0.7502,0,0,1,28.675,77.325,88.88,104.79,658.4
GRID_R05_C08,2022-02-12,2022,2,12,43,0.6741,0.7387,0,0,1,28.675,77.325,93.96,101.03,819.8
GRID_R05_C08,2022-02-13,2022,2,13,44,0.6867,0.727,0,0,1,28.675,77.325,125.88,164.91,572.25
GRID_R05_C08,2022-02-14,2022,2,14,45,0.6991,0.715,0,0,1,28.675,77.325,116.5,152.48,685.73
GRID_R05_C08,2022-02-15,2022,2,15,46,0.7113,0.7029,0,0,1,28.675,77.325,105.06,142.07,680.8
GRID_R05_C08,2022-02-16,2022,2,16,47,0.7233,0.6906,0,0,1,28.675,77.325,139.55,187.94,518.0
GRID_R05_C08,2022-02-17,2022,2,17,48,0.735,0.678,0,0,1,28.675,77.325,113.76,128.62,393.5
GRID_R05_C08,2022-02-18,2022,2,18,49,0.7466,0.6653,0,0,1,28.675,77.325,114.55,180.36,557.7
GRID_R05_C08,2022-02-19,2022,2,19,50,0.7579,0.6523,0,0,1,28.675,77.325,85.13,98.02,792.75
GRID_R05_C08,2022-02-20,2022,2,20,51,0.769,0.6392,0,0,1,28.675,77.325,82.67,99.35,814.1
GRID_R05_C08,2022-02-21,2022,2,21,52,0.7799,0.6259,0,0,1,28.675,77.325,80.89,77.72,841.5
GRID_R05_C08,2022-02-22,2022,2,22,53,0.7906,0.6124,0,0,1,28.675,77.325,99.45,127.66,669.0
GRID_R05_C08,2022-02-23,2022,2,23,54,0.801,0.5987,0,0,1,28.675,77.325,112.36,111.56,491.55
GRID_R05_C08,2022-02-24,2022,2,24,55,0.8112,0.5848,0,0,1,28.675,77.325,149.33,203.59,458.5
GRID_R05_C08,2022-02-25,2022,2,25,56,0.8211,0.5708,0,0,1,28.675,77.325,126.85,191.24,410.0
GRID_R05_C08,2022-02-26,2022,2,26,57,0.8308,0.5566,0,0,1,28.675,77.325,27.32,18.8,276.0
GRID_R05_C08,2022-02-27,2022,2,27,58,0.8402,0.5422,0,0,1,28.675,77.325,43.55,49.78,141.75
GRID_R05_C08,2022-02-28,2022,2,28,59,0.8495,0.5277,0,0,1,28.675,77.325,46.79,51.25,302.2
GRID_R05_C08,2022-03-01,2022,3,1,60,0.8584,0.513,0,0,1,28.675,77.325,85.2,103.27,518.8
GRID_R05_C08,2022-03-02,2022,3,2,61,0.8671,0.4981,0,0,1,28.675,77.325,103.09,149.55,315.75
GRID_R05_C08,2022-03-03,2022,3,3,62,0.8755,0.4831,0,0,1,28.675,77.325,81.43,89.55,355.0
GRID_R05_C08,2022-03-04,2022,3,4,63,0.8837,0.468,0,0,1,28.675,77.325,76.79,110.28,265.15
GRID_R05_C08,2022-03-05,2022,3,5,64,0.8916,0.4527,0,0,1,28.675,77.325,57.07,67.97,177.75
GRID_R05_C08,2022-03-06,2022,3,6,65,0.8993,0.4373,0,0,1,28.675,77.325,86.4,100.89,624.6
GRID_R05_C08,2022-03-07,2022,3,7,66,0.9067,0.4218,0,0,1,28.675,77.325,120.95,154.56,475.25
GRID_R05_C08,2022-03-08,2022,3,8,67,0.9138,0.4061,0,0,1,28.675,77.325,120.12,206.2,489.05
GRID_R05_C08,2022-03-09,2022,3,9,68,0.9207,0.3904,0,0,1,28.675,77.325,68.32,98.59,244.0
GRID_R05_C08,2022-03-10,2022,3,10,69,0.9272,0.3745,0,0,1,28.675,77.325,64.08,84.09,397.0
GRID_R05_C08,2022-03-11,2022,3,11,70,0.9335,0.3585,0,0,1,28.675,77.325,77.38,116.53,253.25
GRID_R05_C08,2022-03-12,2022,3,12,71,0.9396,0.3424,0,0,1,28.675,77.325,73.17,100.11,228.5
GRID_R05_C08,2022-03-13,2022,3,13,72,0.9453,0.3261,0,0,1,28.675,77.325,89.79,107.3,258.7
GRID_R05_C08,2022-03-14,2022,3,14,73,0.9508,0.3098,0,0,1,28.675,77.325,118.62,184.2,354.32
GRID_R05_C08,2022-03-15,2022,3,15,74,0.956,0.2934,0,0,1,28.675,77.325,116.63,173.89,563.52
GRID_R05_C08,2022-03-16,2022,3,16,75,0.9609,0.2769,0,0,1,28.675,77.325,92.63,122.83,655.1
GRID_R05_C08,2022-03-17,2022,3,17,76,0.9655,0.2604,0,0,1,28.675,77.325,118.24,126.48,271.25
GRID_R05_C08,2022-03-18,2022,3,18,77,0.9698,0.2437,0,0,1,28.675,77.325,137.76,161.62,424.92
GRID_R05_C08,2022-03-19,2022,3,19,78,0.9739,0.227,0,0,1,28.675,77.325,106.58,114.19,322.88
GRID_R05_C08,2022-03-20,2022,3,20,79,0.9777,0.2102,0,0,1,28.675,77.325,104.26,125.51,606.98
GRID_R05_C08,2022-03-21,2022,3,21,80,0.9811,0.1934,0,0,1,28.675,77.325,130.28,188.16,417.5
GRID_R05_C08,2022-03-22,2022,3,22,81,0.9843,0.1765,0,0,1,28.675,77.325,80.13,91.92,367.0
GRID_R05_C08,2022-03-23,2022,3,23,82,0.9872,0.1595,0,0,1,28.675,77.325,100.6,131.08,507.0
GRID_R05_C08,2022-03-24,2022,3,24,83,0.9898,0.1425,0,0,1,28.675,77.325,114.07,193.47,395.0
GRID_R05_C08,2022-03-25,2022,3,25,84,0.9921,0.1255,0,0,1,28.675,77.325,88.68,120.84,258.08
GRID_R05_C08,2022-03-26,2022,3,26,85,0.9941,0.1084,0,0,1,28.675,77.325,84.56,130.38,266.25
GRID_R05_C08,2022-03-27,2022,3,27,86,0.9958,0.0913,0,0,1,28.675,77.325,89.19,117.92,273.95
GRID_R05_C08,2022-03-28,2022,3,28,87,0.9972,0.0741,0,0,1,28.675,77.325,103.39,141.58,363.7
GRID_R05_C08,2022-03-29,2022,3,29,88,0.9984,0.057,0,0,1,28.675,77.325,120.23,174.75,392.0
GRID_R05_C08,2022-03-30,2022,3,30,89,0.9992,0.0398,0,0,1,28.675,77.325,125.33,184.83,482.0
GRID_R05_C08,2022-03-31,2022,3,31,90,0.9997,0.0226,0,0,1,28.675,77.325,141.8,190.73,621.41
GRID_R05_C08,2022-04-01,2022,4,1,91,1.0,0.0054,0,0,1,28.675,77.325,73.4,110.61,261.08
GRID_R05_C08,2022-04-02,2022,4,2,92,0.9999,-0.0118,0,0,1,28.675,77.325,106.92,155.26,486.75
GRID_R05_C08,2022-04-03,2022,4,3,93,0.9996,-0.029,0,0,1,28.675,77.325,105.31,147.27,554.12
GRID_R05_C08,2022-04-04,2022,4,4,94,0.9989,-0.0462,0,0,1,28.675,77.325,106.92,119.72,412.75
GRID_R05_C08,2022-04-05,2022,4,5,95,0.998,-0.0634,0,0,1,28.675,77.325,102.59,199.12,403.5
GRID_R05_C08,2022-04-06,2022,4,6,96,0.9968,-0.0805,0,0,1,28.675,77.325,118.61,218.45,657.1
GRID_R05_C08,2022-04-07,2022,4,7,97,0.9952,-0.0977,0,0,1,28.675,77.325,124.24,194.43,451.0
GRID_R05_C08,2022-04-08,2022,4,8,98,0.9934,-0.1148,0,0,1,28.675,77.325,110.12,151.85,420.0
GRID_R05_C08,2022-04-09,2022,4,9,99,0.9913,-0.1319,0,0,1,28.675,77.325,109.85,156.71,713.2
GRID_R05_C08,2022-04-10,2022,4,10,100,0.9889,-0.1489,0,0,1,28.675,77.325,106.36,144.57,376.0
GRID_R05_C08,2022-04-11,2022,4,11,101,0.9861,-0.1659,0,0,1,28.675,77.325,109.75,168.72,458.7
GRID_R05_C08,2022-04-12,2022,4,12,102,0.9831,-0.1828,0,0,1,28.675,77.325,92.42,92.16,743.0
GRID_R05_C08,2022-04-13,2022,4,13,103,0.9799,-0.1997,0,0,1,28.675,77.325,111.71,204.68,412.32
GRID_R05_C08,2022-04-14,2022,4,14,104,0.9763,-0.2165,0,0,1,28.675,77.325,76.82,100.49,367.6
GRID_R05_C08,2022-04-15,2022,4,15,105,0.9724,-0.2333,0,0,1,28.675,77.325,70.63,77.51,257.88
GRID_R05_C08,2022-04-16,2022,4,16,106,0.9683,-0.25,0,0,1,28.675,77.325,102.22,135.16,257.25
GRID_R05_C08,2022-04-17,2022,4,17,107,0.9638,-0.2666,0,0,1,28.675,77.325,106.5,148.91,350.08
GRID_R05_C08,2022-04-18,2022,4,18,108,0.9591,-0.2831,0,0,1,28.675,77.325,112.05,143.79,894.0
GRID_R05_C08,2022-04-19,2022,4,19,109,0.9541,-0.2996,0,0,1,28.675,77.325,133.61,225.39,487.0
GRID_R05_C08,2022-04-20,2022,4,20,110,0.9488,-0.316,0,0,1,28.675,77.325,95.54,125.03,438.0
GRID_R05_C08,2022-04-21,2022,4,21,111,0.9432,-0.3322,0,0,1,28.675,77.325,104.24,115.77,340.9
GRID_R05_C08,2022-04-22,2022,4,22,112,0.9373,-0.3484,0,0,1,28.675,77.325,65.22,57.95,426.05
GRID_R05_C08,2022-04-23,2022,4,23,113,0.9312,-0.3645,0,0,1,28.675,77.325,110.12,190.55,412.47
GRID_R05_C08,2022-04-24,2022,4,24,114,0.9248,-0.3804,0,0,1,28.675,77.325,120.75,201.2,501.67
GRID_R05_C08,2022-04-25,2022,4,25,115,0.9181,-0.3963,0,0,1,28.675,77.325,100.34,132.63,394.4
GRID_R05_C08,2022-04-26,2022,4,26,116,0.9112,-0.412,0,0,1,28.675,77.325,81.97,78.35,458.1
GRID_R05_C08,2022-04-27,2022,4,27,117,0.9039,-0.4276,0,0,1,28.675,77.325,153.86,283.33,723.0
GRID_R05_C08,2022-04-28,2022,4,28,118,0.8965,-0.4431,0,0,1,28.675,77.325,163.21,204.22,765.92
GRID_R05_C08,2022-04-29,2022,4,29,119,0.8887,-0.4585,0,0,1,28.675,77.325,148.54,173.09,510.0
GRID_R05_C08,2022-04-30,2022,4,30,120,0.8807,-0.4737,0,0,1,28.675,77.325,121.09,152.58,444.0
GRID_R05_C08,2022-05-01,2022,5,1,121,0.8724,-0.4888,0,0,1,28.675,77.325,90.46,85.1,378.1
GRID_R05_C08,2022-05-02,2022,5,2,122,0.8639,-0.5037,0,0,1,28.675,77.325,73.78,73.02,193.8
GRID_R05_C08,2022-05-03,2022,5,3,123,0.8551,-0.5185,0,0,1,28.675,77.325,98.47,75.58,378.55
GRID_R05_C08,2022-05-04,2022,5,4,124,0.846,-0.5331,0,0,1,28.675,77.325,73.54,91.45,294.5
GRID_R05_C08,2022-05-05,2022,5,5,125,0.8367,-0.5476,0,0,1,28.675,77.325,71.62,82.66,213.25
GRID_R05_C08,2022-05-06,2022,5,6,126,0.8272,-0.5619,0,0,1,28.675,77.325,115.78,151.07,393.79
GRID_R05_C08,2022-05-07,2022,5,7,127,0.8174,-0.5761,0,0,1,28.675,77.325,86.89,94.49,394.15
GRID_R05_C08,2022-05-08,2022,5,8,128,0.8074,-0.59,0,0,1,28.675,77.325,82.76,82.24,317.93
GRID_R05_C08,2022-05-09,2022,5,9,129,0.7971,-0.6038,0,0,1,28.675,77.325,66.6,68.42,342.57
GRID_R05_C08,2022-05-10,2022,5,10,130,0.7866,-0.6175,0,0,1,28.675,77.325,64.78,71.54,208.72
GRID_R05_C08,2022-05-11,2022,5,11,131,0.7759,-0.6309,0,0,1,28.675,77.325,62.23,62.55,195.1
GRID_R05_C08,2022-05-12,2022,5,12,132,0.7649,-0.6442,0,0,1,28.675,77.325,67.67,63.77,284.5
GRID_R05_C08,2022-05-13,2022,5,13,133,0.7537,-0.6572,0,0,1,28.675,77.325,76.01,56.15,302.82
GRID_R05_C08,2022-05-14,2022,5,14,134,0.7423,-0.6701,0,0,1,28.675,77.325,108.68,171.32,482.76
GRID_R05_C08,2022-05-15,2022,5,15,135,0.7306,-0.6828,0,0,1,28.675,77.325,98.88,154.71,394.61
GRID_R05_C08,2022-05-16,2022,5,16,136,0.7188,-0.6952,0,0,1,28.675,77.325,96.8,85.25,889.56
GRID_R05_C08,2022-05-17,2022,5,17,137,0.7067,-0.7075,0,0,1,28.675,77.325,68.76,46.22,236.42
GRID_R05_C08,2022-05-18,2022,5,18,138,0.6945,-0.7195,0,0,1,28.675,77.325,76.49,78.65,284.62
GRID_R05_C08,2022-05-19,2022,5,19,139,0.682,-0.7314,0,0,1,28.675,77.325,88.25,96.65,260.2
GRID_R05_C08,2022-05-20,2022,5,20,140,0.6693,-0.743,0,0,1,28.675,77.325,92.72,114.24,470.15
GRID_R05_C08,2022-05-21,2022,5,21,141,0.6564,-0.7544,0,0,1,28.675,77.325,76.87,70.19,404.62
GRID_R05_C08,2022-05-22,2022,5,22,142,0.6433,-0.7656,0,0,1,28.675,77.325,64.57,75.6,273.0
GRID_R05_C08,2022-05-23,2022,5,23,143,0.6301,-0.7765,0,0,1,28.675,77.325,30.37,21.62,130.0
GRID_R05_C08,2022-05-24,2022,5,24,144,0.6166,-0.7873,0,0,1,28.675,77.325,36.28,30.55,192.42
GRID_R05_C08,2022-05-25,2022,5,25,145,0.603,-0.7978,0,0,1,28.675,77.325,81.34,108.12,534.0
GRID_R05_C08,2022-05-26,2022,5,26,146,0.5892,-0.808,0,0,1,28.675,77.325,94.83,125.56,622.6
GRID_R05_C08,2022-05-27,2022,5,27,147,0.5752,-0.818,0,0,1,28.675,77.325,81.91,106.06,217.0
GRID_R05_C08,2022-05-28,2022,5,28,148,0.561,-0.8278,0,0,1,28.675,77.325,75.39,65.53,283.68
GRID_R05_C08,2022-05-29,2022,5,29,149,0.5467,-0.8373,0,0,1,28.675,77.325,72.29,83.49,209.15
GRID_R05_C08,2022-05-30,2022,5,30,150,0.5322,-0.8466,0,0,1,28.675,77.325,65.49,69.05,436.25
GRID_R05_C08,2022-05-31,2022,5,31,151,0.5176,-0.8556,0,0,1,28.675,77.325,99.01,83.63,344.67
GRID_R05_C08,2022-06-01,2022,6,1,152,0.5028,-0.8644,0,0,1,28.675,77.325,97.93,147.1,353.12
GRID_R05_C08,2022-06-02,2022,6,2,153,0.4878,-0.8729,0,0,1,28.675,77.325,77.59,103.56,269.05
GRID_R05_C08,2022-06-03,2022,6,3,154,0.4728,-0.8812,0,0,1,28.675,77.325,89.98,136.35,275.25
GRID_R05_C08,2022-06-04,2022,6,4,155,0.4575,-0.8892,0,0,1,28.675,77.325,81.09,113.17,306.58
GRID_R05_C08,2022-06-05,2022,6,5,156,0.4422,-0.8969,0,0,1,28.675,77.325,59.21,52.12,298.7
GRID_R05_C08,2022-06-06,2022,6,6,157,0.4267,-0.9044,0,0,1,28.675,77.325,53.82,52.72,193.75
GRID_R05_C08,2022-06-07,2022,6,7,158,0.4111,-0.9116,0,0,1,28.675,77.325,88.0,71.28,388.0
GRID_R05_C08,2022-06-08,2022,6,8,159,0.3953,-0.9185,0,0,1,28.675,77.325,78.4,82.01,360.25
GRID_R05_C08,2022-06-09,2022,6,9,160,0.3795,-0.9252,0,0,1,28.675,77.325,62.57,61.73,252.6
GRID_R05_C08,2022-06-10,2022,6,10,161,0.3635,-0.9316,0,0,1,28.675,77.325,75.31,77.98,269.25
GRID_R05_C08,2022-06-11,2022,6,11,162,0.3474,-0.9377,0,0,1,28.675,77.325,70.14,68.3,192.75
GRID_R05_C08,2022-06-12,2022,6,12,163,0.3312,-0.9436,0,0,1,28.675,77.325,74.34,86.06,261.25
GRID_R05_C08,2022-06-13,2022,6,13,164,0.3149,-0.9491,0,0,1,28.675,77.325,51.93,34.18,190.75
GRID_R05_C08,2022-06-14,2022,6,14,165,0.2986,-0.9544,0,0,1,28.675,77.325,56.4,61.94,210.0
GRID_R05_C08,2022-06-15,2022,6,15,166,0.2821,-0.9594,0,0,1,28.675,77.325,35.44,36.86,187.7
GRID_R05_C08,2022-06-16,2022,6,16,167,0.2656,-0.9641,0,0,1,28.675,77.325,34.81,34.26,398.45
GRID_R05_C08,2022-06-17,2022,6,17,168,0.2489,-0.9685,0,0,1,28.675,77.325,28.28,19.79,90.1
GRID_R05_C08,2022-06-18,2022,6,18,169,0.2322,-0.9727,0,0,1,28.675,77.325,34.62,42.9,120.08
GRID_R05_C08,2022-06-19,2022,6,19,170,0.2155,-0.9765,0,0,1,28.675,77.325,42.72,54.49,173.0
GRID_R05_C08,2022-06-20,2022,6,20,171,0.1986,-0.9801,0,0,1,28.675,77.325,53.46,65.93,271.0
GRID_R05_C08,2022-06-21,2022,6,21,172,0.1818,-0.9833,0,0,1,28.675,77.325,44.11,63.39,193.5
GRID_R05_C08,2022-06-22,2022,6,22,173,0.1648,-0.9863,0,0,1,28.675,77.325,51.49,38.76,153.0
GRID_R05_C08,2022-06-23,2022,6,23,174,0.1478,-0.989,0,0,1,28.675,77.325,56.32,53.84,209.5
GRID_R05_C08,2022-06-24,2022,6,24,175,0.1308,-0.9914,0,0,1,28.675,77.325,72.0,102.15,258.75
GRID_R05_C08,2022-06-25,2022,6,25,176,0.1137,-0.9935,0,0,1,28.675,77.325,80.74,103.06,343.0
GRID_R05_C08,2022-06-26,2022,6,26,177,0.0966,-0.9953,0,0,1,28.675,77.325,65.27,65.89,295.6
GRID_R05_C08,2022-06-27,2022,6,27,178,0.0795,-0.9968,0,0,1,28.675,77.325,55.02,51.71,141.45
GRID_R05_C08,2022-06-28,2022,6,28,179,0.0623,-0.9981,0,0,1,28.675,77.325,74.87,68.65,221.0
GRID_R05_C08,2022-06-29,2022,6,29,180,0.0451,-0.999,0,0,1,28.675,77.325,60.43,39.46,226.7
GRID_R05_C08,2022-06-30,2022,6,30,181,0.028,-0.9996,0,0,1,28.675,77.325,37.61,33.29,430.33
GRID_R05_C08,2022-07-01,2022,7,1,182,0.0108,-0.9999,0,0,1,28.675,77.325,36.33,45.16,338.0
GRID_R05_C08,2022-07-02,2022,7,2,183,-0.0065,-1.0,0,0,1,28.675,77.325,42.77,66.61,165.67
GRID_R05_C08,2022-07-03,2022,7,3,184,-0.0237,-0.9997,0,0,1,28.675,77.325,30.43,20.7,138.25
GRID_R05_C08,2022-07-04,2022,7,4,185,-0.0408,-0.9992,0,0,1,28.675,77.325,63.45,56.27,172.0
GRID_R05_C08,2022-07-05,2022,7,5,186,-0.058,-0.9983,0,0,1,28.675,77.325,65.09,83.93,204.0
GRID_R05_C08,2022-07-06,2022,7,6,187,-0.0752,-0.9972,0,0,1,28.675,77.325,51.42,50.91,221.88
GRID_R05_C08,2022-07-07,2022,7,7,188,-0.0923,-0.9957,0,0,1,28.675,77.325,39.84,45.99,250.25
GRID_R05_C08,2022-07-08,2022,7,8,189,-0.1094,-0.994,0,0,1,28.675,77.325,37.09,41.18,248.0
GRID_R05_C08,2022-07-09,2022,7,9,190,-0.1265,-0.992,0,0,1,28.675,77.325,40.97,56.32,118.75
GRID_R05_C08,2022-07-10,2022,7,10,191,-0.1436,-0.9896,0,0,1,28.675,77.325,32.83,33.02,101.02
GRID_R05_C08,2022-07-11,2022,7,11,192,-0.1606,-0.987,0,0,1,28.675,77.325,44.83,46.68,170.25
GRID_R05_C08,2022-07-12,2022,7,12,193,-0.1775,-0.9841,0,0,1,28.675,77.325,41.83,40.27,682.03
GRID_R05_C08,2022-07-13,2022,7,13,194,-0.1944,-0.9809,0,0,1,28.675,77.325,34.51,34.52,176.78
GRID_R05_C08,2022-07-14,2022,7,14,195,-0.2113,-0.9774,0,0,1,28.675,77.325,30.76,34.16,137.45
GRID_R05_C08,2022-07-15,2022,7,15,196,-0.2281,-0.9736,0,0,1,28.675,77.325,26.49,20.34,170.16
GRID_R05_C08,2022-07-16,2022,7,16,197,-0.2448,-0.9696,0,0,1,28.675,77.325,24.89,24.14,355.38
GRID_R05_C08,2022-07-17,2022,7,17,198,-0.2614,-0.9652,0,0,1,28.675,77.325,28.45,11.8,453.8
GRID_R05_C08,2022-07-18,2022,7,18,199,-0.278,-0.9606,0,0,1,28.675,77.325,43.29,52.97,234.61
GRID_R05_C08,2022-07-19,2022,7,19,200,-0.2945,-0.9557,0,0,1,28.675,77.325,42.92,40.34,156.0
GRID_R05_C08,2022-07-20,2022,7,20,201,-0.3109,-0.9505,0,0,1,28.675,77.325,33.38,46.79,122.0
GRID_R05_C08,2022-07-21,2022,7,21,202,-0.3272,-0.945,0,0,1,28.675,77.325,44.16,24.17,180.5
GRID_R05_C08,2022-07-22,2022,7,22,203,-0.3434,-0.9392,0,0,1,28.675,77.325,55.16,72.88,175.0
GRID_R05_C08,2022-07-23,2022,7,23,204,-0.3595,-0.9332,0,0,1,28.675,77.325,29.52,28.55,83.75
GRID_R05_C08,2022-07-24,2022,7,24,205,-0.3755,-0.9268,0,0,1,28.675,77.325,24.77,20.19,120.7
GRID_R05_C08,2022-07-25,2022,7,25,206,-0.3914,-0.9202,0,0,1,28.675,77.325,24.63,23.37,89.18
GRID_R05_C08,2022-07-26,2022,7,26,207,-0.4071,-0.9134,0,0,1,28.675,77.325,28.09,31.65,87.0
GRID_R05_C08,2022-07-27,2022,7,27,208,-0.4228,-0.9062,0,0,1,28.675,77.325,30.82,30.24,171.0
GRID_R05_C08,2022-07-28,2022,7,28,209,-0.4383,-0.8988,0,0,1,28.675,77.325,22.01,22.15,83.28
GRID_R05_C08,2022-07-29,2022,7,29,210,-0.4537,-0.8912,0,0,1,28.675,77.325,19.28,21.15,89.7
GRID_R05_C08,2022-07-30,2022,7,30,211,-0.469,-0.8832,0,0,1,28.675,77.325,22.14,19.05,89.0
GRID_R05_C08,2022-07-31,2022,7,31,212,-0.4841,-0.875,0,0,1,28.675,77.325,23.89,23.02,82.25
GRID_R05_C08,2022-08-01,2022,8,1,213,-0.4991,-0.8666,0,0,1,28.675,77.325,26.41,26.42,133.09
GRID_R05_C08,2022-08-02,2022,8,2,214,-0.5139,-0.8578,0,0,1,28.675,77.325,32.31,25.05,149.25
GRID_R05_C08,2022-08-03,2022,8,3,215,-0.5286,-0.8489,0,0,1,28.675,77.325,48.43,39.76,165.39
GRID_R05_C08,2022-08-04,2022,8,4,216,-0.5431,-0.8397,0,0,1,28.675,77.325,46.68,59.37,128.0
GRID_R05_C08,2022-08-05,2022,8,5,217,-0.5575,-0.8302,0,0,1,28.675,77.325,38.62,34.97,162.5
GRID_R05_C08,2022-08-06,2022,8,6,218,-0.5717,-0.8205,0,0,1,28.675,77.325,52.04,52.92,182.75
GRID_R05_C08,2022-08-07,2022,8,7,219,-0.5857,-0.8105,0,0,1,28.675,77.325,45.98,72.95,153.0
GRID_R05_C08,2022-08-08,2022,8,8,220,-0.5996,-0.8003,0,0,1,28.675,77.325,44.97,46.35,158.13
GRID_R05_C08,2022-08-09,2022,8,9,221,-0.6132,-0.7899,0,0,1,28.675,77.325,41.5,54.17,143.0
GRID_R05_C08,2022-08-10,2022,8,10,222,-0.6267,-0.7792,0,0,1,28.675,77.325,27.02,34.2,136.97
GRID_R05_C08,2022-08-11,2022,8,11,223,-0.64,-0.7683,0,0,1,28.675,77.325,16.74,14.3,114.94
GRID_R05_C08,2022-08-12,2022,8,12,224,-0.6532,-0.7572,0,0,1,28.675,77.325,19.39,18.36,74.0
GRID_R05_C08,2022-08-13,2022,8,13,225,-0.6661,-0.7459,0,0,1,28.675,77.325,27.24,32.25,83.0
GRID_R05_C08,2022-08-14,2022,8,14,226,-0.6788,-0.7343,0,0,1,28.675,77.325,26.21,13.74,83.0
GRID_R05_C08,2022-08-15,2022,8,15,227,-0.6914,-0.7225,0,0,1,28.675,77.325,18.8,14.02,83.0
GRID_R05_C08,2022-08-16,2022,8,16,228,-0.7037,-0.7105,0,0,1,28.675,77.325,15.86,15.28,60.01
GRID_R05_C08,2022-08-17,2022,8,17,229,-0.7158,-0.6983,0,0,1,28.675,77.325,14.19,11.42,171.6
GRID_R05_C08,2022-08-18,2022,8,18,230,-0.7277,-0.6859,0,0,1,28.675,77.325,20.33,13.35,75.42
GRID_R05_C08,2022-08-19,2022,8,19,231,-0.7394,-0.6733,0,0,1,28.675,77.325,18.3,12.36,287.0
GRID_R05_C08,2022-08-20,2022,8,20,232,-0.7509,-0.6605,0,0,1,28.675,77.325,31.77,23.33,139.0
GRID_R05_C08,2022-08-21,2022,8,21,233,-0.7621,-0.6474,0,0,1,28.675,77.325,46.88,54.4,130.5
GRID_R05_C08,2022-08-22,2022,8,22,234,-0.7731,-0.6342,0,0,1,28.675,77.325,35.87,54.37,111.12
GRID_R05_C08,2022-08-23,2022,8,23,235,-0.7839,-0.6208,0,0,1,28.675,77.325,24.97,32.75,75.0
GRID_R05_C08,2022-08-24,2022,8,24,236,-0.7945,-0.6073,0,0,1,28.675,77.325,22.73,18.38,277.92
GRID_R05_C08,2022-08-25,2022,8,25,237,-0.8048,-0.5935,0,0,1,28.675,77.325,36.41,28.57,348.25
GRID_R05_C08,2022-08-26,2022,8,26,238,-0.8149,-0.5796,0,0,1,28.675,77.325,35.46,31.33,157.0
GRID_R05_C08,2022-08-27,2022,8,27,239,-0.8248,-0.5655,0,0,1,28.675,77.325,32.05,30.52,225.35
GRID_R05_C08,2022-08-28,2022,8,28,240,-0.8344,-0.5512,0,0,1,28.675,77.325,37.18,33.27,159.6
GRID_R05_C08,2022-08-29,2022,8,29,241,-0.8437,-0.5368,0,0,1,28.675,77.325,40.54,37.8,138.65
GRID_R05_C08,2022-08-30,2022,8,30,242,-0.8528,-0.5222,0,0,1,28.675,77.325,48.48,49.26,185.75
GRID_R05_C08,2022-08-31,2022,8,31,243,-0.8617,-0.5074,0,0,1,28.675,77.325,43.79,44.25,234.32
GRID_R05_C08,2022-09-01,2022,9,1,244,-0.8703,-0.4925,0,0,1,28.675,77.325,45.12,44.81,279.62
GRID_R05_C08,2022-09-02,2022,9,2,245,-0.8786,-0.4775,0,0,1,28.675,77.325,45.72,38.34,228.45
GRID_R05_C08,2022-09-03,2022,9,3,246,-0.8867,-0.4623,0,0,1,28.675,77.325,32.63,26.34,151.07
GRID_R05_C08,2022-09-04,2022,9,4,247,-0.8945,-0.447,0,0,1,28.675,77.325,26.45,23.94,209.71
GRID_R05_C08,2022-09-05,2022,9,5,248,-0.9021,-0.4315,0,0,1,28.675,77.325,26.79,22.54,209.21
GRID_R05_C08,2022-09-06,2022,9,6,249,-0.9094,-0.4159,0,0,1,28.675,77.325,40.21,43.33,161.12
GRID_R05_C08,2022-09-07,2022,9,7,250,-0.9164,-0.4002,0,0,1,28.675,77.325,46.22,52.1,466.0
GRID_R05_C08,2022-09-08,2022,9,8,251,-0.9232,-0.3844,0,0,1,28.675,77.325,63.62,68.09,151.0
GRID_R05_C08,2022-09-09,2022,9,9,252,-0.9296,-0.3685,0,0,1,28.675,77.325,59.85,68.97,173.2
GRID_R05_C08,2022-09-10,2022,9,10,253,-0.9358,-0.3524,0,0,1,28.675,77.325,49.78,60.63,111.4
GRID_R05_C08,2022-09-11,2022,9,11,254,-0.9418,-0.3363,0,0,1,28.675,77.325,32.13,26.0,167.07
GRID_R05_C08,2022-09-12,2022,9,12,255,-0.9474,-0.32,0,0,1,28.675,77.325,26.74,24.83,187.43
GRID_R05_C08,2022-09-13,2022,9,13,256,-0.9528,-0.3037,0,0,1,28.675,77.325,19.75,16.85,106.58
GRID_R05_C08,2022-09-14,2022,9,14,257,-0.9579,-0.2873,0,0,1,28.675,77.325,17.79,15.23,78.67
GRID_R05_C08,2022-09-15,2022,9,15,258,-0.9627,-0.2707,0,0,1,28.675,77.325,16.06,20.15,71.81
GRID_R05_C08,2022-09-16,2022,9,16,259,-0.9672,-0.2541,0,0,1,28.675,77.325,15.98,10.93,80.67
GRID_R05_C08,2022-09-17,2022,9,17,260,-0.9714,-0.2375,0,0,1,28.675,77.325,33.32,27.66,98.7
GRID_R05_C08,2022-09-18,2022,9,18,261,-0.9753,-0.2207,0,0,1,28.675,77.325,47.58,29.97,167.25
GRID_R05_C08,2022-09-19,2022,9,19,262,-0.979,-0.2039,0,0,1,28.675,77.325,72.39,83.14,249.75
GRID_R05_C08,2022-09-20,2022,9,20,263,-0.9824,-0.187,0,0,1,28.675,77.325,49.55,68.87,146.0
GRID_R05_C08,2022-09-21,2022,9,21,264,-0.9854,-0.1701,0,0,1,28.675,77.325,41.57,62.06,170.25
GRID_R05_C08,2022-09-22,2022,9,22,265,-0.9882,-0.1531,0,0,1,28.675,77.325,26.29,31.08,474.7
GRID_R05_C08,2022-09-23,2022,9,23,266,-0.9907,-0.1361,0,0,1,28.675,77.325,26.13,16.24,90.0
GRID_R05_C08,2022-09-24,2022,9,24,267,-0.9929,-0.1191,0,0,1,28.675,77.325,23.39,26.79,74.99
GRID_R05_C08,2022-09-25,2022,9,25,268,-0.9948,-0.102,0,0,1,28.675,77.325,21.57,11.84,128.15
GRID_R05_C08,2022-09-26,2022,9,26,269,-0.9964,-0.0848,0,0,1,28.675,77.325,47.79,61.88,156.25
GRID_R05_C08,2022-09-27,2022,9,27,270,-0.9977,-0.0677,0,0,1,28.675,77.325,40.29,44.09,132.88
GRID_R05_C08,2022-09-28,2022,9,28,271,-0.9987,-0.0505,0,0,1,28.675,77.325,55.13,59.02,182.85
GRID_R05_C08,2022-09-29,2022,9,29,272,-0.9994,-0.0333,0,0,1,28.675,77.325,66.05,82.87,205.25
GRID_R05_C08,2022-09-30,2022,9,30,273,-0.9999,-0.0161,0,0,1,28.675,77.325,80.25,91.86,214.82
GRID_R05_C08,2022-10-01,2022,10,1,274,-1.0,0.0011,0,0,1,28.675,77.325,81.41,104.02,174.0
GRID_R05_C08,2022-10-02,2022,10,2,275,-0.9998,0.0183,0,0,1,28.675,77.325,69.05,94.49,175.0
GRID_R05_C08,2022-10-03,2022,10,3,276,-0.9994,0.0355,0,0,1,28.675,77.325,42.71,51.5,258.45
GRID_R05_C08,2022-10-04,2022,10,4,277,-0.9986,0.0527,0,0,1,28.675,77.325,63.03,61.51,251.1
GRID_R05_C08,2022-10-05,2022,10,5,278,-0.9976,0.0698,0,0,1,28.675,77.325,89.36,110.49,285.6
GRID_R05_C08,2022-10-06,2022,10,6,279,-0.9962,0.087,0,0,1,28.675,77.325,16.63,13.15,103.28
GRID_R05_C08,2022-10-07,2022,10,7,280,-0.9946,0.1041,0,0,1,28.675,77.325,16.3,12.44,61.0
GRID_R05_C08,2022-10-08,2022,10,8,281,-0.9926,0.1212,0,0,1,28.675,77.325,14.32,14.32,82.5
GRID_R05_C08,2022-10-09,2022,10,9,282,-0.9904,0.1383,0,0,1,28.675,77.325,9.59,10.84,61.0
GRID_R05_C08,2022-10-10,2022,10,10,283,-0.9879,0.1553,0,0,1,28.675,77.325,14.76,9.01,61.0
GRID_R05_C08,2022-10-11,2022,10,11,284,-0.9851,0.1722,0,0,1,28.675,77.325,36.29,25.93,231.67
GRID_R05_C08,2022-10-12,2022,10,12,285,-0.9819,0.1892,0,0,1,28.675,77.325,62.49,72.65,205.75
GRID_R05_C08,2022-10-13,2022,10,13,286,-0.9785,0.206,0,0,1,28.675,77.325,53.52,60.34,172.25
GRID_R05_C08,2022-10-14,2022,10,14,287,-0.9749,0.2228,0,0,1,28.675,77.325,71.74,81.89,216.8
GRID_R05_C08,2022-10-15,2022,10,15,288,-0.9709,0.2396,1,0,1,28.675,77.325,89.6,103.27,401.5
GRID_R05_C08,2022-10-16,2022,10,16,289,-0.9666,0.2562,1,0,1,28.675,77.325,105.64,123.99,349.3
GRID_R05_C08,2022-10-17,2022,10,17,290,-0.9621,0.2728,1,0,1,28.675,77.325,108.94,127.64,383.5
GRID_R05_C08,2022-10-18,2022,10,18,291,-0.9572,0.2893,1,0,1,28.675,77.325,109.72,118.14,398.33
GRID_R05_C08,2022-10-19,2022,10,19,292,-0.9521,0.3057,1,0,1,28.675,77.325,102.01,124.26,331.92
GRID_R05_C08,2022-10-20,2022,10,20,293,-0.9467,0.3221,1,1,1,28.675,77.325,110.64,111.76,302.75
GRID_R05_C08,2022-10-21,2022,10,21,294,-0.941,0.3383,1,1,1,28.675,77.325,117.39,145.08,386.33
GRID_R05_C08,2022-10-22,2022,10,22,295,-0.9351,0.3545,1,1,1,28.675,77.325,122.89,153.83,322.0
GRID_R05_C08,2022-10-23,2022,10,23,296,-0.9288,0.3705,1,1,1,28.675,77.325,129.76,128.29,357.75
GRID_R05_C08,2022-10-24,2022,10,24,297,-0.9223,0.3864,1,1,1,28.675,77.325,177.52,168.07,921.25
GRID_R05_C08,2022-10-25,2022,10,25,298,-0.9155,0.4022,1,1,1,28.675,77.325,166.47,149.56,986.0
GRID_R05_C08,2022-10-26,2022,10,26,299,-0.9085,0.4179,1,1,1,28.675,77.325,142.96,114.47,621.5
GRID_R05_C08,2022-10-27,2022,10,27,300,-0.9012,0.4335,1,1,1,28.675,77.325,192.39,218.98,494.34
GRID_R05_C08,2022-10-28,2022,10,28,301,-0.8936,0.4489,1,1,1,28.675,77.325,223.13,226.04,514.0
GRID_R05_C08,2022-10-29,2022,10,29,302,-0.8857,0.4642,1,1,1,28.675,77.325,230.76,287.07,502.09
GRID_R05_C08,2022-10-30,2022,10,30,303,-0.8776,0.4794,1,1,1,28.675,77.325,211.77,210.91,749.6
GRID_R05_C08,2022-10-31,2022,10,31,304,-0.8692,0.4944,1,1,1,28.675,77.325,263.69,208.96,562.75
GRID_R05_C08,2022-11-01,2022,11,1,305,-0.8606,0.5093,1,1,1,28.675,77.325,248.88,294.21,705.25
GRID_R05_C08,2022-11-02,2022,11,2,306,-0.8517,0.524,1,1,1,28.675,77.325,241.74,214.26,589.0
GRID_R05_C08,2022-11-03,2022,11,3,307,-0.8426,0.5386,1,1,1,28.675,77.325,402.69,529.11,928.0
GRID_R05_C08,2022-11-04,2022,11,4,308,-0.8332,0.553,1,1,1,28.675,77.325,324.12,346.39,566.0
GRID_R05_C08,2022-11-05,2022,11,5,309,-0.8235,0.5672,1,1,1,28.675,77.325,193.45,200.61,425.0
GRID_R05_C08,2022-11-06,2022,11,6,310,-0.8137,0.5813,1,1,1,28.675,77.325,172.85,181.1,375.0
GRID_R05_C08,2022-11-07,2022,11,7,311,-0.8035,0.5952,1,1,1,28.675,77.325,193.57,227.11,449.82
GRID_R05_C08,2022-11-08,2022,11,8,312,-0.7932,0.609,1,1,1,28.675,77.325,240.17,245.39,445.7
GRID_R05_C08,2022-11-09,2022,11,9,313,-0.7826,0.6225,1,1,1,28.675,77.325,105.75,112.76,335.75
GRID_R05_C08,2022-11-10,2022,11,10,314,-0.7718,0.6359,1,1,1,28.675,77.325,162.28,178.2,478.0
GRID_R05_C08,2022-11-11,2022,11,11,315,-0.7607,0.6491,1,1,1,28.675,77.325,208.58,357.3,547.78
GRID_R05_C08,2022-11-12,2022,11,12,316,-0.7494,0.6621,1,1,1,28.675,77.325,186.89,259.16,421.27
GRID_R05_C08,2022-11-13,2022,11,13,317,-0.7379,0.6749,1,1,1,28.675,77.325,160.63,196.5,326.69
GRID_R05_C08,2022-11-14,2022,11,14,318,-0.7262,0.6875,1,1,1,28.675,77.325,140.22,172.86,415.5
GRID_R05_C08,2022-11-15,2022,11,15,319,-0.7143,0.6998,1,1,1,28.675,77.325,102.24,99.43,274.0
GRID_R05_C08,2022-11-16,2022,11,16,320,-0.7021,0.712,1,1,1,28.675,77.325,118.88,174.92,414.2
GRID_R05_C08,2022-11-17,2022,11,17,321,-0.6898,0.724,1,1,1,28.675,77.325,139.59,199.17,386.09
GRID_R05_C08,2022-11-18,2022,11,18,322,-0.6772,0.7358,1,1,1,28.675,77.325,157.43,240.44,551.78
GRID_R05_C08,2022-11-19,2022,11,19,323,-0.6645,0.7473,1,1,1,28.675,77.325,144.5,178.83,532.85
GRID_R05_C08,2022-11-20,2022,11,20,324,-0.6515,0.7586,1,1,1,28.675,77.325,171.28,216.63,551.35
GRID_R05_C08,2022-11-21,2022,11,21,325,-0.6384,0.7697,1,0,1,28.675,77.325,143.93,174.07,350.6
GRID_R05_C08,2022-11-22,2022,11,22,326,-0.625,0.7806,1,0,1,28.675,77.325,113.47,136.13,245.25
GRID_R05_C08,2022-11-23,2022,11,23,327,-0.6115,0.7912,1,0,1,28.675,77.325,103.72,127.52,416.48
GRID_R05_C08,2022-11-24,2022,11,24,328,-0.5978,0.8016,1,0,1,28.675,77.325,108.55,109.77,569.33
GRID_R05_C08,2022-11-25,2022,11,25,329,-0.584,0.8118,1,0,1,28.675,77.325,158.6,173.91,591.25
GRID_R05_C08,2022-11-26,2022,11,26,330,-0.5699,0.8217,1,0,1,28.675,77.325,180.96,192.28,757.0
GRID_R05_C08,2022-11-27,2022,11,27,331,-0.5557,0.8314,1,0,1,28.675,77.325,174.61,195.31,509.45
GRID_R05_C08,2022-11-28,2022,11,28,332,-0.5413,0.8408,1,0,1,28.675,77.325,198.65,227.57,680.0
GRID_R05_C08,2022-11-29,2022,11,29,333,-0.5268,0.85,1,0,1,28.675,77.325,230.27,284.3,658.91
GRID_R05_C08,2022-11-30,2022,11,30,334,-0.5121,0.859,1,0,1,28.675,77.325,207.63,223.34,533.0
GRID_R05_C08,2022-12-01,2022,12,1,335,-0.4972,0.8676,1,0,1,28.675,77.325,213.69,231.84,492.99
GRID_R05_C08,2022-12-02,2022,12,2,336,-0.4822,0.8761,1,0,1,28.675,77.325,200.39,204.94,605.25
GRID_R05_C08,2022-12-03,2022,12,3,337,-0.4671,0.8842,1,0,1,28.675,77.325,245.25,260.2,667.75
GRID_R05_C08,2022-12-04,2022,12,4,338,-0.4518,0.8921,1,0,1,28.675,77.325,250.6,293.9,635.75
GRID_R05_C08,2022-12-05,2022,12,5,339,-0.4364,0.8998,1,0,1,28.675,77.325,187.08,202.78,560.75
GRID_R05_C08,2022-12-06,2022,12,6,340,-0.4208,0.9071,1,0,1,28.675,77.325,184.23,189.48,359.0
GRID_R05_C08,2022-12-07,2022,12,7,341,-0.4052,0.9142,1,0,1,28.675,77.325,133.43,143.42,336.05
GRID_R05_C08,2022-12-08,2022,12,8,342,-0.3894,0.9211,1,0,1,28.675,77.325,143.94,139.75,466.58
GRID_R05_C08,2022-12-09,2022,12,9,343,-0.3735,0.9276,1,0,1,28.675,77.325,169.88,151.03,691.0
GRID_R05_C08,2022-12-10,2022,12,10,344,-0.3575,0.9339,1,0,1,28.675,77.325,211.95,254.19,646.75
GRID_R05_C08,2022-12-11,2022,12,11,345,-0.3413,0.9399,1,0,1,28.675,77.325,134.03,153.58,476.75
GRID_R05_C08,2022-12-12,2022,12,12,346,-0.3251,0.9457,1,0,1,28.675,77.325,95.92,100.39,620.75
GRID_R05_C08,2022-12-13,2022,12,13,347,-0.3088,0.9511,1,0,1,28.675,77.325,70.68,81.54,233.75
GRID_R05_C08,2022-12-14,2022,12,14,348,-0.2924,0.9563,1,0,1,28.675,77.325,85.59,94.24,367.25
GRID_R05_C08,2022-12-15,2022,12,15,349,-0.2759,0.9612,1,0,1,28.675,77.325,89.92,84.74,424.25
GRID_R05_C08,2022-12-16,2022,12,16,350,-0.2593,0.9658,1,0,1,28.675,77.325,124.19,111.4,659.18
GRID_R05_C08,2022-12-17,2022,12,17,351,-0.2427,0.9701,1,0,1,28.675,77.325,167.33,151.3,760.25
GRID_R05_C08,2022-12-18,2022,12,18,352,-0.226,0.9741,1,0,1,28.675,77.325,254.25,203.4,813.75
GRID_R05_C08,2022-12-19,2022,12,19,353,-0.2092,0.9779,1,0,1,28.675,77.325,259.11,226.32,843.5
GRID_R05_C08,2022-12-20,2022,12,20,354,-0.1923,0.9813,1,0,1,28.675,77.325,199.94,168.09,544.0
GRID_R05_C08,2022-12-21,2022,12,21,355,-0.1754,0.9845,1,0,1,28.675,77.325,188.4,149.22,490.33
GRID_R05_C08,2022-12-22,2022,12,22,356,-0.1585,0.9874,1,0,1,28.675,77.325,202.24,126.13,541.5
GRID_R05_C08,2022-12-23,2022,12,23,357,-0.1414,0.9899,1,0,1,28.675,77.325,202.07,128.73,592.25
GRID_R05_C08,2022-12-24,2022,12,24,358,-0.1244,0.9922,1,0,1,28.675,77.325,160.66,177.3,457.75
GRID_R05_C08,2022-12-25,2022,12,25,359,-0.1073,0.9942,1,0,1,28.675,77.325,168.91,143.09,840.0
GRID_R05_C08,2022-12-26,2022,12,26,360,-0.0902,0.9959,1,0,1,28.675,77.325,193.84,121.15,854.02
GRID_R05_C08,2022-12-27,2022,12,27,361,-0.073,0.9973,1,0,1,28.675,77.325,166.8,128.51,554.62
GRID_R05_C08,2022-12-28,2022,12,28,362,-0.0559,0.9984,1,0,1,28.675,77.325,151.84,165.35,701.2
GRID_R05_C08,2022-12-29,2022,12,29,363,-0.0387,0.9993,1,0,1,28.675,77.325,196.73,149.79,589.5
GRID_R05_C08,2022-12-30,2022,12,30,364,-0.0215,0.9998,1,0,1,28.675,77.325,256.68,236.1,805.0
GRID_R05_C08,2022-12-31,2022,12,31,365,-0.0043,1.0,1,0,1,28.675,77.325,156.24,154.1,582.0
GRID_R05_C08,2023-01-01,2023,1,1,1,0.0172,0.9999,1,0,1,28.675,77.325,140.59,112.69,679.25
GRID_R05_C08,2023-01-02,2023,1,2,2,0.0344,0.9994,1,0,1,28.675,77.325,233.11,193.92,516.68
GRID_R05_C08,2023-01-03,2023,1,3,3,0.0516,0.9987,1,0,1,28.675,77.325,239.57,221.13,472.25
GRID_R05_C08,2023-01-04,2023,1,4,4,0.0688,0.9976,1,0,1,28.675,77.325,179.33,118.26,546.75
GRID_R05_C08,2023-01-05,2023,1,5,5,0.0859,0.9963,1,0,1,28.675,77.325,208.96,121.88,788.25
GRID_R05_C08,2023-01-06,2023,1,6,6,0.103,0.9947,1,0,1,28.675,77.325,258.51,192.14,565.75
GRID_R05_C08,2023-01-07,2023,1,7,7,0.1201,0.9928,1,0,1,28.675,77.325,226.55,148.25,845.15
GRID_R05_C08,2023-01-08,2023,1,8,8,0.1372,0.9905,1,0,1,28.675,77.325,254.55,135.77,968.0
GRID_R05_C08,2023-01-09,2023,1,9,9,0.1542,0.988,1,0,1,28.675,77.325,377.61,262.54,979.0
GRID_R05_C08,2023-01-10,2023,1,10,10,0.1712,0.9852,1,0,1,28.675,77.325,232.43,146.22,805.2
GRID_R05_C08,2023-01-11,2023,1,11,11,0.1881,0.9821,1,0,1,28.675,77.325,175.13,93.59,915.0
GRID_R05_C08,2023-01-12,2023,1,12,12,0.205,0.9788,1,0,1,28.675,77.325,203.36,198.28,351.25
GRID_R05_C08,2023-01-13,2023,1,13,13,0.2218,0.9751,1,0,1,28.675,77.325,215.69,210.06,412.25
GRID_R05_C08,2023-01-14,2023,1,14,14,0.2385,0.9711,1,0,1,28.675,77.325,153.77,170.89,335.25
GRID_R05_C08,2023-01-15,2023,1,15,15,0.2552,0.9669,1,0,1,28.675,77.325,98.57,97.09,423.75
GRID_R05_C08,2023-01-16,2023,1,16,16,0.2718,0.9624,1,0,1,28.675,77.325,143.33,131.44,582.0
GRID_R05_C08,2023-01-17,2023,1,17,17,0.2883,0.9575,1,0,1,28.675,77.325,152.32,167.19,593.0
GRID_R05_C08,2023-01-18,2023,1,18,18,0.3047,0.9524,1,0,1,28.675,77.325,191.89,203.4,818.25
GRID_R05_C08,2023-01-19,2023,1,19,19,0.3211,0.9471,1,0,1,28.675,77.325,198.04,198.56,609.88
GRID_R05_C08,2023-01-20,2023,1,20,20,0.3373,0.9414,1,0,1,28.675,77.325,91.12,56.01,458.5
GRID_R05_C08,2023-01-21,2023,1,21,21,0.3534,0.9355,1,0,1,28.675,77.325,210.88,164.5,931.1
GRID_R05_C08,2023-01-22,2023,1,22,22,0.3695,0.9292,1,0,1,28.675,77.325,248.86,279.16,593.75
GRID_R05_C08,2023-01-23,2023,1,23,23,0.3854,0.9227,1,0,1,28.675,77.325,168.8,185.13,697.65
GRID_R05_C08,2023-01-24,2023,1,24,24,0.4012,0.916,1,0,1,28.675,77.325,86.73,102.82,335.0
GRID_R05_C08,2023-01-25,2023,1,25,25,0.4169,0.9089,1,0,1,28.675,77.325,105.39,103.56,282.5
GRID_R05_C08,2023-01-26,2023,1,26,26,0.4325,0.9016,1,0,1,28.675,77.325,138.53,158.69,261.25
GRID_R05_C08,2023-01-27,2023,1,27,27,0.4479,0.8941,1,0,1,28.675,77.325,92.74,98.78,201.25
GRID_R05_C08,2023-01-28,2023,1,28,28,0.4633,0.8862,1,0,1,28.675,77.325,123.06,110.04,415.0
GRID_R05_C08,2023-01-29,2023,1,29,29,0.4784,0.8781,1,0,1,28.675,77.325,187.89,219.15,553.75
GRID_R05_C08,2023-01-30,2023,1,30,30,0.4935,0.8698,1,0,1,28.675,77.325,79.17,31.48,953.9
GRID_R05_C08,2023-01-31,2023,1,31,31,0.5084,0.8611,1,0,1,28.675,77.325,85.1,78.2,724.1
GRID_R05_C08,2023-02-01,2023,2,1,32,0.5231,0.8523,0,0,1,28.675,77.325,84.61,84.26,818.42
GRID_R05_C08,2023-02-02,2023,2,2,33,0.5377,0.8432,0,0,1,28.675,77.325,87.18,96.8,635.88
GRID_R05_C08,2023-02-03,2023,2,3,34,0.5521,0.8338,0,0,1,28.675,77.325,103.31,96.71,753.0
GRID_R05_C08,2023-02-04,2023,2,4,35,0.5664,0.8242,0,0,1,28.675,77.325,118.23,104.62,517.0
GRID_R05_C08,2023-02-05,2023,2,5,36,0.5805,0.8143,0,0,1,28.675,77.325,105.12,112.14,550.5
GRID_R05_C08,2023-02-06,2023,2,6,37,0.5944,0.8042,0,0,1,28.675,77.325,142.37,178.57,410.75
GRID_R05_C08,2023-02-07,2023,2,7,38,0.6081,0.7938,0,0,1,28.675,77.325,116.41,192.85,424.25
GRID_R05_C08,2023-02-08,2023,2,8,39,0.6217,0.7833,0,0,1,28.675,77.325,73.83,78.85,281.0
GRID_R05_C08,2023-02-09,2023,2,9,40,0.6351,0.7725,0,0,1,28.675,77.325,91.53,116.1,255.75
GRID_R05_C08,2023-02-10,2023,2,10,41,0.6483,0.7614,0,0,1,28.675,77.325,93.96,97.32,266.5
GRID_R05_C08,2023-02-11,2023,2,11,42,0.6613,0.7502,0,0,1,28.675,77.325,137.57,177.28,403.1
GRID_R05_C08,2023-02-12,2023,2,12,43,0.6741,0.7387,0,0,1,28.675,77.325,55.0,74.17,211.8
GRID_R05_C08,2023-02-13,2023,2,13,44,0.6867,0.727,0,0,1,28.675,77.325,48.7,52.97,261.9
GRID_R05_C08,2023-02-14,2023,2,14,45,0.6991,0.715,0,0,1,28.675,77.325,63.39,69.72,284.48
GRID_R05_C08,2023-02-15,2023,2,15,46,0.7113,0.7029,0,0,1,28.675,77.325,91.34,97.16,302.0
GRID_R05_C08,2023-02-16,2023,2,16,47,0.7233,0.6906,0,0,1,28.675,77.325,166.5,140.14,489.0
GRID_R05_C08,2023-02-17,2023,2,17,48,0.735,0.678,0,0,1,28.675,77.325,221.81,254.05,493.0
GRID_R05_C08,2023-02-18,2023,2,18,49,0.7466,0.6653,0,0,1,28.675,77.325,202.82,256.19,552.75
GRID_R05_C08,2023-02-19,2023,2,19,50,0.7579,0.6523,0,0,1,28.675,77.325,180.82,197.74,421.18
GRID_R05_C08,2023-02-20,2023,2,20,51,0.769,0.6392,0,0,1,28.675,77.325,147.09,204.27,375.5
GRID_R05_C08,2023-02-21,2023,2,21,52,0.7799,0.6259,0,0,1,28.675,77.325,125.63,121.27,656.0
GRID_R05_C08,2023-02-22,2023,2,22,53,0.7906,0.6124,0,0,1,28.675,77.325,137.12,142.42,598.33
GRID_R05_C08,2023-02-23,2023,2,23,54,0.801,0.5987,0,0,1,28.675,77.325,82.06,100.74,433.71
GRID_R05_C08,2023-02-24,2023,2,24,55,0.8112,0.5848,0,0,1,28.675,77.325,80.97,101.45,294.0
GRID_R05_C08,2023-02-25,2023,2,25,56,0.8211,0.5708,0,0,1,28.675,77.325,115.56,131.95,342.93
GRID_R05_C08,2023-02-26,2023,2,26,57,0.8308,0.5566,0,0,1,28.675,77.325,138.48,183.46,388.62
GRID_R05_C08,2023-02-27,2023,2,27,58,0.8402,0.5422,0,0,1,28.675,77.325,119.02,171.7,601.25
GRID_R05_C08,2023-02-28,2023,2,28,59,0.8495,0.5277,0,0,1,28.675,77.325,90.5,131.14,342.25
GRID_R05_C08,2023-03-01,2023,3,1,60,0.8584,0.513,0,0,1,28.675,77.325,74.16,60.12,336.12
GRID_R05_C08,2023-03-02,2023,3,2,61,0.8671,0.4981,0,0,1,28.675,77.325,91.36,122.77,494.45
GRID_R05_C08,2023-03-03,2023,3,3,62,0.8755,0.4831,0,0,1,28.675,77.325,61.71,80.19,223.43
GRID_R05_C08,2023-03-04,2023,3,4,63,0.8837,0.468,0,0,1,28.675,77.325,54.64,54.04,213.2
GRID_R05_C08,2023-03-05,2023,3,5,64,0.8916,0.4527,0,0,1,28.675,77.325,56.31,73.75,238.5
GRID_R05_C08,2023-03-06,2023,3,6,65,0.8993,0.4373,0,0,1,28.675,77.325,67.11,102.74,260.5
GRID_R05_C08,2023-03-07,2023,3,7,66,0.9067,0.4218,0,0,1,28.675,77.325,85.44,122.07,859.6
GRID_R05_C08,2023-03-08,2023,3,8,67,0.9138,0.4061,0,0,1,28.675,77.325,112.71,170.69,449.76
GRID_R05_C08,2023-03-09,2023,3,9,68,0.9207,0.3904,0,0,1,28.675,77.325,55.22,43.35,174.25
GRID_R05_C08,2023-03-10,2023,3,10,69,0.9272,0.3745,0,0,1,28.675,77.325,90.97,142.38,363.25
GRID_R05_C08,2023-03-11,2023,3,11,70,0.9335,0.3585,0,0,1,28.675,77.325,92.21,126.75,376.25
GRID_R05_C08,2023-03-12,2023,3,12,71,0.9396,0.3424,0,0,1,28.675,77.325,96.52,128.32,343.0
GRID_R05_C08,2023-03-13,2023,3,13,72,0.9453,0.3261,0,0,1,28.675,77.325,106.76,170.57,539.25
GRID_R05_C08,2023-03-14,2023,3,14,73,0.9508,0.3098,0,0,1,28.675,77.325,101.82,169.29,405.0
GRID_R05_C08,2023-03-15,2023,3,15,74,0.956,0.2934,0,0,1,28.675,77.325,99.28,144.25,493.0
GRID_R05_C08,2023-03-16,2023,3,16,75,0.9609,0.2769,0,0,1,28.675,77.325,103.45,169.42,311.0
GRID_R05_C08,2023-03-17,2023,3,17,76,0.9655,0.2604,0,0,1,28.675,77.325,95.66,126.99,277.0
GRID_R05_C08,2023-03-18,2023,3,18,77,0.9698,0.2437,0,0,1,28.675,77.325,68.73,68.92,246.33
GRID_R05_C08,2023-03-19,2023,3,19,78,0.9739,0.227,0,0,1,28.675,77.325,81.25,107.01,194.0
GRID_R05_C08,2023-03-20,2023,3,20,79,0.9777,0.2102,0,0,1,28.675,77.325,56.77,86.71,484.7
GRID_R05_C08,2023-03-21,2023,3,21,80,0.9811,0.1934,0,0,1,28.675,77.325,46.16,46.26,421.4
GRID_R05_C08,2023-03-22,2023,3,22,81,0.9843,0.1765,0,0,1,28.675,77.325,78.51,103.87,263.7
GRID_R05_C08,2023-03-23,2023,3,23,82,0.9872,0.1595,0,0,1,28.675,77.325,72.64,126.92,389.37
GRID_R05_C08,2023-03-24,2023,3,24,83,0.9898,0.1425,0,0,1,28.675,77.325,87.5,147.35,331.25
GRID_R05_C08,2023-03-25,2023,3,25,84,0.9921,0.1255,0,0,1,28.675,77.325,40.65,22.9,265.23
GRID_R05_C08,2023-03-26,2023,3,26,85,0.9941,0.1084,0,0,1,28.675,77.325,65.61,67.31,296.75
GRID_R05_C08,2023-03-27,2023,3,27,86,0.9958,0.0913,0,0,1,28.675,77.325,59.22,104.09,897.0
GRID_R05_C08,2023-03-28,2023,3,28,87,0.9972,0.0741,0,0,1,28.675,77.325,68.09,117.08,303.75
GRID_R05_C08,2023-03-29,2023,3,29,88,0.9984,0.057,0,0,1,28.675,77.325,86.06,147.88,297.25
GRID_R05_C08,2023-03-30,2023,3,30,89,0.9992,0.0398,0,0,1,28.675,77.325,71.1,110.89,393.2
GRID_R05_C08,2023-03-31,2023,3,31,90,0.9997,0.0226,0,0,1,28.675,77.325,30.7,33.22,368.03
GRID_R05_C08,2023-04-01,2023,4,1,91,1.0,0.0054,0,0,1,28.675,77.325,45.0,50.95,280.2
GRID_R05_C08,2023-04-02,2023,4,2,92,0.9999,-0.0118,0,0,1,28.675,77.325,59.81,80.84,224.28
GRID_R05_C08,2023-04-03,2023,4,3,93,0.9996,-0.029,0,0,1,28.675,77.325,72.19,121.82,333.0
GRID_R05_C08,2023-04-04,2023,4,4,94,0.9989,-0.0462,0,0,1,28.675,77.325,45.44,29.36,231.75
GRID_R05_C08,2023-04-05,2023,4,5,95,0.998,-0.0634,0,0,1,28.675,77.325,54.84,74.72,301.97
GRID_R05_C08,2023-04-06,2023,4,6,96,0.9968,-0.0805,0,0,1,28.675,77.325,41.83,38.85,274.75
GRID_R05_C08,2023-04-07,2023,4,7,97,0.9952,-0.0977,0,0,1,28.675,77.325,50.13,62.82,231.4
GRID_R05_C08,2023-04-08,2023,4,8,98,0.9934,-0.1148,0,0,1,28.675,77.325,70.16,112.22,310.8
GRID_R05_C08,2023-04-09,2023,4,9,99,0.9913,-0.1319,0,0,1,28.675,77.325,104.17,193.79,517.0
GRID_R05_C08,2023-04-10,2023,4,10,100,0.9889,-0.1489,0,0,1,28.675,77.325,90.88,162.06,345.5
GRID_R05_C08,2023-04-11,2023,4,11,101,0.9861,-0.1659,0,0,1,28.675,77.325,125.55,211.25,484.0
GRID_R05_C08,2023-04-12,2023,4,12,102,0.9831,-0.1828,0,0,1,28.675,77.325,80.5,109.18,301.75
GRID_R05_C08,2023-04-13,2023,4,13,103,0.9799,-0.1997,0,0,1,28.675,77.325,91.21,134.67,408.07
GRID_R05_C08,2023-04-14,2023,4,14,104,0.9763,-0.2165,0,0,1,28.675,77.325,101.61,180.79,637.98
GRID_R05_C08,2023-04-15,2023,4,15,105,0.9724,-0.2333,0,0,1,28.675,77.325,102.14,168.04,426.0
GRID_R05_C08,2023-04-16,2023,4,16,106,0.9683,-0.25,0,0,1,28.675,77.325,74.74,116.52,292.25
GRID_R05_C08,2023-04-17,2023,4,17,107,0.9638,-0.2666,0,0,1,28.675,77.325,73.07,100.08,843.0
GRID_R05_C08,2023-04-18,2023,4,18,108,0.9591,-0.2831,0,0,1,28.675,77.325,77.58,87.12,341.25
GRID_R05_C08,2023-04-19,2023,4,19,109,0.9541,-0.2996,0,0,1,28.675,77.325,61.25,60.06,355.0
GRID_R05_C08,2023-04-20,2023,4,20,110,0.9488,-0.316,0,0,1,28.675,77.325,43.08,46.28,257.25
GRID_R05_C08,2023-04-21,2023,4,21,111,0.9432,-0.3322,0,0,1,28.675,77.325,42.14,38.9,132.0
GRID_R05_C08,2023-04-22,2023,4,22,112,0.9373,-0.3484,0,0,1,28.675,77.325,42.02,47.82,285.6
GRID_R05_C08,2023-04-23,2023,4,23,113,0.9312,-0.3645,0,0,1,28.675,77.325,27.04,22.57,116.15
GRID_R05_C08,2023-04-24,2023,4,24,114,0.9248,-0.3804,0,0,1,28.675,77.325,60.44,93.49,284.25
GRID_R05_C08,2023-04-25,2023,4,25,115,0.9181,-0.3963,0,0,1,28.675,77.325,57.03,54.03,232.0
GRID_R05_C08,2023-04-26,2023,4,26,116,0.9112,-0.412,0,0,1,28.675,77.325,89.57,102.38,227.88
GRID_R05_C08,2023-04-27,2023,4,27,117,0.9039,-0.4276,0,0,1,28.675,77.325,81.27,126.06,347.77
GRID_R05_C08,2023-04-28,2023,4,28,118,0.8965,-0.4431,0,0,1,28.675,77.325,69.6,79.05,230.5
GRID_R05_C08,2023-04-29,2023,4,29,119,0.8887,-0.4585,0,0,1,28.675,77.325,74.43,104.95,512.24
GRID_R05_C08,2023-04-30,2023,4,30,120,0.8807,-0.4737,0,0,1,28.675,77.325,51.31,52.35,388.1
GRID_R05_C08,2023-05-01,2023,5,1,121,0.8724,-0.4888,0,0,1,28.675,77.325,42.14,40.18,123.7
GRID_R05_C08,2023-05-02,2023,5,2,122,0.8639,-0.5037,0,0,1,28.675,77.325,40.17,33.05,142.0
GRID_R05_C08,2023-05-03,2023,5,3,123,0.8551,-0.5185,0,0,1,28.675,77.325,46.47,61.87,161.0
GRID_R05_C08,2023-05-04,2023,5,4,124,0.846,-0.5331,0,0,1,28.675,77.325,61.21,69.35,212.75
GRID_R05_C08,2023-05-05,2023,5,5,125,0.8367,-0.5476,0,0,1,28.675,77.325,81.37,90.75,335.0
GRID_R05_C08,2023-05-06,2023,5,6,126,0.8272,-0.5619,0,0,1,28.675,77.325,104.11,196.28,426.25
GRID_R05_C08,2023-05-07,2023,5,7,127,0.8174,-0.5761,0,0,1,28.675,77.325,65.47,75.25,269.5
GRID_R05_C08,2023-05-08,2023,5,8,128,0.8074,-0.59,0,0,1,28.675,77.325,54.44,80.29,242.4
GRID_R05_C08,2023-05-09,2023,5,9,129,0.7971,-0.6038,0,0,1,28.675,77.325,95.57,166.97,316.75
GRID_R05_C08,2023-05-10,2023,5,10,130,0.7866,-0.6175,0,0,1,28.675,77.325,91.05,128.71,319.0
GRID_R05_C08,2023-05-11,2023,5,11,131,0.7759,-0.6309,0,0,1,28.675,77.325,130.6,209.36,393.0
GRID_R05_C08,2023-05-12,2023,5,12,132,0.7649,-0.6442,0,0,1,28.675,77.325,91.49,100.45,348.88
GRID_R05_C08,2023-05-13,2023,5,13,133,0.7537,-0.6572,0,0,1,28.675,77.325,99.09,109.57,485.68
GRID_R05_C08,2023-05-14,2023,5,14,134,0.7423,-0.6701,0,0,1,28.675,77.325,98.57,136.92,479.27
GRID_R05_C08,2023-05-15,2023,5,15,135,0.7306,-0.6828,0,0,1,28.675,77.325,38.31,29.97,302.67
GRID_R05_C08,2023-05-16,2023,5,16,136,0.7188,-0.6952,0,0,1,28.675,77.325,136.34,257.39,858.0
GRID_R05_C08,2023-05-17,2023,5,17,137,0.7067,-0.7075,0,0,1,28.675,77.325,90.2,128.36,439.2
GRID_R05_C08,2023-05-18,2023,5,18,138,0.6945,-0.7195,0,0,1,28.675,77.325,41.38,32.39,475.8
GRID_R05_C08,2023-05-19,2023,5,19,139,0.682,-0.7314,0,0,1,28.675,77.325,66.91,82.41,324.2
GRID_R05_C08,2023-05-20,2023,5,20,140,0.6693,-0.743,0,0,1,28.675,77.325,69.13,97.72,410.08
GRID_R05_C08,2023-05-21,2023,5,21,141,0.6564,-0.7544,0,0,1,28.675,77.325,81.61,112.52,418.88
GRID_R05_C08,2023-05-22,2023,5,22,142,0.6433,-0.7656,0,0,1,28.675,77.325,62.36,47.74,293.65
GRID_R05_C08,2023-05-23,2023,5,23,143,0.6301,-0.7765,0,0,1,28.675,77.325,51.37,39.71,426.07
GRID_R05_C08,2023-05-24,2023,5,24,144,0.6166,-0.7873,0,0,1,28.675,77.325,30.2,33.36,224.1
GRID_R05_C08,2023-05-25,2023,5,25,145,0.603,-0.7978,0,0,1,28.675,77.325,25.89,20.93,134.75
GRID_R05_C08,2023-05-26,2023,5,26,146,0.5892,-0.808,0,0,1,28.675,77.325,26.17,23.94,150.6
GRID_R05_C08,2023-05-27,2023,5,27,147,0.5752,-0.818,0,0,1,28.675,77.325,33.7,29.09,523.54
GRID_R05_C08,2023-05-28,2023,5,28,148,0.561,-0.8278,0,0,1,28.675,77.325,56.8,80.39,233.0
GRID_R05_C08,2023-05-29,2023,5,29,149,0.5467,-0.8373,0,0,1,28.675,77.325,37.1,30.3,130.5
GRID_R05_C08,2023-05-30,2023,5,30,150,0.5322,-0.8466,0,0,1,28.675,77.325,40.46,55.96,135.7
GRID_R05_C08,2023-05-31,2023,5,31,151,0.5176,-0.8556,0,0,1,28.675,77.325,33.88,31.72,143.0
GRID_R05_C08,2023-06-01,2023,6,1,152,0.5028,-0.8644,0,0,1,28.675,77.325,46.64,58.04,292.76
GRID_R05_C08,2023-06-02,2023,6,2,153,0.4878,-0.8729,0,0,1,28.675,77.325,41.96,45.19,187.5
GRID_R05_C08,2023-06-03,2023,6,3,154,0.4728,-0.8812,0,0,1,28.675,77.325,53.0,61.51,386.5
GRID_R05_C08,2023-06-04,2023,6,4,155,0.4575,-0.8892,0,0,1,28.675,77.325,78.77,80.91,325.5
GRID_R05_C08,2023-06-05,2023,6,5,156,0.4422,-0.8969,0,0,1,28.675,77.325,62.55,71.0,251.1
GRID_R05_C08,2023-06-06,2023,6,6,157,0.4267,-0.9044,0,0,1,28.675,77.325,67.29,33.7,572.5
GRID_R05_C08,2023-06-07,2023,6,7,158,0.4111,-0.9116,0,0,1,28.675,77.325,68.05,92.24,474.55
GRID_R05_C08,2023-06-08,2023,6,8,159,0.3953,-0.9185,0,0,1,28.675,77.325,53.69,69.34,233.88
GRID_R05_C08,2023-06-09,2023,6,9,160,0.3795,-0.9252,0,0,1,28.675,77.325,43.43,43.51,173.5
GRID_R05_C08,2023-06-10,2023,6,10,161,0.3635,-0.9316,0,0,1,28.675,77.325,40.9,41.88,253.85
GRID_R05_C08,2023-06-11,2023,6,11,162,0.3474,-0.9377,0,0,1,28.675,77.325,39.92,35.37,191.32
GRID_R05_C08,2023-06-12,2023,6,12,163,0.3312,-0.9436,0,0,1,28.675,77.325,51.16,50.58,183.13
GRID_R05_C08,2023-06-13,2023,6,13,164,0.3149,-0.9491,0,0,1,28.675,77.325,58.07,62.85,247.82
GRID_R05_C08,2023-06-14,2023,6,14,165,0.2986,-0.9544,0,0,1,28.675,77.325,45.05,47.56,165.3
GRID_R05_C08,2023-06-15,2023,6,15,166,0.2821,-0.9594,0,0,1,28.675,77.325,36.9,41.12,210.9
GRID_R05_C08,2023-06-16,2023,6,16,167,0.2656,-0.9641,0,0,1,28.675,77.325,37.95,48.17,185.82
GRID_R05_C08,2023-06-17,2023,6,17,168,0.2489,-0.9685,0,0,1,28.675,77.325,42.72,46.56,196.94
GRID_R05_C08,2023-06-18,2023,6,18,169,0.2322,-0.9727,0,0,1,28.675,77.325,30.42,37.76,95.27
GRID_R05_C08,2023-06-19,2023,6,19,170,0.2155,-0.9765,0,0,1,28.675,77.325,26.76,19.09,89.0
GRID_R05_C08,2023-06-20,2023,6,20,171,0.1986,-0.9801,0,0,1,28.675,77.325,40.77,53.19,135.0
GRID_R05_C08,2023-06-21,2023,6,21,172,0.1818,-0.9833,0,0,1,28.675,77.325,37.05,27.92,126.36
GRID_R05_C08,2023-06-22,2023,6,22,173,0.1648,-0.9863,0,0,1,28.675,77.325,41.72,35.46,199.0
GRID_R05_C08,2023-06-23,2023,6,23,174,0.1478,-0.989,0,0,1,28.675,77.325,49.84,32.79,132.8
GRID_R05_C08,2023-06-24,2023,6,24,175,0.1308,-0.9914,0,0,1,28.675,77.325,53.71,59.12,164.0
GRID_R05_C08,2023-06-25,2023,6,25,176,0.1137,-0.9935,0,0,1,28.675,77.325,26.17,10.57,213.9
GRID_R05_C08,2023-06-26,2023,6,26,177,0.0966,-0.9953,0,0,1,28.675,77.325,45.76,58.46,238.0
GRID_R05_C08,2023-06-27,2023,6,27,178,0.0795,-0.9968,0,0,1,28.675,77.325,35.56,22.2,134.5
GRID_R05_C08,2023-06-28,2023,6,28,179,0.0623,-0.9981,0,0,1,28.675,77.325,33.49,42.22,122.25
GRID_R05_C08,2023-06-29,2023,6,29,180,0.0451,-0.999,0,0,1,28.675,77.325,40.76,45.28,206.0
GRID_R05_C08,2023-06-30,2023,6,30,181,0.028,-0.9996,0,0,1,28.675,77.325,25.96,19.04,324.97
GRID_R05_C08,2023-07-01,2023,7,1,182,0.0108,-0.9999,0,0,1,28.675,77.325,23.8,26.41,96.0
GRID_R05_C08,2023-07-02,2023,7,2,183,-0.0065,-1.0,0,0,1,28.675,77.325,34.21,26.01,119.0
GRID_R05_C08,2023-07-03,2023,7,3,184,-0.0237,-0.9997,0,0,1,28.675,77.325,53.81,37.97,133.0
GRID_R05_C08,2023-07-04,2023,7,4,185,-0.0408,-0.9992,0,0,1,28.675,77.325,49.22,51.84,135.02
GRID_R05_C08,2023-07-05,2023,7,5,186,-0.058,-0.9983,0,0,1,28.675,77.325,37.45,41.64,86.0
GRID_R05_C08,2023-07-06,2023,7,6,187,-0.0752,-0.9972,0,0,1,28.675,77.325,28.22,45.88,88.58
GRID_R05_C08,2023-07-07,2023,7,7,188,-0.0923,-0.9957,0,0,1,28.675,77.325,33.63,33.24,155.48
GRID_R05_C08,2023-07-08,2023,7,8,189,-0.1094,-0.994,0,0,1,28.675,77.325,27.02,21.61,192.15
GRID_R05_C08,2023-07-09,2023,7,9,190,-0.1265,-0.992,0,0,1,28.675,77.325,23.16,29.5,102.5
GRID_R05_C08,2023-07-10,2023,7,10,191,-0.1436,-0.9896,0,0,1,28.675,77.325,27.0,34.64,127.0
GRID_R05_C08,2023-07-11,2023,7,11,192,-0.1606,-0.987,0,0,1,28.675,77.325,33.59,36.34,95.5
GRID_R05_C08,2023-07-12,2023,7,12,193,-0.1775,-0.9841,0,0,1,28.675,77.325,32.39,32.56,101.15
GRID_R05_C08,2023-07-13,2023,7,13,194,-0.1944,-0.9809,0,0,1,28.675,77.325,37.11,36.05,103.0
GRID_R05_C08,2023-07-14,2023,7,14,195,-0.2113,-0.9774,0,0,1,28.675,77.325,36.83,37.88,86.6
GRID_R05_C08,2023-07-15,2023,7,15,196,-0.2281,-0.9736,0,0,1,28.675,77.325,37.5,32.62,135.25
GRID_R05_C08,2023-07-16,2023,7,16,197,-0.2448,-0.9696,0,0,1,28.675,77.325,28.46,25.38,107.4
GRID_R05_C08,2023-07-17,2023,7,17,198,-0.2614,-0.9652,0,0,1,28.675,77.325,45.31,30.88,158.0
GRID_R05_C08,2023-07-18,2023,7,18,199,-0.278,-0.9606,0,0,1,28.675,77.325,35.48,38.27,74.89
GRID_R05_C08,2023-07-19,2023,7,19,200,-0.2945,-0.9557,0,0,1,28.675,77.325,32.01,28.76,70.43
GRID_R05_C08,2023-07-20,2023,7,20,201,-0.3109,-0.9505,0,0,1,28.675,77.325,43.29,44.02,244.25
GRID_R05_C08,2023-07-21,2023,7,21,202,-0.3272,-0.945,0,0,1,28.675,77.325,53.1,60.53,274.0
GRID_R05_C08,2023-07-22,2023,7,22,203,-0.3434,-0.9392,0,0,1,28.675,77.325,34.44,34.98,124.7
GRID_R05_C08,2023-07-23,2023,7,23,204,-0.3595,-0.9332,0,0,1,28.675,77.325,27.59,26.55,94.0
GRID_R05_C08,2023-07-24,2023,7,24,205,-0.3755,-0.9268,0,0,1,28.675,77.325,30.6,33.99,141.0
GRID_R05_C08,2023-07-25,2023,7,25,206,-0.3914,-0.9202,0,0,1,28.675,77.325,43.11,37.92,123.33
GRID_R05_C08,2023-07-26,2023,7,26,207,-0.4071,-0.9134,0,0,1,28.675,77.325,24.52,10.76,91.6
GRID_R05_C08,2023-07-27,2023,7,27,208,-0.4228,-0.9062,0,0,1,28.675,77.325,39.93,45.29,160.75
GRID_R05_C08,2023-07-28,2023,7,28,209,-0.4383,-0.8988,0,0,1,28.675,77.325,35.1,43.94,172.36
GRID_R05_C08,2023-07-29,2023,7,29,210,-0.4537,-0.8912,0,0,1,28.675,77.325,16.8,18.34,95.0
GRID_R05_C08,2023-07-30,2023,7,30,211,-0.469,-0.8832,0,0,1,28.675,77.325,23.51,21.03,138.43
GRID_R05_C08,2023-07-31,2023,7,31,212,-0.4841,-0.875,0,0,1,28.675,77.325,45.49,57.92,853.8
GRID_R05_C08,2023-08-01,2023,8,1,213,-0.4991,-0.8666,0,0,1,28.675,77.325,28.05,23.08,105.33
GRID_R05_C08,2023-08-02,2023,8,2,214,-0.5139,-0.8578,0,0,1,28.675,77.325,27.37,27.07,335.4
GRID_R05_C08,2023-08-03,2023,8,3,215,-0.5286,-0.8489,0,0,1,28.675,77.325,31.06,25.45,183.33
GRID_R05_C08,2023-08-04,2023,8,4,216,-0.5431,-0.8397,0,0,1,28.675,77.325,36.88,30.03,250.75
GRID_R05_C08,2023-08-05,2023,8,5,217,-0.5575,-0.8302,0,0,1,28.675,77.325,40.65,37.91,558.29
GRID_R05_C08,2023-08-06,2023,8,6,218,-0.5717,-0.8205,0,0,1,28.675,77.325,30.95,26.53,315.18
GRID_R05_C08,2023-08-07,2023,8,7,219,-0.5857,-0.8105,0,0,1,28.675,77.325,29.26,26.44,98.5
GRID_R05_C08,2023-08-08,2023,8,8,220,-0.5996,-0.8003,0,0,1,28.675,77.325,30.8,27.08,137.0
GRID_R05_C08,2023-08-09,2023,8,9,221,-0.6132,-0.7899,0,0,1,28.675,77.325,36.83,29.18,150.12
GRID_R05_C08,2023-08-10,2023,8,10,222,-0.6267,-0.7792,0,0,1,28.675,77.325,37.31,33.22,129.6
GRID_R05_C08,2023-08-11,2023,8,11,223,-0.64,-0.7683,0,0,1,28.675,77.325,40.24,35.46,237.7
GRID_R05_C08,2023-08-12,2023,8,12,224,-0.6532,-0.7572,0,0,1,28.675,77.325,35.54,31.69,172.82
GRID_R05_C08,2023-08-13,2023,8,13,225,-0.6661,-0.7459,0,0,1,28.675,77.325,30.13,26.24,177.0
GRID_R05_C08,2023-08-14,2023,8,14,226,-0.6788,-0.7343,0,0,1,28.675,77.325,36.36,35.75,161.0
GRID_R05_C08,2023-08-15,2023,8,15,227,-0.6914,-0.7225,0,0,1,28.675,77.325,46.34,49.85,262.0
GRID_R05_C08,2023-08-16,2023,8,16,228,-0.7037,-0.7105,0,0,1,28.675,77.325,47.54,49.9,166.25
GRID_R05_C08,2023-08-17,2023,8,17,229,-0.7158,-0.6983,0,0,1,28.675,77.325,41.3,39.35,117.0
GRID_R05_C08,2023-08-18,2023,8,18,230,-0.7277,-0.6859,0,0,1,28.675,77.325,45.5,38.4,223.76
GRID_R05_C08,2023-08-19,2023,8,19,231,-0.7394,-0.6733,0,0,1,28.675,77.325,45.16,23.41,160.25
GRID_R05_C08,2023-08-20,2023,8,20,232,-0.7509,-0.6605,0,0,1,28.675,77.325,38.0,45.6,180.0
GRID_R05_C08,2023-08-21,2023,8,21,233,-0.7621,-0.6474,0,0,1,28.675,77.325,39.39,38.68,118.25
GRID_R05_C08,2023-08-22,2023,8,22,234,-0.7731,-0.6342,0,0,1,28.675,77.325,37.83,42.07,167.0
GRID_R05_C08,2023-08-23,2023,8,23,235,-0.7839,-0.6208,0,0,1,28.675,77.325,24.4,25.96,129.0
GRID_R05_C08,2023-08-24,2023,8,24,236,-0.7945,-0.6073,0,0,1,28.675,77.325,31.87,25.48,625.79
GRID_R05_C08,2023-08-25,2023,8,25,237,-0.8048,-0.5935,0,0,1,28.675,77.325,35.18,29.15,122.33
GRID_R05_C08,2023-08-26,2023,8,26,238,-0.8149,-0.5796,0,0,1,28.675,77.325,45.15,39.47,163.97
GRID_R05_C08,2023-08-27,2023,8,27,239,-0.8248,-0.5655,0,0,1,28.675,77.325,53.2,65.29,151.2
GRID_R05_C08,2023-08-28,2023,8,28,240,-0.8344,-0.5512,0,0,1,28.675,77.325,48.16,46.22,196.04
GRID_R05_C08,2023-08-29,2023,8,29,241,-0.8437,-0.5368,0,0,1,28.675,77.325,44.85,31.69,135.5
GRID_R05_C08,2023-08-30,2023,8,30,242,-0.8528,-0.5222,0,0,1,28.675,77.325,48.19,45.46,289.6
GRID_R05_C08,2023-08-31,2023,8,31,243,-0.8617,-0.5074,0,0,1,28.675,77.325,48.55,56.61,188.69
GRID_R05_C08,2023-09-01,2023,9,1,244,-0.8703,-0.4925,0,0,1,28.675,77.325,41.84,47.03,117.0
GRID_R05_C08,2023-09-02,2023,9,2,245,-0.8786,-0.4775,0,0,1,28.675,77.325,41.91,42.76,425.9
GRID_R05_C08,2023-09-03,2023,9,3,246,-0.8867,-0.4623,0,0,1,28.675,77.325,40.67,41.45,167.62
GRID_R05_C08,2023-09-04,2023,9,4,247,-0.8945,-0.447,0,0,1,28.675,77.325,39.55,47.47,201.6
GRID_R05_C08,2023-09-05,2023,9,5,248,-0.9021,-0.4315,0,0,1,28.675,77.325,39.25,33.24,126.67
GRID_R05_C08,2023-09-06,2023,9,6,249,-0.9094,-0.4159,0,0,1,28.675,77.325,31.96,31.6,240.07
GRID_R05_C08,2023-09-07,2023,9,7,250,-0.9164,-0.4002,0,0,1,28.675,77.325,34.79,29.54,120.0
GRID_R05_C08,2023-09-08,2023,9,8,251,-0.9232,-0.3844,0,0,1,28.675,77.325,23.47,18.74,134.67
GRID_R05_C08,2023-09-09,2023,9,9,252,-0.9296,-0.3685,0,0,1,28.675,77.325,13.58,11.89,238.75
GRID_R05_C08,2023-09-10,2023,9,10,253,-0.9358,-0.3524,0,0,1,28.675,77.325,11.76,19.09,276.5
GRID_R05_C08,2023-09-11,2023,9,11,254,-0.9418,-0.3363,0,0,1,28.675,77.325,26.75,21.54,129.8
GRID_R05_C08,2023-09-12,2023,9,12,255,-0.9474,-0.32,0,0,1,28.675,77.325,37.65,35.75,132.4
GRID_R05_C08,2023-09-13,2023,9,13,256,-0.9528,-0.3037,0,0,1,28.675,77.325,51.37,42.36,155.33
GRID_R05_C08,2023-09-14,2023,9,14,257,-0.9579,-0.2873,0,0,1,28.675,77.325,57.35,57.39,183.8
GRID_R05_C08,2023-09-15,2023,9,15,258,-0.9627,-0.2707,0,0,1,28.675,77.325,35.66,32.14,119.3
GRID_R05_C08,2023-09-16,2023,9,16,259,-0.9672,-0.2541,0,0,1,28.675,77.325,31.21,36.63,587.47
GRID_R05_C08,2023-09-17,2023,9,17,260,-0.9714,-0.2375,0,0,1,28.675,77.325,25.16,25.36,129.0
GRID_R05_C08,2023-09-18,2023,9,18,261,-0.9753,-0.2207,0,0,1,28.675,77.325,18.76,21.04,147.5
GRID_R05_C08,2023-09-19,2023,9,19,262,-0.979,-0.2039,0,0,1,28.675,77.325,27.1,25.77,759.58
GRID_R05_C08,2023-09-20,2023,9,20,263,-0.9824,-0.187,0,0,1,28.675,77.325,39.61,45.44,246.0
GRID_R05_C08,2023-09-21,2023,9,21,264,-0.9854,-0.1701,0,0,1,28.675,77.325,40.36,40.94,282.0
GRID_R05_C08,2023-09-22,2023,9,22,265,-0.9882,-0.1531,0,0,1,28.675,77.325,51.72,57.98,134.35
GRID_R05_C08,2023-09-23,2023,9,23,266,-0.9907,-0.1361,0,0,1,28.675,77.325,47.3,44.72,563.34
GRID_R05_C08,2023-09-24,2023,9,24,267,-0.9929,-0.1191,0,0,1,28.675,77.325,60.51,87.9,237.75
GRID_R05_C08,2023-09-25,2023,9,25,268,-0.9948,-0.102,0,0,1,28.675,77.325,63.7,70.64,709.0
GRID_R05_C08,2023-09-26,2023,9,26,269,-0.9964,-0.0848,0,0,1,28.675,77.325,69.31,82.78,152.0
GRID_R05_C08,2023-09-27,2023,9,27,270,-0.9977,-0.0677,0,0,1,28.675,77.325,51.92,52.16,442.17
GRID_R05_C08,2023-09-28,2023,9,28,271,-0.9987,-0.0505,0,0,1,28.675,77.325,58.6,63.85,141.5
GRID_R05_C08,2023-09-29,2023,9,29,272,-0.9994,-0.0333,0,0,1,28.675,77.325,69.08,76.33,157.9
GRID_R05_C08,2023-09-30,2023,9,30,273,-0.9999,-0.0161,0,0,1,28.675,77.325,65.54,84.43,275.0
GRID_R05_C08,2023-10-01,2023,10,1,274,-1.0,0.0011,0,0,1,28.675,77.325,64.31,77.34,153.8
GRID_R05_C08,2023-10-02,2023,10,2,275,-0.9998,0.0183,0,0,1,28.675,77.325,61.74,71.87,269.05
GRID_R05_C08,2023-10-03,2023,10,3,276,-0.9994,0.0355,0,0,1,28.675,77.325,64.71,76.32,278.07
GRID_R05_C08,2023-10-04,2023,10,4,277,-0.9986,0.0527,0,0,1,28.675,77.325,72.24,87.17,179.1
GRID_R05_C08,2023-10-05,2023,10,5,278,-0.9976,0.0698,0,0,1,28.675,77.325,83.87,80.79,335.83
GRID_R05_C08,2023-10-06,2023,10,6,279,-0.9962,0.087,0,0,1,28.675,77.325,91.94,95.15,480.25
GRID_R05_C08,2023-10-07,2023,10,7,280,-0.9946,0.1041,0,0,1,28.675,77.325,81.62,92.96,329.0
GRID_R05_C08,2023-10-08,2023,10,8,281,-0.9926,0.1212,0,0,1,28.675,77.325,65.44,53.8,451.02
GRID_R05_C08,2023-10-09,2023,10,9,282,-0.9904,0.1383,0,0,1,28.675,77.325,70.25,49.29,422.12
GRID_R05_C08,2023-10-10,2023,10,10,283,-0.9879,0.1553,0,0,1,28.675,77.325,69.95,48.84,763.0
GRID_R05_C08,2023-10-11,2023,10,11,284,-0.9851,0.1722,0,0,1,28.675,77.325,84.32,101.64,250.0
GRID_R05_C08,2023-10-12,2023,10,12,285,-0.9819,0.1892,0,0,1,28.675,77.325,107.82,156.92,527.25
GRID_R05_C08,2023-10-13,2023,10,13,286,-0.9785,0.206,0,0,1,28.675,77.325,130.11,184.16,805.25
GRID_R05_C08,2023-10-14,2023,10,14,287,-0.9749,0.2228,0,0,1,28.675,77.325,110.14,146.24,452.2
GRID_R05_C08,2023-10-15,2023,10,15,288,-0.9709,0.2396,1,0,1,28.675,77.325,89.09,113.73,439.25
GRID_R05_C08,2023-10-16,2023,10,16,289,-0.9666,0.2562,1,0,1,28.675,77.325,65.05,98.0,189.5
GRID_R05_C08,2023-10-17,2023,10,17,290,-0.9621,0.2728,1,0,1,28.675,77.325,42.19,28.41,171.0
GRID_R05_C08,2023-10-18,2023,10,18,291,-0.9572,0.2893,1,0,1,28.675,77.325,52.36,63.07,180.0
GRID_R05_C08,2023-10-19,2023,10,19,292,-0.9521,0.3057,1,0,1,28.675,77.325,55.38,60.28,166.5
GRID_R05_C08,2023-10-20,2023,10,20,293,-0.9467,0.3221,1,1,1,28.675,77.325,98.18,145.11,425.42
GRID_R05_C08,2023-10-21,2023,10,21,294,-0.941,0.3383,1,1,1,28.675,77.325,139.65,189.46,458.48
GRID_R05_C08,2023-10-22,2023,10,22,295,-0.9351,0.3545,1,1,1,28.675,77.325,153.79,194.82,410.0
GRID_R05_C08,2023-10-23,2023,10,23,296,-0.9288,0.3705,1,1,1,28.675,77.325,129.89,228.84,407.75
GRID_R05_C08,2023-10-24,2023,10,24,297,-0.9223,0.3864,1,1,1,28.675,77.325,101.39,127.4,323.5
GRID_R05_C08,2023-10-25,2023,10,25,298,-0.9155,0.4022,1,1,1,28.675,77.325,123.36,152.14,404.0
GRID_R05_C08,2023-10-26,2023,10,26,299,-0.9085,0.4179,1,1,1,28.675,77.325,117.31,144.12,613.0
GRID_R05_C08,2023-10-27,2023,10,27,300,-0.9012,0.4335,1,1,1,28.675,77.325,136.62,153.67,534.5
GRID_R05_C08,2023-10-28,2023,10,28,301,-0.8936,0.4489,1,1,1,28.675,77.325,162.96,200.82,563.0
GRID_R05_C08,2023-10-29,2023,10,29,302,-0.8857,0.4642,1,1,1,28.675,77.325,174.32,219.06,400.0
GRID_R05_C08,2023-10-30,2023,10,30,303,-0.8776,0.4794,1,1,1,28.675,77.325,184.86,223.49,476.0
GRID_R05_C08,2023-10-31,2023,10,31,304,-0.8692,0.4944,1,1,1,28.675,77.325,205.19,231.99,443.5
GRID_R05_C08,2023-11-01,2023,11,1,305,-0.8606,0.5093,1,1,1,28.675,77.325,185.71,221.1,443.75
GRID_R05_C08,2023-11-02,2023,11,2,306,-0.8517,0.524,1,1,1,28.675,77.325,312.49,270.19,652.5
GRID_R05_C08,2023-11-03,2023,11,3,307,-0.8426,0.5386,1,1,1,28.675,77.325,310.48,428.5,646.75
GRID_R05_C08,2023-11-04,2023,11,4,308,-0.8332,0.553,1,1,1,28.675,77.325,334.72,328.77,637.25
GRID_R05_C08,2023-11-05,2023,11,5,309,-0.8235,0.5672,1,1,1,28.675,77.325,333.91,392.4,771.0
GRID_R05_C08,2023-11-06,2023,11,6,310,-0.8137,0.5813,1,1,1,28.675,77.325,262.43,335.16,621.75
GRID_R05_C08,2023-11-07,2023,11,7,311,-0.8035,0.5952,1,1,1,28.675,77.325,266.06,271.85,554.25
GRID_R05_C08,2023-11-08,2023,11,8,312,-0.7932,0.609,1,1,1,28.675,77.325,282.3,341.5,669.0
GRID_R05_C08,2023-11-09,2023,11,9,313,-0.7826,0.6225,1,1,1,28.675,77.325,328.8,368.02,608.0
GRID_R05_C08,2023-11-10,2023,11,10,314,-0.7718,0.6359,1,1,1,28.675,77.325,123.09,42.35,639.5
GRID_R05_C08,2023-11-11,2023,11,11,315,-0.7607,0.6491,1,1,1,28.675,77.325,92.82,89.57,245.17
GRID_R05_C08,2023-11-12,2023,11,12,316,-0.7494,0.6621,1,1,1,28.675,77.325,136.56,117.27,973.0
GRID_R05_C08,2023-11-13,2023,11,13,317,-0.7379,0.6749,1,1,1,28.675,77.325,309.44,337.28,997.0
GRID_R05_C08,2023-11-14,2023,11,14,318,-0.7262,0.6875,1,1,1,28.675,77.325,233.61,252.5,633.05
GRID_R05_C08,2023-11-15,2023,11,15,319,-0.7143,0.6998,1,1,1,28.675,77.325,257.18,349.19,527.75
GRID_R05_C08,2023-11-16,2023,11,16,320,-0.7021,0.712,1,1,1,28.675,77.325,325.3,364.68,632.75
GRID_R05_C08,2023-11-17,2023,11,17,321,-0.6898,0.724,1,1,1,28.675,77.325,235.51,335.7,633.0
GRID_R05_C08,2023-11-18,2023,11,18,322,-0.6772,0.7358,1,1,1,28.675,77.325,158.45,178.05,381.0
GRID_R05_C08,2023-11-19,2023,11,19,323,-0.6645,0.7473,1,1,1,28.675,77.325,160.41,171.08,544.0
GRID_R05_C08,2023-11-20,2023,11,20,324,-0.6515,0.7586,1,1,1,28.675,77.325,201.14,251.19,636.81
GRID_R05_C08,2023-11-21,2023,11,21,325,-0.6384,0.7697,1,0,1,28.675,77.325,235.7,257.44,404.0
GRID_R05_C08,2023-11-22,2023,11,22,326,-0.625,0.7806,1,0,1,28.675,77.325,239.69,276.53,514.0
GRID_R05_C08,2023-11-23,2023,11,23,327,-0.6115,0.7912,1,0,1,28.675,77.325,247.62,267.48,635.93
GRID_R05_C08,2023-11-24,2023,11,24,328,-0.5978,0.8016,1,0,1,28.675,77.325,303.74,346.38,910.5
GRID_R05_C08,2023-11-25,2023,11,25,329,-0.584,0.8118,1,0,1,28.675,77.325,254.87,305.8,508.25
GRID_R05_C08,2023-11-26,2023,11,26,330,-0.5699,0.8217,1,0,1,28.675,77.325,270.39,315.22,717.5
GRID_R05_C08,2023-11-27,2023,11,27,331,-0.5557,0.8314,1,0,1,28.675,77.325,228.52,267.01,471.5
GRID_R05_C08,2023-11-28,2023,11,28,332,-0.5413,0.8408,1,0,1,28.675,77.325,136.84,182.42,350.0
GRID_R05_C08,2023-11-29,2023,11,29,333,-0.5268,0.85,1,0,1,28.675,77.325,188.94,180.79,549.0
GRID_R05_C08,2023-11-30,2023,11,30,334,-0.5121,0.859,1,0,1,28.675,77.325,254.65,296.44,555.0
GRID_R05_C08,2023-12-01,2023,12,1,335,-0.4972,0.8676,1,0,1,28.675,77.325,223.03,224.22,552.0
GRID_R05_C08,2023-12-02,2023,12,2,336,-0.4822,0.8761,1,0,1,28.675,77.325,161.3,176.49,382.25
GRID_R05_C08,2023-12-03,2023,12,3,337,-0.4671,0.8842,1,0,1,28.675,77.325,154.52,184.0,542.0
GRID_R05_C08,2023-12-04,2023,12,4,338,-0.4518,0.8921,1,0,1,28.675,77.325,154.1,182.68,612.28
GRID_R05_C08,2023-12-05,2023,12,5,339,-0.4364,0.8998,1,0,1,28.675,77.325,139.18,173.96,394.75
GRID_R05_C08,2023-12-06,2023,12,6,340,-0.4208,0.9071,1,0,1,28.675,77.325,139.58,161.97,389.0
GRID_R05_C08,2023-12-07,2023,12,7,341,-0.4052,0.9142,1,0,1,28.675,77.325,174.82,197.11,578.0
GRID_R05_C08,2023-12-08,2023,12,8,342,-0.3894,0.9211,1,0,1,28.675,77.325,161.49,156.9,475.0
GRID_R05_C08,2023-12-09,2023,12,9,343,-0.3735,0.9276,1,0,1,28.675,77.325,163.31,175.44,427.5
GRID_R05_C08,2023-12-10,2023,12,10,344,-0.3575,0.9339,1,0,1,28.675,77.325,156.68,160.56,463.0
GRID_R05_C08,2023-12-11,2023,12,11,345,-0.3413,0.9399,1,0,1,28.675,77.325,168.19,182.37,561.0
GRID_R05_C08,2023-12-12,2023,12,12,346,-0.3251,0.9457,1,0,1,28.675,77.325,227.63,294.87,665.51
GRID_R05_C08,2023-12-13,2023,12,13,347,-0.3088,0.9511,1,0,1,28.675,77.325,231.66,294.47,719.0
GRID_R05_C08,2023-12-14,2023,12,14,348,-0.2924,0.9563,1,0,1,28.675,77.325,169.19,191.95,493.0
GRID_R05_C08,2023-12-15,2023,12,15,349,-0.2759,0.9612,1,0,1,28.675,77.325,186.46,220.69,482.0
GRID_R05_C08,2023-12-16,2023,12,16,350,-0.2593,0.9658,1,0,1,28.675,77.325,219.33,280.89,541.91
GRID_R05_C08,2023-12-17,2023,12,17,351,-0.2427,0.9701,1,0,1,28.675,77.325,201.73,245.12,608.0
GRID_R05_C08,2023-12-18,2023,12,18,352,-0.226,0.9741,1,0,1,28.675,77.325,154.57,174.45,365.5
GRID_R05_C08,2023-12-19,2023,12,19,353,-0.2092,0.9779,1,0,1,28.675,77.325,131.33,149.75,420.75
GRID_R05_C08,2023-12-20,2023,12,20,354,-0.1923,0.9813,1,0,1,28.675,77.325,153.31,140.51,486.06
GRID_R05_C08,2023-12-21,2023,12,21,355,-0.1754,0.9845,1,0,1,28.675,77.325,231.12,244.39,542.82
GRID_R05_C08,2023-12-22,2023,12,22,356,-0.1585,0.9874,1,0,1,28.675,77.325,309.16,272.04,634.0
GRID_R05_C08,2023-12-23,2023,12,23,357,-0.1414,0.9899,1,0,1,28.675,77.325,316.03,372.88,889.5
GRID_R05_C08,2023-12-24,2023,12,24,358,-0.1244,0.9922,1,0,1,28.675,77.325,285.82,359.89,656.25
GRID_R05_C08,2023-12-25,2023,12,25,359,-0.1073,0.9942,1,0,1,28.675,77.325,216.32,210.69,579.33
GRID_R05_C08,2023-12-26,2023,12,26,360,-0.0902,0.9959,1,0,1,28.675,77.325,232.53,227.58,572.75
GRID_R05_C08,2023-12-27,2023,12,27,361,-0.073,0.9973,1,0,1,28.675,77.325,261.75,187.44,613.75
GRID_R05_C08,2023-12-28,2023,12,28,362,-0.0559,0.9984,1,0,1,28.675,77.325,188.87,138.42,437.5
GRID_R05_C08,2023-12-29,2023,12,29,363,-0.0387,0.9993,1,0,1,28.675,77.325,253.49,197.63,560.75
GRID_R05_C08,2023-12-30,2023,12,30,364,-0.0215,0.9998,1,0,1,28.675,77.325,248.19,214.17,401.0
GRID_R05_C08,2023-12-31,2023,12,31,365,-0.0043,1.0,1,0,1,28.675,77.325,215.66,191.45,356.0
GRID_R05_C08,2024-01-01,2024,1,1,1,0.0172,0.9999,1,0,1,28.675,77.325,176.71,154.68,355.0
GRID_R05_C08,2024-01-02,2024,1,2,2,0.0344,0.9994,1,0,1,28.675,77.325,180.65,168.0,478.5
GRID_R05_C08,2024-01-03,2024,1,3,3,0.0516,0.9987,1,0,1,28.675,77.325,191.73,129.29,716.0
GRID_R05_C08,2024-01-04,2024,1,4,4,0.0688,0.9976,1,0,1,28.675,77.325,215.34,189.23,465.75
GRID_R05_C08,2024-01-05,2024,1,5,5,0.0859,0.9963,1,0,1,28.675,77.325,158.89,117.06,353.25
GRID_R05_C08,2024-01-06,2024,1,6,6,0.103,0.9947,1,0,1,28.675,77.325,170.61,129.12,473.67
GRID_R05_C08,2024-01-07,2024,1,7,7,0.1201,0.9928,1,0,1,28.675,77.325,167.25,134.64,473.25
GRID_R05_C08,2024-01-08,2024,1,8,8,0.1372,0.9905,1,0,1,28.675,77.325,227.1,166.1,737.75
GRID_R05_C08,2024-01-09,2024,1,9,9,0.1542,0.988,1,0,1,28.675,77.325,131.42,143.72,288.12
GRID_R05_C08,2024-01-10,2024,1,10,10,0.1712,0.9852,1,0,1,28.675,77.325,154.84,107.78,457.17
GRID_R05_C08,2024-01-11,2024,1,11,11,0.1881,0.9821,1,0,1,28.675,77.325,188.87,157.43,515.5
GRID_R05_C08,2024-01-12,2024,1,12,12,0.205,0.9788,1,0,1,28.675,77.325,181.96,127.27,881.0
GRID_R05_C08,2024-01-13,2024,1,13,13,0.2218,0.9751,1,0,1,28.675,77.325,353.96,224.6,958.0
GRID_R05_C08,2024-01-14,2024,1,14,14,0.2385,0.9711,1,0,1,28.675,77.325,322.05,237.24,919.0
GRID_R05_C08,2024-01-15,2024,1,15,15,0.2552,0.9669,1,0,1,28.675,77.325,185.48,135.55,704.75
GRID_R05_C08,2024-01-16,2024,1,16,16,0.2718,0.9624,1,0,1,28.675,77.325,241.48,211.13,522.5
GRID_R05_C08,2024-01-17,2024,1,17,17,0.2883,0.9575,1,0,1,28.675,77.325,204.75,183.05,478.75
GRID_R05_C08,2024-01-18,2024,1,18,18,0.3047,0.9524,1,0,1,28.675,77.325,171.02,102.78,445.0
GRID_R05_C08,2024-01-19,2024,1,19,19,0.3211,0.9471,1,0,1,28.675,77.325,180.88,144.48,352.0
GRID_R05_C08,2024-01-20,2024,1,20,20,0.3373,0.9414,1,0,1,28.675,77.325,185.5,138.15,534.0
GRID_R05_C08,2024-01-21,2024,1,21,21,0.3534,0.9355,1,0,1,28.675,77.325,170.0,135.9,377.75
GRID_R05_C08,2024-01-22,2024,1,22,22,0.3695,0.9292,1,0,1,28.675,77.325,206.04,144.34,701.0
GRID_R05_C08,2024-01-23,2024,1,23,23,0.3854,0.9227,1,0,1,28.675,77.325,219.24,142.07,487.0
GRID_R05_C08,2024-01-24,2024,1,24,24,0.4012,0.916,1,0,1,28.675,77.325,246.43,216.23,531.75
GRID_R05_C08,2024-01-25,2024,1,25,25,0.4169,0.9089,1,0,1,28.675,77.325,194.53,103.21,655.75
GRID_R05_C08,2024-01-26,2024,1,26,26,0.4325,0.9016,1,0,1,28.675,77.325,289.48,260.3,917.0
GRID_R05_C08,2024-01-27,2024,1,27,27,0.4479,0.8941,1,0,1,28.675,77.325,181.24,191.55,583.75
GRID_R05_C08,2024-01-28,2024,1,28,28,0.4633,0.8862,1,0,1,28.675,77.325,252.72,244.89,693.85
GRID_R05_C08,2024-01-29,2024,1,29,29,0.4784,0.8781,1,0,1,28.675,77.325,202.95,155.93,541.75
GRID_R05_C08,2024-01-30,2024,1,30,30,0.4935,0.8698,1,0,1,28.675,77.325,213.54,130.5,529.25
GRID_R05_C08,2024-01-31,2024,1,31,31,0.5084,0.8611,1,0,1,28.675,77.325,223.33,196.58,517.0
GRID_R05_C08,2024-02-01,2024,2,1,32,0.5231,0.8523,0,0,1,28.675,77.325,65.75,39.6,201.5
GRID_R05_C08,2024-02-02,2024,2,2,33,0.5377,0.8432,0,0,1,28.675,77.325,102.63,75.95,242.25
GRID_R05_C08,2024-02-03,2024,2,3,34,0.5521,0.8338,0,0,1,28.675,77.325,98.88,86.22,505.67
GRID_R05_C08,2024-02-04,2024,2,4,35,0.5664,0.8242,0,0,1,28.675,77.325,122.9,107.12,379.5
GRID_R05_C08,2024-02-05,2024,2,5,36,0.5805,0.8143,0,0,1,28.675,77.325,74.81,82.84,184.25
GRID_R05_C08,2024-02-06,2024,2,6,37,0.5944,0.8042,0,0,1,28.675,77.325,66.58,63.62,361.75
GRID_R05_C08,2024-02-07,2024,2,7,38,0.6081,0.7938,0,0,1,28.675,77.325,76.73,85.12,255.0
GRID_R05_C08,2024-02-08,2024,2,8,39,0.6217,0.7833,0,0,1,28.675,77.325,68.77,72.95,154.25
GRID_R05_C08,2024-02-09,2024,2,9,40,0.6351,0.7725,0,0,1,28.675,77.325,79.73,71.07,558.5
GRID_R05_C08,2024-02-10,2024,2,10,41,0.6483,0.7614,0,0,1,28.675,77.325,176.74,203.85,389.5
GRID_R05_C08,2024-02-11,2024,2,11,42,0.6613,0.7502,0,0,1,28.675,77.325,155.21,183.53,441.15
GRID_R05_C08,2024-02-12,2024,2,12,43,0.6741,0.7387,0,0,1,28.675,77.325,156.73,157.1,623.22
GRID_R05_C08,2024-02-13,2024,2,13,44,0.6867,0.727,0,0,1,28.675,77.325,203.35,210.56,458.74
GRID_R05_C08,2024-02-14,2024,2,14,45,0.6991,0.715,0,0,1,28.675,77.325,167.1,188.5,370.0
GRID_R05_C08,2024-02-15,2024,2,15,46,0.7113,0.7029,0,0,1,28.675,77.325,127.23,146.4,330.25
GRID_R05_C08,2024-02-16,2024,2,16,47,0.7233,0.6906,0,0,1,28.675,77.325,119.97,154.31,300.5
GRID_R05_C08,2024-02-17,2024,2,17,48,0.735,0.678,0,0,1,28.675,77.325,119.98,144.88,646.0
GRID_R05_C08,2024-02-18,2024,2,18,49,0.7466,0.6653,0,0,1,28.675,77.325,131.33,173.24,354.5
GRID_R05_C08,2024-02-19,2024,2,19,50,0.7579,0.6523,0,0,1,28.675,77.325,89.77,94.2,177.0
GRID_R05_C08,2024-02-20,2024,2,20,51,0.769,0.6392,0,0,1,28.675,77.325,120.38,118.12,384.67
GRID_R05_C08,2024-02-21,2024,2,21,52,0.7799,0.6259,0,0,1,28.675,77.325,89.5,92.84,263.0
GRID_R05_C08,2024-02-22,2024,2,22,53,0.7906,0.6124,0,0,1,28.675,77.325,61.85,89.15,268.68
GRID_R05_C08,2024-02-23,2024,2,23,54,0.801,0.5987,0,0,1,28.675,77.325,61.04,90.79,217.0
GRID_R05_C08,2024-02-24,2024,2,24,55,0.8112,0.5848,0,0,1,28.675,77.325,87.64,115.14,300.0
GRID_R05_C08,2024-02-25,2024,2,25,56,0.8211,0.5708,0,0,1,28.675,77.325,81.27,119.8,288.75
GRID_R05_C08,2024-02-26,2024,2,26,57,0.8308,0.5566,0,0,1,28.675,77.325,78.98,86.04,306.0
GRID_R05_C08,2024-02-27,2024,2,27,58,0.8402,0.5422,0,0,1,28.675,77.325,62.45,58.12,304.5
GRID_R05_C08,2024-02-28,2024,2,28,59,0.8495,0.5277,0,0,1,28.675,77.325,62.5,78.98,150.0
GRID_R05_C08,2024-02-29,2024,2,29,60,0.8584,0.513,0,0,1,28.675,77.325,67.57,85.39,255.67
GRID_R05_C08,2024-03-01,2024,3,1,61,0.8671,0.4981,0,0,1,28.675,77.325,91.52,134.08,369.75
GRID_R05_C08,2024-03-02,2024,3,2,62,0.8755,0.4831,0,0,1,28.675,77.325,33.53,30.69,331.1
GRID_R05_C08,2024-03-03,2024,3,3,63,0.8837,0.468,0,0,1,28.675,77.325,48.58,49.28,117.9
GRID_R05_C08,2024-03-04,2024,3,4,64,0.8916,0.4527,0,0,1,28.675,77.325,49.29,71.84,205.88
GRID_R05_C08,2024-03-05,2024,3,5,65,0.8993,0.4373,0,0,1,28.675,77.325,51.0,69.14,175.0
GRID_R05_C08,2024-03-06,2024,3,6,66,0.9067,0.4218,0,0,1,28.675,77.325,64.49,79.17,183.0
GRID_R05_C08,2024-03-07,2024,3,7,67,0.9138,0.4061,0,0,1,28.675,77.325,80.81,121.31,337.5
GRID_R05_C08,2024-03-08,2024,3,8,68,0.9207,0.3904,0,0,1,28.675,77.325,66.34,104.42,274.0
GRID_R05_C08,2024-03-09,2024,3,9,69,0.9272,0.3745,0,0,1,28.675,77.325,63.06,93.09,285.0
GRID_R05_C08,2024-03-10,2024,3,10,70,0.9335,0.3585,0,0,1,28.675,77.325,86.75,138.24,316.0
GRID_R05_C08,2024-03-11,2024,3,11,71,0.9396,0.3424,0,0,1,28.675,77.325,88.46,131.6,283.0
GRID_R05_C08,2024-03-12,2024,3,12,72,0.9453,0.3261,0,0,1,28.675,77.325,86.46,148.93,356.25
GRID_R05_C08,2024-03-13,2024,3,13,73,0.9508,0.3098,0,0,1,28.675,77.325,78.88,127.07,374.75
GRID_R05_C08,2024-03-14,2024,3,14,74,0.956,0.2934,0,0,1,28.675,77.325,87.64,146.29,340.25
GRID_R05_C08,2024-03-15,2024,3,15,75,0.9609,0.2769,0,0,1,28.675,77.325,47.12,61.55,523.84
GRID_R05_C08,2024-03-16,2024,3,16,76,0.9655,0.2604,0,0,1,28.675,77.325,77.67,97.76,272.5
GRID_R05_C08,2024-03-17,2024,3,17,77,0.9698,0.2437,0,0,1,28.675,77.325,91.12,140.8,319.25
GRID_R05_C08,2024-03-18,2024,3,18,78,0.9739,0.227,0,0,1,28.675,77.325,93.32,157.23,291.25
GRID_R05_C08,2024-03-19,2024,3,19,79,0.9777,0.2102,0,0,1,28.675,77.325,108.69,175.32,376.25
GRID_R05_C08,2024-03-20,2024,3,20,80,0.9811,0.1934,0,0,1,28.675,77.325,108.6,172.42,421.5
GRID_R05_C08,2024-03-21,2024,3,21,81,0.9843,0.1765,0,0,1,28.675,77.325,77.68,59.9,330.25
GRID_R05_C08,2024-03-22,2024,3,22,82,0.9872,0.1595,0,0,1,28.675,77.325,82.59,79.74,827.0
GRID_R05_C08,2024-03-23,2024,3,23,83,0.9898,0.1425,0,0,1,28.675,77.325,96.68,130.32,452.25
GRID_R05_C08,2024-03-24,2024,3,24,84,0.9921,0.1255,0,0,1,28.675,77.325,86.06,153.42,546.43
GRID_R05_C08,2024-03-25,2024,3,25,85,0.9941,0.1084,0,0,1,28.675,77.325,95.96,123.37,766.1
GRID_R05_C08,2024-03-26,2024,3,26,86,0.9958,0.0913,0,0,1,28.675,77.325,64.8,93.9,230.75
GRID_R05_C08,2024-03-27,2024,3,27,87,0.9972,0.0741,0,0,1,28.675,77.325,71.34,105.85,633.7
GRID_R05_C08,2024-03-28,2024,3,28,88,0.9984,0.057,0,0,1,28.675,77.325,68.5,91.49,426.88
GRID_R05_C08,2024-03-29,2024,3,29,89,0.9992,0.0398,0,0,1,28.675,77.325,85.28,117.0,568.35
GRID_R05_C08,2024-03-30,2024,3,30,90,0.9997,0.0226,0,0,1,28.675,77.325,86.72,102.6,518.72
GRID_R05_C08,2024-03-31,2024,3,31,91,1.0,0.0054,0,0,1,28.675,77.325,94.3,161.78,409.5
GRID_R05_C08,2024-04-01,2024,4,1,92,0.9999,-0.0118,0,0,1,28.675,77.325,53.67,88.33,567.9
GRID_R05_C08,2024-04-02,2024,4,2,93,0.9996,-0.029,0,0,1,28.675,77.325,64.78,118.59,542.43
GRID_R05_C08,2024-04-03,2024,4,3,94,0.9989,-0.0462,0,0,1,28.675,77.325,75.55,95.29,258.08
GRID_R05_C08,2024-04-04,2024,4,4,95,0.998,-0.0634,0,0,1,28.675,77.325,64.74,66.14,347.84
GRID_R05_C08,2024-04-05,2024,4,5,96,0.9968,-0.0805,0,0,1,28.675,77.325,63.67,84.65,237.42
GRID_R05_C08,2024-04-06,2024,4,6,97,0.9952,-0.0977,0,0,1,28.675,77.325,69.6,110.57,272.0
GRID_R05_C08,2024-04-07,2024,4,7,98,0.9934,-0.1148,0,0,1,28.675,77.325,84.93,177.41,398.0
GRID_R05_C08,2024-04-08,2024,4,8,99,0.9913,-0.1319,0,0,1,28.675,77.325,88.75,163.73,446.92
GRID_R05_C08,2024-04-09,2024,4,9,100,0.9889,-0.1489,0,0,1,28.675,77.325,85.74,124.7,331.43
GRID_R05_C08,2024-04-10,2024,4,10,101,0.9861,-0.1659,0,0,1,28.675,77.325,98.3,141.13,408.4
GRID_R05_C08,2024-04-11,2024,4,11,102,0.9831,-0.1828,0,0,1,28.675,77.325,88.87,143.02,483.95
GRID_R05_C08,2024-04-12,2024,4,12,103,0.9799,-0.1997,0,0,1,28.675,77.325,105.11,166.63,368.48
GRID_R05_C08,2024-04-13,2024,4,13,104,0.9763,-0.2165,0,0,1,28.675,77.325,66.97,76.5,438.28
GRID_R05_C08,2024-04-14,2024,4,14,105,0.9724,-0.2333,0,0,1,28.675,77.325,64.63,78.3,294.48
GRID_R05_C08,2024-04-15,2024,4,15,106,0.9683,-0.25,0,0,1,28.675,77.325,105.5,152.52,465.69
GRID_R05_C08,2024-04-16,2024,4,16,107,0.9638,-0.2666,0,0,1,28.675,77.325,86.72,153.98,448.0
GRID_R05_C08,2024-04-17,2024,4,17,108,0.9591,-0.2831,0,0,1,28.675,77.325,43.9,66.24,288.8
GRID_R05_C08,2024-04-18,2024,4,18,109,0.9541,-0.2996,0,0,1,28.675,77.325,56.12,92.33,375.4
GRID_R05_C08,2024-04-19,2024,4,19,110,0.9488,-0.316,0,0,1,28.675,77.325,63.15,82.74,302.02
GRID_R05_C08,2024-04-20,2024,4,20,111,0.9432,-0.3322,0,0,1,28.675,77.325,65.01,90.71,356.66
GRID_R05_C08,2024-04-21,2024,4,21,112,0.9373,-0.3484,0,0,1,28.675,77.325,47.47,64.36,311.12
GRID_R05_C08,2024-04-22,2024,4,22,113,0.9312,-0.3645,0,0,1,28.675,77.325,40.97,27.3,309.25
GRID_R05_C08,2024-04-23,2024,4,23,114,0.9248,-0.3804,0,0,1,28.675,77.325,71.66,92.4,332.25
GRID_R05_C08,2024-04-24,2024,4,24,115,0.9181,-0.3963,0,0,1,28.675,77.325,70.77,126.53,405.0
GRID_R05_C08,2024-04-25,2024,4,25,116,0.9112,-0.412,0,0,1,28.675,77.325,83.96,174.96,518.25
GRID_R05_C08,2024-04-26,2024,4,26,117,0.9039,-0.4276,0,0,1,28.675,77.325,66.73,92.69,260.0
GRID_R05_C08,2024-04-27,2024,4,27,118,0.8965,-0.4431,0,0,1,28.675,77.325,57.75,66.83,278.97
GRID_R05_C08,2024-04-28,2024,4,28,119,0.8887,-0.4585,0,0,1,28.675,77.325,58.7,67.53,340.22
GRID_R05_C08,2024-04-29,2024,4,29,120,0.8807,-0.4737,0,0,1,28.675,77.325,80.76,131.67,234.5
GRID_R05_C08,2024-04-30,2024,4,30,121,0.8724,-0.4888,0,0,1,28.675,77.325,63.92,91.66,325.5
GRID_R05_C08,2024-05-01,2024,5,1,122,0.8639,-0.5037,0,0,1,28.675,77.325,65.65,62.86,392.75
GRID_R05_C08,2024-05-02,2024,5,2,123,0.8551,-0.5185,0,0,1,28.675,77.325,83.75,120.49,362.0
GRID_R05_C08,2024-05-03,2024,5,3,124,0.846,-0.5331,0,0,1,28.675,77.325,134.28,202.24,468.98
GRID_R05_C08,2024-05-04,2024,5,4,125,0.8367,-0.5476,0,0,1,28.675,77.325,142.52,227.39,440.95
GRID_R05_C08,2024-05-05,2024,5,5,126,0.8272,-0.5619,0,0,1,28.675,77.325,142.22,264.3,575.75
GRID_R05_C08,2024-05-06,2024,5,6,127,0.8174,-0.5761,0,0,1,28.675,77.325,114.38,178.61,544.28
GRID_R05_C08,2024-05-07,2024,5,7,128,0.8074,-0.59,0,0,1,28.675,77.325,153.68,242.45,501.0
GRID_R05_C08,2024-05-08,2024,5,8,129,0.7971,-0.6038,0,0,1,28.675,77.325,75.7,65.79,381.71
GRID_R05_C08,2024-05-09,2024,5,9,130,0.7866,-0.6175,0,0,1,28.675,77.325,57.38,42.19,190.7
GRID_R05_C08,2024-05-10,2024,5,10,131,0.7759,-0.6309,0,0,1,28.675,77.325,79.65,69.38,942.14
GRID_R05_C08,2024-05-11,2024,5,11,132,0.7649,-0.6442,0,0,1,28.675,77.325,72.03,87.8,937.56
GRID_R05_C08,2024-05-12,2024,5,12,133,0.7537,-0.6572,0,0,1,28.675,77.325,85.34,93.66,416.0
GRID_R05_C08,2024-05-13,2024,5,13,134,0.7423,-0.6701,0,0,1,28.675,77.325,96.45,108.86,447.62
GRID_R05_C08,2024-05-14,2024,5,14,135,0.7306,-0.6828,0,0,1,28.675,77.325,110.77,184.72,942.06
GRID_R05_C08,2024-05-15,2024,5,15,136,0.7188,-0.6952,0,0,1,28.675,77.325,125.21,191.41,497.88
GRID_R05_C08,2024-05-16,2024,5,16,137,0.7067,-0.7075,0,0,1,28.675,77.325,105.87,103.27,336.32
GRID_R05_C08,2024-05-17,2024,5,17,138,0.6945,-0.7195,0,0,1,28.675,77.325,91.4,97.71,455.2
GRID_R05_C08,2024-05-18,2024,5,18,139,0.682,-0.7314,0,0,1,28.675,77.325,110.13,142.61,461.08
GRID_R05_C08,2024-05-19,2024,5,19,140,0.6693,-0.743,0,0,1,28.675,77.325,97.3,165.85,331.0
GRID_R05_C08,2024-05-20,2024,5,20,141,0.6564,-0.7544,0,0,1,28.675,77.325,86.89,133.35,942.44
GRID_R05_C08,2024-05-21,2024,5,21,142,0.6433,-0.7656,0,0,1,28.675,77.325,82.25,80.16,345.62
GRID_R05_C08,2024-05-22,2024,5,22,143,0.6301,-0.7765,0,0,1,28.675,77.325,71.31,73.7,199.0
GRID_R05_C08,2024-05-23,2024,5,23,144,0.6166,-0.7873,0,0,1,28.675,77.325,54.6,50.08,534.0
GRID_R05_C08,2024-05-24,2024,5,24,145,0.603,-0.7978,0,0,1,28.675,77.325,55.08,51.51,687.33
GRID_R05_C08,2024-05-25,2024,5,25,146,0.5892,-0.808,0,0,1,28.675,77.325,69.06,78.33,484.22
GRID_R05_C08,2024-05-26,2024,5,26,147,0.5752,-0.818,0,0,1,28.675,77.325,77.83,122.22,724.05
GRID_R05_C08,2024-05-27,2024,5,27,148,0.561,-0.8278,0,0,1,28.675,77.325,94.46,115.4,806.88
GRID_R05_C08,2024-05-28,2024,5,28,149,0.5467,-0.8373,0,0,1,28.675,77.325,95.19,109.84,503.78
GRID_R05_C08,2024-05-29,2024,5,29,150,0.5322,-0.8466,0,0,1,28.675,77.325,72.41,69.93,232.07
GRID_R05_C08,2024-05-30,2024,5,30,151,0.5176,-0.8556,0,0,1,28.675,77.325,67.0,75.42,530.0
GRID_R05_C08,2024-05-31,2024,5,31,152,0.5028,-0.8644,0,0,1,28.675,77.325,71.57,82.35,720.85
GRID_R05_C08,2024-06-01,2024,6,1,153,0.4878,-0.8729,0,0,1,28.675,77.325,75.06,88.07,484.68
GRID_R05_C08,2024-06-02,2024,6,2,154,0.4728,-0.8812,0,0,1,28.675,77.325,47.07,52.75,353.9
GRID_R05_C08,2024-06-03,2024,6,3,155,0.4575,-0.8892,0,0,1,28.675,77.325,58.78,55.73,830.8
GRID_R05_C08,2024-06-04,2024,6,4,156,0.4422,-0.8969,0,0,1,28.675,77.325,77.2,65.62,651.9
GRID_R05_C08,2024-06-05,2024,6,5,157,0.4267,-0.9044,0,0,1,28.675,77.325,75.46,61.75,960.04
GRID_R05_C08,2024-06-06,2024,6,6,158,0.4111,-0.9116,0,0,1,28.675,77.325,56.97,54.09,960.04
GRID_R05_C08,2024-06-07,2024,6,7,159,0.3953,-0.9185,0,0,1,28.675,77.325,64.59,88.6,826.68
GRID_R05_C08,2024-06-08,2024,6,8,160,0.3795,-0.9252,0,0,1,28.675,77.325,62.7,70.07,517.0
GRID_R05_C08,2024-06-09,2024,6,9,161,0.3635,-0.9316,0,0,1,28.675,77.325,55.34,76.61,783.42
GRID_R05_C08,2024-06-10,2024,6,10,162,0.3474,-0.9377,0,0,1,28.675,77.325,54.09,50.08,545.1
GRID_R05_C08,2024-06-11,2024,6,11,163,0.3312,-0.9436,0,0,1,28.675,77.325,87.56,145.0,958.38
GRID_R05_C08,2024-06-12,2024,6,12,164,0.3149,-0.9491,0,0,1,28.675,77.325,69.53,79.64,604.6
GRID_R05_C08,2024-06-13,2024,6,13,165,0.2986,-0.9544,0,0,1,28.675,77.325,54.47,40.91,555.92
GRID_R05_C08,2024-06-14,2024,6,14,166,0.2821,-0.9594,0,0,1,28.675,77.325,47.73,45.94,957.3
GRID_R05_C08,2024-06-15,2024,6,15,167,0.2656,-0.9641,0,0,1,28.675,77.325,46.51,40.34,366.6
GRID_R05_C08,2024-06-16,2024,6,16,168,0.2489,-0.9685,0,0,1,28.675,77.325,57.05,71.94,435.58
GRID_R05_C08,2024-06-17,2024,6,17,169,0.2322,-0.9727,0,0,1,28.675,77.325,54.85,63.44,257.74
GRID_R05_C08,2024-06-18,2024,6,18,170,0.2155,-0.9765,0,0,1,28.675,77.325,72.03,65.02,275.75
GRID_R05_C08,2024-06-19,2024,6,19,171,0.1986,-0.9801,0,0,1,28.675,77.325,66.38,46.3,505.3
GRID_R05_C08,2024-06-20,2024,6,20,172,0.1818,-0.9833,0,0,1,28.675,77.325,45.45,39.76,250.05
GRID_R05_C08,2024-06-21,2024,6,21,173,0.1648,-0.9863,0,0,1,28.675,77.325,64.15,65.06,222.48
GRID_R05_C08,2024-06-22,2024,6,22,174,0.1478,-0.989,0,0,1,28.675,77.325,90.97,143.47,530.9
GRID_R05_C08,2024-06-23,2024,6,23,175,0.1308,-0.9914,0,0,1,28.675,77.325,62.9,73.78,290.55
GRID_R05_C08,2024-06-24,2024,6,24,176,0.1137,-0.9935,0,0,1,28.675,77.325,59.25,73.91,214.62
GRID_R05_C08,2024-06-25,2024,6,25,177,0.0966,-0.9953,0,0,1,28.675,77.325,67.44,72.47,540.02
GRID_R05_C08,2024-06-26,2024,6,26,178,0.0795,-0.9968,0,0,1,28.675,77.325,51.45,72.43,247.49
GRID_R05_C08,2024-06-27,2024,6,27,179,0.0623,-0.9981,0,0,1,28.675,77.325,30.98,36.68,895.74
GRID_R05_C08,2024-06-28,2024,6,28,180,0.0451,-0.999,0,0,1,28.675,77.325,37.15,13.21,551.28
GRID_R05_C08,2024-06-29,2024,6,29,181,0.028,-0.9996,0,0,1,28.675,77.325,46.95,66.67,296.73
GRID_R05_C08,2024-06-30,2024,6,30,182,0.0108,-0.9999,0,0,1,28.675,77.325,60.22,62.81,210.0
GRID_R05_C08,2024-07-01,2024,7,1,183,-0.0065,-1.0,0,0,1,28.675,77.325,35.88,25.08,116.0
GRID_R05_C08,2024-07-02,2024,7,2,184,-0.0237,-0.9997,0,0,1,28.675,77.325,42.69,56.37,223.0
GRID_R05_C08,2024-07-03,2024,7,3,185,-0.0408,-0.9992,0,0,1,28.675,77.325,35.51,43.66,212.0
GRID_R05_C08,2024-07-04,2024,7,4,186,-0.058,-0.9983,0,0,1,28.675,77.325,28.18,24.9,942.06
GRID_R05_C08,2024-07-05,2024,7,5,187,-0.0752,-0.9972,0,0,1,28.675,77.325,28.51,41.37,111.0
GRID_R05_C08,2024-07-06,2024,7,6,188,-0.0923,-0.9957,0,0,1,28.675,77.325,23.94,28.39,74.0
GRID_R05_C08,2024-07-07,2024,7,7,189,-0.1094,-0.994,0,0,1,28.675,77.325,11.97,9.79,73.0
GRID_R05_C08,2024-07-08,2024,7,8,190,-0.1265,-0.992,0,0,1,28.675,77.325,21.51,22.95,102.0
GRID_R05_C08,2024-07-09,2024,7,9,191,-0.1436,-0.9896,0,0,1,28.675,77.325,45.17,45.34,957.7
GRID_R05_C08,2024-07-10,2024,7,10,192,-0.1606,-0.987,0,0,1,28.675,77.325,61.77,76.81,949.68
GRID_R05_C08,2024-07-11,2024,7,11,193,-0.1775,-0.9841,0,0,1,28.675,77.325,52.49,60.01,274.4
GRID_R05_C08,2024-07-12,2024,7,12,194,-0.1944,-0.9809,0,0,1,28.675,77.325,27.52,18.67,110.73
GRID_R05_C08,2024-07-13,2024,7,13,195,-0.2113,-0.9774,0,0,1,28.675,77.325,38.3,31.73,201.77
GRID_R05_C08,2024-07-14,2024,7,14,196,-0.2281,-0.9736,0,0,1,28.675,77.325,49.25,56.36,234.0
GRID_R05_C08,2024-07-15,2024,7,15,197,-0.2448,-0.9696,0,0,1,28.675,77.325,46.03,55.25,332.97
GRID_R05_C08,2024-07-16,2024,7,16,198,-0.2614,-0.9652,0,0,1,28.675,77.325,43.63,49.58,151.0
GRID_R05_C08,2024-07-17,2024,7,17,199,-0.278,-0.9606,0,0,1,28.675,77.325,36.11,32.5,206.0
GRID_R05_C08,2024-07-18,2024,7,18,200,-0.2945,-0.9557,0,0,1,28.675,77.325,43.18,49.19,185.0
GRID_R05_C08,2024-07-19,2024,7,19,201,-0.3109,-0.9505,0,0,1,28.675,77.325,65.17,68.39,176.0
GRID_R05_C08,2024-07-20,2024,7,20,202,-0.3272,-0.945,0,0,1,28.675,77.325,49.09,41.51,399.82
GRID_R05_C08,2024-07-21,2024,7,21,203,-0.3434,-0.9392,0,0,1,28.675,77.325,41.75,35.8,190.0
GRID_R05_C08,2024-07-22,2024,7,22,204,-0.3595,-0.9332,0,0,1,28.675,77.325,34.71,41.74,205.1
GRID_R05_C08,2024-07-23,2024,7,23,205,-0.3755,-0.9268,0,0,1,28.675,77.325,43.21,40.94,223.0
GRID_R05_C08,2024-07-24,2024,7,24,206,-0.3914,-0.9202,0,0,1,28.675,77.325,47.22,22.37,202.34
GRID_R05_C08,2024-07-25,2024,7,25,207,-0.4071,-0.9134,0,0,1,28.675,77.325,38.5,30.7,197.0
GRID_R05_C08,2024-07-26,2024,7,26,208,-0.4228,-0.9062,0,0,1,28.675,77.325,48.84,25.79,774.31
GRID_R05_C08,2024-07-27,2024,7,27,209,-0.4383,-0.8988,0,0,1,28.675,77.325,44.1,43.08,262.5
GRID_R05_C08,2024-07-28,2024,7,28,210,-0.4537,-0.8912,0,0,1,28.675,77.325,29.58,47.7,187.13
GRID_R05_C08,2024-07-29,2024,7,29,211,-0.469,-0.8832,0,0,1,28.675,77.325,32.49,29.25,213.83
GRID_R05_C08,2024-07-30,2024,7,30,212,-0.4841,-0.875,0,0,1,28.675,77.325,40.78,38.51,129.0
GRID_R05_C08,2024-07-31,2024,7,31,213,-0.4991,-0.8666,0,0,1,28.675,77.325,33.63,39.57,521.6
GRID_R05_C08,2024-08-01,2024,8,1,214,-0.5139,-0.8578,0,0,1,28.675,77.325,19.11,11.78,765.9
GRID_R05_C08,2024-08-02,2024,8,2,215,-0.5286,-0.8489,0,0,1,28.675,77.325,32.99,38.25,200.32
GRID_R05_C08,2024-08-03,2024,8,3,216,-0.5431,-0.8397,0,0,1,28.675,77.325,22.8,22.33,89.0
GRID_R05_C08,2024-08-04,2024,8,4,217,-0.5575,-0.8302,0,0,1,28.675,77.325,18.44,17.45,127.0
GRID_R05_C08,2024-08-05,2024,8,5,218,-0.5717,-0.8205,0,0,1,28.675,77.325,20.91,23.68,60.62
GRID_R05_C08,2024-08-06,2024,8,6,219,-0.5857,-0.8105,0,0,1,28.675,77.325,21.03,18.45,814.46
GRID_R05_C08,2024-08-07,2024,8,7,220,-0.5996,-0.8003,0,0,1,28.675,77.325,18.1,14.61,119.6
GRID_R05_C08,2024-08-08,2024,8,8,221,-0.6132,-0.7899,0,0,1,28.675,77.325,21.46,22.07,299.02
GRID_R05_C08,2024-08-09,2024,8,9,222,-0.6267,-0.7792,0,0,1,28.675,77.325,26.0,30.82,315.69
GRID_R05_C08,2024-08-10,2024,8,10,223,-0.64,-0.7683,0,0,1,28.675,77.325,33.01,37.3,127.0
GRID_R05_C08,2024-08-11,2024,8,11,224,-0.6532,-0.7572,0,0,1,28.675,77.325,27.23,31.07,135.42
GRID_R05_C08,2024-08-12,2024,8,12,225,-0.6661,-0.7459,0,0,1,28.675,77.325,28.42,28.91,137.84
GRID_R05_C08,2024-08-13,2024,8,13,226,-0.6788,-0.7343,0,0,1,28.675,77.325,24.7,21.54,906.46
GRID_R05_C08,2024-08-14,2024,8,14,227,-0.6914,-0.7225,0,0,1,28.675,77.325,35.64,46.9,175.0
GRID_R05_C08,2024-08-15,2024,8,15,228,-0.7037,-0.7105,0,0,1,28.675,77.325,27.01,27.51,105.0
GRID_R05_C08,2024-08-16,2024,8,16,229,-0.7158,-0.6983,0,0,1,28.675,77.325,21.76,33.58,93.0
GRID_R05_C08,2024-08-17,2024,8,17,230,-0.7277,-0.6859,0,0,1,28.675,77.325,30.57,28.92,164.99
GRID_R05_C08,2024-08-18,2024,8,18,231,-0.7394,-0.6733,0,0,1,28.675,77.325,30.02,28.36,120.15
GRID_R05_C08,2024-08-19,2024,8,19,232,-0.7509,-0.6605,0,0,1,28.675,77.325,28.04,30.16,120.68
GRID_R05_C08,2024-08-20,2024,8,20,233,-0.7621,-0.6474,0,0,1,28.675,77.325,22.69,14.25,85.0
GRID_R05_C08,2024-08-21,2024,8,21,234,-0.7731,-0.6342,0,0,1,28.675,77.325,29.39,25.67,104.0
GRID_R05_C08,2024-08-22,2024,8,22,235,-0.7839,-0.6208,0,0,1,28.675,77.325,28.88,23.59,256.58
GRID_R05_C08,2024-08-23,2024,8,23,236,-0.7945,-0.6073,0,0,1,28.675,77.325,27.7,27.96,123.0
GRID_R05_C08,2024-08-24,2024,8,24,237,-0.8048,-0.5935,0,0,1,28.675,77.325,48.1,66.55,166.0
GRID_R05_C08,2024-08-25,2024,8,25,238,-0.8149,-0.5796,0,0,1,28.675,77.325,26.58,24.75,165.54
GRID_R05_C08,2024-08-26,2024,8,26,239,-0.8248,-0.5655,0,0,1,28.675,77.325,28.36,29.9,183.48
GRID_R05_C08,2024-08-27,2024,8,27,240,-0.8344,-0.5512,0,0,1,28.675,77.325,20.53,22.85,105.96
GRID_R05_C08,2024-08-28,2024,8,28,241,-0.8437,-0.5368,0,0,1,28.675,77.325,22.52,17.79,83.42
GRID_R05_C08,2024-08-29,2024,8,29,242,-0.8528,-0.5222,0,0,1,28.675,77.325,26.93,15.53,210.0
GRID_R05_C08,2024-08-30,2024,8,30,243,-0.8617,-0.5074,0,0,1,28.675,77.325,47.51,60.65,315.0
GRID_R05_C08,2024-08-31,2024,8,31,244,-0.8703,-0.4925,0,0,1,28.675,77.325,38.74,40.85,186.02
GRID_R05_C08,2024-09-01,2024,9,1,245,-0.8786,-0.4775,0,0,1,28.675,77.325,40.45,39.96,136.12
GRID_R05_C08,2024-09-02,2024,9,2,246,-0.8867,-0.4623,0,0,1,28.675,77.325,32.7,34.62,202.36
GRID_R05_C08,2024-09-03,2024,9,3,247,-0.8945,-0.447,0,0,1,28.675,77.325,33.86,35.89,174.38
GRID_R05_C08,2024-09-04,2024,9,4,248,-0.9021,-0.4315,0,0,1,28.675,77.325,23.5,25.29,85.0
GRID_R05_C08,2024-09-05,2024,9,5,249,-0.9094,-0.4159,0,0,1,28.675,77.325,40.35,28.36,512.55
GRID_R05_C08,2024-09-06,2024,9,6,250,-0.9164,-0.4002,0,0,1,28.675,77.325,29.93,37.68,111.0
GRID_R05_C08,2024-09-07,2024,9,7,251,-0.9232,-0.3844,0,0,1,28.675,77.325,28.02,34.8,100.0
GRID_R05_C08,2024-09-08,2024,9,8,252,-0.9296,-0.3685,0,0,1,28.675,77.325,50.87,55.1,141.0
GRID_R05_C08,2024-09-09,2024,9,9,253,-0.9358,-0.3524,0,0,1,28.675,77.325,49.05,54.34,155.0
GRID_R05_C08,2024-09-10,2024,9,10,254,-0.9418,-0.3363,0,0,1,28.675,77.325,42.02,48.53,425.68
GRID_R05_C08,2024-09-11,2024,9,11,255,-0.9474,-0.32,0,0,1,28.675,77.325,34.43,40.96,156.0
GRID_R05_C08,2024-09-12,2024,9,12,256,-0.9528,-0.3037,0,0,1,28.675,77.325,16.94,11.26,218.7
GRID_R05_C08,2024-09-13,2024,9,13,257,-0.9579,-0.2873,0,0,1,28.675,77.325,18.27,11.48,80.02
GRID_R05_C08,2024-09-14,2024,9,14,258,-0.9627,-0.2707,0,0,1,28.675,77.325,29.35,23.69,143.0
GRID_R05_C08,2024-09-15,2024,9,15,259,-0.9672,-0.2541,0,0,1,28.675,77.325,41.16,33.19,210.75
GRID_R05_C08,2024-09-16,2024,9,16,260,-0.9714,-0.2375,0,0,1,28.675,77.325,50.98,44.48,256.77
GRID_R05_C08,2024-09-17,2024,9,17,261,-0.9753,-0.2207,0,0,1,28.675,77.325,57.66,55.58,262.0
GRID_R05_C08,2024-09-18,2024,9,18,262,-0.979,-0.2039,0,0,1,28.675,77.325,36.81,57.93,175.0
GRID_R05_C08,2024-09-19,2024,9,19,263,-0.9824,-0.187,0,0,1,28.675,77.325,33.65,22.22,526.78
GRID_R05_C08,2024-09-20,2024,9,20,264,-0.9854,-0.1701,0,0,1,28.675,77.325,33.73,33.23,251.0
GRID_R05_C08,2024-09-21,2024,9,21,265,-0.9882,-0.1531,0,0,1,28.675,77.325,46.57,42.56,450.0
GRID_R05_C08,2024-09-22,2024,9,22,266,-0.9907,-0.1361,0,0,1,28.675,77.325,73.74,83.29,402.0
GRID_R05_C08,2024-09-23,2024,9,23,267,-0.9929,-0.1191,0,0,1,28.675,77.325,81.05,81.48,693.05
GRID_R05_C08,2024-09-24,2024,9,24,268,-0.9948,-0.102,0,0,1,28.675,77.325,96.32,92.12,388.0
GRID_R05_C08,2024-09-25,2024,9,25,269,-0.9964,-0.0848,0,0,1,28.675,77.325,84.05,113.08,405.0
GRID_R05_C08,2024-09-26,2024,9,26,270,-0.9977,-0.0677,0,0,1,28.675,77.325,28.35,29.5,136.0
GRID_R05_C08,2024-09-27,2024,9,27,271,-0.9987,-0.0505,0,0,1,28.675,77.325,17.48,15.85,457.93
GRID_R05_C08,2024-09-28,2024,9,28,272,-0.9994,-0.0333,0,0,1,28.675,77.325,21.54,14.36,279.0
GRID_R05_C08,2024-09-29,2024,9,29,273,-0.9999,-0.0161,0,0,1,28.675,77.325,31.56,34.07,488.7
GRID_R05_C08,2024-09-30,2024,9,30,274,-1.0,0.0011,0,0,1,28.675,77.325,63.4,74.46,186.0
GRID_R06_C04,2021-10-01,2021,10,1,274,-1.0,0.0011,0,0,1,28.725,77.125,50.61,68.41,177.0
GRID_R06_C04,2021-10-02,2021,10,2,275,-0.9998,0.0183,0,0,1,28.725,77.125,54.83,55.51,178.5
GRID_R06_C04,2021-10-03,2021,10,3,276,-0.9994,0.0355,0,0,1,28.725,77.125,37.36,49.38,114.33
GRID_R06_C04,2021-10-04,2021,10,4,277,-0.9986,0.0527,0,0,1,28.725,77.125,31.82,36.44,482.25
GRID_R06_C04,2021-10-05,2021,10,5,278,-0.9976,0.0698,0,0,1,28.725,77.125,40.86,32.54,129.73
GRID_R06_C04,2021-10-06,2021,10,6,279,-0.9962,0.087,0,0,1,28.725,77.125,51.69,62.61,703.3
GRID_R06_C04,2021-10-07,2021,10,7,280,-0.9946,0.1041,0,0,1,28.725,77.125,64.6,64.7,287.25
GRID_R06_C04,2021-10-08,2021,10,8,281,-0.9926,0.1212,0,0,1,28.725,77.125,71.38,81.18,261.75
GRID_R06_C04,2021-10-09,2021,10,9,282,-0.9904,0.1383,0,0,1,28.725,77.125,67.06,72.61,196.82
GRID_R06_C04,2021-10-10,2021,10,10,283,-0.9879,0.1553,0,0,1,28.725,77.125,64.56,73.76,191.25
GRID_R06_C04,2021-10-11,2021,10,11,284,-0.9851,0.1722,0,0,1,28.725,77.125,65.95,77.68,410.33
GRID_R06_C04,2021-10-12,2021,10,12,285,-0.9819,0.1892,0,0,1,28.725,77.125,70.25,97.36,458.45
GRID_R06_C04,2021-10-13,2021,10,13,286,-0.9785,0.206,0,0,1,28.725,77.125,77.42,89.43,166.0
GRID_R06_C04,2021-10-14,2021,10,14,287,-0.9749,0.2228,0,0,1,28.725,77.125,75.29,88.05,215.48
GRID_R06_C04,2021-10-15,2021,10,15,288,-0.9709,0.2396,1,0,1,28.725,77.125,91.62,99.28,230.0
GRID_R06_C04,2021-10-16,2021,10,16,289,-0.9666,0.2562,1,0,1,28.725,77.125,160.6,172.85,361.5
GRID_R06_C04,2021-10-17,2021,10,17,290,-0.9621,0.2728,1,0,1,28.725,77.125,113.29,165.29,654.75
GRID_R06_C04,2021-10-18,2021,10,18,291,-0.9572,0.2893,1,0,1,28.725,77.125,16.65,9.86,205.1
GRID_R06_C04,2021-10-19,2021,10,19,292,-0.9521,0.3057,1,0,1,28.725,77.125,52.53,30.74,186.91
GRID_R06_C04,2021-10-20,2021,10,20,293,-0.9467,0.3221,1,1,1,28.725,77.125,100.85,96.99,499.75
GRID_R06_C04,2021-10-21,2021,10,21,294,-0.941,0.3383,1,1,1,28.725,77.125,72.64,65.57,366.97
GRID_R06_C04,2021-10-22,2021,10,22,295,-0.9351,0.3545,1,1,1,28.725,77.125,56.72,47.4,298.0
GRID_R06_C04,2021-10-23,2021,10,23,296,-0.9288,0.3705,1,1,1,28.725,77.125,62.65,87.92,226.8
GRID_R06_C04,2021-10-24,2021,10,24,297,-0.9223,0.3864,1,1,1,28.725,77.125,65.97,88.51,297.68
GRID_R06_C04,2021-10-25,2021,10,25,298,-0.9155,0.4022,1,1,1,28.725,77.125,42.21,38.28,158.2
GRID_R06_C04,2021-10-26,2021,10,26,299,-0.9085,0.4179,1,1,1,28.725,77.125,69.24,73.6,325.66
GRID_R06_C04,2021-10-27,2021,10,27,300,-0.9012,0.4335,1,1,1,28.725,77.125,109.05,132.76,962.47
GRID_R06_C04,2021-10-28,2021,10,28,301,-0.8936,0.4489,1,1,1,28.725,77.125,124.19,149.44,466.25
GRID_R06_C04,2021-10-29,2021,10,29,302,-0.8857,0.4642,1,1,1,28.725,77.125,130.53,166.58,432.43
GRID_R06_C04,2021-10-30,2021,10,30,303,-0.8776,0.4794,1,1,1,28.725,77.125,112.9,148.67,269.0
GRID_R06_C04,2021-10-31,2021,10,31,304,-0.8692,0.4944,1,1,1,28.725,77.125,134.45,158.28,680.02
GRID_R06_C04,2021-11-01,2021,11,1,305,-0.8606,0.5093,1,1,1,28.725,77.125,139.16,150.74,417.56
GRID_R06_C04,2021-11-02,2021,11,2,306,-0.8517,0.524,1,1,1,28.725,77.125,134.71,158.39,401.0
GRID_R06_C04,2021-11-03,2021,11,3,307,-0.8426,0.5386,1,1,1,28.725,77.125,162.74,158.28,704.5
GRID_R06_C04,2021-11-04,2021,11,4,308,-0.8332,0.553,1,1,1,28.725,77.125,316.9,267.75,995.0
GRID_R06_C04,2021-11-05,2021,11,5,309,-0.8235,0.5672,1,1,1,28.725,77.125,416.77,519.22,997.63
GRID_R06_C04,2021-11-06,2021,11,6,310,-0.8137,0.5813,1,1,1,28.725,77.125,319.47,332.39,765.0
GRID_R06_C04,2021-11-07,2021,11,7,311,-0.8035,0.5952,1,1,1,28.725,77.125,262.63,321.22,593.5
GRID_R06_C04,2021-11-08,2021,11,8,312,-0.7932,0.609,1,1,1,28.725,77.125,253.53,332.58,650.67
GRID_R06_C04,2021-11-09,2021,11,9,313,-0.7826,0.6225,1,1,1,28.725,77.125,265.25,323.17,751.35
GRID_R06_C04,2021-11-10,2021,11,10,314,-0.7718,0.6359,1,1,1,28.725,77.125,233.41,205.8,975.1
GRID_R06_C04,2021-11-11,2021,11,11,315,-0.7607,0.6491,1,1,1,28.725,77.125,306.53,285.69,997.6
GRID_R06_C04,2021-11-12,2021,11,12,316,-0.7494,0.6621,1,1,1,28.725,77.125,384.56,440.73,699.75
GRID_R06_C04,2021-11-13,2021,11,13,317,-0.7379,0.6749,1,1,1,28.725,77.125,263.07,360.29,663.0
GRID_R06_C04,2021-11-14,2021,11,14,318,-0.7262,0.6875,1,1,1,28.725,77.125,183.04,182.18,559.29
GRID_R06_C04,2021-11-15,2021,11,15,319,-0.7143,0.6998,1,1,1,28.725,77.125,208.8,195.1,652.86
GRID_R06_C04,2021-11-16,2021,11,16,320,-0.7021,0.712,1,1,1,28.725,77.125,252.06,314.24,573.9
GRID_R06_C04,2021-11-17,2021,11,17,321,-0.6898,0.724,1,1,1,28.725,77.125,213.03,249.61,545.68
GRID_R06_C04,2021-11-18,2021,11,18,322,-0.6772,0.7358,1,1,1,28.725,77.125,213.94,273.22,646.09
GRID_R06_C04,2021-11-19,2021,11,19,323,-0.6645,0.7473,1,1,1,28.725,77.125,230.41,286.23,473.25
GRID_R06_C04,2021-11-20,2021,11,20,324,-0.6515,0.7586,1,1,1,28.725,77.125,222.03,248.07,543.81
GRID_R06_C04,2021-11-21,2021,11,21,325,-0.6384,0.7697,1,0,1,28.725,77.125,187.73,249.24,521.07
GRID_R06_C04,2021-11-22,2021,11,22,326,-0.625,0.7806,1,0,1,28.725,77.125,139.41,164.24,300.25
GRID_R06_C04,2021-11-23,2021,11,23,327,-0.6115,0.7912,1,0,1,28.725,77.125,152.83,146.69,558.85
GRID_R06_C04,2021-11-24,2021,11,24,328,-0.5978,0.8016,1,0,1,28.725,77.125,232.67,238.73,630.92
GRID_R06_C04,2021-11-25,2021,11,25,329,-0.584,0.8118,1,0,1,28.725,77.125,258.26,281.81,647.5
GRID_R06_C04,2021-11-26,2021,11,26,330,-0.5699,0.8217,1,0,1,28.725,77.125,272.51,342.73,920.5
GRID_R06_C04,2021-11-27,2021,11,27,331,-0.5557,0.8314,1,0,1,28.725,77.125,252.82,277.26,564.9
GRID_R06_C04,2021-11-28,2021,11,28,332,-0.5413,0.8408,1,0,1,28.725,77.125,268.55,303.6,571.25
GRID_R06_C04,2021-11-29,2021,11,29,333,-0.5268,0.85,1,0,1,28.725,77.125,214.44,280.48,591.75
GRID_R06_C04,2021-11-30,2021,11,30,334,-0.5121,0.859,1,0,1,28.725,77.125,174.95,178.7,418.7
GRID_R06_C04,2021-12-01,2021,12,1,335,-0.4972,0.8676,1,0,1,28.725,77.125,251.75,224.22,628.25
GRID_R06_C04,2021-12-02,2021,12,2,336,-0.4822,0.8761,1,0,1,28.725,77.125,262.35,303.28,728.75
GRID_R06_C04,2021-12-03,2021,12,3,337,-0.4671,0.8842,1,0,1,28.725,77.125,203.28,200.73,689.0
GRID_R06_C04,2021-12-04,2021,12,4,338,-0.4518,0.8921,1,0,1,28.725,77.125,171.39,225.64,515.5
GRID_R06_C04,2021-12-05,2021,12,5,339,-0.4364,0.8998,1,0,1,28.725,77.125,182.26,212.15,633.25
GRID_R06_C04,2021-12-06,2021,12,6,340,-0.4208,0.9071,1,0,1,28.725,77.125,143.38,158.74,633.9
GRID_R06_C04,2021-12-07,2021,12,7,341,-0.4052,0.9142,1,0,1,28.725,77.125,109.64,123.65,298.75
GRID_R06_C04,2021-12-08,2021,12,8,342,-0.3894,0.9211,1,0,1,28.725,77.125,115.53,127.39,389.45
GRID_R06_C04,2021-12-09,2021,12,9,343,-0.3735,0.9276,1,0,1,28.725,77.125,158.44,158.08,686.75
GRID_R06_C04,2021-12-10,2021,12,10,344,-0.3575,0.9339,1,0,1,28.725,77.125,150.32,162.28,433.25
GRID_R06_C04,2021-12-11,2021,12,11,345,-0.3413,0.9399,1,0,1,28.725,77.125,122.17,130.1,659.0
GRID_R06_C04,2021-12-12,2021,12,12,346,-0.3251,0.9457,1,0,1,28.725,77.125,143.5,134.15,629.5
GRID_R06_C04,2021-12-13,2021,12,13,347,-0.3088,0.9511,1,0,1,28.725,77.125,208.48,262.92,938.0
GRID_R06_C04,2021-12-14,2021,12,14,348,-0.2924,0.9563,1,0,1,28.725,77.125,226.41,276.31,658.75
GRID_R06_C04,2021-12-15,2021,12,15,349,-0.2759,0.9612,1,0,1,28.725,77.125,189.78,199.17,524.0
GRID_R06_C04,2021-12-16,2021,12,16,350,-0.2593,0.9658,1,0,1,28.725,77.125,219.25,233.31,550.25
GRID_R06_C04,2021-12-17,2021,12,17,351,-0.2427,0.9701,1,0,1,28.725,77.125,151.99,187.97,383.0
GRID_R06_C04,2021-12-18,2021,12,18,352,-0.226,0.9741,1,0,1,28.725,77.125,139.07,141.5,418.8
GRID_R06_C04,2021-12-19,2021,12,19,353,-0.2092,0.9779,1,0,1,28.725,77.125,145.13,122.5,489.5
GRID_R06_C04,2021-12-20,2021,12,20,354,-0.1923,0.9813,1,0,1,28.725,77.125,196.18,164.86,985.0
GRID_R06_C04,2021-12-21,2021,12,21,355,-0.1754,0.9845,1,0,1,28.725,77.125,296.12,370.11,985.0
GRID_R06_C04,2021-12-22,2021,12,22,356,-0.1585,0.9874,1,0,1,28.725,77.125,304.49,357.49,918.5
GRID_R06_C04,2021-12-23,2021,12,23,357,-0.1414,0.9899,1,0,1,28.725,77.125,352.64,422.22,840.0
GRID_R06_C04,2021-12-24,2021,12,24,358,-0.1244,0.9922,1,0,1,28.725,77.125,290.86,319.31,879.5
GRID_R06_C04,2021-12-25,2021,12,25,359,-0.1073,0.9942,1,0,1,28.725,77.125,365.24,386.2,973.0
GRID_R06_C04,2021-12-26,2021,12,26,360,-0.0902,0.9959,1,0,1,28.725,77.125,367.61,427.16,835.5
GRID_R06_C04,2021-12-27,2021,12,27,361,-0.073,0.9973,1,0,1,28.725,77.125,119.32,105.9,707.25
GRID_R06_C04,2021-12-28,2021,12,28,362,-0.0559,0.9984,1,0,1,28.725,77.125,149.27,152.45,465.0
GRID_R06_C04,2021-12-29,2021,12,29,363,-0.0387,0.9993,1,0,1,28.725,77.125,138.01,156.99,751.75
GRID_R06_C04,2021-12-30,2021,12,30,364,-0.0215,0.9998,1,0,1,28.725,77.125,164.4,186.85,931.8
GRID_R06_C04,2021-12-31,2021,12,31,365,-0.0043,1.0,1,0,1,28.725,77.125,188.11,204.05,934.1
GRID_R06_C04,2022-01-01,2022,1,1,1,0.0172,0.9999,1,0,1,28.725,77.125,238.69,202.42,773.5
GRID_R06_C04,2022-01-02,2022,1,2,2,0.0344,0.9994,1,0,1,28.725,77.125,265.11,270.07,818.75
GRID_R06_C04,2022-01-03,2022,1,3,3,0.0516,0.9987,1,0,1,28.725,77.125,246.69,235.29,856.0
GRID_R06_C04,2022-01-04,2022,1,4,4,0.0688,0.9976,1,0,1,28.725,77.125,220.81,252.29,698.75
GRID_R06_C04,2022-01-05,2022,1,5,5,0.0859,0.9963,1,0,1,28.725,77.125,265.96,349.82,682.2
GRID_R06_C04,2022-01-06,2022,1,6,6,0.103,0.9947,1,0,1,28.725,77.125,109.5,153.98,291.12
GRID_R06_C04,2022-01-07,2022,1,7,7,0.1201,0.9928,1,0,1,28.725,77.125,70.24,82.85,174.0
GRID_R06_C04,2022-01-08,2022,1,8,8,0.1372,0.9905,1,0,1,28.725,77.125,46.6,48.84,597.2
GRID_R06_C04,2022-01-09,2022,1,9,9,0.1542,0.988,1,0,1,28.725,77.125,44.1,26.94,195.67
GRID_R06_C04,2022-01-10,2022,1,10,10,0.1712,0.9852,1,0,1,28.725,77.125,90.21,81.79,309.67
GRID_R06_C04,2022-01-11,2022,1,11,11,0.1881,0.9821,1,0,1,28.725,77.125,93.39,95.03,458.75
GRID_R06_C04,2022-01-12,2022,1,12,12,0.205,0.9788,1,0,1,28.725,77.125,111.43,78.9,493.4
GRID_R06_C04,2022-01-13,2022,1,13,13,0.2218,0.9751,1,0,1,28.725,77.125,205.32,160.48,813.75
GRID_R06_C04,2022-01-14,2022,1,14,14,0.2385,0.9711,1,0,1,28.725,77.125,187.32,129.87,479.33
GRID_R06_C04,2022-01-15,2022,1,15,15,0.2552,0.9669,1,0,1,28.725,77.125,118.68,68.27,375.67
GRID_R06_C04,2022-01-16,2022,1,16,16,0.2718,0.9624,1,0,1,28.725,77.125,137.41,95.92,415.0
GRID_R06_C04,2022-01-17,2022,1,17,17,0.2883,0.9575,1,0,1,28.725,77.125,174.77,126.57,505.33
GRID_R06_C04,2022-01-18,2022,1,18,18,0.3047,0.9524,1,0,1,28.725,77.125,178.79,201.62,444.0
GRID_R06_C04,2022-01-19,2022,1,19,19,0.3211,0.9471,1,0,1,28.725,77.125,186.01,155.28,600.1
GRID_R06_C04,2022-01-20,2022,1,20,20,0.3373,0.9414,1,0,1,28.725,77.125,238.21,193.92,451.7
GRID_R06_C04,2022-01-21,2022,1,21,21,0.3534,0.9355,1,0,1,28.725,77.125,197.22,153.95,560.75
GRID_R06_C04,2022-01-22,2022,1,22,22,0.3695,0.9292,1,0,1,28.725,77.125,130.02,117.19,903.7
GRID_R06_C04,2022-01-23,2022,1,23,23,0.3854,0.9227,1,0,1,28.725,77.125,109.91,71.84,534.0
GRID_R06_C04,2022-01-24,2022,1,24,24,0.4012,0.916,1,0,1,28.725,77.125,112.47,65.48,570.0
GRID_R06_C04,2022-01-25,2022,1,25,25,0.4169,0.9089,1,0,1,28.725,77.125,119.76,70.15,547.0
GRID_R06_C04,2022-01-26,2022,1,26,26,0.4325,0.9016,1,0,1,28.725,77.125,126.34,94.48,646.5
GRID_R06_C04,2022-01-27,2022,1,27,27,0.4479,0.8941,1,0,1,28.725,77.125,118.13,105.53,538.1
GRID_R06_C04,2022-01-28,2022,1,28,28,0.4633,0.8862,1,0,1,28.725,77.125,103.89,98.14,841.5
GRID_R06_C04,2022-01-29,2022,1,29,29,0.4784,0.8781,1,0,1,28.725,77.125,124.1,115.06,895.9
GRID_R06_C04,2022-01-30,2022,1,30,30,0.4935,0.8698,1,0,1,28.725,77.125,143.1,148.19,953.6
GRID_R06_C04,2022-01-31,2022,1,31,31,0.5084,0.8611,1,0,1,28.725,77.125,215.21,207.11,871.6
GRID_R06_C04,2022-02-01,2022,2,1,32,0.5231,0.8523,0,0,1,28.725,77.125,202.33,203.1,833.8
GRID_R06_C04,2022-02-02,2022,2,2,33,0.5377,0.8432,0,0,1,28.725,77.125,161.68,148.87,730.45
GRID_R06_C04,2022-02-03,2022,2,3,34,0.5521,0.8338,0,0,1,28.725,77.125,142.22,166.98,558.3
GRID_R06_C04,2022-02-04,2022,2,4,35,0.5664,0.8242,0,0,1,28.725,77.125,64.38,48.62,813.1
GRID_R06_C04,2022-02-05,2022,2,5,36,0.5805,0.8143,0,0,1,28.725,77.125,129.48,86.26,694.75
GRID_R06_C04,2022-02-06,2022,2,6,37,0.5944,0.8042,0,0,1,28.725,77.125,162.97,199.03,732.25
GRID_R06_C04,2022-02-07,2022,2,7,38,0.6081,0.7938,0,0,1,28.725,77.125,123.8,133.18,850.0
GRID_R06_C04,2022-02-08,2022,2,8,39,0.6217,0.7833,0,0,1,28.725,77.125,146.36,164.75,554.05
GRID_R06_C04,2022-02-09,2022,2,9,40,0.6351,0.7725,0,0,1,28.725,77.125,95.7,58.05,756.35
GRID_R06_C04,2022-02-10,2022,2,10,41,0.6483,0.7614,0,0,1,28.725,77.125,82.18,74.62,614.8
GRID_R06_C04,2022-02-11,2022,2,11,42,0.6613,0.7502,0,0,1,28.725,77.125,88.88,104.79,658.4
GRID_R06_C04,2022-02-12,2022,2,12,43,0.6741,0.7387,0,0,1,28.725,77.125,93.96,101.03,819.8
GRID_R06_C04,2022-02-13,2022,2,13,44,0.6867,0.727,0,0,1,28.725,77.125,125.88,164.91,572.25
GRID_R06_C04,2022-02-14,2022,2,14,45,0.6991,0.715,0,0,1,28.725,77.125,116.5,152.48,685.73
GRID_R06_C04,2022-02-15,2022,2,15,46,0.7113,0.7029,0,0,1,28.725,77.125,105.06,142.07,680.8
GRID_R06_C04,2022-02-16,2022,2,16,47,0.7233,0.6906,0,0,1,28.725,77.125,139.55,187.94,518.0
GRID_R06_C04,2022-02-17,2022,2,17,48,0.735,0.678,0,0,1,28.725,77.125,113.76,128.62,393.5
GRID_R06_C04,2022-02-18,2022,2,18,49,0.7466,0.6653,0,0,1,28.725,77.125,114.55,180.36,557.7
GRID_R06_C04,2022-02-19,2022,2,19,50,0.7579,0.6523,0,0,1,28.725,77.125,85.13,98.02,792.75
GRID_R06_C04,2022-02-20,2022,2,20,51,0.769,0.6392,0,0,1,28.725,77.125,82.67,99.35,814.1
GRID_R06_C04,2022-02-21,2022,2,21,52,0.7799,0.6259,0,0,1,28.725,77.125,80.89,77.72,841.5
GRID_R06_C04,2022-02-22,2022,2,22,53,0.7906,0.6124,0,0,1,28.725,77.125,99.45,127.66,669.0
GRID_R06_C04,2022-02-23,2022,2,23,54,0.801,0.5987,0,0,1,28.725,77.125,112.36,111.56,491.55
GRID_R06_C04,2022-02-24,2022,2,24,55,0.8112,0.5848,0,0,1,28.725,77.125,149.33,203.59,458.5
GRID_R06_C04,2022-02-25,2022,2,25,56,0.8211,0.5708,0,0,1,28.725,77.125,126.85,191.24,410.0
GRID_R06_C04,2022-02-26,2022,2,26,57,0.8308,0.5566,0,0,1,28.725,77.125,27.32,18.8,276.0
GRID_R06_C04,2022-02-27,2022,2,27,58,0.8402,0.5422,0,0,1,28.725,77.125,43.55,49.78,141.75
GRID_R06_C04,2022-02-28,2022,2,28,59,0.8495,0.5277,0,0,1,28.725,77.125,46.79,51.25,302.2
GRID_R06_C04,2022-03-01,2022,3,1,60,0.8584,0.513,0,0,1,28.725,77.125,85.2,103.27,518.8
GRID_R06_C04,2022-03-02,2022,3,2,61,0.8671,0.4981,0,0,1,28.725,77.125,103.09,149.55,315.75
GRID_R06_C04,2022-03-03,2022,3,3,62,0.8755,0.4831,0,0,1,28.725,77.125,81.43,89.55,355.0
GRID_R06_C04,2022-03-04,2022,3,4,63,0.8837,0.468,0,0,1,28.725,77.125,76.79,110.28,265.15
GRID_R06_C04,2022-03-05,2022,3,5,64,0.8916,0.4527,0,0,1,28.725,77.125,57.07,67.97,177.75
GRID_R06_C04,2022-03-06,2022,3,6,65,0.8993,0.4373,0,0,1,28.725,77.125,86.4,100.89,624.6
GRID_R06_C04,2022-03-07,2022,3,7,66,0.9067,0.4218,0,0,1,28.725,77.125,120.95,154.56,475.25
GRID_R06_C04,2022-03-08,2022,3,8,67,0.9138,0.4061,0,0,1,28.725,77.125,120.12,206.2,489.05
GRID_R06_C04,2022-03-09,2022,3,9,68,0.9207,0.3904,0,0,1,28.725,77.125,68.32,98.59,244.0
GRID_R06_C04,2022-03-10,2022,3,10,69,0.9272,0.3745,0,0,1,28.725,77.125,64.08,84.09,397.0
GRID_R06_C04,2022-03-11,2022,3,11,70,0.9335,0.3585,0,0,1,28.725,77.125,77.38,116.53,253.25
GRID_R06_C04,2022-03-12,2022,3,12,71,0.9396,0.3424,0,0,1,28.725,77.125,73.17,100.11,228.5
GRID_R06_C04,2022-03-13,2022,3,13,72,0.9453,0.3261,0,0,1,28.725,77.125,89.79,107.3,258.7
GRID_R06_C04,2022-03-14,2022,3,14,73,0.9508,0.3098,0,0,1,28.725,77.125,118.62,184.2,354.32
GRID_R06_C04,2022-03-15,2022,3,15,74,0.956,0.2934,0,0,1,28.725,77.125,116.63,173.89,563.52
GRID_R06_C04,2022-03-16,2022,3,16,75,0.9609,0.2769,0,0,1,28.725,77.125,92.63,122.83,655.1
GRID_R06_C04,2022-03-17,2022,3,17,76,0.9655,0.2604,0,0,1,28.725,77.125,118.24,126.48,271.25
GRID_R06_C04,2022-03-18,2022,3,18,77,0.9698,0.2437,0,0,1,28.725,77.125,137.76,161.62,424.92
GRID_R06_C04,2022-03-19,2022,3,19,78,0.9739,0.227,0,0,1,28.725,77.125,106.58,114.19,322.88
GRID_R06_C04,2022-03-20,2022,3,20,79,0.9777,0.2102,0,0,1,28.725,77.125,104.26,125.51,606.98
GRID_R06_C04,2022-03-21,2022,3,21,80,0.9811,0.1934,0,0,1,28.725,77.125,130.28,188.16,417.5
GRID_R06_C04,2022-03-22,2022,3,22,81,0.9843,0.1765,0,0,1,28.725,77.125,80.13,91.92,367.0
GRID_R06_C04,2022-03-23,2022,3,23,82,0.9872,0.1595,0,0,1,28.725,77.125,100.6,131.08,507.0
GRID_R06_C04,2022-03-24,2022,3,24,83,0.9898,0.1425,0,0,1,28.725,77.125,114.07,193.47,395.0
GRID_R06_C04,2022-03-25,2022,3,25,84,0.9921,0.1255,0,0,1,28.725,77.125,88.68,120.84,258.08
GRID_R06_C04,2022-03-26,2022,3,26,85,0.9941,0.1084,0,0,1,28.725,77.125,84.56,130.38,266.25
GRID_R06_C04,2022-03-27,2022,3,27,86,0.9958,0.0913,0,0,1,28.725,77.125,89.19,117.92,273.95
GRID_R06_C04,2022-03-28,2022,3,28,87,0.9972,0.0741,0,0,1,28.725,77.125,103.39,141.58,363.7
GRID_R06_C04,2022-03-29,2022,3,29,88,0.9984,0.057,0,0,1,28.725,77.125,120.23,174.75,392.0
GRID_R06_C04,2022-03-30,2022,3,30,89,0.9992,0.0398,0,0,1,28.725,77.125,125.33,184.83,482.0
GRID_R06_C04,2022-03-31,2022,3,31,90,0.9997,0.0226,0,0,1,28.725,77.125,141.8,190.73,621.41
GRID_R06_C04,2022-04-01,2022,4,1,91,1.0,0.0054,0,0,1,28.725,77.125,73.4,110.61,261.08
GRID_R06_C04,2022-04-02,2022,4,2,92,0.9999,-0.0118,0,0,1,28.725,77.125,106.92,155.26,486.75
GRID_R06_C04,2022-04-03,2022,4,3,93,0.9996,-0.029,0,0,1,28.725,77.125,105.31,147.27,554.12
GRID_R06_C04,2022-04-04,2022,4,4,94,0.9989,-0.0462,0,0,1,28.725,77.125,106.92,119.72,412.75
GRID_R06_C04,2022-04-05,2022,4,5,95,0.998,-0.0634,0,0,1,28.725,77.125,102.59,199.12,403.5
GRID_R06_C04,2022-04-06,2022,4,6,96,0.9968,-0.0805,0,0,1,28.725,77.125,118.61,218.45,657.1
GRID_R06_C04,2022-04-07,2022,4,7,97,0.9952,-0.0977,0,0,1,28.725,77.125,124.24,194.43,451.0
GRID_R06_C04,2022-04-08,2022,4,8,98,0.9934,-0.1148,0,0,1,28.725,77.125,110.12,151.85,420.0
GRID_R06_C04,2022-04-09,2022,4,9,99,0.9913,-0.1319,0,0,1,28.725,77.125,109.85,156.71,713.2
GRID_R06_C04,2022-04-10,2022,4,10,100,0.9889,-0.1489,0,0,1,28.725,77.125,106.36,144.57,376.0
GRID_R06_C04,2022-04-11,2022,4,11,101,0.9861,-0.1659,0,0,1,28.725,77.125,109.75,168.72,458.7
GRID_R06_C04,2022-04-12,2022,4,12,102,0.9831,-0.1828,0,0,1,28.725,77.125,92.42,92.16,743.0
GRID_R06_C04,2022-04-13,2022,4,13,103,0.9799,-0.1997,0,0,1,28.725,77.125,111.71,204.68,412.32
GRID_R06_C04,2022-04-14,2022,4,14,104,0.9763,-0.2165,0,0,1,28.725,77.125,76.82,100.49,367.6
GRID_R06_C04,2022-04-15,2022,4,15,105,0.9724,-0.2333,0,0,1,28.725,77.125,70.63,77.51,257.88
GRID_R06_C04,2022-04-16,2022,4,16,106,0.9683,-0.25,0,0,1,28.725,77.125,102.22,135.16,257.25
GRID_R06_C04,2022-04-17,2022,4,17,107,0.9638,-0.2666,0,0,1,28.725,77.125,106.5,148.91,350.08
GRID_R06_C04,2022-04-18,2022,4,18,108,0.9591,-0.2831,0,0,1,28.725,77.125,112.05,143.79,894.0
GRID_R06_C04,2022-04-19,2022,4,19,109,0.9541,-0.2996,0,0,1,28.725,77.125,133.61,225.39,487.0
GRID_R06_C04,2022-04-20,2022,4,20,110,0.9488,-0.316,0,0,1,28.725,77.125,95.54,125.03,438.0
GRID_R06_C04,2022-04-21,2022,4,21,111,0.9432,-0.3322,0,0,1,28.725,77.125,104.24,115.77,340.9
GRID_R06_C04,2022-04-22,2022,4,22,112,0.9373,-0.3484,0,0,1,28.725,77.125,65.22,57.95,426.05
GRID_R06_C04,2022-04-23,2022,4,23,113,0.9312,-0.3645,0,0,1,28.725,77.125,110.12,190.55,412.47
GRID_R06_C04,2022-04-24,2022,4,24,114,0.9248,-0.3804,0,0,1,28.725,77.125,120.75,201.2,501.67
GRID_R06_C04,2022-04-25,2022,4,25,115,0.9181,-0.3963,0,0,1,28.725,77.125,100.34,132.63,394.4
GRID_R06_C04,2022-04-26,2022,4,26,116,0.9112,-0.412,0,0,1,28.725,77.125,81.97,78.35,458.1
GRID_R06_C04,2022-04-27,2022,4,27,117,0.9039,-0.4276,0,0,1,28.725,77.125,153.86,283.33,723.0
GRID_R06_C04,2022-04-28,2022,4,28,118,0.8965,-0.4431,0,0,1,28.725,77.125,163.21,204.22,765.92
GRID_R06_C04,2022-04-29,2022,4,29,119,0.8887,-0.4585,0,0,1,28.725,77.125,148.54,173.09,510.0
GRID_R06_C04,2022-04-30,2022,4,30,120,0.8807,-0.4737,0,0,1,28.725,77.125,121.09,152.58,444.0
GRID_R06_C04,2022-05-01,2022,5,1,121,0.8724,-0.4888,0,0,1,28.725,77.125,90.46,85.1,378.1
GRID_R06_C04,2022-05-02,2022,5,2,122,0.8639,-0.5037,0,0,1,28.725,77.125,73.78,73.02,193.8
GRID_R06_C04,2022-05-03,2022,5,3,123,0.8551,-0.5185,0,0,1,28.725,77.125,98.47,75.58,378.55
GRID_R06_C04,2022-05-04,2022,5,4,124,0.846,-0.5331,0,0,1,28.725,77.125,73.54,91.45,294.5
GRID_R06_C04,2022-05-05,2022,5,5,125,0.8367,-0.5476,0,0,1,28.725,77.125,71.62,82.66,213.25
GRID_R06_C04,2022-05-06,2022,5,6,126,0.8272,-0.5619,0,0,1,28.725,77.125,115.78,151.07,393.79
GRID_R06_C04,2022-05-07,2022,5,7,127,0.8174,-0.5761,0,0,1,28.725,77.125,86.89,94.49,394.15
GRID_R06_C04,2022-05-08,2022,5,8,128,0.8074,-0.59,0,0,1,28.725,77.125,82.76,82.24,317.93
GRID_R06_C04,2022-05-09,2022,5,9,129,0.7971,-0.6038,0,0,1,28.725,77.125,66.6,68.42,342.57
GRID_R06_C04,2022-05-10,2022,5,10,130,0.7866,-0.6175,0,0,1,28.725,77.125,64.78,71.54,208.72
GRID_R06_C04,2022-05-11,2022,5,11,131,0.7759,-0.6309,0,0,1,28.725,77.125,62.23,62.55,195.1
GRID_R06_C04,2022-05-12,2022,5,12,132,0.7649,-0.6442,0,0,1,28.725,77.125,67.67,63.77,284.5
GRID_R06_C04,2022-05-13,2022,5,13,133,0.7537,-0.6572,0,0,1,28.725,77.125,76.01,56.15,302.82
GRID_R06_C04,2022-05-14,2022,5,14,134,0.7423,-0.6701,0,0,1,28.725,77.125,108.68,171.32,482.76
GRID_R06_C04,2022-05-15,2022,5,15,135,0.7306,-0.6828,0,0,1,28.725,77.125,98.88,154.71,394.61
GRID_R06_C04,2022-05-16,2022,5,16,136,0.7188,-0.6952,0,0,1,28.725,77.125,96.8,85.25,889.56
GRID_R06_C04,2022-05-17,2022,5,17,137,0.7067,-0.7075,0,0,1,28.725,77.125,68.76,46.22,236.42
GRID_R06_C04,2022-05-18,2022,5,18,138,0.6945,-0.7195,0,0,1,28.725,77.125,76.49,78.65,284.62
GRID_R06_C04,2022-05-19,2022,5,19,139,0.682,-0.7314,0,0,1,28.725,77.125,88.25,96.65,260.2
GRID_R06_C04,2022-05-20,2022,5,20,140,0.6693,-0.743,0,0,1,28.725,77.125,92.72,114.24,470.15
GRID_R06_C04,2022-05-21,2022,5,21,141,0.6564,-0.7544,0,0,1,28.725,77.125,76.87,70.19,404.62
GRID_R06_C04,2022-05-22,2022,5,22,142,0.6433,-0.7656,0,0,1,28.725,77.125,64.57,75.6,273.0
GRID_R06_C04,2022-05-23,2022,5,23,143,0.6301,-0.7765,0,0,1,28.725,77.125,30.37,21.62,130.0
GRID_R06_C04,2022-05-24,2022,5,24,144,0.6166,-0.7873,0,0,1,28.725,77.125,36.28,30.55,192.42
GRID_R06_C04,2022-05-25,2022,5,25,145,0.603,-0.7978,0,0,1,28.725,77.125,81.34,108.12,534.0
GRID_R06_C04,2022-05-26,2022,5,26,146,0.5892,-0.808,0,0,1,28.725,77.125,94.83,125.56,622.6
GRID_R06_C04,2022-05-27,2022,5,27,147,0.5752,-0.818,0,0,1,28.725,77.125,81.91,106.06,217.0
GRID_R06_C04,2022-05-28,2022,5,28,148,0.561,-0.8278,0,0,1,28.725,77.125,75.39,65.53,283.68
GRID_R06_C04,2022-05-29,2022,5,29,149,0.5467,-0.8373,0,0,1,28.725,77.125,72.29,83.49,209.15
GRID_R06_C04,2022-05-30,2022,5,30,150,0.5322,-0.8466,0,0,1,28.725,77.125,65.49,69.05,436.25
GRID_R06_C04,2022-05-31,2022,5,31,151,0.5176,-0.8556,0,0,1,28.725,77.125,99.01,83.63,344.67
GRID_R06_C04,2022-06-01,2022,6,1,152,0.5028,-0.8644,0,0,1,28.725,77.125,97.93,147.1,353.12
GRID_R06_C04,2022-06-02,2022,6,2,153,0.4878,-0.8729,0,0,1,28.725,77.125,77.59,103.56,269.05
GRID_R06_C04,2022-06-03,2022,6,3,154,0.4728,-0.8812,0,0,1,28.725,77.125,89.98,136.35,275.25
GRID_R06_C04,2022-06-04,2022,6,4,155,0.4575,-0.8892,0,0,1,28.725,77.125,81.09,113.17,306.58
GRID_R06_C04,2022-06-05,2022,6,5,156,0.4422,-0.8969,0,0,1,28.725,77.125,59.21,52.12,298.7
GRID_R06_C04,2022-06-06,2022,6,6,157,0.4267,-0.9044,0,0,1,28.725,77.125,53.82,52.72,193.75
GRID_R06_C04,2022-06-07,2022,6,7,158,0.4111,-0.9116,0,0,1,28.725,77.125,88.0,71.28,388.0
GRID_R06_C04,2022-06-08,2022,6,8,159,0.3953,-0.9185,0,0,1,28.725,77.125,78.4,82.01,360.25
GRID_R06_C04,2022-06-09,2022,6,9,160,0.3795,-0.9252,0,0,1,28.725,77.125,62.57,61.73,252.6
GRID_R06_C04,2022-06-10,2022,6,10,161,0.3635,-0.9316,0,0,1,28.725,77.125,75.31,77.98,269.25
GRID_R06_C04,2022-06-11,2022,6,11,162,0.3474,-0.9377,0,0,1,28.725,77.125,70.14,68.3,192.75
GRID_R06_C04,2022-06-12,2022,6,12,163,0.3312,-0.9436,0,0,1,28.725,77.125,74.34,86.06,261.25
GRID_R06_C04,2022-06-13,2022,6,13,164,0.3149,-0.9491,0,0,1,28.725,77.125,51.93,34.18,190.75
GRID_R06_C04,2022-06-14,2022,6,14,165,0.2986,-0.9544,0,0,1,28.725,77.125,56.4,61.94,210.0
GRID_R06_C04,2022-06-15,2022,6,15,166,0.2821,-0.9594,0,0,1,28.725,77.125,35.44,36.86,187.7
GRID_R06_C04,2022-06-16,2022,6,16,167,0.2656,-0.9641,0,0,1,28.725,77.125,34.81,34.26,398.45
GRID_R06_C04,2022-06-17,2022,6,17,168,0.2489,-0.9685,0,0,1,28.725,77.125,28.28,19.79,90.1
GRID_R06_C04,2022-06-18,2022,6,18,169,0.2322,-0.9727,0,0,1,28.725,77.125,34.62,42.9,120.08
GRID_R06_C04,2022-06-19,2022,6,19,170,0.2155,-0.9765,0,0,1,28.725,77.125,42.72,54.49,173.0
GRID_R06_C04,2022-06-20,2022,6,20,171,0.1986,-0.9801,0,0,1,28.725,77.125,53.46,65.93,271.0
GRID_R06_C04,2022-06-21,2022,6,21,172,0.1818,-0.9833,0,0,1,28.725,77.125,44.11,63.39,193.5
GRID_R06_C04,2022-06-22,2022,6,22,173,0.1648,-0.9863,0,0,1,28.725,77.125,51.49,38.76,153.0
GRID_R06_C04,2022-06-23,2022,6,23,174,0.1478,-0.989,0,0,1,28.725,77.125,56.32,53.84,209.5
GRID_R06_C04,2022-06-24,2022,6,24,175,0.1308,-0.9914,0,0,1,28.725,77.125,72.0,102.15,258.75
GRID_R06_C04,2022-06-25,2022,6,25,176,0.1137,-0.9935,0,0,1,28.725,77.125,80.74,103.06,343.0
GRID_R06_C04,2022-06-26,2022,6,26,177,0.0966,-0.9953,0,0,1,28.725,77.125,65.27,65.89,295.6
GRID_R06_C04,2022-06-27,2022,6,27,178,0.0795,-0.9968,0,0,1,28.725,77.125,55.02,51.71,141.45
GRID_R06_C04,2022-06-28,2022,6,28,179,0.0623,-0.9981,0,0,1,28.725,77.125,74.87,68.65,221.0
GRID_R06_C04,2022-06-29,2022,6,29,180,0.0451,-0.999,0,0,1,28.725,77.125,60.43,39.46,226.7
GRID_R06_C04,2022-06-30,2022,6,30,181,0.028,-0.9996,0,0,1,28.725,77.125,37.61,33.29,430.33
GRID_R06_C04,2022-07-01,2022,7,1,182,0.0108,-0.9999,0,0,1,28.725,77.125,36.33,45.16,338.0
GRID_R06_C04,2022-07-02,2022,7,2,183,-0.0065,-1.0,0,0,1,28.725,77.125,42.77,66.61,165.67
GRID_R06_C04,2022-07-03,2022,7,3,184,-0.0237,-0.9997,0,0,1,28.725,77.125,30.43,20.7,138.25
GRID_R06_C04,2022-07-04,2022,7,4,185,-0.0408,-0.9992,0,0,1,28.725,77.125,63.45,56.27,172.0
GRID_R06_C04,2022-07-05,2022,7,5,186,-0.058,-0.9983,0,0,1,28.725,77.125,65.09,83.93,204.0
GRID_R06_C04,2022-07-06,2022,7,6,187,-0.0752,-0.9972,0,0,1,28.725,77.125,51.42,50.91,221.88
GRID_R06_C04,2022-07-07,2022,7,7,188,-0.0923,-0.9957,0,0,1,28.725,77.125,39.84,45.99,250.25
GRID_R06_C04,2022-07-08,2022,7,8,189,-0.1094,-0.994,0,0,1,28.725,77.125,37.09,41.18,248.0
GRID_R06_C04,2022-07-09,2022,7,9,190,-0.1265,-0.992,0,0,1,28.725,77.125,40.97,56.32,118.75
GRID_R06_C04,2022-07-10,2022,7,10,191,-0.1436,-0.9896,0,0,1,28.725,77.125,32.83,33.02,101.02
GRID_R06_C04,2022-07-11,2022,7,11,192,-0.1606,-0.987,0,0,1,28.725,77.125,44.83,46.68,170.25
GRID_R06_C04,2022-07-12,2022,7,12,193,-0.1775,-0.9841,0,0,1,28.725,77.125,41.83,40.27,682.03
GRID_R06_C04,2022-07-13,2022,7,13,194,-0.1944,-0.9809,0,0,1,28.725,77.125,34.51,34.52,176.78
GRID_R06_C04,2022-07-14,2022,7,14,195,-0.2113,-0.9774,0,0,1,28.725,77.125,30.76,34.16,137.45
GRID_R06_C04,2022-07-15,2022,7,15,196,-0.2281,-0.9736,0,0,1,28.725,77.125,26.49,20.34,170.16
GRID_R06_C04,2022-07-16,2022,7,16,197,-0.2448,-0.9696,0,0,1,28.725,77.125,24.89,24.14,355.38
GRID_R06_C04,2022-07-17,2022,7,17,198,-0.2614,-0.9652,0,0,1,28.725,77.125,28.45,11.8,453.8
GRID_R06_C04,2022-07-18,2022,7,18,199,-0.278,-0.9606,0,0,1,28.725,77.125,43.29,52.97,234.61
GRID_R06_C04,2022-07-19,2022,7,19,200,-0.2945,-0.9557,0,0,1,28.725,77.125,42.92,40.34,156.0
GRID_R06_C04,2022-07-20,2022,7,20,201,-0.3109,-0.9505,0,0,1,28.725,77.125,33.38,46.79,122.0
GRID_R06_C04,2022-07-21,2022,7,21,202,-0.3272,-0.945,0,0,1,28.725,77.125,44.16,24.17,180.5
GRID_R06_C04,2022-07-22,2022,7,22,203,-0.3434,-0.9392,0,0,1,28.725,77.125,55.16,72.88,175.0
GRID_R06_C04,2022-07-23,2022,7,23,204,-0.3595,-0.9332,0,0,1,28.725,77.125,29.52,28.55,83.75
GRID_R06_C04,2022-07-24,2022,7,24,205,-0.3755,-0.9268,0,0,1,28.725,77.125,24.77,20.19,120.7
GRID_R06_C04,2022-07-25,2022,7,25,206,-0.3914,-0.9202,0,0,1,28.725,77.125,24.63,23.37,89.18
GRID_R06_C04,2022-07-26,2022,7,26,207,-0.4071,-0.9134,0,0,1,28.725,77.125,28.09,31.65,87.0
GRID_R06_C04,2022-07-27,2022,7,27,208,-0.4228,-0.9062,0,0,1,28.725,77.125,30.82,30.24,171.0
GRID_R06_C04,2022-07-28,2022,7,28,209,-0.4383,-0.8988,0,0,1,28.725,77.125,22.01,22.15,83.28
GRID_R06_C04,2022-07-29,2022,7,29,210,-0.4537,-0.8912,0,0,1,28.725,77.125,19.28,21.15,89.7
GRID_R06_C04,2022-07-30,2022,7,30,211,-0.469,-0.8832,0,0,1,28.725,77.125,22.14,19.05,89.0
GRID_R06_C04,2022-07-31,2022,7,31,212,-0.4841,-0.875,0,0,1,28.725,77.125,23.89,23.02,82.25
GRID_R06_C04,2022-08-01,2022,8,1,213,-0.4991,-0.8666,0,0,1,28.725,77.125,26.41,26.42,133.09
GRID_R06_C04,2022-08-02,2022,8,2,214,-0.5139,-0.8578,0,0,1,28.725,77.125,32.31,25.05,149.25
GRID_R06_C04,2022-08-03,2022,8,3,215,-0.5286,-0.8489,0,0,1,28.725,77.125,48.43,39.76,165.39
GRID_R06_C04,2022-08-04,2022,8,4,216,-0.5431,-0.8397,0,0,1,28.725,77.125,46.68,59.37,128.0
GRID_R06_C04,2022-08-05,2022,8,5,217,-0.5575,-0.8302,0,0,1,28.725,77.125,38.62,34.97,162.5
GRID_R06_C04,2022-08-06,2022,8,6,218,-0.5717,-0.8205,0,0,1,28.725,77.125,52.04,52.92,182.75
GRID_R06_C04,2022-08-07,2022,8,7,219,-0.5857,-0.8105,0,0,1,28.725,77.125,45.98,72.95,153.0
GRID_R06_C04,2022-08-08,2022,8,8,220,-0.5996,-0.8003,0,0,1,28.725,77.125,44.97,46.35,158.13
GRID_R06_C04,2022-08-09,2022,8,9,221,-0.6132,-0.7899,0,0,1,28.725,77.125,41.5,54.17,143.0
GRID_R06_C04,2022-08-10,2022,8,10,222,-0.6267,-0.7792,0,0,1,28.725,77.125,27.02,34.2,136.97
GRID_R06_C04,2022-08-11,2022,8,11,223,-0.64,-0.7683,0,0,1,28.725,77.125,16.74,14.3,114.94
GRID_R06_C04,2022-08-12,2022,8,12,224,-0.6532,-0.7572,0,0,1,28.725,77.125,19.39,18.36,74.0
GRID_R06_C04,2022-08-13,2022,8,13,225,-0.6661,-0.7459,0,0,1,28.725,77.125,27.24,32.25,83.0
GRID_R06_C04,2022-08-14,2022,8,14,226,-0.6788,-0.7343,0,0,1,28.725,77.125,26.21,13.74,83.0
GRID_R06_C04,2022-08-15,2022,8,15,227,-0.6914,-0.7225,0,0,1,28.725,77.125,18.8,14.02,83.0
GRID_R06_C04,2022-08-16,2022,8,16,228,-0.7037,-0.7105,0,0,1,28.725,77.125,15.86,15.28,60.01
GRID_R06_C04,2022-08-17,2022,8,17,229,-0.7158,-0.6983,0,0,1,28.725,77.125,14.19,11.42,171.6
GRID_R06_C04,2022-08-18,2022,8,18,230,-0.7277,-0.6859,0,0,1,28.725,77.125,20.33,13.35,75.42
GRID_R06_C04,2022-08-19,2022,8,19,231,-0.7394,-0.6733,0,0,1,28.725,77.125,18.3,12.36,287.0
GRID_R06_C04,2022-08-20,2022,8,20,232,-0.7509,-0.6605,0,0,1,28.725,77.125,31.77,23.33,139.0
GRID_R06_C04,2022-08-21,2022,8,21,233,-0.7621,-0.6474,0,0,1,28.725,77.125,46.88,54.4,130.5
GRID_R06_C04,2022-08-22,2022,8,22,234,-0.7731,-0.6342,0,0,1,28.725,77.125,35.87,54.37,111.12
GRID_R06_C04,2022-08-23,2022,8,23,235,-0.7839,-0.6208,0,0,1,28.725,77.125,24.97,32.75,75.0
GRID_R06_C04,2022-08-24,2022,8,24,236,-0.7945,-0.6073,0,0,1,28.725,77.125,22.73,18.38,277.92
GRID_R06_C04,2022-08-25,2022,8,25,237,-0.8048,-0.5935,0,0,1,28.725,77.125,36.41,28.57,348.25
GRID_R06_C04,2022-08-26,2022,8,26,238,-0.8149,-0.5796,0,0,1,28.725,77.125,35.46,31.33,157.0
GRID_R06_C04,2022-08-27,2022,8,27,239,-0.8248,-0.5655,0,0,1,28.725,77.125,32.05,30.52,225.35
GRID_R06_C04,2022-08-28,2022,8,28,240,-0.8344,-0.5512,0,0,1,28.725,77.125,37.18,33.27,159.6
GRID_R06_C04,2022-08-29,2022,8,29,241,-0.8437,-0.5368,0,0,1,28.725,77.125,40.54,37.8,138.65
GRID_R06_C04,2022-08-30,2022,8,30,242,-0.8528,-0.5222,0,0,1,28.725,77.125,48.48,49.26,185.75
GRID_R06_C04,2022-08-31,2022,8,31,243,-0.8617,-0.5074,0,0,1,28.725,77.125,43.79,44.25,234.32
GRID_R06_C04,2022-09-01,2022,9,1,244,-0.8703,-0.4925,0,0,1,28.725,77.125,45.12,44.81,279.62
GRID_R06_C04,2022-09-02,2022,9,2,245,-0.8786,-0.4775,0,0,1,28.725,77.125,45.72,38.34,228.45
GRID_R06_C04,2022-09-03,2022,9,3,246,-0.8867,-0.4623,0,0,1,28.725,77.125,32.63,26.34,151.07
GRID_R06_C04,2022-09-04,2022,9,4,247,-0.8945,-0.447,0,0,1,28.725,77.125,26.45,23.94,209.71
GRID_R06_C04,2022-09-05,2022,9,5,248,-0.9021,-0.4315,0,0,1,28.725,77.125,26.79,22.54,209.21
GRID_R06_C04,2022-09-06,2022,9,6,249,-0.9094,-0.4159,0,0,1,28.725,77.125,40.21,43.33,161.12
GRID_R06_C04,2022-09-07,2022,9,7,250,-0.9164,-0.4002,0,0,1,28.725,77.125,46.22,52.1,466.0
GRID_R06_C04,2022-09-08,2022,9,8,251,-0.9232,-0.3844,0,0,1,28.725,77.125,63.62,68.09,151.0
GRID_R06_C04,2022-09-09,2022,9,9,252,-0.9296,-0.3685,0,0,1,28.725,77.125,59.85,68.97,173.2
GRID_R06_C04,2022-09-10,2022,9,10,253,-0.9358,-0.3524,0,0,1,28.725,77.125,49.78,60.63,111.4
GRID_R06_C04,2022-09-11,2022,9,11,254,-0.9418,-0.3363,0,0,1,28.725,77.125,32.13,26.0,167.07
GRID_R06_C04,2022-09-12,2022,9,12,255,-0.9474,-0.32,0,0,1,28.725,77.125,26.74,24.83,187.43
GRID_R06_C04,2022-09-13,2022,9,13,256,-0.9528,-0.3037,0,0,1,28.725,77.125,19.75,16.85,106.58
GRID_R06_C04,2022-09-14,2022,9,14,257,-0.9579,-0.2873,0,0,1,28.725,77.125,17.79,15.23,78.67
GRID_R06_C04,2022-09-15,2022,9,15,258,-0.9627,-0.2707,0,0,1,28.725,77.125,16.06,20.15,71.81
GRID_R06_C04,2022-09-16,2022,9,16,259,-0.9672,-0.2541,0,0,1,28.725,77.125,15.98,10.93,80.67
GRID_R06_C04,2022-09-17,2022,9,17,260,-0.9714,-0.2375,0,0,1,28.725,77.125,33.32,27.66,98.7
GRID_R06_C04,2022-09-18,2022,9,18,261,-0.9753,-0.2207,0,0,1,28.725,77.125,47.58,29.97,167.25
GRID_R06_C04,2022-09-19,2022,9,19,262,-0.979,-0.2039,0,0,1,28.725,77.125,72.39,83.14,249.75
GRID_R06_C04,2022-09-20,2022,9,20,263,-0.9824,-0.187,0,0,1,28.725,77.125,49.55,68.87,146.0
GRID_R06_C04,2022-09-21,2022,9,21,264,-0.9854,-0.1701,0,0,1,28.725,77.125,41.57,62.06,170.25
GRID_R06_C04,2022-09-22,2022,9,22,265,-0.9882,-0.1531,0,0,1,28.725,77.125,26.29,31.08,474.7
GRID_R06_C04,2022-09-23,2022,9,23,266,-0.9907,-0.1361,0,0,1,28.725,77.125,26.13,16.24,90.0
GRID_R06_C04,2022-09-24,2022,9,24,267,-0.9929,-0.1191,0,0,1,28.725,77.125,23.39,26.79,74.99
GRID_R06_C04,2022-09-25,2022,9,25,268,-0.9948,-0.102,0,0,1,28.725,77.125,21.57,11.84,128.15
GRID_R06_C04,2022-09-26,2022,9,26,269,-0.9964,-0.0848,0,0,1,28.725,77.125,47.79,61.88,156.25
GRID_R06_C04,2022-09-27,2022,9,27,270,-0.9977,-0.0677,0,0,1,28.725,77.125,40.29,44.09,132.88
GRID_R06_C04,2022-09-28,2022,9,28,271,-0.9987,-0.0505,0,0,1,28.725,77.125,55.13,59.02,182.85
GRID_R06_C04,2022-09-29,2022,9,29,272,-0.9994,-0.0333,0,0,1,28.725,77.125,66.05,82.87,205.25
GRID_R06_C04,2022-09-30,2022,9,30,273,-0.9999,-0.0161,0,0,1,28.725,77.125,80.25,91.86,214.82
GRID_R06_C04,2022-10-01,2022,10,1,274,-1.0,0.0011,0,0,1,28.725,77.125,81.41,104.02,174.0
GRID_R06_C04,2022-10-02,2022,10,2,275,-0.9998,0.0183,0,0,1,28.725,77.125,69.05,94.49,175.0
GRID_R06_C04,2022-10-03,2022,10,3,276,-0.9994,0.0355,0,0,1,28.725,77.125,42.71,51.5,258.45
GRID_R06_C04,2022-10-04,2022,10,4,277,-0.9986,0.0527,0,0,1,28.725,77.125,63.03,61.51,251.1
GRID_R06_C04,2022-10-05,2022,10,5,278,-0.9976,0.0698,0,0,1,28.725,77.125,89.36,110.49,285.6
GRID_R06_C04,2022-10-06,2022,10,6,279,-0.9962,0.087,0,0,1,28.725,77.125,16.63,13.15,103.28
GRID_R06_C04,2022-10-07,2022,10,7,280,-0.9946,0.1041,0,0,1,28.725,77.125,16.3,12.44,61.0
GRID_R06_C04,2022-10-08,2022,10,8,281,-0.9926,0.1212,0,0,1,28.725,77.125,14.32,14.32,82.5
GRID_R06_C04,2022-10-09,2022,10,9,282,-0.9904,0.1383,0,0,1,28.725,77.125,9.59,10.84,61.0
GRID_R06_C04,2022-10-10,2022,10,10,283,-0.9879,0.1553,0,0,1,28.725,77.125,14.76,9.01,61.0
GRID_R06_C04,2022-10-11,2022,10,11,284,-0.9851,0.1722,0,0,1,28.725,77.125,36.29,25.93,231.67
GRID_R06_C04,2022-10-12,2022,10,12,285,-0.9819,0.1892,0,0,1,28.725,77.125,62.49,72.65,205.75
GRID_R06_C04,2022-10-13,2022,10,13,286,-0.9785,0.206,0,0,1,28.725,77.125,53.52,60.34,172.25
GRID_R06_C04,2022-10-14,2022,10,14,287,-0.9749,0.2228,0,0,1,28.725,77.125,71.74,81.89,216.8
GRID_R06_C04,2022-10-15,2022,10,15,288,-0.9709,0.2396,1,0,1,28.725,77.125,89.6,103.27,401.5
GRID_R06_C04,2022-10-16,2022,10,16,289,-0.9666,0.2562,1,0,1,28.725,77.125,105.64,123.99,349.3
GRID_R06_C04,2022-10-17,2022,10,17,290,-0.9621,0.2728,1,0,1,28.725,77.125,108.94,127.64,383.5
GRID_R06_C04,2022-10-18,2022,10,18,291,-0.9572,0.2893,1,0,1,28.725,77.125,109.72,118.14,398.33
GRID_R06_C04,2022-10-19,2022,10,19,292,-0.9521,0.3057,1,0,1,28.725,77.125,102.01,124.26,331.92
GRID_R06_C04,2022-10-20,2022,10,20,293,-0.9467,0.3221,1,1,1,28.725,77.125,110.64,111.76,302.75
GRID_R06_C04,2022-10-21,2022,10,21,294,-0.941,0.3383,1,1,1,28.725,77.125,117.39,145.08,386.33
GRID_R06_C04,2022-10-22,2022,10,22,295,-0.9351,0.3545,1,1,1,28.725,77.125,122.89,153.83,322.0
GRID_R06_C04,2022-10-23,2022,10,23,296,-0.9288,0.3705,1,1,1,28.725,77.125,129.76,128.29,357.75
GRID_R06_C04,2022-10-24,2022,10,24,297,-0.9223,0.3864,1,1,1,28.725,77.125,177.52,168.07,921.25
GRID_R06_C04,2022-10-25,2022,10,25,298,-0.9155,0.4022,1,1,1,28.725,77.125,166.47,149.56,986.0
GRID_R06_C04,2022-10-26,2022,10,26,299,-0.9085,0.4179,1,1,1,28.725,77.125,142.96,114.47,621.5
GRID_R06_C04,2022-10-27,2022,10,27,300,-0.9012,0.4335,1,1,1,28.725,77.125,192.39,218.98,494.34
GRID_R06_C04,2022-10-28,2022,10,28,301,-0.8936,0.4489,1,1,1,28.725,77.125,223.13,226.04,514.0
GRID_R06_C04,2022-10-29,2022,10,29,302,-0.8857,0.4642,1,1,1,28.725,77.125,230.76,287.07,502.09
GRID_R06_C04,2022-10-30,2022,10,30,303,-0.8776,0.4794,1,1,1,28.725,77.125,211.77,210.91,749.6
GRID_R06_C04,2022-10-31,2022,10,31,304,-0.8692,0.4944,1,1,1,28.725,77.125,263.69,208.96,562.75
GRID_R06_C04,2022-11-01,2022,11,1,305,-0.8606,0.5093,1,1,1,28.725,77.125,248.88,294.21,705.25
GRID_R06_C04,2022-11-02,2022,11,2,306,-0.8517,0.524,1,1,1,28.725,77.125,241.74,214.26,589.0
GRID_R06_C04,2022-11-03,2022,11,3,307,-0.8426,0.5386,1,1,1,28.725,77.125,402.69,529.11,928.0
GRID_R06_C04,2022-11-04,2022,11,4,308,-0.8332,0.553,1,1,1,28.725,77.125,324.12,346.39,566.0
GRID_R06_C04,2022-11-05,2022,11,5,309,-0.8235,0.5672,1,1,1,28.725,77.125,193.45,200.61,425.0
GRID_R06_C04,2022-11-06,2022,11,6,310,-0.8137,0.5813,1,1,1,28.725,77.125,172.85,181.1,375.0
GRID_R06_C04,2022-11-07,2022,11,7,311,-0.8035,0.5952,1,1,1,28.725,77.125,193.57,227.11,449.82
GRID_R06_C04,2022-11-08,2022,11,8,312,-0.7932,0.609,1,1,1,28.725,77.125,240.17,245.39,445.7
GRID_R06_C04,2022-11-09,2022,11,9,313,-0.7826,0.6225,1,1,1,28.725,77.125,105.75,112.76,335.75
GRID_R06_C04,2022-11-10,2022,11,10,314,-0.7718,0.6359,1,1,1,28.725,77.125,162.28,178.2,478.0
GRID_R06_C04,2022-11-11,2022,11,11,315,-0.7607,0.6491,1,1,1,28.725,77.125,208.58,357.3,547.78
GRID_R06_C04,2022-11-12,2022,11,12,316,-0.7494,0.6621,1,1,1,28.725,77.125,186.89,259.16,421.27
GRID_R06_C04,2022-11-13,2022,11,13,317,-0.7379,0.6749,1,1,1,28.725,77.125,160.63,196.5,326.69
GRID_R06_C04,2022-11-14,2022,11,14,318,-0.7262,0.6875,1,1,1,28.725,77.125,140.22,172.86,415.5
GRID_R06_C04,2022-11-15,2022,11,15,319,-0.7143,0.6998,1,1,1,28.725,77.125,102.24,99.43,274.0
GRID_R06_C04,2022-11-16,2022,11,16,320,-0.7021,0.712,1,1,1,28.725,77.125,118.88,174.92,414.2
GRID_R06_C04,2022-11-17,2022,11,17,321,-0.6898,0.724,1,1,1,28.725,77.125,139.59,199.17,386.09
GRID_R06_C04,2022-11-18,2022,11,18,322,-0.6772,0.7358,1,1,1,28.725,77.125,157.43,240.44,551.78
GRID_R06_C04,2022-11-19,2022,11,19,323,-0.6645,0.7473,1,1,1,28.725,77.125,144.5,178.83,532.85
GRID_R06_C04,2022-11-20,2022,11,20,324,-0.6515,0.7586,1,1,1,28.725,77.125,171.28,216.63,551.35
GRID_R06_C04,2022-11-21,2022,11,21,325,-0.6384,0.7697,1,0,1,28.725,77.125,143.93,174.07,350.6
GRID_R06_C04,2022-11-22,2022,11,22,326,-0.625,0.7806,1,0,1,28.725,77.125,113.47,136.13,245.25
GRID_R06_C04,2022-11-23,2022,11,23,327,-0.6115,0.7912,1,0,1,28.725,77.125,103.72,127.52,416.48
GRID_R06_C04,2022-11-24,2022,11,24,328,-0.5978,0.8016,1,0,1,28.725,77.125,108.55,109.77,569.33
GRID_R06_C04,2022-11-25,2022,11,25,329,-0.584,0.8118,1,0,1,28.725,77.125,158.6,173.91,591.25
GRID_R06_C04,2022-11-26,2022,11,26,330,-0.5699,0.8217,1,0,1,28.725,77.125,180.96,192.28,757.0
GRID_R06_C04,2022-11-27,2022,11,27,331,-0.5557,0.8314,1,0,1,28.725,77.125,174.61,195.31,509.45
GRID_R06_C04,2022-11-28,2022,11,28,332,-0.5413,0.8408,1,0,1,28.725,77.125,198.65,227.57,680.0
GRID_R06_C04,2022-11-29,2022,11,29,333,-0.5268,0.85,1,0,1,28.725,77.125,230.27,284.3,658.91
GRID_R06_C04,2022-11-30,2022,11,30,334,-0.5121,0.859,1,0,1,28.725,77.125,207.63,223.34,533.0
GRID_R06_C04,2022-12-01,2022,12,1,335,-0.4972,0.8676,1,0,1,28.725,77.125,213.69,231.84,492.99
GRID_R06_C04,2022-12-02,2022,12,2,336,-0.4822,0.8761,1,0,1,28.725,77.125,200.39,204.94,605.25
GRID_R06_C04,2022-12-03,2022,12,3,337,-0.4671,0.8842,1,0,1,28.725,77.125,245.25,260.2,667.75
GRID_R06_C04,2022-12-04,2022,12,4,338,-0.4518,0.8921,1,0,1,28.725,77.125,250.6,293.9,635.75
GRID_R06_C04,2022-12-05,2022,12,5,339,-0.4364,0.8998,1,0,1,28.725,77.125,187.08,202.78,560.75
GRID_R06_C04,2022-12-06,2022,12,6,340,-0.4208,0.9071,1,0,1,28.725,77.125,184.23,189.48,359.0
GRID_R06_C04,2022-12-07,2022,12,7,341,-0.4052,0.9142,1,0,1,28.725,77.125,133.43,143.42,336.05
GRID_R06_C04,2022-12-08,2022,12,8,342,-0.3894,0.9211,1,0,1,28.725,77.125,143.94,139.75,466.58
GRID_R06_C04,2022-12-09,2022,12,9,343,-0.3735,0.9276,1,0,1,28.725,77.125,169.88,151.03,691.0
GRID_R06_C04,2022-12-10,2022,12,10,344,-0.3575,0.9339,1,0,1,28.725,77.125,211.95,254.19,646.75
GRID_R06_C04,2022-12-11,2022,12,11,345,-0.3413,0.9399,1,0,1,28.725,77.125,134.03,153.58,476.75
GRID_R06_C04,2022-12-12,2022,12,12,346,-0.3251,0.9457,1,0,1,28.725,77.125,95.92,100.39,620.75
GRID_R06_C04,2022-12-13,2022,12,13,347,-0.3088,0.9511,1,0,1,28.725,77.125,70.68,81.54,233.75
GRID_R06_C04,2022-12-14,2022,12,14,348,-0.2924,0.9563,1,0,1,28.725,77.125,85.59,94.24,367.25
GRID_R06_C04,2022-12-15,2022,12,15,349,-0.2759,0.9612,1,0,1,28.725,77.125,89.92,84.74,424.25
GRID_R06_C04,2022-12-16,2022,12,16,350,-0.2593,0.9658,1,0,1,28.725,77.125,124.19,111.4,659.18
GRID_R06_C04,2022-12-17,2022,12,17,351,-0.2427,0.9701,1,0,1,28.725,77.125,167.33,151.3,760.25
GRID_R06_C04,2022-12-18,2022,12,18,352,-0.226,0.9741,1,0,1,28.725,77.125,254.25,203.4,813.75
GRID_R06_C04,2022-12-19,2022,12,19,353,-0.2092,0.9779,1,0,1,28.725,77.125,259.11,226.32,843.5
GRID_R06_C04,2022-12-20,2022,12,20,354,-0.1923,0.9813,1,0,1,28.725,77.125,199.94,168.09,544.0
GRID_R06_C04,2022-12-21,2022,12,21,355,-0.1754,0.9845,1,0,1,28.725,77.125,188.4,149.22,490.33
GRID_R06_C04,2022-12-22,2022,12,22,356,-0.1585,0.9874,1,0,1,28.725,77.125,202.24,126.13,541.5
GRID_R06_C04,2022-12-23,2022,12,23,357,-0.1414,0.9899,1,0,1,28.725,77.125,202.07,128.73,592.25
GRID_R06_C04,2022-12-24,2022,12,24,358,-0.1244,0.9922,1,0,1,28.725,77.125,160.66,177.3,457.75
GRID_R06_C04,2022-12-25,2022,12,25,359,-0.1073,0.9942,1,0,1,28.725,77.125,168.91,143.09,840.0
GRID_R06_C04,2022-12-26,2022,12,26,360,-0.0902,0.9959,1,0,1,28.725,77.125,193.84,121.15,854.02
GRID_R06_C04,2022-12-27,2022,12,27,361,-0.073,0.9973,1,0,1,28.725,77.125,166.8,128.51,554.62
GRID_R06_C04,2022-12-28,2022,12,28,362,-0.0559,0.9984,1,0,1,28.725,77.125,151.84,165.35,701.2
GRID_R06_C04,2022-12-29,2022,12,29,363,-0.0387,0.9993,1,0,1,28.725,77.125,196.73,149.79,589.5
GRID_R06_C04,2022-12-30,2022,12,30,364,-0.0215,0.9998,1,0,1,28.725,77.125,256.68,236.1,805.0
GRID_R06_C04,2022-12-31,2022,12,31,365,-0.0043,1.0,1,0,1,28.725,77.125,156.24,154.1,582.0
GRID_R06_C04,2023-01-01,2023,1,1,1,0.0172,0.9999,1,0,1,28.725,77.125,140.59,112.69,679.25
GRID_R06_C04,2023-01-02,2023,1,2,2,0.0344,0.9994,1,0,1,28.725,77.125,233.11,193.92,516.68
GRID_R06_C04,2023-01-03,2023,1,3,3,0.0516,0.9987,1,0,1,28.725,77.125,239.57,221.13,472.25
GRID_R06_C04,2023-01-04,2023,1,4,4,0.0688,0.9976,1,0,1,28.725,77.125,179.33,118.26,546.75
GRID_R06_C04,2023-01-05,2023,1,5,5,0.0859,0.9963,1,0,1,28.725,77.125,208.96,121.88,788.25
GRID_R06_C04,2023-01-06,2023,1,6,6,0.103,0.9947,1,0,1,28.725,77.125,258.51,192.14,565.75
GRID_R06_C04,2023-01-07,2023,1,7,7,0.1201,0.9928,1,0,1,28.725,77.125,226.55,148.25,845.15
GRID_R06_C04,2023-01-08,2023,1,8,8,0.1372,0.9905,1,0,1,28.725,77.125,254.55,135.77,968.0
GRID_R06_C04,2023-01-09,2023,1,9,9,0.1542,0.988,1,0,1,28.725,77.125,377.61,262.54,979.0
GRID_R06_C04,2023-01-10,2023,1,10,10,0.1712,0.9852,1,0,1,28.725,77.125,232.43,146.22,805.2
GRID_R06_C04,2023-01-11,2023,1,11,11,0.1881,0.9821,1,0,1,28.725,77.125,175.13,93.59,915.0
GRID_R06_C04,2023-01-12,2023,1,12,12,0.205,0.9788,1,0,1,28.725,77.125,203.36,198.28,351.25
GRID_R06_C04,2023-01-13,2023,1,13,13,0.2218,0.9751,1,0,1,28.725,77.125,215.69,210.06,412.25
GRID_R06_C04,2023-01-14,2023,1,14,14,0.2385,0.9711,1,0,1,28.725,77.125,153.77,170.89,335.25
GRID_R06_C04,2023-01-15,2023,1,15,15,0.2552,0.9669,1,0,1,28.725,77.125,98.57,97.09,423.75
GRID_R06_C04,2023-01-16,2023,1,16,16,0.2718,0.9624,1,0,1,28.725,77.125,143.33,131.44,582.0
GRID_R06_C04,2023-01-17,2023,1,17,17,0.2883,0.9575,1,0,1,28.725,77.125,152.32,167.19,593.0
GRID_R06_C04,2023-01-18,2023,1,18,18,0.3047,0.9524,1,0,1,28.725,77.125,191.89,203.4,818.25
GRID_R06_C04,2023-01-19,2023,1,19,19,0.3211,0.9471,1,0,1,28.725,77.125,198.04,198.56,609.88
GRID_R06_C04,2023-01-20,2023,1,20,20,0.3373,0.9414,1,0,1,28.725,77.125,91.12,56.01,458.5
GRID_R06_C04,2023-01-21,2023,1,21,21,0.3534,0.9355,1,0,1,28.725,77.125,210.88,164.5,931.1
GRID_R06_C04,2023-01-22,2023,1,22,22,0.3695,0.9292,1,0,1,28.725,77.125,248.86,279.16,593.75
GRID_R06_C04,2023-01-23,2023,1,23,23,0.3854,0.9227,1,0,1,28.725,77.125,168.8,185.13,697.65
GRID_R06_C04,2023-01-24,2023,1,24,24,0.4012,0.916,1,0,1,28.725,77.125,86.73,102.82,335.0
GRID_R06_C04,2023-01-25,2023,1,25,25,0.4169,0.9089,1,0,1,28.725,77.125,105.39,103.56,282.5
GRID_R06_C04,2023-01-26,2023,1,26,26,0.4325,0.9016,1,0,1,28.725,77.125,138.53,158.69,261.25
GRID_R06_C04,2023-01-27,2023,1,27,27,0.4479,0.8941,1,0,1,28.725,77.125,92.74,98.78,201.25
GRID_R06_C04,2023-01-28,2023,1,28,28,0.4633,0.8862,1,0,1,28.725,77.125,123.06,110.04,415.0
GRID_R06_C04,2023-01-29,2023,1,29,29,0.4784,0.8781,1,0,1,28.725,77.125,187.89,219.15,553.75
GRID_R06_C04,2023-01-30,2023,1,30,30,0.4935,0.8698,1,0,1,28.725,77.125,79.17,31.48,953.9
GRID_R06_C04,2023-01-31,2023,1,31,31,0.5084,0.8611,1,0,1,28.725,77.125,85.1,78.2,724.1
GRID_R06_C04,2023-02-01,2023,2,1,32,0.5231,0.8523,0,0,1,28.725,77.125,84.61,84.26,818.42
GRID_R06_C04,2023-02-02,2023,2,2,33,0.5377,0.8432,0,0,1,28.725,77.125,87.18,96.8,635.88
GRID_R06_C04,2023-02-03,2023,2,3,34,0.5521,0.8338,0,0,1,28.725,77.125,103.31,96.71,753.0
GRID_R06_C04,2023-02-04,2023,2,4,35,0.5664,0.8242,0,0,1,28.725,77.125,118.23,104.62,517.0
GRID_R06_C04,2023-02-05,2023,2,5,36,0.5805,0.8143,0,0,1,28.725,77.125,105.12,112.14,550.5
GRID_R06_C04,2023-02-06,2023,2,6,37,0.5944,0.8042,0,0,1,28.725,77.125,142.37,178.57,410.75
GRID_R06_C04,2023-02-07,2023,2,7,38,0.6081,0.7938,0,0,1,28.725,77.125,116.41,192.85,424.25
GRID_R06_C04,2023-02-08,2023,2,8,39,0.6217,0.7833,0,0,1,28.725,77.125,73.83,78.85,281.0
GRID_R06_C04,2023-02-09,2023,2,9,40,0.6351,0.7725,0,0,1,28.725,77.125,91.53,116.1,255.75
GRID_R06_C04,2023-02-10,2023,2,10,41,0.6483,0.7614,0,0,1,28.725,77.125,93.96,97.32,266.5
GRID_R06_C04,2023-02-11,2023,2,11,42,0.6613,0.7502,0,0,1,28.725,77.125,137.57,177.28,403.1
GRID_R06_C04,2023-02-12,2023,2,12,43,0.6741,0.7387,0,0,1,28.725,77.125,55.0,74.17,211.8
GRID_R06_C04,2023-02-13,2023,2,13,44,0.6867,0.727,0,0,1,28.725,77.125,48.7,52.97,261.9
GRID_R06_C04,2023-02-14,2023,2,14,45,0.6991,0.715,0,0,1,28.725,77.125,63.39,69.72,284.48
GRID_R06_C04,2023-02-15,2023,2,15,46,0.7113,0.7029,0,0,1,28.725,77.125,91.34,97.16,302.0
GRID_R06_C04,2023-02-16,2023,2,16,47,0.7233,0.6906,0,0,1,28.725,77.125,166.5,140.14,489.0
GRID_R06_C04,2023-02-17,2023,2,17,48,0.735,0.678,0,0,1,28.725,77.125,221.81,254.05,493.0
GRID_R06_C04,2023-02-18,2023,2,18,49,0.7466,0.6653,0,0,1,28.725,77.125,202.82,256.19,552.75
GRID_R06_C04,2023-02-19,2023,2,19,50,0.7579,0.6523,0,0,1,28.725,77.125,180.82,197.74,421.18
GRID_R06_C04,2023-02-20,2023,2,20,51,0.769,0.6392,0,0,1,28.725,77.125,147.09,204.27,375.5
GRID_R06_C04,2023-02-21,2023,2,21,52,0.7799,0.6259,0,0,1,28.725,77.125,125.63,121.27,656.0
GRID_R06_C04,2023-02-22,2023,2,22,53,0.7906,0.6124,0,0,1,28.725,77.125,137.12,142.42,598.33
GRID_R06_C04,2023-02-23,2023,2,23,54,0.801,0.5987,0,0,1,28.725,77.125,82.06,100.74,433.71
GRID_R06_C04,2023-02-24,2023,2,24,55,0.8112,0.5848,0,0,1,28.725,77.125,80.97,101.45,294.0
GRID_R06_C04,2023-02-25,2023,2,25,56,0.8211,0.5708,0,0,1,28.725,77.125,115.56,131.95,342.93
GRID_R06_C04,2023-02-26,2023,2,26,57,0.8308,0.5566,0,0,1,28.725,77.125,138.48,183.46,388.62
GRID_R06_C04,2023-02-27,2023,2,27,58,0.8402,0.5422,0,0,1,28.725,77.125,119.02,171.7,601.25
GRID_R06_C04,2023-02-28,2023,2,28,59,0.8495,0.5277,0,0,1,28.725,77.125,90.5,131.14,342.25
GRID_R06_C04,2023-03-01,2023,3,1,60,0.8584,0.513,0,0,1,28.725,77.125,74.16,60.12,336.12
GRID_R06_C04,2023-03-02,2023,3,2,61,0.8671,0.4981,0,0,1,28.725,77.125,91.36,122.77,494.45
GRID_R06_C04,2023-03-03,2023,3,3,62,0.8755,0.4831,0,0,1,28.725,77.125,61.71,80.19,223.43
GRID_R06_C04,2023-03-04,2023,3,4,63,0.8837,0.468,0,0,1,28.725,77.125,54.64,54.04,213.2
GRID_R06_C04,2023-03-05,2023,3,5,64,0.8916,0.4527,0,0,1,28.725,77.125,56.31,73.75,238.5
GRID_R06_C04,2023-03-06,2023,3,6,65,0.8993,0.4373,0,0,1,28.725,77.125,67.11,102.74,260.5
GRID_R06_C04,2023-03-07,2023,3,7,66,0.9067,0.4218,0,0,1,28.725,77.125,85.44,122.07,859.6
GRID_R06_C04,2023-03-08,2023,3,8,67,0.9138,0.4061,0,0,1,28.725,77.125,112.71,170.69,449.76
GRID_R06_C04,2023-03-09,2023,3,9,68,0.9207,0.3904,0,0,1,28.725,77.125,55.22,43.35,174.25
GRID_R06_C04,2023-03-10,2023,3,10,69,0.9272,0.3745,0,0,1,28.725,77.125,90.97,142.38,363.25
GRID_R06_C04,2023-03-11,2023,3,11,70,0.9335,0.3585,0,0,1,28.725,77.125,92.21,126.75,376.25
GRID_R06_C04,2023-03-12,2023,3,12,71,0.9396,0.3424,0,0,1,28.725,77.125,96.52,128.32,343.0
GRID_R06_C04,2023-03-13,2023,3,13,72,0.9453,0.3261,0,0,1,28.725,77.125,106.76,170.57,539.25
GRID_R06_C04,2023-03-14,2023,3,14,73,0.9508,0.3098,0,0,1,28.725,77.125,101.82,169.29,405.0
GRID_R06_C04,2023-03-15,2023,3,15,74,0.956,0.2934,0,0,1,28.725,77.125,99.28,144.25,493.0
GRID_R06_C04,2023-03-16,2023,3,16,75,0.9609,0.2769,0,0,1,28.725,77.125,103.45,169.42,311.0
GRID_R06_C04,2023-03-17,2023,3,17,76,0.9655,0.2604,0,0,1,28.725,77.125,95.66,126.99,277.0
GRID_R06_C04,2023-03-18,2023,3,18,77,0.9698,0.2437,0,0,1,28.725,77.125,68.73,68.92,246.33
GRID_R06_C04,2023-03-19,2023,3,19,78,0.9739,0.227,0,0,1,28.725,77.125,81.25,107.01,194.0
GRID_R06_C04,2023-03-20,2023,3,20,79,0.9777,0.2102,0,0,1,28.725,77.125,56.77,86.71,484.7
GRID_R06_C04,2023-03-21,2023,3,21,80,0.9811,0.1934,0,0,1,28.725,77.125,46.16,46.26,421.4
GRID_R06_C04,2023-03-22,2023,3,22,81,0.9843,0.1765,0,0,1,28.725,77.125,78.51,103.87,263.7
GRID_R06_C04,2023-03-23,2023,3,23,82,0.9872,0.1595,0,0,1,28.725,77.125,72.64,126.92,389.37
GRID_R06_C04,2023-03-24,2023,3,24,83,0.9898,0.1425,0,0,1,28.725,77.125,87.5,147.35,331.25
GRID_R06_C04,2023-03-25,2023,3,25,84,0.9921,0.1255,0,0,1,28.725,77.125,40.65,22.9,265.23
GRID_R06_C04,2023-03-26,2023,3,26,85,0.9941,0.1084,0,0,1,28.725,77.125,65.61,67.31,296.75
GRID_R06_C04,2023-03-27,2023,3,27,86,0.9958,0.0913,0,0,1,28.725,77.125,59.22,104.09,897.0
GRID_R06_C04,2023-03-28,2023,3,28,87,0.9972,0.0741,0,0,1,28.725,77.125,68.09,117.08,303.75
GRID_R06_C04,2023-03-29,2023,3,29,88,0.9984,0.057,0,0,1,28.725,77.125,86.06,147.88,297.25
GRID_R06_C04,2023-03-30,2023,3,30,89,0.9992,0.0398,0,0,1,28.725,77.125,71.1,110.89,393.2
GRID_R06_C04,2023-03-31,2023,3,31,90,0.9997,0.0226,0,0,1,28.725,77.125,30.7,33.22,368.03
GRID_R06_C04,2023-04-01,2023,4,1,91,1.0,0.0054,0,0,1,28.725,77.125,45.0,50.95,280.2
GRID_R06_C04,2023-04-02,2023,4,2,92,0.9999,-0.0118,0,0,1,28.725,77.125,59.81,80.84,224.28
GRID_R06_C04,2023-04-03,2023,4,3,93,0.9996,-0.029,0,0,1,28.725,77.125,72.19,121.82,333.0
GRID_R06_C04,2023-04-04,2023,4,4,94,0.9989,-0.0462,0,0,1,28.725,77.125,45.44,29.36,231.75
GRID_R06_C04,2023-04-05,2023,4,5,95,0.998,-0.0634,0,0,1,28.725,77.125,54.84,74.72,301.97
GRID_R06_C04,2023-04-06,2023,4,6,96,0.9968,-0.0805,0,0,1,28.725,77.125,41.83,38.85,274.75
GRID_R06_C04,2023-04-07,2023,4,7,97,0.9952,-0.0977,0,0,1,28.725,77.125,50.13,62.82,231.4
GRID_R06_C04,2023-04-08,2023,4,8,98,0.9934,-0.1148,0,0,1,28.725,77.125,70.16,112.22,310.8
GRID_R06_C04,2023-04-09,2023,4,9,99,0.9913,-0.1319,0,0,1,28.725,77.125,104.17,193.79,517.0
GRID_R06_C04,2023-04-10,2023,4,10,100,0.9889,-0.1489,0,0,1,28.725,77.125,90.88,162.06,345.5
GRID_R06_C04,2023-04-11,2023,4,11,101,0.9861,-0.1659,0,0,1,28.725,77.125,125.55,211.25,484.0
GRID_R06_C04,2023-04-12,2023,4,12,102,0.9831,-0.1828,0,0,1,28.725,77.125,80.5,109.18,301.75
GRID_R06_C04,2023-04-13,2023,4,13,103,0.9799,-0.1997,0,0,1,28.725,77.125,91.21,134.67,408.07
GRID_R06_C04,2023-04-14,2023,4,14,104,0.9763,-0.2165,0,0,1,28.725,77.125,101.61,180.79,637.98
GRID_R06_C04,2023-04-15,2023,4,15,105,0.9724,-0.2333,0,0,1,28.725,77.125,102.14,168.04,426.0
GRID_R06_C04,2023-04-16,2023,4,16,106,0.9683,-0.25,0,0,1,28.725,77.125,74.74,116.52,292.25
GRID_R06_C04,2023-04-17,2023,4,17,107,0.9638,-0.2666,0,0,1,28.725,77.125,73.07,100.08,843.0
GRID_R06_C04,2023-04-18,2023,4,18,108,0.9591,-0.2831,0,0,1,28.725,77.125,77.58,87.12,341.25
GRID_R06_C04,2023-04-19,2023,4,19,109,0.9541,-0.2996,0,0,1,28.725,77.125,61.25,60.06,355.0
GRID_R06_C04,2023-04-20,2023,4,20,110,0.9488,-0.316,0,0,1,28.725,77.125,43.08,46.28,257.25
GRID_R06_C04,2023-04-21,2023,4,21,111,0.9432,-0.3322,0,0,1,28.725,77.125,42.14,38.9,132.0
GRID_R06_C04,2023-04-22,2023,4,22,112,0.9373,-0.3484,0,0,1,28.725,77.125,42.02,47.82,285.6
GRID_R06_C04,2023-04-23,2023,4,23,113,0.9312,-0.3645,0,0,1,28.725,77.125,27.04,22.57,116.15
GRID_R06_C04,2023-04-24,2023,4,24,114,0.9248,-0.3804,0,0,1,28.725,77.125,60.44,93.49,284.25
GRID_R06_C04,2023-04-25,2023,4,25,115,0.9181,-0.3963,0,0,1,28.725,77.125,57.03,54.03,232.0
GRID_R06_C04,2023-04-26,2023,4,26,116,0.9112,-0.412,0,0,1,28.725,77.125,89.57,102.38,227.88
GRID_R06_C04,2023-04-27,2023,4,27,117,0.9039,-0.4276,0,0,1,28.725,77.125,81.27,126.06,347.77
GRID_R06_C04,2023-04-28,2023,4,28,118,0.8965,-0.4431,0,0,1,28.725,77.125,69.6,79.05,230.5
GRID_R06_C04,2023-04-29,2023,4,29,119,0.8887,-0.4585,0,0,1,28.725,77.125,74.43,104.95,512.24
GRID_R06_C04,2023-04-30,2023,4,30,120,0.8807,-0.4737,0,0,1,28.725,77.125,51.31,52.35,388.1
GRID_R06_C04,2023-05-01,2023,5,1,121,0.8724,-0.4888,0,0,1,28.725,77.125,42.14,40.18,123.7
GRID_R06_C04,2023-05-02,2023,5,2,122,0.8639,-0.5037,0,0,1,28.725,77.125,40.17,33.05,142.0
GRID_R06_C04,2023-05-03,2023,5,3,123,0.8551,-0.5185,0,0,1,28.725,77.125,46.47,61.87,161.0
GRID_R06_C04,2023-05-04,2023,5,4,124,0.846,-0.5331,0,0,1,28.725,77.125,61.21,69.35,212.75
GRID_R06_C04,2023-05-05,2023,5,5,125,0.8367,-0.5476,0,0,1,28.725,77.125,81.37,90.75,335.0
GRID_R06_C04,2023-05-06,2023,5,6,126,0.8272,-0.5619,0,0,1,28.725,77.125,104.11,196.28,426.25
GRID_R06_C04,2023-05-07,2023,5,7,127,0.8174,-0.5761,0,0,1,28.725,77.125,65.47,75.25,269.5
GRID_R06_C04,2023-05-08,2023,5,8,128,0.8074,-0.59,0,0,1,28.725,77.125,54.44,80.29,242.4
GRID_R06_C04,2023-05-09,2023,5,9,129,0.7971,-0.6038,0,0,1,28.725,77.125,95.57,166.97,316.75
GRID_R06_C04,2023-05-10,2023,5,10,130,0.7866,-0.6175,0,0,1,28.725,77.125,91.05,128.71,319.0
GRID_R06_C04,2023-05-11,2023,5,11,131,0.7759,-0.6309,0,0,1,28.725,77.125,130.6,209.36,393.0
GRID_R06_C04,2023-05-12,2023,5,12,132,0.7649,-0.6442,0,0,1,28.725,77.125,91.49,100.45,348.88
GRID_R06_C04,2023-05-13,2023,5,13,133,0.7537,-0.6572,0,0,1,28.725,77.125,99.09,109.57,485.68
GRID_R06_C04,2023-05-14,2023,5,14,134,0.7423,-0.6701,0,0,1,28.725,77.125,98.57,136.92,479.27
GRID_R06_C04,2023-05-15,2023,5,15,135,0.7306,-0.6828,0,0,1,28.725,77.125,38.31,29.97,302.67
GRID_R06_C04,2023-05-16,2023,5,16,136,0.7188,-0.6952,0,0,1,28.725,77.125,136.34,257.39,858.0
GRID_R06_C04,2023-05-17,2023,5,17,137,0.7067,-0.7075,0,0,1,28.725,77.125,90.2,128.36,439.2
GRID_R06_C04,2023-05-18,2023,5,18,138,0.6945,-0.7195,0,0,1,28.725,77.125,41.38,32.39,475.8
GRID_R06_C04,2023-05-19,2023,5,19,139,0.682,-0.7314,0,0,1,28.725,77.125,66.91,82.41,324.2
GRID_R06_C04,2023-05-20,2023,5,20,140,0.6693,-0.743,0,0,1,28.725,77.125,69.13,97.72,410.08
GRID_R06_C04,2023-05-21,2023,5,21,141,0.6564,-0.7544,0,0,1,28.725,77.125,81.61,112.52,418.88
GRID_R06_C04,2023-05-22,2023,5,22,142,0.6433,-0.7656,0,0,1,28.725,77.125,62.36,47.74,293.65
GRID_R06_C04,2023-05-23,2023,5,23,143,0.6301,-0.7765,0,0,1,28.725,77.125,51.37,39.71,426.07
GRID_R06_C04,2023-05-24,2023,5,24,144,0.6166,-0.7873,0,0,1,28.725,77.125,30.2,33.36,224.1
GRID_R06_C04,2023-05-25,2023,5,25,145,0.603,-0.7978,0,0,1,28.725,77.125,25.89,20.93,134.75
GRID_R06_C04,2023-05-26,2023,5,26,146,0.5892,-0.808,0,0,1,28.725,77.125,26.17,23.94,150.6
GRID_R06_C04,2023-05-27,2023,5,27,147,0.5752,-0.818,0,0,1,28.725,77.125,33.7,29.09,523.54
GRID_R06_C04,2023-05-28,2023,5,28,148,0.561,-0.8278,0,0,1,28.725,77.125,56.8,80.39,233.0
GRID_R06_C04,2023-05-29,2023,5,29,149,0.5467,-0.8373,0,0,1,28.725,77.125,37.1,30.3,130.5
GRID_R06_C04,2023-05-30,2023,5,30,150,0.5322,-0.8466,0,0,1,28.725,77.125,40.46,55.96,135.7
GRID_R06_C04,2023-05-31,2023,5,31,151,0.5176,-0.8556,0,0,1,28.725,77.125,33.88,31.72,143.0
GRID_R06_C04,2023-06-01,2023,6,1,152,0.5028,-0.8644,0,0,1,28.725,77.125,46.64,58.04,292.76
GRID_R06_C04,2023-06-02,2023,6,2,153,0.4878,-0.8729,0,0,1,28.725,77.125,41.96,45.19,187.5
GRID_R06_C04,2023-06-03,2023,6,3,154,0.4728,-0.8812,0,0,1,28.725,77.125,53.0,61.51,386.5
GRID_R06_C04,2023-06-04,2023,6,4,155,0.4575,-0.8892,0,0,1,28.725,77.125,78.77,80.91,325.5
GRID_R06_C04,2023-06-05,2023,6,5,156,0.4422,-0.8969,0,0,1,28.725,77.125,62.55,71.0,251.1
GRID_R06_C04,2023-06-06,2023,6,6,157,0.4267,-0.9044,0,0,1,28.725,77.125,67.29,33.7,572.5
GRID_R06_C04,2023-06-07,2023,6,7,158,0.4111,-0.9116,0,0,1,28.725,77.125,68.05,92.24,474.55
GRID_R06_C04,2023-06-08,2023,6,8,159,0.3953,-0.9185,0,0,1,28.725,77.125,53.69,69.34,233.88
GRID_R06_C04,2023-06-09,2023,6,9,160,0.3795,-0.9252,0,0,1,28.725,77.125,43.43,43.51,173.5
GRID_R06_C04,2023-06-10,2023,6,10,161,0.3635,-0.9316,0,0,1,28.725,77.125,40.9,41.88,253.85
GRID_R06_C04,2023-06-11,2023,6,11,162,0.3474,-0.9377,0,0,1,28.725,77.125,39.92,35.37,191.32
GRID_R06_C04,2023-06-12,2023,6,12,163,0.3312,-0.9436,0,0,1,28.725,77.125,51.16,50.58,183.13
GRID_R06_C04,2023-06-13,2023,6,13,164,0.3149,-0.9491,0,0,1,28.725,77.125,58.07,62.85,247.82
GRID_R06_C04,2023-06-14,2023,6,14,165,0.2986,-0.9544,0,0,1,28.725,77.125,45.05,47.56,165.3
GRID_R06_C04,2023-06-15,2023,6,15,166,0.2821,-0.9594,0,0,1,28.725,77.125,36.9,41.12,210.9
GRID_R06_C04,2023-06-16,2023,6,16,167,0.2656,-0.9641,0,0,1,28.725,77.125,37.95,48.17,185.82
GRID_R06_C04,2023-06-17,2023,6,17,168,0.2489,-0.9685,0,0,1,28.725,77.125,42.72,46.56,196.94
GRID_R06_C04,2023-06-18,2023,6,18,169,0.2322,-0.9727,0,0,1,28.725,77.125,30.42,37.76,95.27
GRID_R06_C04,2023-06-19,2023,6,19,170,0.2155,-0.9765,0,0,1,28.725,77.125,26.76,19.09,89.0
GRID_R06_C04,2023-06-20,2023,6,20,171,0.1986,-0.9801,0,0,1,28.725,77.125,40.77,53.19,135.0
GRID_R06_C04,2023-06-21,2023,6,21,172,0.1818,-0.9833,0,0,1,28.725,77.125,37.05,27.92,126.36
GRID_R06_C04,2023-06-22,2023,6,22,173,0.1648,-0.9863,0,0,1,28.725,77.125,41.72,35.46,199.0
GRID_R06_C04,2023-06-23,2023,6,23,174,0.1478,-0.989,0,0,1,28.725,77.125,49.84,32.79,132.8
GRID_R06_C04,2023-06-24,2023,6,24,175,0.1308,-0.9914,0,0,1,28.725,77.125,53.71,59.12,164.0
GRID_R06_C04,2023-06-25,2023,6,25,176,0.1137,-0.9935,0,0,1,28.725,77.125,26.17,10.57,213.9
GRID_R06_C04,2023-06-26,2023,6,26,177,0.0966,-0.9953,0,0,1,28.725,77.125,45.76,58.46,238.0
GRID_R06_C04,2023-06-27,2023,6,27,178,0.0795,-0.9968,0,0,1,28.725,77.125,35.56,22.2,134.5
GRID_R06_C04,2023-06-28,2023,6,28,179,0.0623,-0.9981,0,0,1,28.725,77.125,33.49,42.22,122.25
GRID_R06_C04,2023-06-29,2023,6,29,180,0.0451,-0.999,0,0,1,28.725,77.125,40.76,45.28,206.0
GRID_R06_C04,2023-06-30,2023,6,30,181,0.028,-0.9996,0,0,1,28.725,77.125,25.96,19.04,324.97
GRID_R06_C04,2023-07-01,2023,7,1,182,0.0108,-0.9999,0,0,1,28.725,77.125,23.8,26.41,96.0
GRID_R06_C04,2023-07-02,2023,7,2,183,-0.0065,-1.0,0,0,1,28.725,77.125,34.21,26.01,119.0
GRID_R06_C04,2023-07-03,2023,7,3,184,-0.0237,-0.9997,0,0,1,28.725,77.125,53.81,37.97,133.0
GRID_R06_C04,2023-07-04,2023,7,4,185,-0.0408,-0.9992,0,0,1,28.725,77.125,49.22,51.84,135.02
GRID_R06_C04,2023-07-05,2023,7,5,186,-0.058,-0.9983,0,0,1,28.725,77.125,37.45,41.64,86.0
GRID_R06_C04,2023-07-06,2023,7,6,187,-0.0752,-0.9972,0,0,1,28.725,77.125,28.22,45.88,88.58
GRID_R06_C04,2023-07-07,2023,7,7,188,-0.0923,-0.9957,0,0,1,28.725,77.125,33.63,33.24,155.48
GRID_R06_C04,2023-07-08,2023,7,8,189,-0.1094,-0.994,0,0,1,28.725,77.125,27.02,21.61,192.15
GRID_R06_C04,2023-07-09,2023,7,9,190,-0.1265,-0.992,0,0,1,28.725,77.125,23.16,29.5,102.5
GRID_R06_C04,2023-07-10,2023,7,10,191,-0.1436,-0.9896,0,0,1,28.725,77.125,27.0,34.64,127.0
GRID_R06_C04,2023-07-11,2023,7,11,192,-0.1606,-0.987,0,0,1,28.725,77.125,33.59,36.34,95.5
GRID_R06_C04,2023-07-12,2023,7,12,193,-0.1775,-0.9841,0,0,1,28.725,77.125,32.39,32.56,101.15
GRID_R06_C04,2023-07-13,2023,7,13,194,-0.1944,-0.9809,0,0,1,28.725,77.125,37.11,36.05,103.0
GRID_R06_C04,2023-07-14,2023,7,14,195,-0.2113,-0.9774,0,0,1,28.725,77.125,36.83,37.88,86.6
GRID_R06_C04,2023-07-15,2023,7,15,196,-0.2281,-0.9736,0,0,1,28.725,77.125,37.5,32.62,135.25
GRID_R06_C04,2023-07-16,2023,7,16,197,-0.2448,-0.9696,0,0,1,28.725,77.125,28.46,25.38,107.4
GRID_R06_C04,2023-07-17,2023,7,17,198,-0.2614,-0.9652,0,0,1,28.725,77.125,45.31,30.88,158.0
GRID_R06_C04,2023-07-18,2023,7,18,199,-0.278,-0.9606,0,0,1,28.725,77.125,35.48,38.27,74.89
GRID_R06_C04,2023-07-19,2023,7,19,200,-0.2945,-0.9557,0,0,1,28.725,77.125,32.01,28.76,70.43
GRID_R06_C04,2023-07-20,2023,7,20,201,-0.3109,-0.9505,0,0,1,28.725,77.125,43.29,44.02,244.25
GRID_R06_C04,2023-07-21,2023,7,21,202,-0.3272,-0.945,0,0,1,28.725,77.125,53.1,60.53,274.0
GRID_R06_C04,2023-07-22,2023,7,22,203,-0.3434,-0.9392,0,0,1,28.725,77.125,34.44,34.98,124.7
GRID_R06_C04,2023-07-23,2023,7,23,204,-0.3595,-0.9332,0,0,1,28.725,77.125,27.59,26.55,94.0
GRID_R06_C04,2023-07-24,2023,7,24,205,-0.3755,-0.9268,0,0,1,28.725,77.125,30.6,33.99,141.0
GRID_R06_C04,2023-07-25,2023,7,25,206,-0.3914,-0.9202,0,0,1,28.725,77.125,43.11,37.92,123.33
GRID_R06_C04,2023-07-26,2023,7,26,207,-0.4071,-0.9134,0,0,1,28.725,77.125,24.52,10.76,91.6
GRID_R06_C04,2023-07-27,2023,7,27,208,-0.4228,-0.9062,0,0,1,28.725,77.125,39.93,45.29,160.75
GRID_R06_C04,2023-07-28,2023,7,28,209,-0.4383,-0.8988,0,0,1,28.725,77.125,35.1,43.94,172.36
GRID_R06_C04,2023-07-29,2023,7,29,210,-0.4537,-0.8912,0,0,1,28.725,77.125,16.8,18.34,95.0
GRID_R06_C04,2023-07-30,2023,7,30,211,-0.469,-0.8832,0,0,1,28.725,77.125,23.51,21.03,138.43
GRID_R06_C04,2023-07-31,2023,7,31,212,-0.4841,-0.875,0,0,1,28.725,77.125,45.49,57.92,853.8
GRID_R06_C04,2023-08-01,2023,8,1,213,-0.4991,-0.8666,0,0,1,28.725,77.125,28.05,23.08,105.33
GRID_R06_C04,2023-08-02,2023,8,2,214,-0.5139,-0.8578,0,0,1,28.725,77.125,27.37,27.07,335.4
GRID_R06_C04,2023-08-03,2023,8,3,215,-0.5286,-0.8489,0,0,1,28.725,77.125,31.06,25.45,183.33
GRID_R06_C04,2023-08-04,2023,8,4,216,-0.5431,-0.8397,0,0,1,28.725,77.125,36.88,30.03,250.75
GRID_R06_C04,2023-08-05,2023,8,5,217,-0.5575,-0.8302,0,0,1,28.725,77.125,40.65,37.91,558.29
GRID_R06_C04,2023-08-06,2023,8,6,218,-0.5717,-0.8205,0,0,1,28.725,77.125,30.95,26.53,315.18
GRID_R06_C04,2023-08-07,2023,8,7,219,-0.5857,-0.8105,0,0,1,28.725,77.125,29.26,26.44,98.5
GRID_R06_C04,2023-08-08,2023,8,8,220,-0.5996,-0.8003,0,0,1,28.725,77.125,30.8,27.08,137.0
GRID_R06_C04,2023-08-09,2023,8,9,221,-0.6132,-0.7899,0,0,1,28.725,77.125,36.83,29.18,150.12
GRID_R06_C04,2023-08-10,2023,8,10,222,-0.6267,-0.7792,0,0,1,28.725,77.125,37.31,33.22,129.6
GRID_R06_C04,2023-08-11,2023,8,11,223,-0.64,-0.7683,0,0,1,28.725,77.125,40.24,35.46,237.7
GRID_R06_C04,2023-08-12,2023,8,12,224,-0.6532,-0.7572,0,0,1,28.725,77.125,35.54,31.69,172.82
GRID_R06_C04,2023-08-13,2023,8,13,225,-0.6661,-0.7459,0,0,1,28.725,77.125,30.13,26.24,177.0
GRID_R06_C04,2023-08-14,2023,8,14,226,-0.6788,-0.7343,0,0,1,28.725,77.125,36.36,35.75,161.0
GRID_R06_C04,2023-08-15,2023,8,15,227,-0.6914,-0.7225,0,0,1,28.725,77.125,46.34,49.85,262.0
GRID_R06_C04,2023-08-16,2023,8,16,228,-0.7037,-0.7105,0,0,1,28.725,77.125,47.54,49.9,166.25
GRID_R06_C04,2023-08-17,2023,8,17,229,-0.7158,-0.6983,0,0,1,28.725,77.125,41.3,39.35,117.0
GRID_R06_C04,2023-08-18,2023,8,18,230,-0.7277,-0.6859,0,0,1,28.725,77.125,45.5,38.4,223.76
GRID_R06_C04,2023-08-19,2023,8,19,231,-0.7394,-0.6733,0,0,1,28.725,77.125,45.16,23.41,160.25
GRID_R06_C04,2023-08-20,2023,8,20,232,-0.7509,-0.6605,0,0,1,28.725,77.125,38.0,45.6,180.0
GRID_R06_C04,2023-08-21,2023,8,21,233,-0.7621,-0.6474,0,0,1,28.725,77.125,39.39,38.68,118.25
GRID_R06_C04,2023-08-22,2023,8,22,234,-0.7731,-0.6342,0,0,1,28.725,77.125,37.83,42.07,167.0
GRID_R06_C04,2023-08-23,2023,8,23,235,-0.7839,-0.6208,0,0,1,28.725,77.125,24.4,25.96,129.0
GRID_R06_C04,2023-08-24,2023,8,24,236,-0.7945,-0.6073,0,0,1,28.725,77.125,31.87,25.48,625.79
GRID_R06_C04,2023-08-25,2023,8,25,237,-0.8048,-0.5935,0,0,1,28.725,77.125,35.18,29.15,122.33
GRID_R06_C04,2023-08-26,2023,8,26,238,-0.8149,-0.5796,0,0,1,28.725,77.125,45.15,39.47,163.97
GRID_R06_C04,2023-08-27,2023,8,27,239,-0.8248,-0.5655,0,0,1,28.725,77.125,53.2,65.29,151.2
GRID_R06_C04,2023-08-28,2023,8,28,240,-0.8344,-0.5512,0,0,1,28.725,77.125,48.16,46.22,196.04
GRID_R06_C04,2023-08-29,2023,8,29,241,-0.8437,-0.5368,0,0,1,28.725,77.125,44.85,31.69,135.5
GRID_R06_C04,2023-08-30,2023,8,30,242,-0.8528,-0.5222,0,0,1,28.725,77.125,48.19,45.46,289.6
GRID_R06_C04,2023-08-31,2023,8,31,243,-0.8617,-0.5074,0,0,1,28.725,77.125,48.55,56.61,188.69
GRID_R06_C04,2023-09-01,2023,9,1,244,-0.8703,-0.4925,0,0,1,28.725,77.125,41.84,47.03,117.0
GRID_R06_C04,2023-09-02,2023,9,2,245,-0.8786,-0.4775,0,0,1,28.725,77.125,41.91,42.76,425.9
GRID_R06_C04,2023-09-03,2023,9,3,246,-0.8867,-0.4623,0,0,1,28.725,77.125,40.67,41.45,167.62
GRID_R06_C04,2023-09-04,2023,9,4,247,-0.8945,-0.447,0,0,1,28.725,77.125,39.55,47.47,201.6
GRID_R06_C04,2023-09-05,2023,9,5,248,-0.9021,-0.4315,0,0,1,28.725,77.125,39.25,33.24,126.67
GRID_R06_C04,2023-09-06,2023,9,6,249,-0.9094,-0.4159,0,0,1,28.725,77.125,31.96,31.6,240.07
GRID_R06_C04,2023-09-07,2023,9,7,250,-0.9164,-0.4002,0,0,1,28.725,77.125,34.79,29.54,120.0
GRID_R06_C04,2023-09-08,2023,9,8,251,-0.9232,-0.3844,0,0,1,28.725,77.125,23.47,18.74,134.67
GRID_R06_C04,2023-09-09,2023,9,9,252,-0.9296,-0.3685,0,0,1,28.725,77.125,13.58,11.89,238.75
GRID_R06_C04,2023-09-10,2023,9,10,253,-0.9358,-0.3524,0,0,1,28.725,77.125,11.76,19.09,276.5
GRID_R06_C04,2023-09-11,2023,9,11,254,-0.9418,-0.3363,0,0,1,28.725,77.125,26.75,21.54,129.8
GRID_R06_C04,2023-09-12,2023,9,12,255,-0.9474,-0.32,0,0,1,28.725,77.125,37.65,35.75,132.4
GRID_R06_C04,2023-09-13,2023,9,13,256,-0.9528,-0.3037,0,0,1,28.725,77.125,51.37,42.36,155.33
GRID_R06_C04,2023-09-14,2023,9,14,257,-0.9579,-0.2873,0,0,1,28.725,77.125,57.35,57.39,183.8
GRID_R06_C04,2023-09-15,2023,9,15,258,-0.9627,-0.2707,0,0,1,28.725,77.125,35.66,32.14,119.3
GRID_R06_C04,2023-09-16,2023,9,16,259,-0.9672,-0.2541,0,0,1,28.725,77.125,31.21,36.63,587.47
GRID_R06_C04,2023-09-17,2023,9,17,260,-0.9714,-0.2375,0,0,1,28.725,77.125,25.16,25.36,129.0
GRID_R06_C04,2023-09-18,2023,9,18,261,-0.9753,-0.2207,0,0,1,28.725,77.125,18.76,21.04,147.5
GRID_R06_C04,2023-09-19,2023,9,19,262,-0.979,-0.2039,0,0,1,28.725,77.125,27.1,25.77,759.58
GRID_R06_C04,2023-09-20,2023,9,20,263,-0.9824,-0.187,0,0,1,28.725,77.125,39.61,45.44,246.0
GRID_R06_C04,2023-09-21,2023,9,21,264,-0.9854,-0.1701,0,0,1,28.725,77.125,40.36,40.94,282.0
GRID_R06_C04,2023-09-22,2023,9,22,265,-0.9882,-0.1531,0,0,1,28.725,77.125,51.72,57.98,134.35
GRID_R06_C04,2023-09-23,2023,9,23,266,-0.9907,-0.1361,0,0,1,28.725,77.125,47.3,44.72,563.34
GRID_R06_C04,2023-09-24,2023,9,24,267,-0.9929,-0.1191,0,0,1,28.725,77.125,60.51,87.9,237.75
GRID_R06_C04,2023-09-25,2023,9,25,268,-0.9948,-0.102,0,0,1,28.725,77.125,63.7,70.64,709.0
GRID_R06_C04,2023-09-26,2023,9,26,269,-0.9964,-0.0848,0,0,1,28.725,77.125,69.31,82.78,152.0
GRID_R06_C04,2023-09-27,2023,9,27,270,-0.9977,-0.0677,0,0,1,28.725,77.125,51.92,52.16,442.17
GRID_R06_C04,2023-09-28,2023,9,28,271,-0.9987,-0.0505,0,0,1,28.725,77.125,58.6,63.85,141.5
GRID_R06_C04,2023-09-29,2023,9,29,272,-0.9994,-0.0333,0,0,1,28.725,77.125,69.08,76.33,157.9
GRID_R06_C04,2023-09-30,2023,9,30,273,-0.9999,-0.0161,0,0,1,28.725,77.125,65.54,84.43,275.0
GRID_R06_C04,2023-10-01,2023,10,1,274,-1.0,0.0011,0,0,1,28.725,77.125,64.31,77.34,153.8
GRID_R06_C04,2023-10-02,2023,10,2,275,-0.9998,0.0183,0,0,1,28.725,77.125,61.74,71.87,269.05
GRID_R06_C04,2023-10-03,2023,10,3,276,-0.9994,0.0355,0,0,1,28.725,77.125,64.71,76.32,278.07
GRID_R06_C04,2023-10-04,2023,10,4,277,-0.9986,0.0527,0,0,1,28.725,77.125,72.24,87.17,179.1
GRID_R06_C04,2023-10-05,2023,10,5,278,-0.9976,0.0698,0,0,1,28.725,77.125,83.87,80.79,335.83
GRID_R06_C04,2023-10-06,2023,10,6,279,-0.9962,0.087,0,0,1,28.725,77.125,91.94,95.15,480.25
GRID_R06_C04,2023-10-07,2023,10,7,280,-0.9946,0.1041,0,0,1,28.725,77.125,81.62,92.96,329.0
GRID_R06_C04,2023-10-08,2023,10,8,281,-0.9926,0.1212,0,0,1,28.725,77.125,65.44,53.8,451.02
GRID_R06_C04,2023-10-09,2023,10,9,282,-0.9904,0.1383,0,0,1,28.725,77.125,70.25,49.29,422.12
GRID_R06_C04,2023-10-10,2023,10,10,283,-0.9879,0.1553,0,0,1,28.725,77.125,69.95,48.84,763.0
GRID_R06_C04,2023-10-11,2023,10,11,284,-0.9851,0.1722,0,0,1,28.725,77.125,84.32,101.64,250.0
GRID_R06_C04,2023-10-12,2023,10,12,285,-0.9819,0.1892,0,0,1,28.725,77.125,107.82,156.92,527.25
GRID_R06_C04,2023-10-13,2023,10,13,286,-0.9785,0.206,0,0,1,28.725,77.125,130.11,184.16,805.25
GRID_R06_C04,2023-10-14,2023,10,14,287,-0.9749,0.2228,0,0,1,28.725,77.125,110.14,146.24,452.2
GRID_R06_C04,2023-10-15,2023,10,15,288,-0.9709,0.2396,1,0,1,28.725,77.125,89.09,113.73,439.25
GRID_R06_C04,2023-10-16,2023,10,16,289,-0.9666,0.2562,1,0,1,28.725,77.125,65.05,98.0,189.5
GRID_R06_C04,2023-10-17,2023,10,17,290,-0.9621,0.2728,1,0,1,28.725,77.125,42.19,28.41,171.0
GRID_R06_C04,2023-10-18,2023,10,18,291,-0.9572,0.2893,1,0,1,28.725,77.125,52.36,63.07,180.0
GRID_R06_C04,2023-10-19,2023,10,19,292,-0.9521,0.3057,1,0,1,28.725,77.125,55.38,60.28,166.5
GRID_R06_C04,2023-10-20,2023,10,20,293,-0.9467,0.3221,1,1,1,28.725,77.125,98.18,145.11,425.42
GRID_R06_C04,2023-10-21,2023,10,21,294,-0.941,0.3383,1,1,1,28.725,77.125,139.65,189.46,458.48
GRID_R06_C04,2023-10-22,2023,10,22,295,-0.9351,0.3545,1,1,1,28.725,77.125,153.79,194.82,410.0
GRID_R06_C04,2023-10-23,2023,10,23,296,-0.9288,0.3705,1,1,1,28.725,77.125,129.89,228.84,407.75
GRID_R06_C04,2023-10-24,2023,10,24,297,-0.9223,0.3864,1,1,1,28.725,77.125,101.39,127.4,323.5
GRID_R06_C04,2023-10-25,2023,10,25,298,-0.9155,0.4022,1,1,1,28.725,77.125,123.36,152.14,404.0
GRID_R06_C04,2023-10-26,2023,10,26,299,-0.9085,0.4179,1,1,1,28.725,77.125,117.31,144.12,613.0
GRID_R06_C04,2023-10-27,2023,10,27,300,-0.9012,0.4335,1,1,1,28.725,77.125,136.62,153.67,534.5
GRID_R06_C04,2023-10-28,2023,10,28,301,-0.8936,0.4489,1,1,1,28.725,77.125,162.96,200.82,563.0
GRID_R06_C04,2023-10-29,2023,10,29,302,-0.8857,0.4642,1,1,1,28.725,77.125,174.32,219.06,400.0
GRID_R06_C04,2023-10-30,2023,10,30,303,-0.8776,0.4794,1,1,1,28.725,77.125,184.86,223.49,476.0
GRID_R06_C04,2023-10-31,2023,10,31,304,-0.8692,0.4944,1,1,1,28.725,77.125,205.19,231.99,443.5
GRID_R06_C04,2023-11-01,2023,11,1,305,-0.8606,0.5093,1,1,1,28.725,77.125,185.71,221.1,443.75
GRID_R06_C04,2023-11-02,2023,11,2,306,-0.8517,0.524,1,1,1,28.725,77.125,312.49,270.19,652.5
GRID_R06_C04,2023-11-03,2023,11,3,307,-0.8426,0.5386,1,1,1,28.725,77.125,310.48,428.5,646.75
GRID_R06_C04,2023-11-04,2023,11,4,308,-0.8332,0.553,1,1,1,28.725,77.125,334.72,328.77,637.25
GRID_R06_C04,2023-11-05,2023,11,5,309,-0.8235,0.5672,1,1,1,28.725,77.125,333.91,392.4,771.0
GRID_R06_C04,2023-11-06,2023,11,6,310,-0.8137,0.5813,1,1,1,28.725,77.125,262.43,335.16,621.75
GRID_R06_C04,2023-11-07,2023,11,7,311,-0.8035,0.5952,1,1,1,28.725,77.125,266.06,271.85,554.25
GRID_R06_C04,2023-11-08,2023,11,8,312,-0.7932,0.609,1,1,1,28.725,77.125,282.3,341.5,669.0
GRID_R06_C04,2023-11-09,2023,11,9,313,-0.7826,0.6225,1,1,1,28.725,77.125,328.8,368.02,608.0
GRID_R06_C04,2023-11-10,2023,11,10,314,-0.7718,0.6359,1,1,1,28.725,77.125,123.09,42.35,639.5
GRID_R06_C04,2023-11-11,2023,11,11,315,-0.7607,0.6491,1,1,1,28.725,77.125,92.82,89.57,245.17
GRID_R06_C04,2023-11-12,2023,11,12,316,-0.7494,0.6621,1,1,1,28.725,77.125,136.56,117.27,973.0
GRID_R06_C04,2023-11-13,2023,11,13,317,-0.7379,0.6749,1,1,1,28.725,77.125,309.44,337.28,997.0
GRID_R06_C04,2023-11-14,2023,11,14,318,-0.7262,0.6875,1,1,1,28.725,77.125,233.61,252.5,633.05
GRID_R06_C04,2023-11-15,2023,11,15,319,-0.7143,0.6998,1,1,1,28.725,77.125,257.18,349.19,527.75
GRID_R06_C04,2023-11-16,2023,11,16,320,-0.7021,0.712,1,1,1,28.725,77.125,325.3,364.68,632.75
GRID_R06_C04,2023-11-17,2023,11,17,321,-0.6898,0.724,1,1,1,28.725,77.125,235.51,335.7,633.0
GRID_R06_C04,2023-11-18,2023,11,18,322,-0.6772,0.7358,1,1,1,28.725,77.125,158.45,178.05,381.0
GRID_R06_C04,2023-11-19,2023,11,19,323,-0.6645,0.7473,1,1,1,28.725,77.125,160.41,171.08,544.0
GRID_R06_C04,2023-11-20,2023,11,20,324,-0.6515,0.7586,1,1,1,28.725,77.125,201.14,251.19,636.81
GRID_R06_C04,2023-11-21,2023,11,21,325,-0.6384,0.7697,1,0,1,28.725,77.125,235.7,257.44,404.0
GRID_R06_C04,2023-11-22,2023,11,22,326,-0.625,0.7806,1,0,1,28.725,77.125,239.69,276.53,514.0
GRID_R06_C04,2023-11-23,2023,11,23,327,-0.6115,0.7912,1,0,1,28.725,77.125,247.62,267.48,635.93
GRID_R06_C04,2023-11-24,2023,11,24,328,-0.5978,0.8016,1,0,1,28.725,77.125,303.74,346.38,910.5
GRID_R06_C04,2023-11-25,2023,11,25,329,-0.584,0.8118,1,0,1,28.725,77.125,254.87,305.8,508.25
GRID_R06_C04,2023-11-26,2023,11,26,330,-0.5699,0.8217,1,0,1,28.725,77.125,270.39,315.22,717.5
GRID_R06_C04,2023-11-27,2023,11,27,331,-0.5557,0.8314,1,0,1,28.725,77.125,228.52,267.01,471.5
GRID_R06_C04,2023-11-28,2023,11,28,332,-0.5413,0.8408,1,0,1,28.725,77.125,136.84,182.42,350.0
GRID_R06_C04,2023-11-29,2023,11,29,333,-0.5268,0.85,1,0,1,28.725,77.125,188.94,180.79,549.0
GRID_R06_C04,2023-11-30,2023,11,30,334,-0.5121,0.859,1,0,1,28.725,77.125,254.65,296.44,555.0
GRID_R06_C04,2023-12-01,2023,12,1,335,-0.4972,0.8676,1,0,1,28.725,77.125,223.03,224.22,552.0
GRID_R06_C04,2023-12-02,2023,12,2,336,-0.4822,0.8761,1,0,1,28.725,77.125,161.3,176.49,382.25
GRID_R06_C04,2023-12-03,2023,12,3,337,-0.4671,0.8842,1,0,1,28.725,77.125,154.52,184.0,542.0
GRID_R06_C04,2023-12-04,2023,12,4,338,-0.4518,0.8921,1,0,1,28.725,77.125,154.1,182.68,612.28
GRID_R06_C04,2023-12-05,2023,12,5,339,-0.4364,0.8998,1,0,1,28.725,77.125,139.18,173.96,394.75
GRID_R06_C04,2023-12-06,2023,12,6,340,-0.4208,0.9071,1,0,1,28.725,77.125,139.58,161.97,389.0
GRID_R06_C04,2023-12-07,2023,12,7,341,-0.4052,0.9142,1,0,1,28.725,77.125,174.82,197.11,578.0
GRID_R06_C04,2023-12-08,2023,12,8,342,-0.3894,0.9211,1,0,1,28.725,77.125,161.49,156.9,475.0
GRID_R06_C04,2023-12-09,2023,12,9,343,-0.3735,0.9276,1,0,1,28.725,77.125,163.31,175.44,427.5
GRID_R06_C04,2023-12-10,2023,12,10,344,-0.3575,0.9339,1,0,1,28.725,77.125,156.68,160.56,463.0
GRID_R06_C04,2023-12-11,2023,12,11,345,-0.3413,0.9399,1,0,1,28.725,77.125,168.19,182.37,561.0
GRID_R06_C04,2023-12-12,2023,12,12,346,-0.3251,0.9457,1,0,1,28.725,77.125,227.63,294.87,665.51
GRID_R06_C04,2023-12-13,2023,12,13,347,-0.3088,0.9511,1,0,1,28.725,77.125,231.66,294.47,719.0
GRID_R06_C04,2023-12-14,2023,12,14,348,-0.2924,0.9563,1,0,1,28.725,77.125,169.19,191.95,493.0
GRID_R06_C04,2023-12-15,2023,12,15,349,-0.2759,0.9612,1,0,1,28.725,77.125,186.46,220.69,482.0
GRID_R06_C04,2023-12-16,2023,12,16,350,-0.2593,0.9658,1,0,1,28.725,77.125,219.33,280.89,541.91
GRID_R06_C04,2023-12-17,2023,12,17,351,-0.2427,0.9701,1,0,1,28.725,77.125,201.73,245.12,608.0
GRID_R06_C04,2023-12-18,2023,12,18,352,-0.226,0.9741,1,0,1,28.725,77.125,154.57,174.45,365.5
GRID_R06_C04,2023-12-19,2023,12,19,353,-0.2092,0.9779,1,0,1,28.725,77.125,131.33,149.75,420.75
GRID_R06_C04,2023-12-20,2023,12,20,354,-0.1923,0.9813,1,0,1,28.725,77.125,153.31,140.51,486.06
GRID_R06_C04,2023-12-21,2023,12,21,355,-0.1754,0.9845,1,0,1,28.725,77.125,231.12,244.39,542.82
GRID_R06_C04,2023-12-22,2023,12,22,356,-0.1585,0.9874,1,0,1,28.725,77.125,309.16,272.04,634.0
GRID_R06_C04,2023-12-23,2023,12,23,357,-0.1414,0.9899,1,0,1,28.725,77.125,316.03,372.88,889.5
GRID_R06_C04,2023-12-24,2023,12,24,358,-0.1244,0.9922,1,0,1,28.725,77.125,285.82,359.89,656.25
GRID_R06_C04,2023-12-25,2023,12,25,359,-0.1073,0.9942,1,0,1,28.725,77.125,216.32,210.69,579.33
GRID_R06_C04,2023-12-26,2023,12,26,360,-0.0902,0.9959,1,0,1,28.725,77.125,232.53,227.58,572.75
GRID_R06_C04,2023-12-27,2023,12,27,361,-0.073,0.9973,1,0,1,28.725,77.125,261.75,187.44,613.75
GRID_R06_C04,2023-12-28,2023,12,28,362,-0.0559,0.9984,1,0,1,28.725,77.125,188.87,138.42,437.5
GRID_R06_C04,2023-12-29,2023,12,29,363,-0.0387,0.9993,1,0,1,28.725,77.125,253.49,197.63,560.75
GRID_R06_C04,2023-12-30,2023,12,30,364,-0.0215,0.9998,1,0,1,28.725,77.125,248.19,214.17,401.0
GRID_R06_C04,2023-12-31,2023,12,31,365,-0.0043,1.0,1,0,1,28.725,77.125,215.66,191.45,356.0
GRID_R06_C04,2024-01-01,2024,1,1,1,0.0172,0.9999,1,0,1,28.725,77.125,176.71,154.68,355.0
GRID_R06_C04,2024-01-02,2024,1,2,2,0.0344,0.9994,1,0,1,28.725,77.125,180.65,168.0,478.5
GRID_R06_C04,2024-01-03,2024,1,3,3,0.0516,0.9987,1,0,1,28.725,77.125,191.73,129.29,716.0
GRID_R06_C04,2024-01-04,2024,1,4,4,0.0688,0.9976,1,0,1,28.725,77.125,215.34,189.23,465.75
GRID_R06_C04,2024-01-05,2024,1,5,5,0.0859,0.9963,1,0,1,28.725,77.125,158.89,117.06,353.25
GRID_R06_C04,2024-01-06,2024,1,6,6,0.103,0.9947,1,0,1,28.725,77.125,170.61,129.12,473.67
GRID_R06_C04,2024-01-07,2024,1,7,7,0.1201,0.9928,1,0,1,28.725,77.125,167.25,134.64,473.25
GRID_R06_C04,2024-01-08,2024,1,8,8,0.1372,0.9905,1,0,1,28.725,77.125,227.1,166.1,737.75
GRID_R06_C04,2024-01-09,2024,1,9,9,0.1542,0.988,1,0,1,28.725,77.125,131.42,143.72,288.12
GRID_R06_C04,2024-01-10,2024,1,10,10,0.1712,0.9852,1,0,1,28.725,77.125,154.84,107.78,457.17
GRID_R06_C04,2024-01-11,2024,1,11,11,0.1881,0.9821,1,0,1,28.725,77.125,188.87,157.43,515.5
GRID_R06_C04,2024-01-12,2024,1,12,12,0.205,0.9788,1,0,1,28.725,77.125,181.96,127.27,881.0
GRID_R06_C04,2024-01-13,2024,1,13,13,0.2218,0.9751,1,0,1,28.725,77.125,353.96,224.6,958.0
GRID_R06_C04,2024-01-14,2024,1,14,14,0.2385,0.9711,1,0,1,28.725,77.125,322.05,237.24,919.0
GRID_R06_C04,2024-01-15,2024,1,15,15,0.2552,0.9669,1,0,1,28.725,77.125,185.48,135.55,704.75
GRID_R06_C04,2024-01-16,2024,1,16,16,0.2718,0.9624,1,0,1,28.725,77.125,241.48,211.13,522.5
GRID_R06_C04,2024-01-17,2024,1,17,17,0.2883,0.9575,1,0,1,28.725,77.125,204.75,183.05,478.75
GRID_R06_C04,2024-01-18,2024,1,18,18,0.3047,0.9524,1,0,1,28.725,77.125,171.02,102.78,445.0
GRID_R06_C04,2024-01-19,2024,1,19,19,0.3211,0.9471,1,0,1,28.725,77.125,180.88,144.48,352.0
GRID_R06_C04,2024-01-20,2024,1,20,20,0.3373,0.9414,1,0,1,28.725,77.125,185.5,138.15,534.0
GRID_R06_C04,2024-01-21,2024,1,21,21,0.3534,0.9355,1,0,1,28.725,77.125,170.0,135.9,377.75
GRID_R06_C04,2024-01-22,2024,1,22,22,0.3695,0.9292,1,0,1,28.725,77.125,206.04,144.34,701.0
GRID_R06_C04,2024-01-23,2024,1,23,23,0.3854,0.9227,1,0,1,28.725,77.125,219.24,142.07,487.0
GRID_R06_C04,2024-01-24,2024,1,24,24,0.4012,0.916,1,0,1,28.725,77.125,246.43,216.23,531.75
GRID_R06_C04,2024-01-25,2024,1,25,25,0.4169,0.9089,1,0,1,28.725,77.125,194.53,103.21,655.75
GRID_R06_C04,2024-01-26,2024,1,26,26,0.4325,0.9016,1,0,1,28.725,77.125,289.48,260.3,917.0
GRID_R06_C04,2024-01-27,2024,1,27,27,0.4479,0.8941,1,0,1,28.725,77.125,181.24,191.55,583.75
GRID_R06_C04,2024-01-28,2024,1,28,28,0.4633,0.8862,1,0,1,28.725,77.125,252.72,244.89,693.85
GRID_R06_C04,2024-01-29,2024,1,29,29,0.4784,0.8781,1,0,1,28.725,77.125,202.95,155.93,541.75
GRID_R06_C04,2024-01-30,2024,1,30,30,0.4935,0.8698,1,0,1,28.725,77.125,213.54,130.5,529.25
GRID_R06_C04,2024-01-31,2024,1,31,31,0.5084,0.8611,1,0,1,28.725,77.125,223.33,196.58,517.0
GRID_R06_C04,2024-02-01,2024,2,1,32,0.5231,0.8523,0,0,1,28.725,77.125,65.75,39.6,201.5
GRID_R06_C04,2024-02-02,2024,2,2,33,0.5377,0.8432,0,0,1,28.725,77.125,102.63,75.95,242.25
GRID_R06_C04,2024-02-03,2024,2,3,34,0.5521,0.8338,0,0,1,28.725,77.125,98.88,86.22,505.67
GRID_R06_C04,2024-02-04,2024,2,4,35,0.5664,0.8242,0,0,1,28.725,77.125,122.9,107.12,379.5
GRID_R06_C04,2024-02-05,2024,2,5,36,0.5805,0.8143,0,0,1,28.725,77.125,74.81,82.84,184.25
GRID_R06_C04,2024-02-06,2024,2,6,37,0.5944,0.8042,0,0,1,28.725,77.125,66.58,63.62,361.75
GRID_R06_C04,2024-02-07,2024,2,7,38,0.6081,0.7938,0,0,1,28.725,77.125,76.73,85.12,255.0
GRID_R06_C04,2024-02-08,2024,2,8,39,0.6217,0.7833,0,0,1,28.725,77.125,68.77,72.95,154.25
GRID_R06_C04,2024-02-09,2024,2,9,40,0.6351,0.7725,0,0,1,28.725,77.125,79.73,71.07,558.5
GRID_R06_C04,2024-02-10,2024,2,10,41,0.6483,0.7614,0,0,1,28.725,77.125,176.74,203.85,389.5
GRID_R06_C04,2024-02-11,2024,2,11,42,0.6613,0.7502,0,0,1,28.725,77.125,155.21,183.53,441.15
GRID_R06_C04,2024-02-12,2024,2,12,43,0.6741,0.7387,0,0,1,28.725,77.125,156.73,157.1,623.22
GRID_R06_C04,2024-02-13,2024,2,13,44,0.6867,0.727,0,0,1,28.725,77.125,203.35,210.56,458.74
GRID_R06_C04,2024-02-14,2024,2,14,45,0.6991,0.715,0,0,1,28.725,77.125,167.1,188.5,370.0
GRID_R06_C04,2024-02-15,2024,2,15,46,0.7113,0.7029,0,0,1,28.725,77.125,127.23,146.4,330.25
GRID_R06_C04,2024-02-16,2024,2,16,47,0.7233,0.6906,0,0,1,28.725,77.125,119.97,154.31,300.5
GRID_R06_C04,2024-02-17,2024,2,17,48,0.735,0.678,0,0,1,28.725,77.125,119.98,144.88,646.0
GRID_R06_C04,2024-02-18,2024,2,18,49,0.7466,0.6653,0,0,1,28.725,77.125,131.33,173.24,354.5
GRID_R06_C04,2024-02-19,2024,2,19,50,0.7579,0.6523,0,0,1,28.725,77.125,89.77,94.2,177.0
GRID_R06_C04,2024-02-20,2024,2,20,51,0.769,0.6392,0,0,1,28.725,77.125,120.38,118.12,384.67
GRID_R06_C04,2024-02-21,2024,2,21,52,0.7799,0.6259,0,0,1,28.725,77.125,89.5,92.84,263.0
GRID_R06_C04,2024-02-22,2024,2,22,53,0.7906,0.6124,0,0,1,28.725,77.125,61.85,89.15,268.68
GRID_R06_C04,2024-02-23,2024,2,23,54,0.801,0.5987,0,0,1,28.725,77.125,61.04,90.79,217.0
GRID_R06_C04,2024-02-24,2024,2,24,55,0.8112,0.5848,0,0,1,28.725,77.125,87.64,115.14,300.0
GRID_R06_C04,2024-02-25,2024,2,25,56,0.8211,0.5708,0,0,1,28.725,77.125,81.27,119.8,288.75
GRID_R06_C04,2024-02-26,2024,2,26,57,0.8308,0.5566,0,0,1,28.725,77.125,78.98,86.04,306.0
GRID_R06_C04,2024-02-27,2024,2,27,58,0.8402,0.5422,0,0,1,28.725,77.125,62.45,58.12,304.5
GRID_R06_C04,2024-02-28,2024,2,28,59,0.8495,0.5277,0,0,1,28.725,77.125,62.5,78.98,150.0
GRID_R06_C04,2024-02-29,2024,2,29,60,0.8584,0.513,0,0,1,28.725,77.125,67.57,85.39,255.67
GRID_R06_C04,2024-03-01,2024,3,1,61,0.8671,0.4981,0,0,1,28.725,77.125,91.52,134.08,369.75
GRID_R06_C04,2024-03-02,2024,3,2,62,0.8755,0.4831,0,0,1,28.725,77.125,33.53,30.69,331.1
GRID_R06_C04,2024-03-03,2024,3,3,63,0.8837,0.468,0,0,1,28.725,77.125,48.58,49.28,117.9
GRID_R06_C04,2024-03-04,2024,3,4,64,0.8916,0.4527,0,0,1,28.725,77.125,49.29,71.84,205.88
GRID_R06_C04,2024-03-05,2024,3,5,65,0.8993,0.4373,0,0,1,28.725,77.125,51.0,69.14,175.0
GRID_R06_C04,2024-03-06,2024,3,6,66,0.9067,0.4218,0,0,1,28.725,77.125,64.49,79.17,183.0
GRID_R06_C04,2024-03-07,2024,3,7,67,0.9138,0.4061,0,0,1,28.725,77.125,80.81,121.31,337.5
GRID_R06_C04,2024-03-08,2024,3,8,68,0.9207,0.3904,0,0,1,28.725,77.125,66.34,104.42,274.0
GRID_R06_C04,2024-03-09,2024,3,9,69,0.9272,0.3745,0,0,1,28.725,77.125,63.06,93.09,285.0
GRID_R06_C04,2024-03-10,2024,3,10,70,0.9335,0.3585,0,0,1,28.725,77.125,86.75,138.24,316.0
GRID_R06_C04,2024-03-11,2024,3,11,71,0.9396,0.3424,0,0,1,28.725,77.125,88.46,131.6,283.0
GRID_R06_C04,2024-03-12,2024,3,12,72,0.9453,0.3261,0,0,1,28.725,77.125,86.46,148.93,356.25
GRID_R06_C04,2024-03-13,2024,3,13,73,0.9508,0.3098,0,0,1,28.725,77.125,78.88,127.07,374.75
GRID_R06_C04,2024-03-14,2024,3,14,74,0.956,0.2934,0,0,1,28.725,77.125,87.64,146.29,340.25
GRID_R06_C04,2024-03-15,2024,3,15,75,0.9609,0.2769,0,0,1,28.725,77.125,47.12,61.55,523.84
GRID_R06_C04,2024-03-16,2024,3,16,76,0.9655,0.2604,0,0,1,28.725,77.125,77.67,97.76,272.5
GRID_R06_C04,2024-03-17,2024,3,17,77,0.9698,0.2437,0,0,1,28.725,77.125,91.12,140.8,319.25
GRID_R06_C04,2024-03-18,2024,3,18,78,0.9739,0.227,0,0,1,28.725,77.125,93.32,157.23,291.25
GRID_R06_C04,2024-03-19,2024,3,19,79,0.9777,0.2102,0,0,1,28.725,77.125,108.69,175.32,376.25
GRID_R06_C04,2024-03-20,2024,3,20,80,0.9811,0.1934,0,0,1,28.725,77.125,108.6,172.42,421.5
GRID_R06_C04,2024-03-21,2024,3,21,81,0.9843,0.1765,0,0,1,28.725,77.125,77.68,59.9,330.25
GRID_R06_C04,2024-03-22,2024,3,22,82,0.9872,0.1595,0,0,1,28.725,77.125,82.59,79.74,827.0
GRID_R06_C04,2024-03-23,2024,3,23,83,0.9898,0.1425,0,0,1,28.725,77.125,96.68,130.32,452.25
GRID_R06_C04,2024-03-24,2024,3,24,84,0.9921,0.1255,0,0,1,28.725,77.125,86.06,153.42,546.43
GRID_R06_C04,2024-03-25,2024,3,25,85,0.9941,0.1084,0,0,1,28.725,77.125,95.96,123.37,766.1
GRID_R06_C04,2024-03-26,2024,3,26,86,0.9958,0.0913,0,0,1,28.725,77.125,64.8,93.9,230.75
GRID_R06_C04,2024-03-27,2024,3,27,87,0.9972,0.0741,0,0,1,28.725,77.125,71.34,105.85,633.7
GRID_R06_C04,2024-03-28,2024,3,28,88,0.9984,0.057,0,0,1,28.725,77.125,68.5,91.49,426.88
GRID_R06_C04,2024-03-29,2024,3,29,89,0.9992,0.0398,0,0,1,28.725,77.125,85.28,117.0,568.35
GRID_R06_C04,2024-03-30,2024,3,30,90,0.9997,0.0226,0,0,1,28.725,77.125,86.72,102.6,518.72
GRID_R06_C04,2024-03-31,2024,3,31,91,1.0,0.0054,0,0,1,28.725,77.125,94.3,161.78,409.5
GRID_R06_C04,2024-04-01,2024,4,1,92,0.9999,-0.0118,0,0,1,28.725,77.125,53.67,88.33,567.9
GRID_R06_C04,2024-04-02,2024,4,2,93,0.9996,-0.029,0,0,1,28.725,77.125,64.78,118.59,542.43
GRID_R06_C04,2024-04-03,2024,4,3,94,0.9989,-0.0462,0,0,1,28.725,77.125,75.55,95.29,258.08
GRID_R06_C04,2024-04-04,2024,4,4,95,0.998,-0.0634,0,0,1,28.725,77.125,64.74,66.14,347.84
GRID_R06_C04,2024-04-05,2024,4,5,96,0.9968,-0.0805,0,0,1,28.725,77.125,63.67,84.65,237.42
GRID_R06_C04,2024-04-06,2024,4,6,97,0.9952,-0.0977,0,0,1,28.725,77.125,69.6,110.57,272.0
GRID_R06_C04,2024-04-07,2024,4,7,98,0.9934,-0.1148,0,0,1,28.725,77.125,84.93,177.41,398.0
GRID_R06_C04,2024-04-08,2024,4,8,99,0.9913,-0.1319,0,0,1,28.725,77.125,88.75,163.73,446.92
GRID_R06_C04,2024-04-09,2024,4,9,100,0.9889,-0.1489,0,0,1,28.725,77.125,85.74,124.7,331.43
GRID_R06_C04,2024-04-10,2024,4,10,101,0.9861,-0.1659,0,0,1,28.725,77.125,98.3,141.13,408.4
GRID_R06_C04,2024-04-11,2024,4,11,102,0.9831,-0.1828,0,0,1,28.725,77.125,88.87,143.02,483.95
GRID_R06_C04,2024-04-12,2024,4,12,103,0.9799,-0.1997,0,0,1,28.725,77.125,105.11,166.63,368.48
GRID_R06_C04,2024-04-13,2024,4,13,104,0.9763,-0.2165,0,0,1,28.725,77.125,66.97,76.5,438.28
GRID_R06_C04,2024-04-14,2024,4,14,105,0.9724,-0.2333,0,0,1,28.725,77.125,64.63,78.3,294.48
GRID_R06_C04,2024-04-15,2024,4,15,106,0.9683,-0.25,0,0,1,28.725,77.125,105.5,152.52,465.69
GRID_R06_C04,2024-04-16,2024,4,16,107,0.9638,-0.2666,0,0,1,28.725,77.125,86.72,153.98,448.0
GRID_R06_C04,2024-04-17,2024,4,17,108,0.9591,-0.2831,0,0,1,28.725,77.125,43.9,66.24,288.8
GRID_R06_C04,2024-04-18,2024,4,18,109,0.9541,-0.2996,0,0,1,28.725,77.125,56.12,92.33,375.4
GRID_R06_C04,2024-04-19,2024,4,19,110,0.9488,-0.316,0,0,1,28.725,77.125,63.15,82.74,302.02
GRID_R06_C04,2024-04-20,2024,4,20,111,0.9432,-0.3322,0,0,1,28.725,77.125,65.01,90.71,356.66
GRID_R06_C04,2024-04-21,2024,4,21,112,0.9373,-0.3484,0,0,1,28.725,77.125,47.47,64.36,311.12
GRID_R06_C04,2024-04-22,2024,4,22,113,0.9312,-0.3645,0,0,1,28.725,77.125,40.97,27.3,309.25
GRID_R06_C04,2024-04-23,2024,4,23,114,0.9248,-0.3804,0,0,1,28.725,77.125,71.66,92.4,332.25
GRID_R06_C04,2024-04-24,2024,4,24,115,0.9181,-0.3963,0,0,1,28.725,77.125,70.77,126.53,405.0
GRID_R06_C04,2024-04-25,2024,4,25,116,0.9112,-0.412,0,0,1,28.725,77.125,83.96,174.96,518.25
GRID_R06_C04,2024-04-26,2024,4,26,117,0.9039,-0.4276,0,0,1,28.725,77.125,66.73,92.69,260.0
GRID_R06_C04,2024-04-27,2024,4,27,118,0.8965,-0.4431,0,0,1,28.725,77.125,57.75,66.83,278.97
GRID_R06_C04,2024-04-28,2024,4,28,119,0.8887,-0.4585,0,0,1,28.725,77.125,58.7,67.53,340.22
GRID_R06_C04,2024-04-29,2024,4,29,120,0.8807,-0.4737,0,0,1,28.725,77.125,80.76,131.67,234.5
GRID_R06_C04,2024-04-30,2024,4,30,121,0.8724,-0.4888,0,0,1,28.725,77.125,63.92,91.66,325.5
GRID_R06_C04,2024-05-01,2024,5,1,122,0.8639,-0.5037,0,0,1,28.725,77.125,65.65,62.86,392.75
GRID_R06_C04,2024-05-02,2024,5,2,123,0.8551,-0.5185,0,0,1,28.725,77.125,83.75,120.49,362.0
GRID_R06_C04,2024-05-03,2024,5,3,124,0.846,-0.5331,0,0,1,28.725,77.125,134.28,202.24,468.98
GRID_R06_C04,2024-05-04,2024,5,4,125,0.8367,-0.5476,0,0,1,28.725,77.125,142.52,227.39,440.95
GRID_R06_C04,2024-05-05,2024,5,5,126,0.8272,-0.5619,0,0,1,28.725,77.125,142.22,264.3,575.75
GRID_R06_C04,2024-05-06,2024,5,6,127,0.8174,-0.5761,0,0,1,28.725,77.125,114.38,178.61,544.28
GRID_R06_C04,2024-05-07,2024,5,7,128,0.8074,-0.59,0,0,1,28.725,77.125,153.68,242.45,501.0
GRID_R06_C04,2024-05-08,2024,5,8,129,0.7971,-0.6038,0,0,1,28.725,77.125,75.7,65.79,381.71
GRID_R06_C04,2024-05-09,2024,5,9,130,0.7866,-0.6175,0,0,1,28.725,77.125,57.38,42.19,190.7
GRID_R06_C04,2024-05-10,2024,5,10,131,0.7759,-0.6309,0,0,1,28.725,77.125,79.65,69.38,942.14
GRID_R06_C04,2024-05-11,2024,5,11,132,0.7649,-0.6442,0,0,1,28.725,77.125,72.03,87.8,937.56
GRID_R06_C04,2024-05-12,2024,5,12,133,0.7537,-0.6572,0,0,1,28.725,77.125,85.34,93.66,416.0
GRID_R06_C04,2024-05-13,2024,5,13,134,0.7423,-0.6701,0,0,1,28.725,77.125,96.45,108.86,447.62
GRID_R06_C04,2024-05-14,2024,5,14,135,0.7306,-0.6828,0,0,1,28.725,77.125,110.77,184.72,942.06
GRID_R06_C04,2024-05-15,2024,5,15,136,0.7188,-0.6952,0,0,1,28.725,77.125,125.21,191.41,497.88
GRID_R06_C04,2024-05-16,2024,5,16,137,0.7067,-0.7075,0,0,1,28.725,77.125,105.87,103.27,336.32
GRID_R06_C04,2024-05-17,2024,5,17,138,0.6945,-0.7195,0,0,1,28.725,77.125,91.4,97.71,455.2
GRID_R06_C04,2024-05-18,2024,5,18,139,0.682,-0.7314,0,0,1,28.725,77.125,110.13,142.61,461.08
GRID_R06_C04,2024-05-19,2024,5,19,140,0.6693,-0.743,0,0,1,28.725,77.125,97.3,165.85,331.0
GRID_R06_C04,2024-05-20,2024,5,20,141,0.6564,-0.7544,0,0,1,28.725,77.125,86.89,133.35,942.44
GRID_R06_C04,2024-05-21,2024,5,21,142,0.6433,-0.7656,0,0,1,28.725,77.125,82.25,80.16,345.62
GRID_R06_C04,2024-05-22,2024,5,22,143,0.6301,-0.7765,0,0,1,28.725,77.125,71.31,73.7,199.0
GRID_R06_C04,2024-05-23,2024,5,23,144,0.6166,-0.7873,0,0,1,28.725,77.125,54.6,50.08,534.0
GRID_R06_C04,2024-05-24,2024,5,24,145,0.603,-0.7978,0,0,1,28.725,77.125,55.08,51.51,687.33
GRID_R06_C04,2024-05-25,2024,5,25,146,0.5892,-0.808,0,0,1,28.725,77.125,69.06,78.33,484.22
GRID_R06_C04,2024-05-26,2024,5,26,147,0.5752,-0.818,0,0,1,28.725,77.125,77.83,122.22,724.05
GRID_R06_C04,2024-05-27,2024,5,27,148,0.561,-0.8278,0,0,1,28.725,77.125,94.46,115.4,806.88
GRID_R06_C04,2024-05-28,2024,5,28,149,0.5467,-0.8373,0,0,1,28.725,77.125,95.19,109.84,503.78
GRID_R06_C04,2024-05-29,2024,5,29,150,0.5322,-0.8466,0,0,1,28.725,77.125,72.41,69.93,232.07
GRID_R06_C04,2024-05-30,2024,5,30,151,0.5176,-0.8556,0,0,1,28.725,77.125,67.0,75.42,530.0
GRID_R06_C04,2024-05-31,2024,5,31,152,0.5028,-0.8644,0,0,1,28.725,77.125,71.57,82.35,720.85
GRID_R06_C04,2024-06-01,2024,6,1,153,0.4878,-0.8729,0,0,1,28.725,77.125,75.06,88.07,484.68
GRID_R06_C04,2024-06-02,2024,6,2,154,0.4728,-0.8812,0,0,1,28.725,77.125,47.07,52.75,353.9
GRID_R06_C04,2024-06-03,2024,6,3,155,0.4575,-0.8892,0,0,1,28.725,77.125,58.78,55.73,830.8
GRID_R06_C04,2024-06-04,2024,6,4,156,0.4422,-0.8969,0,0,1,28.725,77.125,77.2,65.62,651.9
GRID_R06_C04,2024-06-05,2024,6,5,157,0.4267,-0.9044,0,0,1,28.725,77.125,75.46,61.75,960.04
GRID_R06_C04,2024-06-06,2024,6,6,158,0.4111,-0.9116,0,0,1,28.725,77.125,56.97,54.09,960.04
GRID_R06_C04,2024-06-07,2024,6,7,159,0.3953,-0.9185,0,0,1,28.725,77.125,64.59,88.6,826.68
GRID_R06_C04,2024-06-08,2024,6,8,160,0.3795,-0.9252,0,0,1,28.725,77.125,62.7,70.07,517.0
GRID_R06_C04,2024-06-09,2024,6,9,161,0.3635,-0.9316,0,0,1,28.725,77.125,55.34,76.61,783.42
GRID_R06_C04,2024-06-10,2024,6,10,162,0.3474,-0.9377,0,0,1,28.725,77.125,54.09,50.08,545.1
GRID_R06_C04,2024-06-11,2024,6,11,163,0.3312,-0.9436,0,0,1,28.725,77.125,87.56,145.0,958.38
GRID_R06_C04,2024-06-12,2024,6,12,164,0.3149,-0.9491,0,0,1,28.725,77.125,69.53,79.64,604.6
GRID_R06_C04,2024-06-13,2024,6,13,165,0.2986,-0.9544,0,0,1,28.725,77.125,54.47,40.91,555.92
GRID_R06_C04,2024-06-14,2024,6,14,166,0.2821,-0.9594,0,0,1,28.725,77.125,47.73,45.94,957.3
GRID_R06_C04,2024-06-15,2024,6,15,167,0.2656,-0.9641,0,0,1,28.725,77.125,46.51,40.34,366.6
GRID_R06_C04,2024-06-16,2024,6,16,168,0.2489,-0.9685,0,0,1,28.725,77.125,57.05,71.94,435.58
GRID_R06_C04,2024-06-17,2024,6,17,169,0.2322,-0.9727,0,0,1,28.725,77.125,54.85,63.44,257.74
GRID_R06_C04,2024-06-18,2024,6,18,170,0.2155,-0.9765,0,0,1,28.725,77.125,72.03,65.02,275.75
GRID_R06_C04,2024-06-19,2024,6,19,171,0.1986,-0.9801,0,0,1,28.725,77.125,66.38,46.3,505.3
GRID_R06_C04,2024-06-20,2024,6,20,172,0.1818,-0.9833,0,0,1,28.725,77.125,45.45,39.76,250.05
GRID_R06_C04,2024-06-21,2024,6,21,173,0.1648,-0.9863,0,0,1,28.725,77.125,64.15,65.06,222.48
GRID_R06_C04,2024-06-22,2024,6,22,174,0.1478,-0.989,0,0,1,28.725,77.125,90.97,143.47,530.9
GRID_R06_C04,2024-06-23,2024,6,23,175,0.1308,-0.9914,0,0,1,28.725,77.125,62.9,73.78,290.55
GRID_R06_C04,2024-06-24,2024,6,24,176,0.1137,-0.9935,0,0,1,28.725,77.125,59.25,73.91,214.62
GRID_R06_C04,2024-06-25,2024,6,25,177,0.0966,-0.9953,0,0,1,28.725,77.125,67.44,72.47,540.02
GRID_R06_C04,2024-06-26,2024,6,26,178,0.0795,-0.9968,0,0,1,28.725,77.125,51.45,72.43,247.49
GRID_R06_C04,2024-06-27,2024,6,27,179,0.0623,-0.9981,0,0,1,28.725,77.125,30.98,36.68,895.74
GRID_R06_C04,2024-06-28,2024,6,28,180,0.0451,-0.999,0,0,1,28.725,77.125,37.15,13.21,551.28
GRID_R06_C04,2024-06-29,2024,6,29,181,0.028,-0.9996,0,0,1,28.725,77.125,46.95,66.67,296.73
GRID_R06_C04,2024-06-30,2024,6,30,182,0.0108,-0.9999,0,0,1,28.725,77.125,60.22,62.81,210.0
GRID_R06_C04,2024-07-01,2024,7,1,183,-0.0065,-1.0,0,0,1,28.725,77.125,35.88,25.08,116.0
GRID_R06_C04,2024-07-02,2024,7,2,184,-0.0237,-0.9997,0,0,1,28.725,77.125,42.69,56.37,223.0
GRID_R06_C04,2024-07-03,2024,7,3,185,-0.0408,-0.9992,0,0,1,28.725,77.125,35.51,43.66,212.0
GRID_R06_C04,2024-07-04,2024,7,4,186,-0.058,-0.9983,0,0,1,28.725,77.125,28.18,24.9,942.06
GRID_R06_C04,2024-07-05,2024,7,5,187,-0.0752,-0.9972,0,0,1,28.725,77.125,28.51,41.37,111.0
GRID_R06_C04,2024-07-06,2024,7,6,188,-0.0923,-0.9957,0,0,1,28.725,77.125,23.94,28.39,74.0
GRID_R06_C04,2024-07-07,2024,7,7,189,-0.1094,-0.994,0,0,1,28.725,77.125,11.97,9.79,73.0
GRID_R06_C04,2024-07-08,2024,7,8,190,-0.1265,-0.992,0,0,1,28.725,77.125,21.51,22.95,102.0
GRID_R06_C04,2024-07-09,2024,7,9,191,-0.1436,-0.9896,0,0,1,28.725,77.125,45.17,45.34,957.7
GRID_R06_C04,2024-07-10,2024,7,10,192,-0.1606,-0.987,0,0,1,28.725,77.125,61.77,76.81,949.68
GRID_R06_C04,2024-07-11,2024,7,11,193,-0.1775,-0.9841,0,0,1,28.725,77.125,52.49,60.01,274.4
GRID_R06_C04,2024-07-12,2024,7,12,194,-0.1944,-0.9809,0,0,1,28.725,77.125,27.52,18.67,110.73
GRID_R06_C04,2024-07-13,2024,7,13,195,-0.2113,-0.9774,0,0,1,28.725,77.125,38.3,31.73,201.77
GRID_R06_C04,2024-07-14,2024,7,14,196,-0.2281,-0.9736,0,0,1,28.725,77.125,49.25,56.36,234.0
GRID_R06_C04,2024-07-15,2024,7,15,197,-0.2448,-0.9696,0,0,1,28.725,77.125,46.03,55.25,332.97
GRID_R06_C04,2024-07-16,2024,7,16,198,-0.2614,-0.9652,0,0,1,28.725,77.125,43.63,49.58,151.0
GRID_R06_C04,2024-07-17,2024,7,17,199,-0.278,-0.9606,0,0,1,28.725,77.125,36.11,32.5,206.0
GRID_R06_C04,2024-07-18,2024,7,18,200,-0.2945,-0.9557,0,0,1,28.725,77.125,43.18,49.19,185.0
GRID_R06_C04,2024-07-19,2024,7,19,201,-0.3109,-0.9505,0,0,1,28.725,77.125,65.17,68.39,176.0
GRID_R06_C04,2024-07-20,2024,7,20,202,-0.3272,-0.945,0,0,1,28.725,77.125,49.09,41.51,399.82
GRID_R06_C04,2024-07-21,2024,7,21,203,-0.3434,-0.9392,0,0,1,28.725,77.125,41.75,35.8,190.0
GRID_R06_C04,2024-07-22,2024,7,22,204,-0.3595,-0.9332,0,0,1,28.725,77.125,34.71,41.74,205.1
GRID_R06_C04,2024-07-23,2024,7,23,205,-0.3755,-0.9268,0,0,1,28.725,77.125,43.21,40.94,223.0
GRID_R06_C04,2024-07-24,2024,7,24,206,-0.3914,-0.9202,0,0,1,28.725,77.125,47.22,22.37,202.34
GRID_R06_C04,2024-07-25,2024,7,25,207,-0.4071,-0.9134,0,0,1,28.725,77.125,38.5,30.7,197.0
GRID_R06_C04,2024-07-26,2024,7,26,208,-0.4228,-0.9062,0,0,1,28.725,77.125,48.84,25.79,774.31
GRID_R06_C04,2024-07-27,2024,7,27,209,-0.4383,-0.8988,0,0,1,28.725,77.125,44.1,43.08,262.5
GRID_R06_C04,2024-07-28,2024,7,28,210,-0.4537,-0.8912,0,0,1,28.725,77.125,29.58,47.7,187.13
GRID_R06_C04,2024-07-29,2024,7,29,211,-0.469,-0.8832,0,0,1,28.725,77.125,32.49,29.25,213.83
GRID_R06_C04,2024-07-30,2024,7,30,212,-0.4841,-0.875,0,0,1,28.725,77.125,40.78,38.51,129.0
GRID_R06_C04,2024-07-31,2024,7,31,213,-0.4991,-0.8666,0,0,1,28.725,77.125,33.63,39.57,521.6
GRID_R06_C04,2024-08-01,2024,8,1,214,-0.5139,-0.8578,0,0,1,28.725,77.125,19.11,11.78,765.9
GRID_R06_C04,2024-08-02,2024,8,2,215,-0.5286,-0.8489,0,0,1,28.725,77.125,32.99,38.25,200.32
GRID_R06_C04,2024-08-03,2024,8,3,216,-0.5431,-0.8397,0,0,1,28.725,77.125,22.8,22.33,89.0
GRID_R06_C04,2024-08-04,2024,8,4,217,-0.5575,-0.8302,0,0,1,28.725,77.125,18.44,17.45,127.0
GRID_R06_C04,2024-08-05,2024,8,5,218,-0.5717,-0.8205,0,0,1,28.725,77.125,20.91,23.68,60.62
GRID_R06_C04,2024-08-06,2024,8,6,219,-0.5857,-0.8105,0,0,1,28.725,77.125,21.03,18.45,814.46
GRID_R06_C04,2024-08-07,2024,8,7,220,-0.5996,-0.8003,0,0,1,28.725,77.125,18.1,14.61,119.6
GRID_R06_C04,2024-08-08,2024,8,8,221,-0.6132,-0.7899,0,0,1,28.725,77.125,21.46,22.07,299.02
GRID_R06_C04,2024-08-09,2024,8,9,222,-0.6267,-0.7792,0,0,1,28.725,77.125,26.0,30.82,315.69
GRID_R06_C04,2024-08-10,2024,8,10,223,-0.64,-0.7683,0,0,1,28.725,77.125,33.01,37.3,127.0
GRID_R06_C04,2024-08-11,2024,8,11,224,-0.6532,-0.7572,0,0,1,28.725,77.125,27.23,31.07,135.42
GRID_R06_C04,2024-08-12,2024,8,12,225,-0.6661,-0.7459,0,0,1,28.725,77.125,28.42,28.91,137.84
GRID_R06_C04,2024-08-13,2024,8,13,226,-0.6788,-0.7343,0,0,1,28.725,77.125,24.7,21.54,906.46
GRID_R06_C04,2024-08-14,2024,8,14,227,-0.6914,-0.7225,0,0,1,28.725,77.125,35.64,46.9,175.0
GRID_R06_C04,2024-08-15,2024,8,15,228,-0.7037,-0.7105,0,0,1,28.725,77.125,27.01,27.51,105.0
GRID_R06_C04,2024-08-16,2024,8,16,229,-0.7158,-0.6983,0,0,1,28.725,77.125,21.76,33.58,93.0
GRID_R06_C04,2024-08-17,2024,8,17,230,-0.7277,-0.6859,0,0,1,28.725,77.125,30.57,28.92,164.99
GRID_R06_C04,2024-08-18,2024,8,18,231,-0.7394,-0.6733,0,0,1,28.725,77.125,30.02,28.36,120.15
GRID_R06_C04,2024-08-19,2024,8,19,232,-0.7509,-0.6605,0,0,1,28.725,77.125,28.04,30.16,120.68
GRID_R06_C04,2024-08-20,2024,8,20,233,-0.7621,-0.6474,0,0,1,28.725,77.125,22.69,14.25,85.0
GRID_R06_C04,2024-08-21,2024,8,21,234,-0.7731,-0.6342,0,0,1,28.725,77.125,29.39,25.67,104.0
GRID_R06_C04,2024-08-22,2024,8,22,235,-0.7839,-0.6208,0,0,1,28.725,77.125,28.88,23.59,256.58
GRID_R06_C04,2024-08-23,2024,8,23,236,-0.7945,-0.6073,0,0,1,28.725,77.125,27.7,27.96,123.0
GRID_R06_C04,2024-08-24,2024,8,24,237,-0.8048,-0.5935,0,0,1,28.725,77.125,48.1,66.55,166.0
GRID_R06_C04,2024-08-25,2024,8,25,238,-0.8149,-0.5796,0,0,1,28.725,77.125,26.58,24.75,165.54
GRID_R06_C04,2024-08-26,2024,8,26,239,-0.8248,-0.5655,0,0,1,28.725,77.125,28.36,29.9,183.48
GRID_R06_C04,2024-08-27,2024,8,27,240,-0.8344,-0.5512,0,0,1,28.725,77.125,20.53,22.85,105.96
GRID_R06_C04,2024-08-28,2024,8,28,241,-0.8437,-0.5368,0,0,1,28.725,77.125,22.52,17.79,83.42
GRID_R06_C04,2024-08-29,2024,8,29,242,-0.8528,-0.5222,0,0,1,28.725,77.125,26.93,15.53,210.0
GRID_R06_C04,2024-08-30,2024,8,30,243,-0.8617,-0.5074,0,0,1,28.725,77.125,47.51,60.65,315.0
GRID_R06_C04,2024-08-31,2024,8,31,244,-0.8703,-0.4925,0,0,1,28.725,77.125,38.74,40.85,186.02
GRID_R06_C04,2024-09-01,2024,9,1,245,-0.8786,-0.4775,0,0,1,28.725,77.125,40.45,39.96,136.12
GRID_R06_C04,2024-09-02,2024,9,2,246,-0.8867,-0.4623,0,0,1,28.725,77.125,32.7,34.62,202.36
GRID_R06_C04,2024-09-03,2024,9,3,247,-0.8945,-0.447,0,0,1,28.725,77.125,33.86,35.89,174.38
GRID_R06_C04,2024-09-04,2024,9,4,248,-0.9021,-0.4315,0,0,1,28.725,77.125,23.5,25.29,85.0
GRID_R06_C04,2024-09-05,2024,9,5,249,-0.9094,-0.4159,0,0,1,28.725,77.125,40.35,28.36,512.55
GRID_R06_C04,2024-09-06,2024,9,6,250,-0.9164,-0.4002,0,0,1,28.725,77.125,29.93,37.68,111.0
GRID_R06_C04,2024-09-07,2024,9,7,251,-0.9232,-0.3844,0,0,1,28.725,77.125,28.02,34.8,100.0
GRID_R06_C04,2024-09-08,2024,9,8,252,-0.9296,-0.3685,0,0,1,28.725,77.125,50.87,55.1,141.0
GRID_R06_C04,2024-09-09,2024,9,9,253,-0.9358,-0.3524,0,0,1,28.725,77.125,49.05,54.34,155.0
GRID_R06_C04,2024-09-10,2024,9,10,254,-0.9418,-0.3363,0,0,1,28.725,77.125,42.02,48.53,425.68
GRID_R06_C04,2024-09-11,2024,9,11,255,-0.9474,-0.32,0,0,1,28.725,77.125,34.43,40.96,156.0
GRID_R06_C04,2024-09-12,2024,9,12,256,-0.9528,-0.3037,0,0,1,28.725,77.125,16.94,11.26,218.7
GRID_R06_C04,2024-09-13,2024,9,13,257,-0.9579,-0.2873,0,0,1,28.725,77.125,18.27,11.48,80.02
GRID_R06_C04,2024-09-14,2024,9,14,258,-0.9627,-0.2707,0,0,1,28.725,77.125,29.35,23.69,143.0
GRID_R06_C04,2024-09-15,2024,9,15,259,-0.9672,-0.2541,0,0,1,28.725,77.125,41.16,33.19,210.75
GRID_R06_C04,2024-09-16,2024,9,16,260,-0.9714,-0.2375,0,0,1,28.725,77.125,50.98,44.48,256.77
GRID_R06_C04,2024-09-17,2024,9,17,261,-0.9753,-0.2207,0,0,1,28.725,77.125,57.66,55.58,262.0
GRID_R06_C04,2024-09-18,2024,9,18,262,-0.979,-0.2039,0,0,1,28.725,77.125,36.81,57.93,175.0
GRID_R06_C04,2024-09-19,2024,9,19,263,-0.9824,-0.187,0,0,1,28.725,77.125,33.65,22.22,526.78
GRID_R06_C04,2024-09-20,2024,9,20,264,-0.9854,-0.1701,0,0,1,28.725,77.125,33.73,33.23,251.0
GRID_R06_C04,2024-09-21,2024,9,21,265,-0.9882,-0.1531,0,0,1,28.725,77.125,46.57,42.56,450.0
GRID_R06_C04,2024-09-22,2024,9,22,266,-0.9907,-0.1361,0,0,1,28.725,77.125,73.74,83.29,402.0
GRID_R06_C04,2024-09-23,2024,9,23,267,-0.9929,-0.1191,0,0,1,28.725,77.125,81.05,81.48,693.05
GRID_R06_C04,2024-09-24,2024,9,24,268,-0.9948,-0.102,0,0,1,28.725,77.125,96.32,92.12,388.0
GRID_R06_C04,2024-09-25,2024,9,25,269,-0.9964,-0.0848,0,0,1,28.725,77.125,84.05,113.08,405.0
GRID_R06_C04,2024-09-26,2024,9,26,270,-0.9977,-0.0677,0,0,1,28.725,77.125,28.35,29.5,136.0
GRID_R06_C04,2024-09-27,2024,9,27,271,-0.9987,-0.0505,0,0,1,28.725,77.125,17.48,15.85,457.93
GRID_R06_C04,2024-09-28,2024,9,28,272,-0.9994,-0.0333,0,0,1,28.725,77.125,21.54,14.36,279.0
GRID_R06_C04,2024-09-29,2024,9,29,273,-0.9999,-0.0161,0,0,1,28.725,77.125,31.56,34.07,488.7
GRID_R06_C04,2024-09-30,2024,9,30,274,-1.0,0.0011,0,0,1,28.725,77.125,63.4,74.46,186.0
