50.61,-1.0,0.0011,10,1,0,0,68.41,177.0
54.83,-0.9998,0.0183,10,2,0,0,55.51,178.5
37.36,-0.9994,0.0355,10,3,0,0,49.38,114.33
31.82,-0.9986,0.0527,10,4,0,0,36.44,482.25
40.86,-0.9976,0.0698,10,5,0,0,32.54,129.73
51.69,-0.9962,0.087,10,6,0,0,62.61,703.3
64.6,-0.9946,0.1041,10,7,0,0,64.7,287.25
71.38,-0.9926,0.1212,10,8,0,0,81.18,261.75
67.06,-0.9904,0.1383,10,9,0,0,72.61,196.82
64.56,-0.9879,0.1553,10,10,0,0,73.76,191.25
65.95,-0.9851,0.1722,10,11,0,0,77.68,410.33
70.25,-0.9819,0.1892,10,12,0,0,97.36,458.45
77.42,-0.9785,0.206,10,13,0,0,89.43,166.0
75.29,-0.9749,0.2228,10,14,0,0,88.05,215.48
91.62,-0.9709,0.2396,10,15,1,0,99.28,230.0
160.6,-0.9666,0.2562,10,16,1,0,172.85,361.5
113.29,-0.9621,0.2728,10,17,1,0,165.29,654.75
16.65,-0.9572,0.2893,10,18,1,0,9.86,205.1
52.53,-0.9521,0.3057,10,19,1,0,30.74,186.91
100.85,-0.9467,0.3221,10,20,1,1,96.99,499.75
72.64,-0.941,0.3383,10,21,1,1,65.57,366.97
56.72,-0.9351,0.3545,10,22,1,1,47.4,298.0
62.65,-0.9288,0.3705,10,23,1,1,87.92,226.8
65.97,-0.9223,0.3864,10,24,1,1,88.51,297.68
42.21,-0.9155,0.4022,10,25,1,1,38.28,158.2
69.24,-0.9085,0.4179,10,26,1,1,73.6,325.66
109.05,-0.9012,0.4335,10,27,1,1,132.76,962.47
124.19,-0.8936,0.4489,10,28,1,1,149.44,466.25
130.53,-0.8857,0.4642,10,29,1,1,166.58,432.43
112.9,-0.8776,0.4794,10,30,1,1,148.67,269.0
134.45,-0.8692,0.4944,10,31,1,1,158.28,680.02
139.16,-0.8606,0.5093,11,1,1,1,150.74,417.56
134.71,-0.8517,0.524,11,2,1,1,158.39,401.0
162.74,-0.8426,0.5386,11,3,1,1,158.28,704.5
316.9,-0.8332,0.553,11,4,1,1,267.75,995.0
416.77,-0.8235,0.5672,11,5,1,1,519.22,997.63
319.47,-0.8137,0.5813,11,6,1,1,332.39,765.0
262.63,-0.8035,0.5952,11,7,1,1,321.22,593.5
253.53,-0.7932,0.609,11,8,1,1,332.58,650.67
265.25,-0.7826,0.6225,11,9,1,1,323.17,751.35
233.41,-0.7718,0.6359,11,10,1,1,205.8,975.1
306.53,-0.7607,0.6491,11,11,1,1,285.69,997.6
384.56,-0.7494,0.6621,11,12,1,1,440.73,699.75
263.07,-0.7379,0.6749,11,13,1,1,360.29,663.0
183.04,-0.7262,0.6875,11,14,1,1,182.18,559.29
208.8,-0.7143,0.6998,11,15,1,1,195.1,652.86
252.06,-0.7021,0.712,11,16,1,1,314.24,573.9
213.03,-0.6898,0.724,11,17,1,1,249.61,545.68
213.94,-0.6772,0.7358,11,18,1,1,273.22,646.09
230.41,-0.6645,0.7473,11,19,1,1,286.23,473.25
222.03,-0.6515,0.7586,11,20,1,1,248.07,543.81
187.73,-0.6384,0.7697,11,21,1,0,249.24,521.07
139.41,-0.625,0.7806,11,22,1,0,164.24,300.25
152.83,-0.6115,0.7912,11,23,1,0,146.69,558.85
232.67,-0.5978,0.8016,11,24,1,0,238.73,630.92
258.26,-0.584,0.8118,11,25,1,0,281.81,647.5
272.51,-0.5699,0.8217,11,26,1,0,342.73,920.5
252.82,-0.5557,0.8314,11,27,1,0,277.26,564.9
268.55,-0.5413,0.8408,11,28,1,0,303.6,571.25
214.44,-0.5268,0.85,11,29,1,0,280.48,591.75
174.95,-0.5121,0.859,11,30,1,0,178.7,418.7
251.75,-0.4972,0.8676,12,1,1,0,224.22,628.25
262.35,-0.4822,0.8761,12,2,1,0,303.28,728.75
203.28,-0.4671,0.8842,12,3,1,0,200.73,689.0
171.39,-0.4518,0.8921,12,4,1,0,225.64,515.5
182.26,-0.4364,0.8998,12,5,1,0,212.15,633.25
143.38,-0.4208,0.9071,12,6,1,0,158.74,633.9
109.64,-0.4052,0.9142,12,7,1,0,123.65,298.75
115.53,-0.3894,0.9211,12,8,1,0,127.39,389.45
158.44,-0.3735,0.9276,12,9,1,0,158.08,686.75
150.32,-0.3575,0.9339,12,10,1,0,162.28,433.25
122.17,-0.3413,0.9399,12,11,1,0,130.1,659.0
143.5,-0.3251,0.9457,12,12,1,0,134.15,629.5
208.48,-0.3088,0.9511,12,13,1,0,262.92,938.0
226.41,-0.2924,0.9563,12,14,1,0,276.31,658.75
189.78,-0.2759,0.9612,12,15,1,0,199.17,524.0
219.25,-0.2593,0.9658,12,16,1,0,233.31,550.25
151.99,-0.2427,0.9701,12,17,1,0,187.97,383.0
139.07,-0.226,0.9741,12,18,1,0,141.5,418.8
145.13,-0.2092,0.9779,12,19,1,0,122.5,489.5
196.18,-0.1923,0.9813,12,20,1,0,164.86,985.0
296.12,-0.1754,0.9845,12,21,1,0,370.11,985.0
304.49,-0.1585,0.9874,12,22,1,0,357.49,918.5
352.64,-0.1414,0.9899,12,23,1,0,422.22,840.0
290.86,-0.1244,0.9922,12,24,1,0,319.31,879.5
365.24,-0.1073,0.9942,12,25,1,0,386.2,973.0
367.61,-0.0902,0.9959,12,26,1,0,427.16,835.5
119.32,-0.073,0.9973,12,27,1,0,105.9,707.25
149.27,-0.0559,0.9984,12,28,1,0,152.45,465.0
138.01,-0.0387,0.9993,12,29,1,0,156.99,751.75
164.4,-0.0215,0.9998,12,30,1,0,186.85,931.8
188.11,-0.0043,1.0,12,31,1,0,204.05,934.1
238.69,0.0172,0.9999,1,1,1,0,202.42,773.5
265.11,0.0344,0.9994,1,2,1,0,270.07,818.75
246.69,0.0516,0.9987,1,3,1,0,235.29,856.0
220.81,0.0688,0.9976,1,4,1,0,252.29,698.75
265.96,0.0859,0.9963,1,5,1,0,349.82,682.2
109.5,0.103,0.9947,1,6,1,0,153.98,291.12
70.24,0.1201,0.9928,1,7,1,0,82.85,174.0
46.6,0.1372,0.9905,1,8,1,0,48.84,597.2
44.1,0.1542,0.988,1,9,1,0,26.94,195.67
90.21,0.1712,0.9852,1,10,1,0,81.79,309.67
93.39,0.1881,0.9821,1,11,1,0,95.03,458.75
111.43,0.205,0.9788,1,12,1,0,78.9,493.4
205.32,0.2218,0.9751,1,13,1,0,160.48,813.75
187.32,0.2385,0.9711,1,14,1,0,129.87,479.33
118.68,0.2552,0.9669,1,15,1,0,68.27,375.67
137.41,0.2718,0.9624,1,16,1,0,95.92,415.0
174.77,0.2883,0.9575,1,17,1,0,126.57,505.33
178.79,0.3047,0.9524,1,18,1,0,201.62,444.0
186.01,0.3211,0.9471,1,19,1,0,155.28,600.1
238.21,0.3373,0.9414,1,20,1,0,193.92,451.7
197.22,0.3534,0.9355,1,21,1,0,153.95,560.75
130.02,0.3695,0.9292,1,22,1,0,117.19,903.7
109.91,0.3854,0.9227,1,23,1,0,71.84,534.0
112.47,0.4012,0.916,1,24,1,0,65.48,570.0
119.76,0.4169,0.9089,1,25,1,0,70.15,547.0
126.34,0.4325,0.9016,1,26,1,0,94.48,646.5
118.13,0.4479,0.8941,1,27,1,0,105.53,538.1
103.89,0.4633,0.8862,1,28,1,0,98.14,841.5
124.1,0.4784,0.8781,1,29,1,0,115.06,895.9
143.1,0.4935,0.8698,1,30,1,0,148.19,953.6
215.21,0.5084,0.8611,1,31,1,0,207.11,871.6
202.33,0.5231,0.8523,2,1,0,0,203.1,833.8
161.68,0.5377,0.8432,2,2,0,0,148.87,730.45
142.22,0.5521,0.8338,2,3,0,0,166.98,558.3
64.38,0.5664,0.8242,2,4,0,0,48.62,813.1
129.48,0.5805,0.8143,2,5,0,0,86.26,694.75
162.97,0.5944,0.8042,2,6,0,0,199.03,732.25
123.8,0.6081,0.7938,2,7,0,0,133.18,850.0
146.36,0.6217,0.7833,2,8,0,0,164.75,554.05
95.7,0.6351,0.7725,2,9,0,0,58.05,756.35
82.18,0.6483,0.7614,2,10,0,0,74.62,614.8
88.88,0.6613,0.7502,2,11,0,0,104.79,658.4
93.96,0.6741,0.7387,2,12,0,0,101.03,819.8
125.88,0.6867,0.727,2,13,0,0,164.91,572.25
116.5,0.6991,0.715,2,14,0,0,152.48,685.73
105.06,0.7113,0.7029,2,15,0,0,142.07,680.8
139.55,0.7233,0.6906,2,16,0,0,187.94,518.0
113.76,0.735,0.678,2,17,0,0,128.62,393.5
114.55,0.7466,0.6653,2,18,0,0,180.36,557.7
85.13,0.7579,0.6523,2,19,0,0,98.02,792.75
82.67,0.769,0.6392,2,20,0,0,99.35,814.1
80.89,0.7799,0.6259,2,21,0,0,77.72,841.5
99.45,0.7906,0.6124,2,22,0,0,127.66,669.0
112.36,0.801,0.5987,2,23,0,0,111.56,491.55
149.33,0.8112,0.5848,2,24,0,0,203.59,458.5
126.85,0.8211,0.5708,2,25,0,0,191.24,410.0
27.32,0.8308,0.5566,2,26,0,0,18.8,276.0
43.55,0.8402,0.5422,2,27,0,0,49.78,141.75
46.79,0.8495,0.5277,2,28,0,0,51.25,302.2
85.2,0.8584,0.513,3,1,0,0,103.27,518.8
103.09,0.8671,0.4981,3,2,0,0,149.55,315.75
81.43,0.8755,0.4831,3,3,0,0,89.55,355.0
76.79,0.8837,0.468,3,4,0,0,110.28,265.15
57.07,0.8916,0.4527,3,5,0,0,67.97,177.75
86.4,0.8993,0.4373,3,6,0,0,100.89,624.6
120.95,0.9067,0.4218,3,7,0,0,154.56,475.25
120.12,0.9138,0.4061,3,8,0,0,206.2,489.05
68.32,0.9207,0.3904,3,9,0,0,98.59,244.0
64.08,0.9272,0.3745,3,10,0,0,84.09,397.0
77.38,0.9335,0.3585,3,11,0,0,116.53,253.25
73.17,0.9396,0.3424,3,12,0,0,100.11,228.5
89.79,0.9453,0.3261,3,13,0,0,107.3,258.7
118.62,0.9508,0.3098,3,14,0,0,184.2,354.32
116.63,0.956,0.2934,3,15,0,0,173.89,563.52
92.63,0.9609,0.2769,3,16,0,0,122.83,655.1
118.24,0.9655,0.2604,3,17,0,0,126.48,271.25
137.76,0.9698,0.2437,3,18,0,0,161.62,424.92
106.58,0.9739,0.227,3,19,0,0,114.19,322.88
104.26,0.9777,0.2102,3,20,0,0,125.51,606.98
130.28,0.9811,0.1934,3,21,0,0,188.16,417.5
80.13,0.9843,0.1765,3,22,0,0,91.92,367.0
100.6,0.9872,0.1595,3,23,0,0,131.08,507.0
114.07,0.9898,0.1425,3,24,0,0,193.47,395.0
88.68,0.9921,0.1255,3,25,0,0,120.84,258.08
84.56,0.9941,0.1084,3,26,0,0,130.38,266.25
89.19,0.9958,0.0913,3,27,0,0,117.92,273.95
103.39,0.9972,0.0741,3,28,0,0,141.58,363.7
120.23,0.9984,0.057,3,29,0,0,174.75,392.0
125.33,0.9992,0.0398,3,30,0,0,184.83,482.0
141.8,0.9997,0.0226,3,31,0,0,190.73,621.41
73.4,1.0,0.0054,4,1,0,0,110.61,261.08
106.92,0.9999,-0.0118,4,2,0,0,155.26,486.75
105.31,0.9996,-0.029,4,3,0,0,147.27,554.12
106.92,0.9989,-0.0462,4,4,0,0,119.72,412.75
102.59,0.998,-0.0634,4,5,0,0,199.12,403.5
118.61,0.9968,-0.0805,4,6,0,0,218.45,657.1
124.24,0.9952,-0.0977,4,7,0,0,194.43,451.0
110.12,0.9934,-0.1148,4,8,0,0,151.85,420.0
109.85,0.9913,-0.1319,4,9,0,0,156.71,713.2
106.36,0.9889,-0.1489,4,10,0,0,144.57,376.0
109.75,0.9861,-0.1659,4,11,0,0,168.72,458.7
92.42,0.9831,-0.1828,4,12,0,0,92.16,743.0
111.71,0.9799,-0.1997,4,13,0,0,204.68,412.32
76.82,0.9763,-0.2165,4,14,0,0,100.49,367.6
70.63,0.9724,-0.2333,4,15,0,0,77.51,257.88
102.22,0.9683,-0.25,4,16,0,0,135.16,257.25
106.5,0.9638,-0.2666,4,17,0,0,148.91,350.08
112.05,0.9591,-0.2831,4,18,0,0,143.79,894.0
133.61,0.9541,-0.2996,4,19,0,0,225.39,487.0
95.54,0.9488,-0.316,4,20,0,0,125.03,438.0
104.24,0.9432,-0.3322,4,21,0,0,115.77,340.9
65.22,0.9373,-0.3484,4,22,0,0,57.95,426.05
110.12,0.9312,-0.3645,4,23,0,0,190.55,412.47
120.75,0.9248,-0.3804,4,24,0,0,201.2,501.67
100.34,0.9181,-0.3963,4,25,0,0,132.63,394.4
81.97,0.9112,-0.412,4,26,0,0,78.35,458.1
153.86,0.9039,-0.4276,4,27,0,0,283.33,723.0
163.21,0.8965,-0.4431,4,28,0,0,204.22,765.92
148.54,0.8887,-0.4585,4,29,0,0,173.09,510.0
121.09,0.8807,-0.4737,4,30,0,0,152.58,444.0
90.46,0.8724,-0.4888,5,1,0,0,85.1,378.1
73.78,0.8639,-0.5037,5,2,0,0,73.02,193.8
98.47,0.8551,-0.5185,5,3,0,0,75.58,378.55
73.54,0.846,-0.5331,5,4,0,0,91.45,294.5
71.62,0.8367,-0.5476,5,5,0,0,82.66,213.25
115.78,0.8272,-0.5619,5,6,0,0,151.07,393.79
86.89,0.8174,-0.5761,5,7,0,0,94.49,394.15
82.76,0.8074,-0.59,5,8,0,0,82.24,317.93
66.6,0.7971,-0.6038,5,9,0,0,68.42,342.57
64.78,0.7866,-0.6175,5,10,0,0,71.54,208.72
62.23,0.7759,-0.6309,5,11,0,0,62.55,195.1
67.67,0.7649,-0.6442,5,12,0,0,63.77,284.5
76.01,0.7537,-0.6572,5,13,0,0,56.15,302.82
108.68,0.7423,-0.6701,5,14,0,0,171.32,482.76
98.88,0.7306,-0.6828,5,15,0,0,154.71,394.61
96.8,0.7188,-0.6952,5,16,0,0,85.25,889.56
68.76,0.7067,-0.7075,5,17,0,0,46.22,236.42
76.49,0.6945,-0.7195,5,18,0,0,78.65,284.62
88.25,0.682,-0.7314,5,19,0,0,96.65,260.2
92.72,0.6693,-0.743,5,20,0,0,114.24,470.15
76.87,0.6564,-0.7544,5,21,0,0,70.19,404.62
64.57,0.6433,-0.7656,5,22,0,0,75.6,273.0
30.37,0.6301,-0.7765,5,23,0,0,21.62,130.0
36.28,0.6166,-0.7873,5,24,0,0,30.55,192.42
81.34,0.603,-0.7978,5,25,0,0,108.12,534.0
94.83,0.5892,-0.808,5,26,0,0,125.56,622.6
81.91,0.5752,-0.818,5,27,0,0,106.06,217.0
75.39,0.561,-0.8278,5,28,0,0,65.53,283.68
72.29,0.5467,-0.8373,5,29,0,0,83.49,209.15
65.49,0.5322,-0.8466,5,30,0,0,69.05,436.25
99.01,0.5176,-0.8556,5,31,0,0,83.63,344.67
97.93,0.5028,-0.8644,6,1,0,0,147.1,353.12
77.59,0.4878,-0.8729,6,2,0,0,103.56,269.05
89.98,0.4728,-0.8812,6,3,0,0,136.35,275.25
81.09,0.4575,-0.8892,6,4,0,0,113.17,306.58
59.21,0.4422,-0.8969,6,5,0,0,52.12,298.7
53.82,0.4267,-0.9044,6,6,0,0,52.72,193.75
88.0,0.4111,-0.9116,6,7,0,0,71.28,388.0
78.4,0.3953,-0.9185,6,8,0,0,82.01,360.25
62.57,0.3795,-0.9252,6,9,0,0,61.73,252.6
75.31,0.3635,-0.9316,6,10,0,0,77.98,269.25
70.14,0.3474,-0.9377,6,11,0,0,68.3,192.75
74.34,0.3312,-0.9436,6,12,0,0,86.06,261.25
51.93,0.3149,-0.9491,6,13,0,0,34.18,190.75
56.4,0.2986,-0.9544,6,14,0,0,61.94,210.0
35.44,0.2821,-0.9594,6,15,0,0,36.86,187.7
34.81,0.2656,-0.9641,6,16,0,0,34.26,398.45
28.28,0.2489,-0.9685,6,17,0,0,19.79,90.1
34.62,0.2322,-0.9727,6,18,0,0,42.9,120.08
42.72,0.2155,-0.9765,6,19,0,0,54.49,173.0
53.46,0.1986,-0.9801,6,20,0,0,65.93,271.0
44.11,0.1818,-0.9833,6,21,0,0,63.39,193.5
51.49,0.1648,-0.9863,6,22,0,0,38.76,153.0
56.32,0.1478,-0.989,6,23,0,0,53.84,209.5
72.0,0.1308,-0.9914,6,24,0,0,102.15,258.75
80.74,0.1137,-0.9935,6,25,0,0,103.06,343.0
65.27,0.0966,-0.9953,6,26,0,0,65.89,295.6
55.02,0.0795,-0.9968,6,27,0,0,51.71,141.45
74.87,0.0623,-0.9981,6,28,0,0,68.65,221.0
60.43,0.0451,-0.999,6,29,0,0,39.46,226.7
37.61,0.028,-0.9996,6,30,0,0,33.29,430.33
36.33,0.0108,-0.9999,7,1,0,0,45.16,338.0
42.77,-0.0065,-1.0,7,2,0,0,66.61,165.67
30.43,-0.0237,-0.9997,7,3,0,0,20.7,138.25
63.45,-0.0408,-0.9992,7,4,0,0,56.27,172.0
65.09,-0.058,-0.9983,7,5,0,0,83.93,204.0
51.42,-0.0752,-0.9972,7,6,0,0,50.91,221.88
39.84,-0.0923,-0.9957,7,7,0,0,45.99,250.25
37.09,-0.1094,-0.994,7,8,0,0,41.18,248.0
40.97,-0.1265,-0.992,7,9,0,0,56.32,118.75
32.83,-0.1436,-0.9896,7,10,0,0,33.02,101.02
44.83,-0.1606,-0.987,7,11,0,0,46.68,170.25
41.83,-0.1775,-0.9841,7,12,0,0,40.27,682.03
34.51,-0.1944,-0.9809,7,13,0,0,34.52,176.78
30.76,-0.2113,-0.9774,7,14,0,0,34.16,137.45
26.49,-0.2281,-0.9736,7,15,0,0,20.34,170.16
24.89,-0.2448,-0.9696,7,16,0,0,24.14,355.38
28.45,-0.2614,-0.9652,7,17,0,0,11.8,453.8
43.29,-0.278,-0.9606,7,18,0,0,52.97,234.61
42.92,-0.2945,-0.9557,7,19,0,0,40.34,156.0
33.38,-0.3109,-0.9505,7,20,0,0,46.79,122.0
44.16,-0.3272,-0.945,7,21,0,0,24.17,180.5
55.16,-0.3434,-0.9392,7,22,0,0,72.88,175.0
29.52,-0.3595,-0.9332,7,23,0,0,28.55,83.75
24.77,-0.3755,-0.9268,7,24,0,0,20.19,120.7
24.63,-0.3914,-0.9202,7,25,0,0,23.37,89.18
28.09,-0.4071,-0.9134,7,26,0,0,31.65,87.0
30.82,-0.4228,-0.9062,7,27,0,0,30.24,171.0
22.01,-0.4383,-0.8988,7,28,0,0,22.15,83.28
19.28,-0.4537,-0.8912,7,29,0,0,21.15,89.7
22.14,-0.469,-0.8832,7,30,0,0,19.05,89.0
23.89,-0.4841,-0.875,7,31,0,0,23.02,82.25
26.41,-0.4991,-0.8666,8,1,0,0,26.42,133.09
32.31,-0.5139,-0.8578,8,2,0,0,25.05,149.25
48.43,-0.5286,-0.8489,8,3,0,0,39.76,165.39
46.68,-0.5431,-0.8397,8,4,0,0,59.37,128.0
38.62,-0.5575,-0.8302,8,5,0,0,34.97,162.5
52.04,-0.5717,-0.8205,8,6,0,0,52.92,182.75
45.98,-0.5857,-0.8105,8,7,0,0,72.95,153.0
44.97,-0.5996,-0.8003,8,8,0,0,46.35,158.13
41.5,-0.6132,-0.7899,8,9,0,0,54.17,143.0
27.02,-0.6267,-0.7792,8,10,0,0,34.2,136.97
16.74,-0.64,-0.7683,8,11,0,0,14.3,114.94
19.39,-0.6532,-0.7572,8,12,0,0,18.36,74.0
27.24,-0.6661,-0.7459,8,13,0,0,32.25,83.0
26.21,-0.6788,-0.7343,8,14,0,0,13.74,83.0
18.8,-0.6914,-0.7225,8,15,0,0,14.02,83.0
15.86,-0.7037,-0.7105,8,16,0,0,15.28,60.01
14.19,-0.7158,-0.6983,8,17,0,0,11.42,171.6
20.33,-0.7277,-0.6859,8,18,0,0,13.35,75.42
18.3,-0.7394,-0.6733,8,19,0,0,12.36,287.0
31.77,-0.7509,-0.6605,8,20,0,0,23.33,139.0
46.88,-0.7621,-0.6474,8,21,0,0,54.4,130.5
35.87,-0.7731,-0.6342,8,22,0,0,54.37,111.12
24.97,-0.7839,-0.6208,8,23,0,0,32.75,75.0
22.73,-0.7945,-0.6073,8,24,0,0,18.38,277.92
36.41,-0.8048,-0.5935,8,25,0,0,28.57,348.25
35.46,-0.8149,-0.5796,8,26,0,0,31.33,157.0
32.05,-0.8248,-0.5655,8,27,0,0,30.52,225.35
37.18,-0.8344,-0.5512,8,28,0,0,33.27,159.6
40.54,-0.8437,-0.5368,8,29,0,0,37.8,138.65
48.48,-0.8528,-0.5222,8,30,0,0,49.26,185.75
43.79,-0.8617,-0.5074,8,31,0,0,44.25,234.32
45.12,-0.8703,-0.4925,9,1,0,0,44.81,279.62
45.72,-0.8786,-0.4775,9,2,0,0,38.34,228.45
32.63,-0.8867,-0.4623,9,3,0,0,26.34,151.07
26.45,-0.8945,-0.447,9,4,0,0,23.94,209.71
26.79,-0.9021,-0.4315,9,5,0,0,22.54,209.21
40.21,-0.9094,-0.4159,9,6,0,0,43.33,161.12
46.22,-0.9164,-0.4002,9,7,0,0,52.1,466.0
63.62,-0.9232,-0.3844,9,8,0,0,68.09,151.0
59.85,-0.9296,-0.3685,9,9,0,0,68.97,173.2
49.78,-0.9358,-0.3524,9,10,0,0,60.63,111.4
32.13,-0.9418,-0.3363,9,11,0,0,26.0,167.07
26.74,-0.9474,-0.32,9,12,0,0,24.83,187.43
19.75,-0.9528,-0.3037,9,13,0,0,16.85,106.58
17.79,-0.9579,-0.2873,9,14,0,0,15.23,78.67
16.06,-0.9627,-0.2707,9,15,0,0,20.15,71.81
15.98,-0.9672,-0.2541,9,16,0,0,10.93,80.67
33.32,-0.9714,-0.2375,9,17,0,0,27.66,98.7
47.58,-0.9753,-0.2207,9,18,0,0,29.97,167.25
72.39,-0.979,-0.2039,9,19,0,0,83.14,249.75
49.55,-0.9824,-0.187,9,20,0,0,68.87,146.0
41.57,-0.9854,-0.1701,9,21,0,0,62.06,170.25
26.29,-0.9882,-0.1531,9,22,0,0,31.08,474.7
26.13,-0.9907,-0.1361,9,23,0,0,16.24,90.0
23.39,-0.9929,-0.1191,9,24,0,0,26.79,74.99
21.57,-0.9948,-0.102,9,25,0,0,11.84,128.15
47.79,-0.9964,-0.0848,9,26,0,0,61.88,156.25
40.29,-0.9977,-0.0677,9,27,0,0,44.09,132.88
55.13,-0.9987,-0.0505,9,28,0,0,59.02,182.85
66.05,-0.9994,-0.0333,9,29,0,0,82.87,205.25
80.25,-0.9999,-0.0161,9,30,0,0,91.86,214.82
81.41,-1.0,0.0011,10,1,0,0,104.02,174.0
69.05,-0.9998,0.0183,10,2,0,0,94.49,175.0
42.71,-0.9994,0.0355,10,3,0,0,51.5,258.45
63.03,-0.9986,0.0527,10,4,0,0,61.51,251.1
89.36,-0.9976,0.0698,10,5,0,0,110.49,285.6
16.63,-0.9962,0.087,10,6,0,0,13.15,103.28
16.3,-0.9946,0.1041,10,7,0,0,12.44,61.0
14.32,-0.9926,0.1212,10,8,0,0,14.32,82.5
9.59,-0.9904,0.1383,10,9,0,0,10.84,61.0
14.76,-0.9879,0.1553,10,10,0,0,9.01,61.0
36.29,-0.9851,0.1722,10,11,0,0,25.93,231.67
62.49,-0.9819,0.1892,10,12,0,0,72.65,205.75
53.52,-0.9785,0.206,10,13,0,0,60.34,172.25
71.74,-0.9749,0.2228,10,14,0,0,81.89,216.8
89.6,-0.9709,0.2396,10,15,1,0,103.27,401.5
105.64,-0.9666,0.2562,10,16,1,0,123.99,349.3
108.94,-0.9621,0.2728,10,17,1,0,127.64,383.5
109.72,-0.9572,0.2893,10,18,1,0,118.14,398.33
102.01,-0.9521,0.3057,10,19,1,0,124.26,331.92
110.64,-0.9467,0.3221,10,20,1,1,111.76,302.75
117.39,-0.941,0.3383,10,21,1,1,145.08,386.33
122.89,-0.9351,0.3545,10,22,1,1,153.83,322.0
129.76,-0.9288,0.3705,10,23,1,1,128.29,357.75
177.52,-0.9223,0.3864,10,24,1,1,168.07,921.25
166.47,-0.9155,0.4022,10,25,1,1,149.56,986.0
142.96,-0.9085,0.4179,10,26,1,1,114.47,621.5
192.39,-0.9012,0.4335,10,27,1,1,218.98,494.34
223.13,-0.8936,0.4489,10,28,1,1,226.04,514.0
230.76,-0.8857,0.4642,10,29,1,1,287.07,502.09
211.77,-0.8776,0.4794,10,30,1,1,210.91,749.6
263.69,-0.8692,0.4944,10,31,1,1,208.96,562.75
248.88,-0.8606,0.5093,11,1,1,1,294.21,705.25
241.74,-0.8517,0.524,11,2,1,1,214.26,589.0
402.69,-0.8426,0.5386,11,3,1,1,529.11,928.0
324.12,-0.8332,0.553,11,4,1,1,346.39,566.0
193.45,-0.8235,0.5672,11,5,1,1,200.61,425.0
172.85,-0.8137,0.5813,11,6,1,1,181.1,375.0
193.57,-0.8035,0.5952,11,7,1,1,227.11,449.82
240.17,-0.7932,0.609,11,8,1,1,245.39,445.7
105.75,-0.7826,0.6225,11,9,1,1,112.76,335.75
162.28,-0.7718,0.6359,11,10,1,1,178.2,478.0
208.58,-0.7607,0.6491,11,11,1,1,357.3,547.78
186.89,-0.7494,0.6621,11,12,1,1,259.16,421.27
160.63,-0.7379,0.6749,11,13,1,1,196.5,326.69
140.22,-0.7262,0.6875,11,14,1,1,172.86,415.5
102.24,-0.7143,0.6998,11,15,1,1,99.43,274.0
118.88,-0.7021,0.712,11,16,1,1,174.92,414.2
139.59,-0.6898,0.724,11,17,1,1,199.17,386.09
157.43,-0.6772,0.7358,11,18,1,1,240.44,551.78
144.5,-0.6645,0.7473,11,19,1,1,178.83,532.85
171.28,-0.6515,0.7586,11,20,1,1,216.63,551.35
143.93,-0.6384,0.7697,11,21,1,0,174.07,350.6
113.47,-0.625,0.7806,11,22,1,0,136.13,245.25
103.72,-0.6115,0.7912,11,23,1,0,127.52,416.48
108.55,-0.5978,0.8016,11,24,1,0,109.77,569.33
158.6,-0.584,0.8118,11,25,1,0,173.91,591.25
180.96,-0.5699,0.8217,11,26,1,0,192.28,757.0
174.61,-0.5557,0.8314,11,27,1,0,195.31,509.45
198.65,-0.5413,0.8408,11,28,1,0,227.57,680.0
230.27,-0.5268,0.85,11,29,1,0,284.3,658.91
207.63,-0.5121,0.859,11,30,1,0,223.34,533.0
213.69,-0.4972,0.8676,12,1,1,0,231.84,492.99
200.39,-0.4822,0.8761,12,2,1,0,204.94,605.25
245.25,-0.4671,0.8842,12,3,1,0,260.2,667.75
250.6,-0.4518,0.8921,12,4,1,0,293.9,635.75
187.08,-0.4364,0.8998,12,5,1,0,202.78,560.75
184.23,-0.4208,0.9071,12,6,1,0,189.48,359.0
133.43,-0.4052,0.9142,12,7,1,0,143.42,336.05
143.94,-0.3894,0.9211,12,8,1,0,139.75,466.58
169.88,-0.3735,0.9276,12,9,1,0,151.03,691.0
211.95,-0.3575,0.9339,12,10,1,0,254.19,646.75
134.03,-0.3413,0.9399,12,11,1,0,153.58,476.75
95.92,-0.3251,0.9457,12,12,1,0,100.39,620.75
70.68,-0.3088,0.9511,12,13,1,0,81.54,233.75
85.59,-0.2924,0.9563,12,14,1,0,94.24,367.25
89.92,-0.2759,0.9612,12,15,1,0,84.74,424.25
124.19,-0.2593,0.9658,12,16,1,0,111.4,659.18
167.33,-0.2427,0.9701,12,17,1,0,151.3,760.25
254.25,-0.226,0.9741,12,18,1,0,203.4,813.75
259.11,-0.2092,0.9779,12,19,1,0,226.32,843.5
199.94,-0.1923,0.9813,12,20,1,0,168.09,544.0
188.4,-0.1754,0.9845,12,21,1,0,149.22,490.33
202.24,-0.1585,0.9874,12,22,1,0,126.13,541.5
202.07,-0.1414,0.9899,12,23,1,0,128.73,592.25
160.66,-0.1244,0.9922,12,24,1,0,177.3,457.75
168.91,-0.1073,0.9942,12,25,1,0,143.09,840.0
193.84,-0.0902,0.9959,12,26,1,0,121.15,854.02
166.8,-0.073,0.9973,12,27,1,0,128.51,554.62
151.84,-0.0559,0.9984,12,28,1,0,165.35,701.2
196.73,-0.0387,0.9993,12,29,1,0,149.79,589.5
256.68,-0.0215,0.9998,12,30,1,0,236.1,805.0
156.24,-0.0043,1.0,12,31,1,0,154.1,582.0
140.59,0.0172,0.9999,1,1,1,0,112.69,679.25
233.11,0.0344,0.9994,1,2,1,0,193.92,516.68
239.57,0.0516,0.9987,1,3,1,0,221.13,472.25
179.33,0.0688,0.9976,1,4,1,0,118.26,546.75
208.96,0.0859,0.9963,1,5,1,0,121.88,788.25
258.51,0.103,0.9947,1,6,1,0,192.14,565.75
226.55,0.1201,0.9928,1,7,1,0,148.25,845.15
254.55,0.1372,0.9905,1,8,1,0,135.77,968.0
377.61,0.1542,0.988,1,9,1,0,262.54,979.0
232.43,0.1712,0.9852,1,10,1,0,146.22,805.2
175.13,0.1881,0.9821,1,11,1,0,93.59,915.0
203.36,0.205,0.9788,1,12,1,0,198.28,351.25
215.69,0.2218,0.9751,1,13,1,0,210.06,412.25
153.77,0.2385,0.9711,1,14,1,0,170.89,335.25
98.57,0.2552,0.9669,1,15,1,0,97.09,423.75
143.33,0.2718,0.9624,1,16,1,0,131.44,582.0
152.32,0.2883,0.9575,1,17,1,0,167.19,593.0
191.89,0.3047,0.9524,1,18,1,0,203.4,818.25
198.04,0.3211,0.9471,1,19,1,0,198.56,609.88
91.12,0.3373,0.9414,1,20,1,0,56.01,458.5
210.88,0.3534,0.9355,1,21,1,0,164.5,931.1
248.86,0.3695,0.9292,1,22,1,0,279.16,593.75
168.8,0.3854,0.9227,1,23,1,0,185.13,697.65
86.73,0.4012,0.916,1,24,1,0,102.82,335.0
105.39,0.4169,0.9089,1,25,1,0,103.56,282.5
138.53,0.4325,0.9016,1,26,1,0,158.69,261.25
92.74,0.4479,0.8941,1,27,1,0,98.78,201.25
123.06,0.4633,0.8862,1,28,1,0,110.04,415.0
187.89,0.4784,0.8781,1,29,1,0,219.15,553.75
79.17,0.4935,0.8698,1,30,1,0,31.48,953.9
85.1,0.5084,0.8611,1,31,1,0,78.2,724.1
84.61,0.5231,0.8523,2,1,0,0,84.26,818.42
87.18,0.5377,0.8432,2,2,0,0,96.8,635.88
103.31,0.5521,0.8338,2,3,0,0,96.71,753.0
118.23,0.5664,0.8242,2,4,0,0,104.62,517.0
105.12,0.5805,0.8143,2,5,0,0,112.14,550.5
142.37,0.5944,0.8042,2,6,0,0,178.57,410.75
116.41,0.6081,0.7938,2,7,0,0,192.85,424.25
73.83,0.6217,0.7833,2,8,0,0,78.85,281.0
91.53,0.6351,0.7725,2,9,0,0,116.1,255.75
93.96,0.6483,0.7614,2,10,0,0,97.32,266.5
137.57,0.6613,0.7502,2,11,0,0,177.28,403.1
55.0,0.6741,0.7387,2,12,0,0,74.17,211.8
48.7,0.6867,0.727,2,13,0,0,52.97,261.9
63.39,0.6991,0.715,2,14,0,0,69.72,284.48
91.34,0.7113,0.7029,2,15,0,0,97.16,302.0
166.5,0.7233,0.6906,2,16,0,0,140.14,489.0
221.81,0.735,0.678,2,17,0,0,254.05,493.0
202.82,0.7466,0.6653,2,18,0,0,256.19,552.75
180.82,0.7579,0.6523,2,19,0,0,197.74,421.18
147.09,0.769,0.6392,2,20,0,0,204.27,375.5
125.63,0.7799,0.6259,2,21,0,0,121.27,656.0
137.12,0.7906,0.6124,2,22,0,0,142.42,598.33
82.06,0.801,0.5987,2,23,0,0,100.74,433.71
80.97,0.8112,0.5848,2,24,0,0,101.45,294.0
115.56,0.8211,0.5708,2,25,0,0,131.95,342.93
138.48,0.8308,0.5566,2,26,0,0,183.46,388.62
119.02,0.8402,0.5422,2,27,0,0,171.7,601.25
90.5,0.8495,0.5277,2,28,0,0,131.14,342.25
74.16,0.8584,0.513,3,1,0,0,60.12,336.12
91.36,0.8671,0.4981,3,2,0,0,122.77,494.45
61.71,0.8755,0.4831,3,3,0,0,80.19,223.43
54.64,0.8837,0.468,3,4,0,0,54.04,213.2
56.31,0.8916,0.4527,3,5,0,0,73.75,238.5
67.11,0.8993,0.4373,3,6,0,0,102.74,260.5
85.44,0.9067,0.4218,3,7,0,0,122.07,859.6
112.71,0.9138,0.4061,3,8,0,0,170.69,449.76
55.22,0.9207,0.3904,3,9,0,0,43.35,174.25
90.97,0.9272,0.3745,3,10,0,0,142.38,363.25
92.21,0.9335,0.3585,3,11,0,0,126.75,376.25
96.52,0.9396,0.3424,3,12,0,0,128.32,343.0
106.76,0.9453,0.3261,3,13,0,0,170.57,539.25
101.82,0.9508,0.3098,3,14,0,0,169.29,405.0
99.28,0.956,0.2934,3,15,0,0,144.25,493.0
103.45,0.9609,0.2769,3,16,0,0,169.42,311.0
95.66,0.9655,0.2604,3,17,0,0,126.99,277.0
68.73,0.9698,0.2437,3,18,0,0,68.92,246.33
81.25,0.9739,0.227,3,19,0,0,107.01,194.0
56.77,0.9777,0.2102,3,20,0,0,86.71,484.7
46.16,0.9811,0.1934,3,21,0,0,46.26,421.4
78.51,0.9843,0.1765,3,22,0,0,103.87,263.7
72.64,0.9872,0.1595,3,23,0,0,126.92,389.37
87.5,0.9898,0.1425,3,24,0,0,147.35,331.25
40.65,0.9921,0.1255,3,25,0,0,22.9,265.23
65.61,0.9941,0.1084,3,26,0,0,67.31,296.75
59.22,0.9958,0.0913,3,27,0,0,104.09,897.0
68.09,0.9972,0.0741,3,28,0,0,117.08,303.75
86.06,0.9984,0.057,3,29,0,0,147.88,297.25
71.1,0.9992,0.0398,3,30,0,0,110.89,393.2
30.7,0.9997,0.0226,3,31,0,0,33.22,368.03
45.0,1.0,0.0054,4,1,0,0,50.95,280.2
59.81,0.9999,-0.0118,4,2,0,0,80.84,224.28
72.19,0.9996,-0.029,4,3,0,0,121.82,333.0
45.44,0.9989,-0.0462,4,4,0,0,29.36,231.75
54.84,0.998,-0.0634,4,5,0,0,74.72,301.97
41.83,0.9968,-0.0805,4,6,0,0,38.85,274.75
50.13,0.9952,-0.0977,4,7,0,0,62.82,231.4
70.16,0.9934,-0.1148,4,8,0,0,112.22,310.8
104.17,0.9913,-0.1319,4,9,0,0,193.79,517.0
90.88,0.9889,-0.1489,4,10,0,0,162.06,345.5
125.55,0.9861,-0.1659,4,11,0,0,211.25,484.0
80.5,0.9831,-0.1828,4,12,0,0,109.18,301.75
91.21,0.9799,-0.1997,4,13,0,0,134.67,408.07
101.61,0.9763,-0.2165,4,14,0,0,180.79,637.98
102.14,0.9724,-0.2333,4,15,0,0,168.04,426.0
74.74,0.9683,-0.25,4,16,0,0,116.52,292.25
73.07,0.9638,-0.2666,4,17,0,0,100.08,843.0
77.58,0.9591,-0.2831,4,18,0,0,87.12,341.25
61.25,0.9541,-0.2996,4,19,0,0,60.06,355.0
43.08,0.9488,-0.316,4,20,0,0,46.28,257.25
42.14,0.9432,-0.3322,4,21,0,0,38.9,132.0
42.02,0.9373,-0.3484,4,22,0,0,47.82,285.6
27.04,0.9312,-0.3645,4,23,0,0,22.57,116.15
60.44,0.9248,-0.3804,4,24,0,0,93.49,284.25
57.03,0.9181,-0.3963,4,25,0,0,54.03,232.0
89.57,0.9112,-0.412,4,26,0,0,102.38,227.88
81.27,0.9039,-0.4276,4,27,0,0,126.06,347.77
69.6,0.8965,-0.4431,4,28,0,0,79.05,230.5
74.43,0.8887,-0.4585,4,29,0,0,104.95,512.24
51.31,0.8807,-0.4737,4,30,0,0,52.35,388.1
42.14,0.8724,-0.4888,5,1,0,0,40.18,123.7
40.17,0.8639,-0.5037,5,2,0,0,33.05,142.0
46.47,0.8551,-0.5185,5,3,0,0,61.87,161.0
61.21,0.846,-0.5331,5,4,0,0,69.35,212.75
81.37,0.8367,-0.5476,5,5,0,0,90.75,335.0
104.11,0.8272,-0.5619,5,6,0,0,196.28,426.25
65.47,0.8174,-0.5761,5,7,0,0,75.25,269.5
54.44,0.8074,-0.59,5,8,0,0,80.29,242.4
95.57,0.7971,-0.6038,5,9,0,0,166.97,316.75
91.05,0.7866,-0.6175,5,10,0,0,128.71,319.0
130.6,0.7759,-0.6309,5,11,0,0,209.36,393.0
91.49,0.7649,-0.6442,5,12,0,0,100.45,348.88
99.09,0.7537,-0.6572,5,13,0,0,109.57,485.68
98.57,0.7423,-0.6701,5,14,0,0,136.92,479.27
38.31,0.7306,-0.6828,5,15,0,0,29.97,302.67
136.34,0.7188,-0.6952,5,16,0,0,257.39,858.0
90.2,0.7067,-0.7075,5,17,0,0,128.36,439.2
41.38,0.6945,-0.7195,5,18,0,0,32.39,475.8
66.91,0.682,-0.7314,5,19,0,0,82.41,324.2
69.13,0.6693,-0.743,5,20,0,0,97.72,410.08
81.61,0.6564,-0.7544,5,21,0,0,112.52,418.88
62.36,0.6433,-0.7656,5,22,0,0,47.74,293.65
51.37,0.6301,-0.7765,5,23,0,0,39.71,426.07
30.2,0.6166,-0.7873,5,24,0,0,33.36,224.1
25.89,0.603,-0.7978,5,25,0,0,20.93,134.75
26.17,0.5892,-0.808,5,26,0,0,23.94,150.6
33.7,0.5752,-0.818,5,27,0,0,29.09,523.54
56.8,0.561,-0.8278,5,28,0,0,80.39,233.0
37.1,0.5467,-0.8373,5,29,0,0,30.3,130.5
40.46,0.5322,-0.8466,5,30,0,0,55.96,135.7
33.88,0.5176,-0.8556,5,31,0,0,31.72,143.0
46.64,0.5028,-0.8644,6,1,0,0,58.04,292.76
41.96,0.4878,-0.8729,6,2,0,0,45.19,187.5
53.0,0.4728,-0.8812,6,3,0,0,61.51,386.5
78.77,0.4575,-0.8892,6,4,0,0,80.91,325.5
62.55,0.4422,-0.8969,6,5,0,0,71.0,251.1
67.29,0.4267,-0.9044,6,6,0,0,33.7,572.5
68.05,0.4111,-0.9116,6,7,0,0,92.24,474.55
53.69,0.3953,-0.9185,6,8,0,0,69.34,233.88
43.43,0.3795,-0.9252,6,9,0,0,43.51,173.5
40.9,0.3635,-0.9316,6,10,0,0,41.88,253.85
39.92,0.3474,-0.9377,6,11,0,0,35.37,191.32
51.16,0.3312,-0.9436,6,12,0,0,50.58,183.13
58.07,0.3149,-0.9491,6,13,0,0,62.85,247.82
45.05,0.2986,-0.9544,6,14,0,0,47.56,165.3
36.9,0.2821,-0.9594,6,15,0,0,41.12,210.9
37.95,0.2656,-0.9641,6,16,0,0,48.17,185.82
42.72,0.2489,-0.9685,6,17,0,0,46.56,196.94
30.42,0.2322,-0.9727,6,18,0,0,37.76,95.27
26.76,0.2155,-0.9765,6,19,0,0,19.09,89.0
40.77,0.1986,-0.9801,6,20,0,0,53.19,135.0
37.05,0.1818,-0.9833,6,21,0,0,27.92,126.36
41.72,0.1648,-0.9863,6,22,0,0,35.46,199.0
49.84,0.1478,-0.989,6,23,0,0,32.79,132.8
53.71,0.1308,-0.9914,6,24,0,0,59.12,164.0
26.17,0.1137,-0.9935,6,25,0,0,10.57,213.9
45.76,0.0966,-0.9953,6,26,0,0,58.46,238.0
35.56,0.0795,-0.9968,6,27,0,0,22.2,134.5
33.49,0.0623,-0.9981,6,28,0,0,42.22,122.25
40.76,0.0451,-0.999,6,29,0,0,45.28,206.0
25.96,0.028,-0.9996,6,30,0,0,19.04,324.97
23.8,0.0108,-0.9999,7,1,0,0,26.41,96.0
34.21,-0.0065,-1.0,7,2,0,0,26.01,119.0
53.81,-0.0237,-0.9997,7,3,0,0,37.97,133.0
49.22,-0.0408,-0.9992,7,4,0,0,51.84,135.02
37.45,-0.058,-0.9983,7,5,0,0,41.64,86.0
28.22,-0.0752,-0.9972,7,6,0,0,45.88,88.58
33.63,-0.0923,-0.9957,7,7,0,0,33.24,155.48
27.02,-0.1094,-0.994,7,8,0,0,21.61,192.15
23.16,-0.1265,-0.992,7,9,0,0,29.5,102.5
27.0,-0.1436,-0.9896,7,10,0,0,34.64,127.0
33.59,-0.1606,-0.987,7,11,0,0,36.34,95.5
32.39,-0.1775,-0.9841,7,12,0,0,32.56,101.15
37.11,-0.1944,-0.9809,7,13,0,0,36.05,103.0
36.83,-0.2113,-0.9774,7,14,0,0,37.88,86.6
37.5,-0.2281,-0.9736,7,15,0,0,32.62,135.25
28.46,-0.2448,-0.9696,7,16,0,0,25.38,107.4
45.31,-0.2614,-0.9652,7,17,0,0,30.88,158.0
35.48,-0.278,-0.9606,7,18,0,0,38.27,74.89
32.01,-0.2945,-0.9557,7,19,0,0,28.76,70.43
43.29,-0.3109,-0.9505,7,20,0,0,44.02,244.25
53.1,-0.3272,-0.945,7,21,0,0,60.53,274.0
34.44,-0.3434,-0.9392,7,22,0,0,34.98,124.7
27.59,-0.3595,-0.9332,7,23,0,0,26.55,94.0
30.6,-0.3755,-0.9268,7,24,0,0,33.99,141.0
43.11,-0.3914,-0.9202,7,25,0,0,37.92,123.33
24.52,-0.4071,-0.9134,7,26,0,0,10.76,91.6
39.93,-0.4228,-0.9062,7,27,0,0,45.29,160.75
35.1,-0.4383,-0.8988,7,28,0,0,43.94,172.36
16.8,-0.4537,-0.8912,7,29,0,0,18.34,95.0
23.51,-0.469,-0.8832,7,30,0,0,21.03,138.43
45.49,-0.4841,-0.875,7,31,0,0,57.92,853.8
28.05,-0.4991,-0.8666,8,1,0,0,23.08,105.33
27.37,-0.5139,-0.8578,8,2,0,0,27.07,335.4
31.06,-0.5286,-0.8489,8,3,0,0,25.45,183.33
36.88,-0.5431,-0.8397,8,4,0,0,30.03,250.75
40.65,-0.5575,-0.8302,8,5,0,0,37.91,558.29
30.95,-0.5717,-0.8205,8,6,0,0,26.53,315.18
29.26,-0.5857,-0.8105,8,7,0,0,26.44,98.5
30.8,-0.5996,-0.8003,8,8,0,0,27.08,137.0
36.83,-0.6132,-0.7899,8,9,0,0,29.18,150.12
37.31,-0.6267,-0.7792,8,10,0,0,33.22,129.6
40.24,-0.64,-0.7683,8,11,0,0,35.46,237.7
35.54,-0.6532,-0.7572,8,12,0,0,31.69,172.82
30.13,-0.6661,-0.7459,8,13,0,0,26.24,177.0
36.36,-0.6788,-0.7343,8,14,0,0,35.75,161.0
46.34,-0.6914,-0.7225,8,15,0,0,49.85,262.0
47.54,-0.7037,-0.7105,8,16,0,0,49.9,166.25
41.3,-0.7158,-0.6983,8,17,0,0,39.35,117.0
45.5,-0.7277,-0.6859,8,18,0,0,38.4,223.76
45.16,-0.7394,-0.6733,8,19,0,0,23.41,160.25
38.0,-0.7509,-0.6605,8,20,0,0,45.6,180.0
39.39,-0.7621,-0.6474,8,21,0,0,38.68,118.25
37.83,-0.7731,-0.6342,8,22,0,0,42.07,167.0
24.4,-0.7839,-0.6208,8,23,0,0,25.96,129.0
31.87,-0.7945,-0.6073,8,24,0,0,25.48,625.79
35.18,-0.8048,-0.5935,8,25,0,0,29.15,122.33
45.15,-0.8149,-0.5796,8,26,0,0,39.47,163.97
53.2,-0.8248,-0.5655,8,27,0,0,65.29,151.2
48.16,-0.8344,-0.5512,8,28,0,0,46.22,196.04
44.85,-0.8437,-0.5368,8,29,0,0,31.69,135.5
48.19,-0.8528,-0.5222,8,30,0,0,45.46,289.6
48.55,-0.8617,-0.5074,8,31,0,0,56.61,188.69
41.84,-0.8703,-0.4925,9,1,0,0,47.03,117.0
41.91,-0.8786,-0.4775,9,2,0,0,42.76,425.9
40.67,-0.8867,-0.4623,9,3,0,0,41.45,167.62
39.55,-0.8945,-0.447,9,4,0,0,47.47,201.6
39.25,-0.9021,-0.4315,9,5,0,0,33.24,126.67
31.96,-0.9094,-0.4159,9,6,0,0,31.6,240.07
34.79,-0.9164,-0.4002,9,7,0,0,29.54,120.0
23.47,-0.9232,-0.3844,9,8,0,0,18.74,134.67
13.58,-0.9296,-0.3685,9,9,0,0,11.89,238.75
11.76,-0.9358,-0.3524,9,10,0,0,19.09,276.5
26.75,-0.9418,-0.3363,9,11,0,0,21.54,129.8
37.65,-0.9474,-0.32,9,12,0,0,35.75,132.4
51.37,-0.9528,-0.3037,9,13,0,0,42.36,155.33
57.35,-0.9579,-0.2873,9,14,0,0,57.39,183.8
35.66,-0.9627,-0.2707,9,15,0,0,32.14,119.3
31.21,-0.9672,-0.2541,9,16,0,0,36.63,587.47
25.16,-0.9714,-0.2375,9,17,0,0,25.36,129.0
18.76,-0.9753,-0.2207,9,18,0,0,21.04,147.5
27.1,-0.979,-0.2039,9,19,0,0,25.77,759.58
39.61,-0.9824,-0.187,9,20,0,0,45.44,246.0
40.36,-0.9854,-0.1701,9,21,0,0,40.94,282.0
51.72,-0.9882,-0.1531,9,22,0,0,57.98,134.35
47.3,-0.9907,-0.1361,9,23,0,0,44.72,563.34
60.51,-0.9929,-0.1191,9,24,0,0,87.9,237.75
63.7,-0.9948,-0.102,9,25,0,0,70.64,709.0
69.31,-0.9964,-0.0848,9,26,0,0,82.78,152.0
51.92,-0.9977,-0.0677,9,27,0,0,52.16,442.17
58.6,-0.9987,-0.0505,9,28,0,0,63.85,141.5
69.08,-0.9994,-0.0333,9,29,0,0,76.33,157.9
65.54,-0.9999,-0.0161,9,30,0,0,84.43,275.0
64.31,-1.0,0.0011,10,1,0,0,77.34,153.8
61.74,-0.9998,0.0183,10,2,0,0,71.87,269.05
64.71,-0.9994,0.0355,10,3,0,0,76.32,278.07
72.24,-0.9986,0.0527,10,4,0,0,87.17,179.1
83.87,-0.9976,0.0698,10,5,0,0,80.79,335.83
91.94,-0.9962,0.087,10,6,0,0,95.15,480.25
81.62,-0.9946,0.1041,10,7,0,0,92.96,329.0
65.44,-0.9926,0.1212,10,8,0,0,53.8,451.02
70.25,-0.9904,0.1383,10,9,0,0,49.29,422.12
69.95,-0.9879,0.1553,10,10,0,0,48.84,763.0
84.32,-0.9851,0.1722,10,11,0,0,101.64,250.0
107.82,-0.9819,0.1892,10,12,0,0,156.92,527.25
130.11,-0.9785,0.206,10,13,0,0,184.16,805.25
110.14,-0.9749,0.2228,10,14,0,0,146.24,452.2
89.09,-0.9709,0.2396,10,15,1,0,113.73,439.25
65.05,-0.9666,0.2562,10,16,1,0,98.0,189.5
42.19,-0.9621,0.2728,10,17,1,0,28.41,171.0
52.36,-0.9572,0.2893,10,18,1,0,63.07,180.0
55.38,-0.9521,0.3057,10,19,1,0,60.28,166.5
98.18,-0.9467,0.3221,10,20,1,1,145.11,425.42
139.65,-0.941,0.3383,10,21,1,1,189.46,458.48
153.79,-0.9351,0.3545,10,22,1,1,194.82,410.0
129.89,-0.9288,0.3705,10,23,1,1,228.84,407.75
101.39,-0.9223,0.3864,10,24,1,1,127.4,323.5
123.36,-0.9155,0.4022,10,25,1,1,152.14,404.0
117.31,-0.9085,0.4179,10,26,1,1,144.12,613.0
136.62,-0.9012,0.4335,10,27,1,1,153.67,534.5
162.96,-0.8936,0.4489,10,28,1,1,200.82,563.0
174.32,-0.8857,0.4642,10,29,1,1,219.06,400.0
184.86,-0.8776,0.4794,10,30,1,1,223.49,476.0
205.19,-0.8692,0.4944,10,31,1,1,231.99,443.5
185.71,-0.8606,0.5093,11,1,1,1,221.1,443.75
312.49,-0.8517,0.524,11,2,1,1,270.19,652.5
310.48,-0.8426,0.5386,11,3,1,1,428.5,646.75
334.72,-0.8332,0.553,11,4,1,1,328.77,637.25
333.91,-0.8235,0.5672,11,5,1,1,392.4,771.0
262.43,-0.8137,0.5813,11,6,1,1,335.16,621.75
266.06,-0.8035,0.5952,11,7,1,1,271.85,554.25
282.3,-0.7932,0.609,11,8,1,1,341.5,669.0
328.8,-0.7826,0.6225,11,9,1,1,368.02,608.0
123.09,-0.7718,0.6359,11,10,1,1,42.35,639.5
92.82,-0.7607,0.6491,11,11,1,1,89.57,245.17
136.56,-0.7494,0.6621,11,12,1,1,117.27,973.0
309.44,-0.7379,0.6749,11,13,1,1,337.28,997.0
233.61,-0.7262,0.6875,11,14,1,1,252.5,633.05
257.18,-0.7143,0.6998,11,15,1,1,349.19,527.75
325.3,-0.7021,0.712,11,16,1,1,364.68,632.75
235.51,-0.6898,0.724,11,17,1,1,335.7,633.0
158.45,-0.6772,0.7358,11,18,1,1,178.05,381.0
160.41,-0.6645,0.7473,11,19,1,1,171.08,544.0
201.14,-0.6515,0.7586,11,20,1,1,251.19,636.81
235.7,-0.6384,0.7697,11,21,1,0,257.44,404.0
239.69,-0.625,0.7806,11,22,1,0,276.53,514.0
247.62,-0.6115,0.7912,11,23,1,0,267.48,635.93
303.74,-0.5978,0.8016,11,24,1,0,346.38,910.5
254.87,-0.584,0.8118,11,25,1,0,305.8,508.25
270.39,-0.5699,0.8217,11,26,1,0,315.22,717.5
228.52,-0.5557,0.8314,11,27,1,0,267.01,471.5
136.84,-0.5413,0.8408,11,28,1,0,182.42,350.0
188.94,-0.5268,0.85,11,29,1,0,180.79,549.0
254.65,-0.5121,0.859,11,30,1,0,296.44,555.0
223.03,-0.4972,0.8676,12,1,1,0,224.22,552.0
161.3,-0.4822,0.8761,12,2,1,0,176.49,382.25
154.52,-0.4671,0.8842,12,3,1,0,184.0,542.0
154.1,-0.4518,0.8921,12,4,1,0,182.68,612.28
139.18,-0.4364,0.8998,12,5,1,0,173.96,394.75
139.58,-0.4208,0.9071,12,6,1,0,161.97,389.0
174.82,-0.4052,0.9142,12,7,1,0,197.11,578.0
161.49,-0.3894,0.9211,12,8,1,0,156.9,475.0
163.31,-0.3735,0.9276,12,9,1,0,175.44,427.5
156.68,-0.3575,0.9339,12,10,1,0,160.56,463.0
168.19,-0.3413,0.9399,12,11,1,0,182.37,561.0
227.63,-0.3251,0.9457,12,12,1,0,294.87,665.51
231.66,-0.3088,0.9511,12,13,1,0,294.47,719.0
169.19,-0.2924,0.9563,12,14,1,0,191.95,493.0
186.46,-0.2759,0.9612,12,15,1,0,220.69,482.0
219.33,-0.2593,0.9658,12,16,1,0,280.89,541.91
201.73,-0.2427,0.9701,12,17,1,0,245.12,608.0
154.57,-0.226,0.9741,12,18,1,0,174.45,365.5
131.33,-0.2092,0.9779,12,19,1,0,149.75,420.75
153.31,-0.1923,0.9813,12,20,1,0,140.51,486.06
231.12,-0.1754,0.9845,12,21,1,0,244.39,542.82
309.16,-0.1585,0.9874,12,22,1,0,272.04,634.0
316.03,-0.1414,0.9899,12,23,1,0,372.88,889.5
285.82,-0.1244,0.9922,12,24,1,0,359.89,656.25
216.32,-0.1073,0.9942,12,25,1,0,210.69,579.33
232.53,-0.0902,0.9959,12,26,1,0,227.58,572.75
261.75,-0.073,0.9973,12,27,1,0,187.44,613.75
188.87,-0.0559,0.9984,12,28,1,0,138.42,437.5
253.49,-0.0387,0.9993,12,29,1,0,197.63,560.75
248.19,-0.0215,0.9998,12,30,1,0,214.17,401.0
215.66,-0.0043,1.0,12,31,1,0,191.45,356.0
176.71,0.0172,0.9999,1,1,1,0,154.68,355.0
180.65,0.0344,0.9994,1,2,1,0,168.0,478.5
191.73,0.0516,0.9987,1,3,1,0,129.29,716.0
215.34,0.0688,0.9976,1,4,1,0,189.23,465.75
158.89,0.0859,0.9963,1,5,1,0,117.06,353.25
170.61,0.103,0.9947,1,6,1,0,129.12,473.67
167.25,0.1201,0.9928,1,7,1,0,134.64,473.25
227.1,0.1372,0.9905,1,8,1,0,166.1,737.75
131.42,0.1542,0.988,1,9,1,0,143.72,288.12
154.84,0.1712,0.9852,1,10,1,0,107.78,457.17
188.87,0.1881,0.9821,1,11,1,0,157.43,515.5
181.96,0.205,0.9788,1,12,1,0,127.27,881.0
353.96,0.2218,0.9751,1,13,1,0,224.6,958.0
322.05,0.2385,0.9711,1,14,1,0,237.24,919.0
185.48,0.2552,0.9669,1,15,1,0,135.55,704.75
241.48,0.2718,0.9624,1,16,1,0,211.13,522.5
204.75,0.2883,0.9575,1,17,1,0,183.05,478.75
171.02,0.3047,0.9524,1,18,1,0,102.78,445.0
180.88,0.3211,0.9471,1,19,1,0,144.48,352.0
185.5,0.3373,0.9414,1,20,1,0,138.15,534.0
170.0,0.3534,0.9355,1,21,1,0,135.9,377.75
206.04,0.3695,0.9292,1,22,1,0,144.34,701.0
219.24,0.3854,0.9227,1,23,1,0,142.07,487.0
246.43,0.4012,0.916,1,24,1,0,216.23,531.75
194.53,0.4169,0.9089,1,25,1,0,103.21,655.75
289.48,0.4325,0.9016,1,26,1,0,260.3,917.0
181.24,0.4479,0.8941,1,27,1,0,191.55,583.75
252.72,0.4633,0.8862,1,28,1,0,244.89,693.85
202.95,0.4784,0.8781,1,29,1,0,155.93,541.75
213.54,0.4935,0.8698,1,30,1,0,130.5,529.25
223.33,0.5084,0.8611,1,31,1,0,196.58,517.0
65.75,0.5231,0.8523,2,1,0,0,39.6,201.5
102.63,0.5377,0.8432,2,2,0,0,75.95,242.25
98.88,0.5521,0.8338,2,3,0,0,86.22,505.67
122.9,0.5664,0.8242,2,4,0,0,107.12,379.5
74.81,0.5805,0.8143,2,5,0,0,82.84,184.25
66.58,0.5944,0.8042,2,6,0,0,63.62,361.75
76.73,0.6081,0.7938,2,7,0,0,85.12,255.0
68.77,0.6217,0.7833,2,8,0,0,72.95,154.25
79.73,0.6351,0.7725,2,9,0,0,71.07,558.5
176.74,0.6483,0.7614,2,10,0,0,203.85,389.5
155.21,0.6613,0.7502,2,11,0,0,183.53,441.15
156.73,0.6741,0.7387,2,12,0,0,157.1,623.22
203.35,0.6867,0.727,2,13,0,0,210.56,458.74
167.1,0.6991,0.715,2,14,0,0,188.5,370.0
127.23,0.7113,0.7029,2,15,0,0,146.4,330.25
119.97,0.7233,0.6906,2,16,0,0,154.31,300.5
119.98,0.735,0.678,2,17,0,0,144.88,646.0
131.33,0.7466,0.6653,2,18,0,0,173.24,354.5
89.77,0.7579,0.6523,2,19,0,0,94.2,177.0
120.38,0.769,0.6392,2,20,0,0,118.12,384.67
89.5,0.7799,0.6259,2,21,0,0,92.84,263.0
61.85,0.7906,0.6124,2,22,0,0,89.15,268.68
61.04,0.801,0.5987,2,23,0,0,90.79,217.0
87.64,0.8112,0.5848,2,24,0,0,115.14,300.0
81.27,0.8211,0.5708,2,25,0,0,119.8,288.75
78.98,0.8308,0.5566,2,26,0,0,86.04,306.0
62.45,0.8402,0.5422,2,27,0,0,58.12,304.5
62.5,0.8495,0.5277,2,28,0,0,78.98,150.0
67.57,0.8584,0.513,2,29,0,0,85.39,255.67
91.52,0.8671,0.4981,3,1,0,0,134.08,369.75
33.53,0.8755,0.4831,3,2,0,0,30.69,331.1
48.58,0.8837,0.468,3,3,0,0,49.28,117.9
49.29,0.8916,0.4527,3,4,0,0,71.84,205.88
51.0,0.8993,0.4373,3,5,0,0,69.14,175.0
64.49,0.9067,0.4218,3,6,0,0,79.17,183.0
80.81,0.9138,0.4061,3,7,0,0,121.31,337.5
66.34,0.9207,0.3904,3,8,0,0,104.42,274.0
63.06,0.9272,0.3745,3,9,0,0,93.09,285.0
86.75,0.9335,0.3585,3,10,0,0,138.24,316.0
88.46,0.9396,0.3424,3,11,0,0,131.6,283.0
86.46,0.9453,0.3261,3,12,0,0,148.93,356.25
78.88,0.9508,0.3098,3,13,0,0,127.07,374.75
87.64,0.956,0.2934,3,14,0,0,146.29,340.25
47.12,0.9609,0.2769,3,15,0,0,61.55,523.84
77.67,0.9655,0.2604,3,16,0,0,97.76,272.5
91.12,0.9698,0.2437,3,17,0,0,140.8,319.25
93.32,0.9739,0.227,3,18,0,0,157.23,291.25
108.69,0.9777,0.2102,3,19,0,0,175.32,376.25
108.6,0.9811,0.1934,3,20,0,0,172.42,421.5
77.68,0.9843,0.1765,3,21,0,0,59.9,330.25
82.59,0.9872,0.1595,3,22,0,0,79.74,827.0
96.68,0.9898,0.1425,3,23,0,0,130.32,452.25
86.06,0.9921,0.1255,3,24,0,0,153.42,546.43
95.96,0.9941,0.1084,3,25,0,0,123.37,766.1
64.8,0.9958,0.0913,3,26,0,0,93.9,230.75
71.34,0.9972,0.0741,3,27,0,0,105.85,633.7
68.5,0.9984,0.057,3,28,0,0,91.49,426.88
85.28,0.9992,0.0398,3,29,0,0,117.0,568.35
86.72,0.9997,0.0226,3,30,0,0,102.6,518.72
94.3,1.0,0.0054,3,31,0,0,161.78,409.5
53.67,0.9999,-0.0118,4,1,0,0,88.33,567.9
64.78,0.9996,-0.029,4,2,0,0,118.59,542.43
75.55,0.9989,-0.0462,4,3,0,0,95.29,258.08
64.74,0.998,-0.0634,4,4,0,0,66.14,347.84
63.67,0.9968,-0.0805,4,5,0,0,84.65,237.42
69.6,0.9952,-0.0977,4,6,0,0,110.57,272.0
84.93,0.9934,-0.1148,4,7,0,0,177.41,398.0
88.75,0.9913,-0.1319,4,8,0,0,163.73,446.92
85.74,0.9889,-0.1489,4,9,0,0,124.7,331.43
98.3,0.9861,-0.1659,4,10,0,0,141.13,408.4
88.87,0.9831,-0.1828,4,11,0,0,143.02,483.95
105.11,0.9799,-0.1997,4,12,0,0,166.63,368.48
66.97,0.9763,-0.2165,4,13,0,0,76.5,438.28
64.63,0.9724,-0.2333,4,14,0,0,78.3,294.48
105.5,0.9683,-0.25,4,15,0,0,152.52,465.69
86.72,0.9638,-0.2666,4,16,0,0,153.98,448.0
43.9,0.9591,-0.2831,4,17,0,0,66.24,288.8
56.12,0.9541,-0.2996,4,18,0,0,92.33,375.4
63.15,0.9488,-0.316,4,19,0,0,82.74,302.02
65.01,0.9432,-0.3322,4,20,0,0,90.71,356.66
47.47,0.9373,-0.3484,4,21,0,0,64.36,311.12
40.97,0.9312,-0.3645,4,22,0,0,27.3,309.25
71.66,0.9248,-0.3804,4,23,0,0,92.4,332.25
70.77,0.9181,-0.3963,4,24,0,0,126.53,405.0
83.96,0.9112,-0.412,4,25,0,0,174.96,518.25
66.73,0.9039,-0.4276,4,26,0,0,92.69,260.0
57.75,0.8965,-0.4431,4,27,0,0,66.83,278.97
58.7,0.8887,-0.4585,4,28,0,0,67.53,340.22
80.76,0.8807,-0.4737,4,29,0,0,131.67,234.5
63.92,0.8724,-0.4888,4,30,0,0,91.66,325.5
65.65,0.8639,-0.5037,5,1,0,0,62.86,392.75
83.75,0.8551,-0.5185,5,2,0,0,120.49,362.0
134.28,0.846,-0.5331,5,3,0,0,202.24,468.98
142.52,0.8367,-0.5476,5,4,0,0,227.39,440.95
142.22,0.8272,-0.5619,5,5,0,0,264.3,575.75
114.38,0.8174,-0.5761,5,6,0,0,178.61,544.28
153.68,0.8074,-0.59,5,7,0,0,242.45,501.0
75.7,0.7971,-0.6038,5,8,0,0,65.79,381.71
57.38,0.7866,-0.6175,5,9,0,0,42.19,190.7
79.65,0.7759,-0.6309,5,10,0,0,69.38,942.14
72.03,0.7649,-0.6442,5,11,0,0,87.8,937.56
85.34,0.7537,-0.6572,5,12,0,0,93.66,416.0
96.45,0.7423,-0.6701,5,13,0,0,108.86,447.62
110.77,0.7306,-0.6828,5,14,0,0,184.72,942.06
125.21,0.7188,-0.6952,5,15,0,0,191.41,497.88
105.87,0.7067,-0.7075,5,16,0,0,103.27,336.32
91.4,0.6945,-0.7195,5,17,0,0,97.71,455.2
110.13,0.682,-0.7314,5,18,0,0,142.61,461.08
97.3,0.6693,-0.743,5,19,0,0,165.85,331.0
86.89,0.6564,-0.7544,5,20,0,0,133.35,942.44
82.25,0.6433,-0.7656,5,21,0,0,80.16,345.62
71.31,0.6301,-0.7765,5,22,0,0,73.7,199.0
54.6,0.6166,-0.7873,5,23,0,0,50.08,534.0
55.08,0.603,-0.7978,5,24,0,0,51.51,687.33
69.06,0.5892,-0.808,5,25,0,0,78.33,484.22
77.83,0.5752,-0.818,5,26,0,0,122.22,724.05
94.46,0.561,-0.8278,5,27,0,0,115.4,806.88
95.19,0.5467,-0.8373,5,28,0,0,109.84,503.78
72.41,0.5322,-0.8466,5,29,0,0,69.93,232.07
67.0,0.5176,-0.8556,5,30,0,0,75.42,530.0
71.57,0.5028,-0.8644,5,31,0,0,82.35,720.85
75.06,0.4878,-0.8729,6,1,0,0,88.07,484.68
47.07,0.4728,-0.8812,6,2,0,0,52.75,353.9
58.78,0.4575,-0.8892,6,3,0,0,55.73,830.8
77.2,0.4422,-0.8969,6,4,0,0,65.62,651.9
75.46,0.4267,-0.9044,6,5,0,0,61.75,960.04
56.97,0.4111,-0.9116,6,6,0,0,54.09,960.04
64.59,0.3953,-0.9185,6,7,0,0,88.6,826.68
62.7,0.3795,-0.9252,6,8,0,0,70.07,517.0
55.34,0.3635,-0.9316,6,9,0,0,76.61,783.42
54.09,0.3474,-0.9377,6,10,0,0,50.08,545.1
87.56,0.3312,-0.9436,6,11,0,0,145.0,958.38
69.53,0.3149,-0.9491,6,12,0,0,79.64,604.6
54.47,0.2986,-0.9544,6,13,0,0,40.91,555.92
47.73,0.2821,-0.9594,6,14,0,0,45.94,957.3
46.51,0.2656,-0.9641,6,15,0,0,40.34,366.6
57.05,0.2489,-0.9685,6,16,0,0,71.94,435.58
54.85,0.2322,-0.9727,6,17,0,0,63.44,257.74
72.03,0.2155,-0.9765,6,18,0,0,65.02,275.75
66.38,0.1986,-0.9801,6,19,0,0,46.3,505.3
45.45,0.1818,-0.9833,6,20,0,0,39.76,250.05
64.15,0.1648,-0.9863,6,21,0,0,65.06,222.48
90.97,0.1478,-0.989,6,22,0,0,143.47,530.9
62.9,0.1308,-0.9914,6,23,0,0,73.78,290.55
59.25,0.1137,-0.9935,6,24,0,0,73.91,214.62
67.44,0.0966,-0.9953,6,25,0,0,72.47,540.02
51.45,0.0795,-0.9968,6,26,0,0,72.43,247.49
30.98,0.0623,-0.9981,6,27,0,0,36.68,895.74
37.15,0.0451,-0.999,6,28,0,0,13.21,551.28
46.95,0.028,-0.9996,6,29,0,0,66.67,296.73
60.22,0.0108,-0.9999,6,30,0,0,62.81,210.0
35.88,-0.0065,-1.0,7,1,0,0,25.08,116.0
42.69,-0.0237,-0.9997,7,2,0,0,56.37,223.0
35.51,-0.0408,-0.9992,7,3,0,0,43.66,212.0
28.18,-0.058,-0.9983,7,4,0,0,24.9,942.06
28.51,-0.0752,-0.9972,7,5,0,0,41.37,111.0
23.94,-0.0923,-0.9957,7,6,0,0,28.39,74.0
11.97,-0.1094,-0.994,7,7,0,0,9.79,73.0
21.51,-0.1265,-0.992,7,8,0,0,22.95,102.0
45.17,-0.1436,-0.9896,7,9,0,0,45.34,957.7
61.77,-0.1606,-0.987,7,10,0,0,76.81,949.68
52.49,-0.1775,-0.9841,7,11,0,0,60.01,274.4
27.52,-0.1944,-0.9809,7,12,0,0,18.67,110.73
38.3,-0.2113,-0.9774,7,13,0,0,31.73,201.77
49.25,-0.2281,-0.9736,7,14,0,0,56.36,234.0
46.03,-0.2448,-0.9696,7,15,0,0,55.25,332.97
43.63,-0.2614,-0.9652,7,16,0,0,49.58,151.0
36.11,-0.278,-0.9606,7,17,0,0,32.5,206.0
43.18,-0.2945,-0.9557,7,18,0,0,49.19,185.0
65.17,-0.3109,-0.9505,7,19,0,0,68.39,176.0
49.09,-0.3272,-0.945,7,20,0,0,41.51,399.82
41.75,-0.3434,-0.9392,7,21,0,0,35.8,190.0
34.71,-0.3595,-0.9332,7,22,0,0,41.74,205.1
43.21,-0.3755,-0.9268,7,23,0,0,40.94,223.0
47.22,-0.3914,-0.9202,7,24,0,0,22.37,202.34
38.5,-0.4071,-0.9134,7,25,0,0,30.7,197.0
48.84,-0.4228,-0.9062,7,26,0,0,25.79,774.31
44.1,-0.4383,-0.8988,7,27,0,0,43.08,262.5
29.58,-0.4537,-0.8912,7,28,0,0,47.7,187.13
32.49,-0.469,-0.8832,7,29,0,0,29.25,213.83
40.78,-0.4841,-0.875,7,30,0,0,38.51,129.0
33.63,-0.4991,-0.8666,7,31,0,0,39.57,521.6
19.11,-0.5139,-0.8578,8,1,0,0,11.78,765.9
32.99,-0.5286,-0.8489,8,2,0,0,38.25,200.32
22.8,-0.5431,-0.8397,8,3,0,0,22.33,89.0
18.44,-0.5575,-0.8302,8,4,0,0,17.45,127.0
20.91,-0.5717,-0.8205,8,5,0,0,23.68,60.62
21.03,-0.5857,-0.8105,8,6,0,0,18.45,814.46
18.1,-0.5996,-0.8003,8,7,0,0,14.61,119.6
21.46,-0.6132,-0.7899,8,8,0,0,22.07,299.02
26.0,-0.6267,-0.7792,8,9,0,0,30.82,315.69
33.01,-0.64,-0.7683,8,10,0,0,37.3,127.0
27.23,-0.6532,-0.7572,8,11,0,0,31.07,135.42
28.42,-0.6661,-0.7459,8,12,0,0,28.91,137.84
24.7,-0.6788,-0.7343,8,13,0,0,21.54,906.46
35.64,-0.6914,-0.7225,8,14,0,0,46.9,175.0
27.01,-0.7037,-0.7105,8,15,0,0,27.51,105.0
21.76,-0.7158,-0.6983,8,16,0,0,33.58,93.0
30.57,-0.7277,-0.6859,8,17,0,0,28.92,164.99
30.02,-0.7394,-0.6733,8,18,0,0,28.36,120.15
28.04,-0.7509,-0.6605,8,19,0,0,30.16,120.68
22.69,-0.7621,-0.6474,8,20,0,0,14.25,85.0
29.39,-0.7731,-0.6342,8,21,0,0,25.67,104.0
28.88,-0.7839,-0.6208,8,22,0,0,23.59,256.58
27.7,-0.7945,-0.6073,8,23,0,0,27.96,123.0
48.1,-0.8048,-0.5935,8,24,0,0,66.55,166.0
26.58,-0.8149,-0.5796,8,25,0,0,24.75,165.54
28.36,-0.8248,-0.5655,8,26,0,0,29.9,183.48
20.53,-0.8344,-0.5512,8,27,0,0,22.85,105.96
22.52,-0.8437,-0.5368,8,28,0,0,17.79,83.42
26.93,-0.8528,-0.5222,8,29,0,0,15.53,210.0
47.51,-0.8617,-0.5074,8,30,0,0,60.65,315.0
38.74,-0.8703,-0.4925,8,31,0,0,40.85,186.02
40.45,-0.8786,-0.4775,9,1,0,0,39.96,136.12
32.7,-0.8867,-0.4623,9,2,0,0,34.62,202.36
33.86,-0.8945,-0.447,9,3,0,0,35.89,174.38
23.5,-0.9021,-0.4315,9,4,0,0,25.29,85.0
40.35,-0.9094,-0.4159,9,5,0,0,28.36,512.55
29.93,-0.9164,-0.4002,9,6,0,0,37.68,111.0
28.02,-0.9232,-0.3844,9,7,0,0,34.8,100.0
50.87,-0.9296,-0.3685,9,8,0,0,55.1,141.0
49.05,-0.9358,-0.3524,9,9,0,0,54.34,155.0
42.02,-0.9418,-0.3363,9,10,0,0,48.53,425.68
34.43,-0.9474,-0.32,9,11,0,0,40.96,156.0
16.94,-0.9528,-0.3037,9,12,0,0,11.26,218.7
18.27,-0.9579,-0.2873,9,13,0,0,11.48,80.02
29.35,-0.9627,-0.2707,9,14,0,0,23.69,143.0
41.16,-0.9672,-0.2541,9,15,0,0,33.19,210.75
50.98,-0.9714,-0.2375,9,16,0,0,44.48,256.77
57.66,-0.9753,-0.2207,9,17,0,0,55.58,262.0
36.81,-0.979,-0.2039,9,18,0,0,57.93,175.0
33.65,-0.9824,-0.187,9,19,0,0,22.22,526.78
33.73,-0.9854,-0.1701,9,20,0,0,33.23,251.0
46.57,-0.9882,-0.1531,9,21,0,0,42.56,450.0
73.74,-0.9907,-0.1361,9,22,0,0,83.29,402.0
81.05,-0.9929,-0.1191,9,23,0,0,81.48,693.05
96.32,-0.9948,-0.102,9,24,0,0,92.12,388.0
84.05,-0.9964,-0.0848,9,25,0,0,113.08,405.0
28.35,-0.9977,-0.0677,9,26,0,0,29.5,136.0
17.48,-0.9987,-0.0505,9,27,0,0,15.85,457.93
21.54,-0.9994,-0.0333,9,28,0,0,14.36,279.0
31.56,-0.9999,-0.0161,9,29,0,0,34.07,488.7
63.4,-1.0,0.0011,9,30,0,0,74.46,186.0
50.61,-1.0,0.0011,10,1,0,0,68.41,177.0
54.83,-0.9998,0.0183,10,2,0,0,55.51,178.5
37.36,-0.9994,0.0355,10,3,0,0,49.38,114.33
31.82,-0.9986,0.0527,10,4,0,0,36.44,482.25
40.86,-0.9976,0.0698,10,5,0,0,32.54,129.73
51.69,-0.9962,0.087,10,6,0,0,62.61,703.3
64.6,-0.9946,0.1041,10,7,0,0,64.7,287.25
71.38,-0.9926,0.1212,10,8,0,0,81.18,261.75
67.06,-0.9904,0.1383,10,9,0,0,72.61,196.82
64.56,-0.9879,0.1553,10,10,0,0,73.76,191.25
65.95,-0.9851,0.1722,10,11,0,0,77.68,410.33
70.25,-0.9819,0.1892,10,12,0,0,97.36,458.45
77.42,-0.9785,0.206,10,13,0,0,89.43,166.0
75.29,-0.9749,0.2228,10,14,0,0,88.05,215.48
91.62,-0.9709,0.2396,10,15,1,0,99.28,230.0
160.6,-0.9666,0.2562,10,16,1,0,172.85,361.5
113.29,-0.9621,0.2728,10,17,1,0,165.29,654.75
16.65,-0.9572,0.2893,10,18,1,0,9.86,205.1
52.53,-0.9521,0.3057,10,19,1,0,30.74,186.91
100.85,-0.9467,0.3221,10,20,1,1,96.99,499.75
72.64,-0.941,0.3383,10,21,1,1,65.57,366.97
56.72,-0.9351,0.3545,10,22,1,1,47.4,298.0
62.65,-0.9288,0.3705,10,23,1,1,87.92,226.8
65.97,-0.9223,0.3864,10,24,1,1,88.51,297.68
42.21,-0.9155,0.4022,10,25,1,1,38.28,158.2
69.24,-0.9085,0.4179,10,26,1,1,73.6,325.66
109.05,-0.9012,0.4335,10,27,1,1,132.76,962.47
124.19,-0.8936,0.4489,10,28,1,1,149.44,466.25
130.53,-0.8857,0.4642,10,29,1,1,166.58,432.43
112.9,-0.8776,0.4794,10,30,1,1,148.67,269.0
134.45,-0.8692,0.4944,10,31,1,1,158.28,680.02
139.16,-0.8606,0.5093,11,1,1,1,150.74,417.56
134.71,-0.8517,0.524,11,2,1,1,158.39,401.0
162.74,-0.8426,0.5386,11,3,1,1,158.28,704.5
316.9,-0.8332,0.553,11,4,1,1,267.75,995.0
416.77,-0.8235,0.5672,11,5,1,1,519.22,997.63
319.47,-0.8137,0.5813,11,6,1,1,332.39,765.0
262.63,-0.8035,0.5952,11,7,1,1,321.22,593.5
253.53,-0.7932,0.609,11,8,1,1,332.58,650.67
265.25,-0.7826,0.6225,11,9,1,1,323.17,751.35
233.41,-0.7718,0.6359,11,10,1,1,205.8,975.1
306.53,-0.7607,0.6491,11,11,1,1,285.69,997.6
384.56,-0.7494,0.6621,11,12,1,1,440.73,699.75
263.07,-0.7379,0.6749,11,13,1,1,360.29,663.0
183.04,-0.7262,0.6875,11,14,1,1,182.18,559.29
208.8,-0.7143,0.6998,11,15,1,1,195.1,652.86
252.06,-0.7021,0.712,11,16,1,1,314.24,573.9
213.03,-0.6898,0.724,11,17,1,1,249.61,545.68
213.94,-0.6772,0.7358,11,18,1,1,273.22,646.09
230.41,-0.6645,0.7473,11,19,1,1,286.23,473.25
222.03,-0.6515,0.7586,11,20,1,1,248.07,543.81
187.73,-0.6384,0.7697,11,21,1,0,249.24,521.07
139.41,-0.625,0.7806,11,22,1,0,164.24,300.25
152.83,-0.6115,0.7912,11,23,1,0,146.69,558.85
232.67,-0.5978,0.8016,11,24,1,0,238.73,630.92
258.26,-0.584,0.8118,11,25,1,0,281.81,647.5
272.51,-0.5699,0.8217,11,26,1,0,342.73,920.5
252.82,-0.5557,0.8314,11,27,1,0,277.26,564.9
268.55,-0.5413,0.8408,11,28,1,0,303.6,571.25
214.44,-0.5268,0.85,11,29,1,0,280.48,591.75
174.95,-0.5121,0.859,11,30,1,0,178.7,418.7
251.75,-0.4972,0.8676,12,1,1,0,224.22,628.25
262.35,-0.4822,0.8761,12,2,1,0,303.28,728.75
203.28,-0.4671,0.8842,12,3,1,0,200.73,689.0
171.39,-0.4518,0.8921,12,4,1,0,225.64,515.5
182.26,-0.4364,0.8998,12,5,1,0,212.15,633.25
143.38,-0.4208,0.9071,12,6,1,0,158.74,633.9
109.64,-0.4052,0.9142,12,7,1,0,123.65,298.75
115.53,-0.3894,0.9211,12,8,1,0,127.39,389.45
158.44,-0.3735,0.9276,12,9,1,0,158.08,686.75
150.32,-0.3575,0.9339,12,10,1,0,162.28,433.25
122.17,-0.3413,0.9399,12,11,1,0,130.1,659.0
143.5,-0.3251,0.9457,12,12,1,0,134.15,629.5
208.48,-0.3088,0.9511,12,13,1,0,262.92,938.0
226.41,-0.2924,0.9563,12,14,1,0,276.31,658.75
189.78,-0.2759,0.9612,12,15,1,0,199.17,524.0
219.25,-0.2593,0.9658,12,16,1,0,233.31,550.25
151.99,-0.2427,0.9701,12,17,1,0,187.97,383.0
139.07,-0.226,0.9741,12,18,1,0,141.5,418.8
145.13,-0.2092,0.9779,12,19,1,0,122.5,489.5
196.18,-0.1923,0.9813,12,20,1,0,164.86,985.0
296.12,-0.1754,0.9845,12,21,1,0,370.11,985.0
304.49,-0.1585,0.9874,12,22,1,0,357.49,918.5
352.64,-0.1414,0.9899,12,23,1,0,422.22,840.0
290.86,-0.1244,0.9922,12,24,1,0,319.31,879.5
365.24,-0.1073,0.9942,12,25,1,0,386.2,973.0
367.61,-0.0902,0.9959,12,26,1,0,427.16,835.5
119.32,-0.073,0.9973,12,27,1,0,105.9,707.25
149.27,-0.0559,0.9984,12,28,1,0,152.45,465.0
138.01,-0.0387,0.9993,12,29,1,0,156.99,751.75
164.4,-0.0215,0.9998,12,30,1,0,186.85,931.8
188.11,-0.0043,1.0,12,31,1,0,204.05,934.1
238.69,0.0172,0.9999,1,1,1,0,202.42,773.5
265.11,0.0344,0.9994,1,2,1,0,270.07,818.75
246.69,0.0516,0.9987,1,3,1,0,235.29,856.0
220.81,0.0688,0.9976,1,4,1,0,252.29,698.75
265.96,0.0859,0.9963,1,5,1,0,349.82,682.2
109.5,0.103,0.9947,1,6,1,0,153.98,291.12
70.24,0.1201,0.9928,1,7,1,0,82.85,174.0
46.6,0.1372,0.9905,1,8,1,0,48.84,597.2
44.1,0.1542,0.988,1,9,1,0,26.94,195.67
90.21,0.1712,0.9852,1,10,1,0,81.79,309.67
93.39,0.1881,0.9821,1,11,1,0,95.03,458.75
111.43,0.205,0.9788,1,12,1,0,78.9,493.4
205.32,0.2218,0.9751,1,13,1,0,160.48,813.75
187.32,0.2385,0.9711,1,14,1,0,129.87,479.33
118.68,0.2552,0.9669,1,15,1,0,68.27,375.67
137.41,0.2718,0.9624,1,16,1,0,95.92,415.0
174.77,0.2883,0.9575,1,17,1,0,126.57,505.33
178.79,0.3047,0.9524,1,18,1,0,201.62,444.0
186.01,0.3211,0.9471,1,19,1,0,155.28,600.1
238.21,0.3373,0.9414,1,20,1,0,193.92,451.7
197.22,0.3534,0.9355,1,21,1,0,153.95,560.75
130.02,0.3695,0.9292,1,22,1,0,117.19,903.7
109.91,0.3854,0.9227,1,23,1,0,71.84,534.0
112.47,0.4012,0.916,1,24,1,0,65.48,570.0
119.76,0.4169,0.9089,1,25,1,0,70.15,547.0
126.34,0.4325,0.9016,1,26,1,0,94.48,646.5
118.13,0.4479,0.8941,1,27,1,0,105.53,538.1
103.89,0.4633,0.8862,1,28,1,0,98.14,841.5
124.1,0.4784,0.8781,1,29,1,0,115.06,895.9
143.1,0.4935,0.8698,1,30,1,0,148.19,953.6
215.21,0.5084,0.8611,1,31,1,0,207.11,871.6
202.33,0.5231,0.8523,2,1,0,0,203.1,833.8
161.68,0.5377,0.8432,2,2,0,0,148.87,730.45
142.22,0.5521,0.8338,2,3,0,0,166.98,558.3
64.38,0.5664,0.8242,2,4,0,0,48.62,813.1
129.48,0.5805,0.8143,2,5,0,0,86.26,694.75
162.97,0.5944,0.8042,2,6,0,0,199.03,732.25
123.8,0.6081,0.7938,2,7,0,0,133.18,850.0
146.36,0.6217,0.7833,2,8,0,0,164.75,554.05
95.7,0.6351,0.7725,2,9,0,0,58.05,756.35
82.18,0.6483,0.7614,2,10,0,0,74.62,614.8
88.88,0.6613,0.7502,2,11,0,0,104.79,658.4
93.96,0.6741,0.7387,2,12,0,0,101.03,819.8
125.88,0.6867,0.727,2,13,0,0,164.91,572.25
116.5,0.6991,0.715,2,14,0,0,152.48,685.73
105.06,0.7113,0.7029,2,15,0,0,142.07,680.8
139.55,0.7233,0.6906,2,16,0,0,187.94,518.0
113.76,0.735,0.678,2,17,0,0,128.62,393.5
114.55,0.7466,0.6653,2,18,0,0,180.36,557.7
85.13,0.7579,0.6523,2,19,0,0,98.02,792.75
82.67,0.769,0.6392,2,20,0,0,99.35,814.1
80.89,0.7799,0.6259,2,21,0,0,77.72,841.5
99.45,0.7906,0.6124,2,22,0,0,127.66,669.0
112.36,0.801,0.5987,2,23,0,0,111.56,491.55
149.33,0.8112,0.5848,2,24,0,0,203.59,458.5
126.85,0.8211,0.5708,2,25,0,0,191.24,410.0
27.32,0.8308,0.5566,2,26,0,0,18.8,276.0
43.55,0.8402,0.5422,2,27,0,0,49.78,141.75
46.79,0.8495,0.5277,2,28,0,0,51.25,302.2
85.2,0.8584,0.513,3,1,0,0,103.27,518.8
103.09,0.8671,0.4981,3,2,0,0,149.55,315.75
81.43,0.8755,0.4831,3,3,0,0,89.55,355.0
76.79,0.8837,0.468,3,4,0,0,110.28,265.15
57.07,0.8916,0.4527,3,5,0,0,67.97,177.75
86.4,0.8993,0.4373,3,6,0,0,100.89,624.6
120.95,0.9067,0.4218,3,7,0,0,154.56,475.25
120.12,0.9138,0.4061,3,8,0,0,206.2,489.05
68.32,0.9207,0.3904,3,9,0,0,98.59,244.0
64.08,0.9272,0.3745,3,10,0,0,84.09,397.0
77.38,0.9335,0.3585,3,11,0,0,116.53,253.25
73.17,0.9396,0.3424,3,12,0,0,100.11,228.5
89.79,0.9453,0.3261,3,13,0,0,107.3,258.7
118.62,0.9508,0.3098,3,14,0,0,184.2,354.32
116.63,0.956,0.2934,3,15,0,0,173.89,563.52
92.63,0.9609,0.2769,3,16,0,0,122.83,655.1
118.24,0.9655,0.2604,3,17,0,0,126.48,271.25
137.76,0.9698,0.2437,3,18,0,0,161.62,424.92
106.58,0.9739,0.227,3,19,0,0,114.19,322.88
104.26,0.9777,0.2102,3,20,0,0,125.51,606.98
130.28,0.9811,0.1934,3,21,0,0,188.16,417.5
80.13,0.9843,0.1765,3,22,0,0,91.92,367.0
100.6,0.9872,0.1595,3,23,0,0,131.08,507.0
114.07,0.9898,0.1425,3,24,0,0,193.47,395.0
88.68,0.9921,0.1255,3,25,0,0,120.84,258.08
84.56,0.9941,0.1084,3,26,0,0,130.38,266.25
89.19,0.9958,0.0913,3,27,0,0,117.92,273.95
103.39,0.9972,0.0741,3,28,0,0,141.58,363.7
120.23,0.9984,0.057,3,29,0,0,174.75,392.0
125.33,0.9992,0.0398,3,30,0,0,184.83,482.0
141.8,0.9997,0.0226,3,31,0,0,190.73,621.41
73.4,1.0,0.0054,4,1,0,0,110.61,261.08
106.92,0.9999,-0.0118,4,2,0,0,155.26,486.75
105.31,0.9996,-0.029,4,3,0,0,147.27,554.12
106.92,0.9989,-0.0462,4,4,0,0,119.72,412.75
102.59,0.998,-0.0634,4,5,0,0,199.12,403.5
118.61,0.9968,-0.0805,4,6,0,0,218.45,657.1
124.24,0.9952,-0.0977,4,7,0,0,194.43,451.0
110.12,0.9934,-0.1148,4,8,0,0,151.85,420.0
109.85,0.9913,-0.1319,4,9,0,0,156.71,713.2
106.36,0.9889,-0.1489,4,10,0,0,144.57,376.0
109.75,0.9861,-0.1659,4,11,0,0,168.72,458.7
92.42,0.9831,-0.1828,4,12,0,0,92.16,743.0
111.71,0.9799,-0.1997,4,13,0,0,204.68,412.32
76.82,0.9763,-0.2165,4,14,0,0,100.49,367.6
70.63,0.9724,-0.2333,4,15,0,0,77.51,257.88
102.22,0.9683,-0.25,4,16,0,0,135.16,257.25
106.5,0.9638,-0.2666,4,17,0,0,148.91,350.08
112.05,0.9591,-0.2831,4,18,0,0,143.79,894.0
133.61,0.9541,-0.2996,4,19,0,0,225.39,487.0
95.54,0.9488,-0.316,4,20,0,0,125.03,438.0
104.24,0.9432,-0.3322,4,21,0,0,115.77,340.9
65.22,0.9373,-0.3484,4,22,0,0,57.95,426.05
110.12,0.9312,-0.3645,4,23,0,0,190.55,412.47
120.75,0.9248,-0.3804,4,24,0,0,201.2,501.67
100.34,0.9181,-0.3963,4,25,0,0,132.63,394.4
81.97,0.9112,-0.412,4,26,0,0,78.35,458.1
153.86,0.9039,-0.4276,4,27,0,0,283.33,723.0
163.21,0.8965,-0.4431,4,28,0,0,204.22,765.92
148.54,0.8887,-0.4585,4,29,0,0,173.09,510.0
121.09,0.8807,-0.4737,4,30,0,0,152.58,444.0
90.46,0.8724,-0.4888,5,1,0,0,85.1,378.1
73.78,0.8639,-0.5037,5,2,0,0,73.02,193.8
98.47,0.8551,-0.5185,5,3,0,0,75.58,378.55
73.54,0.846,-0.5331,5,4,0,0,91.45,294.5
71.62,0.8367,-0.5476,5,5,0,0,82.66,213.25
115.78,0.8272,-0.5619,5,6,0,0,151.07,393.79
86.89,0.8174,-0.5761,5,7,0,0,94.49,394.15
82.76,0.8074,-0.59,5,8,0,0,82.24,317.93
66.6,0.7971,-0.6038,5,9,0,0,68.42,342.57
64.78,0.7866,-0.6175,5,10,0,0,71.54,208.72
62.23,0.7759,-0.6309,5,11,0,0,62.55,195.1
67.67,0.7649,-0.6442,5,12,0,0,63.77,284.5
76.01,0.7537,-0.6572,5,13,0,0,56.15,302.82
108.68,0.7423,-0.6701,5,14,0,0,171.32,482.76
98.88,0.7306,-0.6828,5,15,0,0,154.71,394.61
96.8,0.7188,-0.6952,5,16,0,0,85.25,889.56
68.76,0.7067,-0.7075,5,17,0,0,46.22,236.42
76.49,0.6945,-0.7195,5,18,0,0,78.65,284.62
88.25,0.682,-0.7314,5,19,0,0,96.65,260.2
92.72,0.6693,-0.743,5,20,0,0,114.24,470.15
76.87,0.6564,-0.7544,5,21,0,0,70.19,404.62
64.57,0.6433,-0.7656,5,22,0,0,75.6,273.0
30.37,0.6301,-0.7765,5,23,0,0,21.62,130.0
36.28,0.6166,-0.7873,5,24,0,0,30.55,192.42
81.34,0.603,-0.7978,5,25,0,0,108.12,534.0
94.83,0.5892,-0.808,5,26,0,0,125.56,622.6
81.91,0.5752,-0.818,5,27,0,0,106.06,217.0
75.39,0.561,-0.8278,5,28,0,0,65.53,283.68
72.29,0.5467,-0.8373,5,29,0,0,83.49,209.15
65.49,0.5322,-0.8466,5,30,0,0,69.05,436.25
99.01,0.5176,-0.8556,5,31,0,0,83.63,344.67
97.93,0.5028,-0.8644,6,1,0,0,147.1,353.12
77.59,0.4878,-0.8729,6,2,0,0,103.56,269.05
89.98,0.4728,-0.8812,6,3,0,0,136.35,275.25
81.09,0.4575,-0.8892,6,4,0,0,113.17,306.58
59.21,0.4422,-0.8969,6,5,0,0,52.12,298.7
53.82,0.4267,-0.9044,6,6,0,0,52.72,193.75
88.0,0.4111,-0.9116,6,7,0,0,71.28,388.0
78.4,0.3953,-0.9185,6,8,0,0,82.01,360.25
62.57,0.3795,-0.9252,6,9,0,0,61.73,252.6
75.31,0.3635,-0.9316,6,10,0,0,77.98,269.25
70.14,0.3474,-0.9377,6,11,0,0,68.3,192.75
74.34,0.3312,-0.9436,6,12,0,0,86.06,261.25
51.93,0.3149,-0.9491,6,13,0,0,34.18,190.75
56.4,0.2986,-0.9544,6,14,0,0,61.94,210.0
35.44,0.2821,-0.9594,6,15,0,0,36.86,187.7
34.81,0.2656,-0.9641,6,16,0,0,34.26,398.45
28.28,0.2489,-0.9685,6,17,0,0,19.79,90.1
34.62,0.2322,-0.9727,6,18,0,0,42.9,120.08
42.72,0.2155,-0.9765,6,19,0,0,54.49,173.0
53.46,0.1986,-0.9801,6,20,0,0,65.93,271.0
44.11,0.1818,-0.9833,6,21,0,0,63.39,193.5
51.49,0.1648,-0.9863,6,22,0,0,38.76,153.0
56.32,0.1478,-0.989,6,23,0,0,53.84,209.5
72.0,0.1308,-0.9914,6,24,0,0,102.15,258.75
80.74,0.1137,-0.9935,6,25,0,0,103.06,343.0
65.27,0.0966,-0.9953,6,26,0,0,65.89,295.6
55.02,0.0795,-0.9968,6,27,0,0,51.71,141.45
74.87,0.0623,-0.9981,6,28,0,0,68.65,221.0
60.43,0.0451,-0.999,6,29,0,0,39.46,226.7
37.61,0.028,-0.9996,6,30,0,0,33.29,430.33
36.33,0.0108,-0.9999,7,1,0,0,45.16,338.0
42.77,-0.0065,-1.0,7,2,0,0,66.61,165.67
30.43,-0.0237,-0.9997,7,3,0,0,20.7,138.25
63.45,-0.0408,-0.9992,7,4,0,0,56.27,172.0
65.09,-0.058,-0.9983,7,5,0,0,83.93,204.0
51.42,-0.0752,-0.9972,7,6,0,0,50.91,221.88
39.84,-0.0923,-0.9957,7,7,0,0,45.99,250.25
37.09,-0.1094,-0.994,7,8,0,0,41.18,248.0
40.97,-0.1265,-0.992,7,9,0,0,56.32,118.75
32.83,-0.1436,-0.9896,7,10,0,0,33.02,101.02
44.83,-0.1606,-0.987,7,11,0,0,46.68,170.25
41.83,-0.1775,-0.9841,7,12,0,0,40.27,682.03
34.51,-0.1944,-0.9809,7,13,0,0,34.52,176.78
30.76,-0.2113,-0.9774,7,14,0,0,34.16,137.45
26.49,-0.2281,-0.9736,7,15,0,0,20.34,170.16
24.89,-0.2448,-0.9696,7,16,0,0,24.14,355.38
28.45,-0.2614,-0.9652,7,17,0,0,11.8,453.8
43.29,-0.278,-0.9606,7,18,0,0,52.97,234.61
42.92,-0.2945,-0.9557,7,19,0,0,40.34,156.0
33.38,-0.3109,-0.9505,7,20,0,0,46.79,122.0
44.16,-0.3272,-0.945,7,21,0,0,24.17,180.5
55.16,-0.3434,-0.9392,7,22,0,0,72.88,175.0
29.52,-0.3595,-0.9332,7,23,0,0,28.55,83.75
24.77,-0.3755,-0.9268,7,24,0,0,20.19,120.7
24.63,-0.3914,-0.9202,7,25,0,0,23.37,89.18
28.09,-0.4071,-0.9134,7,26,0,0,31.65,87.0
30.82,-0.4228,-0.9062,7,27,0,0,30.24,171.0
22.01,-0.4383,-0.8988,7,28,0,0,22.15,83.28
19.28,-0.4537,-0.8912,7,29,0,0,21.15,89.7
22.14,-0.469,-0.8832,7,30,0,0,19.05,89.0
23.89,-0.4841,-0.875,7,31,0,0,23.02,82.25
26.41,-0.4991,-0.8666,8,1,0,0,26.42,133.09
32.31,-0.5139,-0.8578,8,2,0,0,25.05,149.25
48.43,-0.5286,-0.8489,8,3,0,0,39.76,165.39
46.68,-0.5431,-0.8397,8,4,0,0,59.37,128.0
38.62,-0.5575,-0.8302,8,5,0,0,34.97,162.5
52.04,-0.5717,-0.8205,8,6,0,0,52.92,182.75
45.98,-0.5857,-0.8105,8,7,0,0,72.95,153.0
44.97,-0.5996,-0.8003,8,8,0,0,46.35,158.13
41.5,-0.6132,-0.7899,8,9,0,0,54.17,143.0
27.02,-0.6267,-0.7792,8,10,0,0,34.2,136.97
16.74,-0.64,-0.7683,8,11,0,0,14.3,114.94
19.39,-0.6532,-0.7572,8,12,0,0,18.36,74.0
27.24,-0.6661,-0.7459,8,13,0,0,32.25,83.0
26.21,-0.6788,-0.7343,8,14,0,0,13.74,83.0
18.8,-0.6914,-0.7225,8,15,0,0,14.02,83.0
15.86,-0.7037,-0.7105,8,16,0,0,15.28,60.01
14.19,-0.7158,-0.6983,8,17,0,0,11.42,171.6
20.33,-0.7277,-0.6859,8,18,0,0,13.35,75.42
18.3,-0.7394,-0.6733,8,19,0,0,12.36,287.0
31.77,-0.7509,-0.6605,8,20,0,0,23.33,139.0
46.88,-0.7621,-0.6474,8,21,0,0,54.4,130.5
35.87,-0.7731,-0.6342,8,22,0,0,54.37,111.12
24.97,-0.7839,-0.6208,8,23,0,0,32.75,75.0
22.73,-0.7945,-0.6073,8,24,0,0,18.38,277.92
36.41,-0.8048,-0.5935,8,25,0,0,28.57,348.25
35.46,-0.8149,-0.5796,8,26,0,0,31.33,157.0
32.05,-0.8248,-0.5655,8,27,0,0,30.52,225.35
37.18,-0.8344,-0.5512,8,28,0,0,33.27,159.6
40.54,-0.8437,-0.5368,8,29,0,0,37.8,138.65
48.48,-0.8528,-0.5222,8,30,0,0,49.26,185.75
43.79,-0.8617,-0.5074,8,31,0,0,44.25,234.32
45.12,-0.8703,-0.4925,9,1,0,0,44.81,279.62
45.72,-0.8786,-0.4775,9,2,0,0,38.34,228.45
32.63,-0.8867,-0.4623,9,3,0,0,26.34,151.07
26.45,-0.8945,-0.447,9,4,0,0,23.94,209.71
26.79,-0.9021,-0.4315,9,5,0,0,22.54,209.21
40.21,-0.9094,-0.4159,9,6,0,0,43.33,161.12
46.22,-0.9164,-0.4002,9,7,0,0,52.1,466.0
63.62,-0.9232,-0.3844,9,8,0,0,68.09,151.0
59.85,-0.9296,-0.3685,9,9,0,0,68.97,173.2
49.78,-0.9358,-0.3524,9,10,0,0,60.63,111.4
32.13,-0.9418,-0.3363,9,11,0,0,26.0,167.07
26.74,-0.9474,-0.32,9,12,0,0,24.83,187.43
19.75,-0.9528,-0.3037,9,13,0,0,16.85,106.58
17.79,-0.9579,-0.2873,9,14,0,0,15.23,78.67
16.06,-0.9627,-0.2707,9,15,0,0,20.15,71.81
15.98,-0.9672,-0.2541,9,16,0,0,10.93,80.67
33.32,-0.9714,-0.2375,9,17,0,0,27.66,98.7
47.58,-0.9753,-0.2207,9,18,0,0,29.97,167.25
72.39,-0.979,-0.2039,9,19,0,0,83.14,249.75
49.55,-0.9824,-0.187,9,20,0,0,68.87,146.0
41.57,-0.9854,-0.1701,9,21,0,0,62.06,170.25
26.29,-0.9882,-0.1531,9,22,0,0,31.08,474.7
26.13,-0.9907,-0.1361,9,23,0,0,16.24,90.0
23.39,-0.9929,-0.1191,9,24,0,0,26.79,74.99
21.57,-0.9948,-0.102,9,25,0,0,11.84,128.15
47.79,-0.9964,-0.0848,9,26,0,0,61.88,156.25
40.29,-0.9977,-0.0677,9,27,0,0,44.09,132.88
55.13,-0.9987,-0.0505,9,28,0,0,59.02,182.85
66.05,-0.9994,-0.0333,9,29,0,0,82.87,205.25
80.25,-0.9999,-0.0161,9,30,0,0,91.86,214.82
81.41,-1.0,0.0011,10,1,0,0,104.02,174.0
69.05,-0.9998,0.0183,10,2,0,0,94.49,175.0
42.71,-0.9994,0.0355,10,3,0,0,51.5,258.45
63.03,-0.9986,0.0527,10,4,0,0,61.51,251.1
89.36,-0.9976,0.0698,10,5,0,0,110.49,285.6
16.63,-0.9962,0.087,10,6,0,0,13.15,103.28
16.3,-0.9946,0.1041,10,7,0,0,12.44,61.0
14.32,-0.9926,0.1212,10,8,0,0,14.32,82.5
9.59,-0.9904,0.1383,10,9,0,0,10.84,61.0
14.76,-0.9879,0.1553,10,10,0,0,9.01,61.0
36.29,-0.9851,0.1722,10,11,0,0,25.93,231.67
62.49,-0.9819,0.1892,10,12,0,0,72.65,205.75
53.52,-0.9785,0.206,10,13,0,0,60.34,172.25
71.74,-0.9749,0.2228,10,14,0,0,81.89,216.8
89.6,-0.9709,0.2396,10,15,1,0,103.27,401.5
105.64,-0.9666,0.2562,10,16,1,0,123.99,349.3
108.94,-0.9621,0.2728,10,17,1,0,127.64,383.5
109.72,-0.9572,0.2893,10,18,1,0,118.14,398.33
102.01,-0.9521,0.3057,10,19,1,0,124.26,331.92
110.64,-0.9467,0.3221,10,20,1,1,111.76,302.75
117.39,-0.941,0.3383,10,21,1,1,145.08,386.33
122.89,-0.9351,0.3545,10,22,1,1,153.83,322.0
129.76,-0.9288,0.3705,10,23,1,1,128.29,357.75
177.52,-0.9223,0.3864,10,24,1,1,168.07,921.25
166.47,-0.9155,0.4022,10,25,1,1,149.56,986.0
142.96,-0.9085,0.4179,10,26,1,1,114.47,621.5
192.39,-0.9012,0.4335,10,27,1,1,218.98,494.34
223.13,-0.8936,0.4489,10,28,1,1,226.04,514.0
230.76,-0.8857,0.4642,10,29,1,1,287.07,502.09
211.77,-0.8776,0.4794,10,30,1,1,210.91,749.6
263.69,-0.8692,0.4944,10,31,1,1,208.96,562.75
248.88,-0.8606,0.5093,11,1,1,1,294.21,705.25
241.74,-0.8517,0.524,11,2,1,1,214.26,589.0
402.69,-0.8426,0.5386,11,3,1,1,529.11,928.0
324.12,-0.8332,0.553,11,4,1,1,346.39,566.0
193.45,-0.8235,0.5672,11,5,1,1,200.61,425.0
172.85,-0.8137,0.5813,11,6,1,1,181.1,375.0
193.57,-0.8035,0.5952,11,7,1,1,227.11,449.82
240.17,-0.7932,0.609,11,8,1,1,245.39,445.7
105.75,-0.7826,0.6225,11,9,1,1,112.76,335.75
162.28,-0.7718,0.6359,11,10,1,1,178.2,478.0
208.58,-0.7607,0.6491,11,11,1,1,357.3,547.78
186.89,-0.7494,0.6621,11,12,1,1,259.16,421.27
160.63,-0.7379,0.6749,11,13,1,1,196.5,326.69
140.22,-0.7262,0.6875,11,14,1,1,172.86,415.5
102.24,-0.7143,0.6998,11,15,1,1,99.43,274.0
118.88,-0.7021,0.712,11,16,1,1,174.92,414.2
139.59,-0.6898,0.724,11,17,1,1,199.17,386.09
157.43,-0.6772,0.7358,11,18,1,1,240.44,551.78
144.5,-0.6645,0.7473,11,19,1,1,178.83,532.85
171.28,-0.6515,0.7586,11,20,1,1,216.63,551.35
143.93,-0.6384,0.7697,11,21,1,0,174.07,350.6
113.47,-0.625,0.7806,11,22,1,0,136.13,245.25
103.72,-0.6115,0.7912,11,23,1,0,127.52,416.48
108.55,-0.5978,0.8016,11,24,1,0,109.77,569.33
158.6,-0.584,0.8118,11,25,1,0,173.91,591.25
180.96,-0.5699,0.8217,11,26,1,0,192.28,757.0
174.61,-0.5557,0.8314,11,27,1,0,195.31,509.45
198.65,-0.5413,0.8408,11,28,1,0,227.57,680.0
230.27,-0.5268,0.85,11,29,1,0,284.3,658.91
207.63,-0.5121,0.859,11,30,1,0,223.34,533.0
213.69,-0.4972,0.8676,12,1,1,0,231.84,492.99
200.39,-0.4822,0.8761,12,2,1,0,204.94,605.25
245.25,-0.4671,0.8842,12,3,1,0,260.2,667.75
250.6,-0.4518,0.8921,12,4,1,0,293.9,635.75
187.08,-0.4364,0.8998,12,5,1,0,202.78,560.75
184.23,-0.4208,0.9071,12,6,1,0,189.48,359.0
133.43,-0.4052,0.9142,12,7,1,0,143.42,336.05
143.94,-0.3894,0.9211,12,8,1,0,139.75,466.58
169.88,-0.3735,0.9276,12,9,1,0,151.03,691.0
211.95,-0.3575,0.9339,12,10,1,0,254.19,646.75
134.03,-0.3413,0.9399,12,11,1,0,153.58,476.75
95.92,-0.3251,0.9457,12,12,1,0,100.39,620.75
70.68,-0.3088,0.9511,12,13,1,0,81.54,233.75
85.59,-0.2924,0.9563,12,14,1,0,94.24,367.25
89.92,-0.2759,0.9612,12,15,1,0,84.74,424.25
124.19,-0.2593,0.9658,12,16,1,0,111.4,659.18
167.33,-0.2427,0.9701,12,17,1,0,151.3,760.25
254.25,-0.226,0.9741,12,18,1,0,203.4,813.75
259.11,-0.2092,0.9779,12,19,1,0,226.32,843.5
199.94,-0.1923,0.9813,12,20,1,0,168.09,544.0
188.4,-0.1754,0.9845,12,21,1,0,149.22,490.33
202.24,-0.1585,0.9874,12,22,1,0,126.13,541.5
202.07,-0.1414,0.9899,12,23,1,0,128.73,592.25
160.66,-0.1244,0.9922,12,24,1,0,177.3,457.75
168.91,-0.1073,0.9942,12,25,1,0,143.09,840.0
193.84,-0.0902,0.9959,12,26,1,0,121.15,854.02
166.8,-0.073,0.9973,12,27,1,0,128.51,554.62
151.84,-0.0559,0.9984,12,28,1,0,165.35,701.2
196.73,-0.0387,0.9993,12,29,1,0,149.79,589.5
256.68,-0.0215,0.9998,12,30,1,0,236.1,805.0
156.24,-0.0043,1.0,12,31,1,0,154.1,582.0
140.59,0.0172,0.9999,1,1,1,0,112.69,679.25
233.11,0.0344,0.9994,1,2,1,0,193.92,516.68
239.57,0.0516,0.9987,1,3,1,0,221.13,472.25
179.33,0.0688,0.9976,1,4,1,0,118.26,546.75
208.96,0.0859,0.9963,1,5,1,0,121.88,788.25
258.51,0.103,0.9947,1,6,1,0,192.14,565.75
226.55,0.1201,0.9928,1,7,1,0,148.25,845.15
254.55,0.1372,0.9905,1,8,1,0,135.77,968.0
377.61,0.1542,0.988,1,9,1,0,262.54,979.0
232.43,0.1712,0.9852,1,10,1,0,146.22,805.2
175.13,0.1881,0.9821,1,11,1,0,93.59,915.0
203.36,0.205,0.9788,1,12,1,0,198.28,351.25
215.69,0.2218,0.9751,1,13,1,0,210.06,412.25
153.77,0.2385,0.9711,1,14,1,0,170.89,335.25
98.57,0.2552,0.9669,1,15,1,0,97.09,423.75
143.33,0.2718,0.9624,1,16,1,0,131.44,582.0
152.32,0.2883,0.9575,1,17,1,0,167.19,593.0
191.89,0.3047,0.9524,1,18,1,0,203.4,818.25
198.04,0.3211,0.9471,1,19,1,0,198.56,609.88
91.12,0.3373,0.9414,1,20,1,0,56.01,458.5
210.88,0.3534,0.9355,1,21,1,0,164.5,931.1
248.86,0.3695,0.9292,1,22,1,0,279.16,593.75
168.8,0.3854,0.9227,1,23,1,0,185.13,697.65
86.73,0.4012,0.916,1,24,1,0,102.82,335.0
105.39,0.4169,0.9089,1,25,1,0,103.56,282.5
138.53,0.4325,0.9016,1,26,1,0,158.69,261.25
92.74,0.4479,0.8941,1,27,1,0,98.78,201.25
123.06,0.4633,0.8862,1,28,1,0,110.04,415.0
187.89,0.4784,0.8781,1,29,1,0,219.15,553.75
79.17,0.4935,0.8698,1,30,1,0,31.48,953.9
85.1,0.5084,0.8611,1,31,1,0,78.2,724.1
84.61,0.5231,0.8523,2,1,0,0,84.26,818.42
87.18,0.5377,0.8432,2,2,0,0,96.8,635.88
103.31,0.5521,0.8338,2,3,0,0,96.71,753.0
118.23,0.5664,0.8242,2,4,0,0,104.62,517.0
105.12,0.5805,0.8143,2,5,0,0,112.14,550.5
142.37,0.5944,0.8042,2,6,0,0,178.57,410.75
116.41,0.6081,0.7938,2,7,0,0,192.85,424.25
73.83,0.6217,0.7833,2,8,0,0,78.85,281.0
91.53,0.6351,0.7725,2,9,0,0,116.1,255.75
93.96,0.6483,0.7614,2,10,0,0,97.32,266.5
137.57,0.6613,0.7502,2,11,0,0,177.28,403.1
55.0,0.6741,0.7387,2,12,0,0,74.17,211.8
48.7,0.6867,0.727,2,13,0,0,52.97,261.9
63.39,0.6991,0.715,2,14,0,0,69.72,284.48
91.34,0.7113,0.7029,2,15,0,0,97.16,302.0
166.5,0.7233,0.6906,2,16,0,0,140.14,489.0
221.81,0.735,0.678,2,17,0,0,254.05,493.0
202.82,0.7466,0.6653,2,18,0,0,256.19,552.75
180.82,0.7579,0.6523,2,19,0,0,197.74,421.18
147.09,0.769,0.6392,2,20,0,0,204.27,375.5
125.63,0.7799,0.6259,2,21,0,0,121.27,656.0
137.12,0.7906,0.6124,2,22,0,0,142.42,598.33
82.06,0.801,0.5987,2,23,0,0,100.74,433.71
80.97,0.8112,0.5848,2,24,0,0,101.45,294.0
115.56,0.8211,0.5708,2,25,0,0,131.95,342.93
138.48,0.8308,0.5566,2,26,0,0,183.46,388.62
119.02,0.8402,0.5422,2,27,0,0,171.7,601.25
90.5,0.8495,0.5277,2,28,0,0,131.14,342.25
74.16,0.8584,0.513,3,1,0,0,60.12,336.12
91.36,0.8671,0.4981,3,2,0,0,122.77,494.45
61.71,0.8755,0.4831,3,3,0,0,80.19,223.43
54.64,0.8837,0.468,3,4,0,0,54.04,213.2
56.31,0.8916,0.4527,3,5,0,0,73.75,238.5
67.11,0.8993,0.4373,3,6,0,0,102.74,260.5
85.44,0.9067,0.4218,3,7,0,0,122.07,859.6
112.71,0.9138,0.4061,3,8,0,0,170.69,449.76
55.22,0.9207,0.3904,3,9,0,0,43.35,174.25
90.97,0.9272,0.3745,3,10,0,0,142.38,363.25
92.21,0.9335,0.3585,3,11,0,0,126.75,376.25
96.52,0.9396,0.3424,3,12,0,0,128.32,343.0
106.76,0.9453,0.3261,3,13,0,0,170.57,539.25
101.82,0.9508,0.3098,3,14,0,0,169.29,405.0
99.28,0.956,0.2934,3,15,0,0,144.25,493.0
103.45,0.9609,0.2769,3,16,0,0,169.42,311.0
95.66,0.9655,0.2604,3,17,0,0,126.99,277.0
68.73,0.9698,0.2437,3,18,0,0,68.92,246.33
81.25,0.9739,0.227,3,19,0,0,107.01,194.0
56.77,0.9777,0.2102,3,20,0,0,86.71,484.7
46.16,0.9811,0.1934,3,21,0,0,46.26,421.4
78.51,0.9843,0.1765,3,22,0,0,103.87,263.7
72.64,0.9872,0.1595,3,23,0,0,126.92,389.37
87.5,0.9898,0.1425,3,24,0,0,147.35,331.25
40.65,0.9921,0.1255,3,25,0,0,22.9,265.23
65.61,0.9941,0.1084,3,26,0,0,67.31,296.75
59.22,0.9958,0.0913,3,27,0,0,104.09,897.0
68.09,0.9972,0.0741,3,28,0,0,117.08,303.75
86.06,0.9984,0.057,3,29,0,0,147.88,297.25
71.1,0.9992,0.0398,3,30,0,0,110.89,393.2
30.7,0.9997,0.0226,3,31,0,0,33.22,368.03
45.0,1.0,0.0054,4,1,0,0,50.95,280.2
59.81,0.9999,-0.0118,4,2,0,0,80.84,224.28
72.19,0.9996,-0.029,4,3,0,0,121.82,333.0
45.44,0.9989,-0.0462,4,4,0,0,29.36,231.75
54.84,0.998,-0.0634,4,5,0,0,74.72,301.97
41.83,0.9968,-0.0805,4,6,0,0,38.85,274.75
50.13,0.9952,-0.0977,4,7,0,0,62.82,231.4
70.16,0.9934,-0.1148,4,8,0,0,112.22,310.8
104.17,0.9913,-0.1319,4,9,0,0,193.79,517.0
90.88,0.9889,-0.1489,4,10,0,0,162.06,345.5
125.55,0.9861,-0.1659,4,11,0,0,211.25,484.0
80.5,0.9831,-0.1828,4,12,0,0,109.18,301.75
91.21,0.9799,-0.1997,4,13,0,0,134.67,408.07
101.61,0.9763,-0.2165,4,14,0,0,180.79,637.98
102.14,0.9724,-0.2333,4,15,0,0,168.04,426.0
74.74,0.9683,-0.25,4,16,0,0,116.52,292.25
73.07,0.9638,-0.2666,4,17,0,0,100.08,843.0
77.58,0.9591,-0.2831,4,18,0,0,87.12,341.25
61.25,0.9541,-0.2996,4,19,0,0,60.06,355.0
43.08,0.9488,-0.316,4,20,0,0,46.28,257.25
42.14,0.9432,-0.3322,4,21,0,0,38.9,132.0
42.02,0.9373,-0.3484,4,22,0,0,47.82,285.6
27.04,0.9312,-0.3645,4,23,0,0,22.57,116.15
60.44,0.9248,-0.3804,4,24,0,0,93.49,284.25
57.03,0.9181,-0.3963,4,25,0,0,54.03,232.0
89.57,0.9112,-0.412,4,26,0,0,102.38,227.88
81.27,0.9039,-0.4276,4,27,0,0,126.06,347.77
69.6,0.8965,-0.4431,4,28,0,0,79.05,230.5
74.43,0.8887,-0.4585,4,29,0,0,104.95,512.24
51.31,0.8807,-0.4737,4,30,0,0,52.35,388.1
42.14,0.8724,-0.4888,5,1,0,0,40.18,123.7
40.17,0.8639,-0.5037,5,2,0,0,33.05,142.0
46.47,0.8551,-0.5185,5,3,0,0,61.87,161.0
61.21,0.846,-0.5331,5,4,0,0,69.35,212.75
81.37,0.8367,-0.5476,5,5,0,0,90.75,335.0
104.11,0.8272,-0.5619,5,6,0,0,196.28,426.25
65.47,0.8174,-0.5761,5,7,0,0,75.25,269.5
54.44,0.8074,-0.59,5,8,0,0,80.29,242.4
95.57,0.7971,-0.6038,5,9,0,0,166.97,316.75
91.05,0.7866,-0.6175,5,10,0,0,128.71,319.0
130.6,0.7759,-0.6309,5,11,0,0,209.36,393.0
91.49,0.7649,-0.6442,5,12,0,0,100.45,348.88
99.09,0.7537,-0.6572,5,13,0,0,109.57,485.68
98.57,0.7423,-0.6701,5,14,0,0,136.92,479.27
38.31,0.7306,-0.6828,5,15,0,0,29.97,302.67
136.34,0.7188,-0.6952,5,16,0,0,257.39,858.0
90.2,0.7067,-0.7075,5,17,0,0,128.36,439.2
41.38,0.6945,-0.7195,5,18,0,0,32.39,475.8
66.91,0.682,-0.7314,5,19,0,0,82.41,324.2
69.13,0.6693,-0.743,5,20,0,0,97.72,410.08
81.61,0.6564,-0.7544,5,21,0,0,112.52,418.88
62.36,0.6433,-0.7656,5,22,0,0,47.74,293.65
51.37,0.6301,-0.7765,5,23,0,0,39.71,426.07
30.2,0.6166,-0.7873,5,24,0,0,33.36,224.1
25.89,0.603,-0.7978,5,25,0,0,20.93,134.75
26.17,0.5892,-0.808,5,26,0,0,23.94,150.6
33.7,0.5752,-0.818,5,27,0,0,29.09,523.54
56.8,0.561,-0.8278,5,28,0,0,80.39,233.0
37.1,0.5467,-0.8373,5,29,0,0,30.3,130.5
40.46,0.5322,-0.8466,5,30,0,0,55.96,135.7
33.88,0.5176,-0.8556,5,31,0,0,31.72,143.0
46.64,0.5028,-0.8644,6,1,0,0,58.04,292.76
41.96,0.4878,-0.8729,6,2,0,0,45.19,187.5
53.0,0.4728,-0.8812,6,3,0,0,61.51,386.5
78.77,0.4575,-0.8892,6,4,0,0,80.91,325.5
62.55,0.4422,-0.8969,6,5,0,0,71.0,251.1
67.29,0.4267,-0.9044,6,6,0,0,33.7,572.5
68.05,0.4111,-0.9116,6,7,0,0,92.24,474.55
53.69,0.3953,-0.9185,6,8,0,0,69.34,233.88
43.43,0.3795,-0.9252,6,9,0,0,43.51,173.5
40.9,0.3635,-0.9316,6,10,0,0,41.88,253.85
39.92,0.3474,-0.9377,6,11,0,0,35.37,191.32
51.16,0.3312,-0.9436,6,12,0,0,50.58,183.13
58.07,0.3149,-0.9491,6,13,0,0,62.85,247.82
45.05,0.2986,-0.9544,6,14,0,0,47.56,165.3
36.9,0.2821,-0.9594,6,15,0,0,41.12,210.9
37.95,0.2656,-0.9641,6,16,0,0,48.17,185.82
42.72,0.2489,-0.9685,6,17,0,0,46.56,196.94
30.42,0.2322,-0.9727,6,18,0,0,37.76,95.27
26.76,0.2155,-0.9765,6,19,0,0,19.09,89.0
40.77,0.1986,-0.9801,6,20,0,0,53.19,135.0
37.05,0.1818,-0.9833,6,21,0,0,27.92,126.36
41.72,0.1648,-0.9863,6,22,0,0,35.46,199.0
49.84,0.1478,-0.989,6,23,0,0,32.79,132.8
53.71,0.1308,-0.9914,6,24,0,0,59.12,164.0
26.17,0.1137,-0.9935,6,25,0,0,10.57,213.9
45.76,0.0966,-0.9953,6,26,0,0,58.46,238.0
35.56,0.0795,-0.9968,6,27,0,0,22.2,134.5
33.49,0.0623,-0.9981,6,28,0,0,42.22,122.25
40.76,0.0451,-0.999,6,29,0,0,45.28,206.0
25.96,0.028,-0.9996,6,30,0,0,19.04,324.97
23.8,0.0108,-0.9999,7,1,0,0,26.41,96.0
34.21,-0.0065,-1.0,7,2,0,0,26.01,119.0
53.81,-0.0237,-0.9997,7,3,0,0,37.97,133.0
49.22,-0.0408,-0.9992,7,4,0,0,51.84,135.02
37.45,-0.058,-0.9983,7,5,0,0,41.64,86.0
28.22,-0.0752,-0.9972,7,6,0,0,45.88,88.58
33.63,-0.0923,-0.9957,7,7,0,0,33.24,155.48
27.02,-0.1094,-0.994,7,8,0,0,21.61,192.15
23.16,-0.1265,-0.992,7,9,0,0,29.5,102.5
27.0,-0.1436,-0.9896,7,10,0,0,34.64,127.0
33.59,-0.1606,-0.987,7,11,0,0,36.34,95.5
32.39,-0.1775,-0.9841,7,12,0,0,32.56,101.15
37.11,-0.1944,-0.9809,7,13,0,0,36.05,103.0
36.83,-0.2113,-0.9774,7,14,0,0,37.88,86.6
37.5,-0.2281,-0.9736,7,15,0,0,32.62,135.25
28.46,-0.2448,-0.9696,7,16,0,0,25.38,107.4
45.31,-0.2614,-0.9652,7,17,0,0,30.88,158.0
35.48,-0.278,-0.9606,7,18,0,0,38.27,74.89
32.01,-0.2945,-0.9557,7,19,0,0,28.76,70.43
43.29,-0.3109,-0.9505,7,20,0,0,44.02,244.25
53.1,-0.3272,-0.945,7,21,0,0,60.53,274.0
34.44,-0.3434,-0.9392,7,22,0,0,34.98,124.7
27.59,-0.3595,-0.9332,7,23,0,0,26.55,94.0
30.6,-0.3755,-0.9268,7,24,0,0,33.99,141.0
43.11,-0.3914,-0.9202,7,25,0,0,37.92,123.33
24.52,-0.4071,-0.9134,7,26,0,0,10.76,91.6
39.93,-0.4228,-0.9062,7,27,0,0,45.29,160.75
35.1,-0.4383,-0.8988,7,28,0,0,43.94,172.36
16.8,-0.4537,-0.8912,7,29,0,0,18.34,95.0
23.51,-0.469,-0.8832,7,30,0,0,21.03,138.43
45.49,-0.4841,-0.875,7,31,0,0,57.92,853.8
28.05,-0.4991,-0.8666,8,1,0,0,23.08,105.33
27.37,-0.5139,-0.8578,8,2,0,0,27.07,335.4
31.06,-0.5286,-0.8489,8,3,0,0,25.45,183.33
36.88,-0.5431,-0.8397,8,4,0,0,30.03,250.75
40.65,-0.5575,-0.8302,8,5,0,0,37.91,558.29
30.95,-0.5717,-0.8205,8,6,0,0,26.53,315.18
29.26,-0.5857,-0.8105,8,7,0,0,26.44,98.5
30.8,-0.5996,-0.8003,8,8,0,0,27.08,137.0
36.83,-0.6132,-0.7899,8,9,0,0,29.18,150.12
37.31,-0.6267,-0.7792,8,10,0,0,33.22,129.6
40.24,-0.64,-0.7683,8,11,0,0,35.46,237.7
35.54,-0.6532,-0.7572,8,12,0,0,31.69,172.82
30.13,-0.6661,-0.7459,8,13,0,0,26.24,177.0
36.36,-0.6788,-0.7343,8,14,0,0,35.75,161.0
46.34,-0.6914,-0.7225,8,15,0,0,49.85,262.0
47.54,-0.7037,-0.7105,8,16,0,0,49.9,166.25
41.3,-0.7158,-0.6983,8,17,0,0,39.35,117.0
45.5,-0.7277,-0.6859,8,18,0,0,38.4,223.76
45.16,-0.7394,-0.6733,8,19,0,0,23.41,160.25
38.0,-0.7509,-0.6605,8,20,0,0,45.6,180.0
39.39,-0.7621,-0.6474,8,21,0,0,38.68,118.25
37.83,-0.7731,-0.6342,8,22,0,0,42.07,167.0
24.4,-0.7839,-0.6208,8,23,0,0,25.96,129.0
31.87,-0.7945,-0.6073,8,24,0,0,25.48,625.79
35.18,-0.8048,-0.5935,8,25,0,0,29.15,122.33
45.15,-0.8149,-0.5796,8,26,0,0,39.47,163.97
53.2,-0.8248,-0.5655,8,27,0,0,65.29,151.2
48.16,-0.8344,-0.5512,8,28,0,0,46.22,196.04
44.85,-0.8437,-0.5368,8,29,0,0,31.69,135.5
48.19,-0.8528,-0.5222,8,30,0,0,45.46,289.6
48.55,-0.8617,-0.5074,8,31,0,0,56.61,188.69
41.84,-0.8703,-0.4925,9,1,0,0,47.03,117.0
41.91,-0.8786,-0.4775,9,2,0,0,42.76,425.9
40.67,-0.8867,-0.4623,9,3,0,0,41.45,167.62
39.55,-0.8945,-0.447,9,4,0,0,47.47,201.6
39.25,-0.9021,-0.4315,9,5,0,0,33.24,126.67
31.96,-0.9094,-0.4159,9,6,0,0,31.6,240.07
34.79,-0.9164,-0.4002,9,7,0,0,29.54,120.0
23.47,-0.9232,-0.3844,9,8,0,0,18.74,134.67
13.58,-0.9296,-0.3685,9,9,0,0,11.89,238.75
11.76,-0.9358,-0.3524,9,10,0,0,19.09,276.5
26.75,-0.9418,-0.3363,9,11,0,0,21.54,129.8
37.65,-0.9474,-0.32,9,12,0,0,35.75,132.4
51.37,-0.9528,-0.3037,9,13,0,0,42.36,155.33
57.35,-0.9579,-0.2873,9,14,0,0,57.39,183.8
35.66,-0.9627,-0.2707,9,15,0,0,32.14,119.3
31.21,-0.9672,-0.2541,9,16,0,0,36.63,587.47
25.16,-0.9714,-0.2375,9,17,0,0,25.36,129.0
18.76,-0.9753,-0.2207,9,18,0,0,21.04,147.5
27.1,-0.979,-0.2039,9,19,0,0,25.77,759.58
39.61,-0.9824,-0.187,9,20,0,0,45.44,246.0
40.36,-0.9854,-0.1701,9,21,0,0,40.94,282.0
51.72,-0.9882,-0.1531,9,22,0,0,57.98,134.35
47.3,-0.9907,-0.1361,9,23,0,0,44.72,563.34
60.51,-0.9929,-0.1191,9,24,0,0,87.9,237.75
63.7,-0.9948,-0.102,9,25,0,0,70.64,709.0
69.31,-0.9964,-0.0848,9,26,0,0,82.78,152.0
51.92,-0.9977,-0.0677,9,27,0,0,52.16,442.17
58.6,-0.9987,-0.0505,9,28,0,0,63.85,141.5
69.08,-0.9994,-0.0333,9,29,0,0,76.33,157.9
65.54,-0.9999,-0.0161,9,30,0,0,84.43,275.0
64.31,-1.0,0.0011,10,1,0,0,77.34,153.8
61.74,-0.9998,0.0183,10,2,0,0,71.87,269.05
64.71,-0.9994,0.0355,10,3,0,0,76.32,278.07
72.24,-0.9986,0.0527,10,4,0,0,87.17,179.1
83.87,-0.9976,0.0698,10,5,0,0,80.79,335.83
91.94,-0.9962,0.087,10,6,0,0,95.15,480.25
81.62,-0.9946,0.1041,10,7,0,0,92.96,329.0
65.44,-0.9926,0.1212,10,8,0,0,53.8,451.02
70.25,-0.9904,0.1383,10,9,0,0,49.29,422.12
69.95,-0.9879,0.1553,10,10,0,0,48.84,763.0
84.32,-0.9851,0.1722,10,11,0,0,101.64,250.0
107.82,-0.9819,0.1892,10,12,0,0,156.92,527.25
130.11,-0.9785,0.206,10,13,0,0,184.16,805.25
110.14,-0.9749,0.2228,10,14,0,0,146.24,452.2
89.09,-0.9709,0.2396,10,15,1,0,113.73,439.25
65.05,-0.9666,0.2562,10,16,1,0,98.0,189.5
42.19,-0.9621,0.2728,10,17,1,0,28.41,171.0
52.36,-0.9572,0.2893,10,18,1,0,63.07,180.0
55.38,-0.9521,0.3057,10,19,1,0,60.28,166.5
98.18,-0.9467,0.3221,10,20,1,1,145.11,425.42
139.65,-0.941,0.3383,10,21,1,1,189.46,458.48
153.79,-0.9351,0.3545,10,22,1,1,194.82,410.0
129.89,-0.9288,0.3705,10,23,1,1,228.84,407.75
101.39,-0.9223,0.3864,10,24,1,1,127.4,323.5
123.36,-0.9155,0.4022,10,25,1,1,152.14,404.0
117.31,-0.9085,0.4179,10,26,1,1,144.12,613.0
136.62,-0.9012,0.4335,10,27,1,1,153.67,534.5
162.96,-0.8936,0.4489,10,28,1,1,200.82,563.0
174.32,-0.8857,0.4642,10,29,1,1,219.06,400.0
184.86,-0.8776,0.4794,10,30,1,1,223.49,476.0
205.19,-0.8692,0.4944,10,31,1,1,231.99,443.5
185.71,-0.8606,0.5093,11,1,1,1,221.1,443.75
312.49,-0.8517,0.524,11,2,1,1,270.19,652.5
310.48,-0.8426,0.5386,11,3,1,1,428.5,646.75
334.72,-0.8332,0.553,11,4,1,1,328.77,637.25
333.91,-0.8235,0.5672,11,5,1,1,392.4,771.0
262.43,-0.8137,0.5813,11,6,1,1,335.16,621.75
266.06,-0.8035,0.5952,11,7,1,1,271.85,554.25
282.3,-0.7932,0.609,11,8,1,1,341.5,669.0
328.8,-0.7826,0.6225,11,9,1,1,368.02,608.0
123.09,-0.7718,0.6359,11,10,1,1,42.35,639.5
92.82,-0.7607,0.6491,11,11,1,1,89.57,245.17
136.56,-0.7494,0.6621,11,12,1,1,117.27,973.0
309.44,-0.7379,0.6749,11,13,1,1,337.28,997.0
233.61,-0.7262,0.6875,11,14,1,1,252.5,633.05
257.18,-0.7143,0.6998,11,15,1,1,349.19,527.75
325.3,-0.7021,0.712,11,16,1,1,364.68,632.75
235.51,-0.6898,0.724,11,17,1,1,335.7,633.0
158.45,-0.6772,0.7358,11,18,1,1,178.05,381.0
160.41,-0.6645,0.7473,11,19,1,1,171.08,544.0
201.14,-0.6515,0.7586,11,20,1,1,251.19,636.81
235.7,-0.6384,0.7697,11,21,1,0,257.44,404.0
239.69,-0.625,0.7806,11,22,1,0,276.53,514.0
247.62,-0.6115,0.7912,11,23,1,0,267.48,635.93
303.74,-0.5978,0.8016,11,24,1,0,346.38,910.5
254.87,-0.584,0.8118,11,25,1,0,305.8,508.25
270.39,-0.5699,0.8217,11,26,1,0,315.22,717.5
228.52,-0.5557,0.8314,11,27,1,0,267.01,471.5
136.84,-0.5413,0.8408,11,28,1,0,182.42,350.0
188.94,-0.5268,0.85,11,29,1,0,180.79,549.0
254.65,-0.5121,0.859,11,30,1,0,296.44,555.0
223.03,-0.4972,0.8676,12,1,1,0,224.22,552.0
161.3,-0.4822,0.8761,12,2,1,0,176.49,382.25
154.52,-0.4671,0.8842,12,3,1,0,184.0,542.0
154.1,-0.4518,0.8921,12,4,1,0,182.68,612.28
139.18,-0.4364,0.8998,12,5,1,0,173.96,394.75
139.58,-0.4208,0.9071,12,6,1,0,161.97,389.0
174.82,-0.4052,0.9142,12,7,1,0,197.11,578.0
161.49,-0.3894,0.9211,12,8,1,0,156.9,475.0
163.31,-0.3735,0.9276,12,9,1,0,175.44,427.5
156.68,-0.3575,0.9339,12,10,1,0,160.56,463.0
168.19,-0.3413,0.9399,12,11,1,0,182.37,561.0
227.63,-0.3251,0.9457,12,12,1,0,294.87,665.51
231.66,-0.3088,0.9511,12,13,1,0,294.47,719.0
169.19,-0.2924,0.9563,12,14,1,0,191.95,493.0
186.46,-0.2759,0.9612,12,15,1,0,220.69,482.0
219.33,-0.2593,0.9658,12,16,1,0,280.89,541.91
201.73,-0.2427,0.9701,12,17,1,0,245.12,608.0
154.57,-0.226,0.9741,12,18,1,0,174.45,365.5
131.33,-0.2092,0.9779,12,19,1,0,149.75,420.75
153.31,-0.1923,0.9813,12,20,1,0,140.51,486.06
231.12,-0.1754,0.9845,12,21,1,0,244.39,542.82
309.16,-0.1585,0.9874,12,22,1,0,272.04,634.0
316.03,-0.1414,0.9899,12,23,1,0,372.88,889.5
285.82,-0.1244,0.9922,12,24,1,0,359.89,656.25
216.32,-0.1073,0.9942,12,25,1,0,210.69,579.33
232.53,-0.0902,0.9959,12,26,1,0,227.58,572.75
261.75,-0.073,0.9973,12,27,1,0,187.44,613.75
188.87,-0.0559,0.9984,12,28,1,0,138.42,437.5
253.49,-0.0387,0.9993,12,29,1,0,197.63,560.75
248.19,-0.0215,0.9998,12,30,1,0,214.17,401.0
215.66,-0.0043,1.0,12,31,1,0,191.45,356.0
176.71,0.0172,0.9999,1,1,1,0,154.68,355.0
180.65,0.0344,0.9994,1,2,1,0,168.0,478.5
191.73,0.0516,0.9987,1,3,1,0,129.29,716.0
215.34,0.0688,0.9976,1,4,1,0,189.23,465.75
158.89,0.0859,0.9963,1,5,1,0,117.06,353.25
170.61,0.103,0.9947,1,6,1,0,129.12,473.67
167.25,0.1201,0.9928,1,7,1,0,134.64,473.25
227.1,0.1372,0.9905,1,8,1,0,166.1,737.75
131.42,0.1542,0.988,1,9,1,0,143.72,288.12
154.84,0.1712,0.9852,1,10,1,0,107.78,457.17
188.87,0.1881,0.9821,1,11,1,0,157.43,515.5
181.96,0.205,0.9788,1,12,1,0,127.27,881.0
353.96,0.2218,0.9751,1,13,1,0,224.6,958.0
322.05,0.2385,0.9711,1,14,1,0,237.24,919.0
185.48,0.2552,0.9669,1,15,1,0,135.55,704.75
241.48,0.2718,0.9624,1,16,1,0,211.13,522.5
204.75,0.2883,0.9575,1,17,1,0,183.05,478.75
171.02,0.3047,0.9524,1,18,1,0,102.78,445.0
180.88,0.3211,0.9471,1,19,1,0,144.48,352.0
185.5,0.3373,0.9414,1,20,1,0,138.15,534.0
170.0,0.3534,0.9355,1,21,1,0,135.9,377.75
206.04,0.3695,0.9292,1,22,1,0,144.34,701.0
219.24,0.3854,0.9227,1,23,1,0,142.07,487.0
246.43,0.4012,0.916,1,24,1,0,216.23,531.75
194.53,0.4169,0.9089,1,25,1,0,103.21,655.75
289.48,0.4325,0.9016,1,26,1,0,260.3,917.0
181.24,0.4479,0.8941,1,27,1,0,191.55,583.75
252.72,0.4633,0.8862,1,28,1,0,244.89,693.85
202.95,0.4784,0.8781,1,29,1,0,155.93,541.75
213.54,0.4935,0.8698,1,30,1,0,130.5,529.25
223.33,0.5084,0.8611,1,31,1,0,196.58,517.0
65.75,0.5231,0.8523,2,1,0,0,39.6,201.5
102.63,0.5377,0.8432,2,2,0,0,75.95,242.25
98.88,0.5521,0.8338,2,3,0,0,86.22,505.67
122.9,0.5664,0.8242,2,4,0,0,107.12,379.5
74.81,0.5805,0.8143,2,5,0,0,82.84,184.25
66.58,0.5944,0.8042,2,6,0,0,63.62,361.75
76.73,0.6081,0.7938,2,7,0,0,85.12,255.0
68.77,0.6217,0.7833,2,8,0,0,72.95,154.25
79.73,0.6351,0.7725,2,9,0,0,71.07,558.5
176.74,0.6483,0.7614,2,10,0,0,203.85,389.5
155.21,0.6613,0.7502,2,11,0,0,183.53,441.15
156.73,0.6741,0.7387,2,12,0,0,157.1,623.22
203.35,0.6867,0.727,2,13,0,0,210.56,458.74
167.1,0.6991,0.715,2,14,0,0,188.5,370.0
127.23,0.7113,0.7029,2,15,0,0,146.4,330.25
119.97,0.7233,0.6906,2,16,0,0,154.31,300.5
119.98,0.735,0.678,2,17,0,0,144.88,646.0
131.33,0.7466,0.6653,2,18,0,0,173.24,354.5
89.77,0.7579,0.6523,2,19,0,0,94.2,177.0
120.38,0.769,0.6392,2,20,0,0,118.12,384.67
89.5,0.7799,0.6259,2,21,0,0,92.84,263.0
61.85,0.7906,0.6124,2,22,0,0,89.15,268.68
61.04,0.801,0.5987,2,23,0,0,90.79,217.0
87.64,0.8112,0.5848,2,24,0,0,115.14,300.0
81.27,0.8211,0.5708,2,25,0,0,119.8,288.75
78.98,0.8308,0.5566,2,26,0,0,86.04,306.0
62.45,0.8402,0.5422,2,27,0,0,58.12,304.5
62.5,0.8495,0.5277,2,28,0,0,78.98,150.0
67.57,0.8584,0.513,2,29,0,0,85.39,255.67
91.52,0.8671,0.4981,3,1,0,0,134.08,369.75
33.53,0.8755,0.4831,3,2,0,0,30.69,331.1
48.58,0.8837,0.468,3,3,0,0,49.28,117.9
49.29,0.8916,0.4527,3,4,0,0,71.84,205.88
51.0,0.8993,0.4373,3,5,0,0,69.14,175.0
64.49,0.9067,0.4218,3,6,0,0,79.17,183.0
80.81,0.9138,0.4061,3,7,0,0,121.31,337.5
66.34,0.9207,0.3904,3,8,0,0,104.42,274.0
63.06,0.9272,0.3745,3,9,0,0,93.09,285.0
86.75,0.9335,0.3585,3,10,0,0,138.24,316.0
88.46,0.9396,0.3424,3,11,0,0,131.6,283.0
86.46,0.9453,0.3261,3,12,0,0,148.93,356.25
78.88,0.9508,0.3098,3,13,0,0,127.07,374.75
87.64,0.956,0.2934,3,14,0,0,146.29,340.25
47.12,0.9609,0.2769,3,15,0,0,61.55,523.84
77.67,0.9655,0.2604,3,16,0,0,97.76,272.5
91.12,0.9698,0.2437,3,17,0,0,140.8,319.25
93.32,0.9739,0.227,3,18,0,0,157.23,291.25
108.69,0.9777,0.2102,3,19,0,0,175.32,376.25
108.6,0.9811,0.1934,3,20,0,0,172.42,421.5
77.68,0.9843,0.1765,3,21,0,0,59.9,330.25
82.59,0.9872,0.1595,3,22,0,0,79.74,827.0
96.68,0.9898,0.1425,3,23,0,0,130.32,452.25
86.06,0.9921,0.1255,3,24,0,0,153.42,546.43
95.96,0.9941,0.1084,3,25,0,0,123.37,766.1
64.8,0.9958,0.0913,3,26,0,0,93.9,230.75
71.34,0.9972,0.0741,3,27,0,0,105.85,633.7
68.5,0.9984,0.057,3,28,0,0,91.49,426.88
85.28,0.9992,0.0398,3,29,0,0,117.0,568.35
86.72,0.9997,0.0226,3,30,0,0,102.6,518.72
94.3,1.0,0.0054,3,31,0,0,161.78,409.5
53.67,0.9999,-0.0118,4,1,0,0,88.33,567.9
64.78,0.9996,-0.029,4,2,0,0,118.59,542.43
75.55,0.9989,-0.0462,4,3,0,0,95.29,258.08
64.74,0.998,-0.0634,4,4,0,0,66.14,347.84
63.67,0.9968,-0.0805,4,5,0,0,84.65,237.42
69.6,0.9952,-0.0977,4,6,0,0,110.57,272.0
84.93,0.9934,-0.1148,4,7,0,0,177.41,398.0
88.75,0.9913,-0.1319,4,8,0,0,163.73,446.92
85.74,0.9889,-0.1489,4,9,0,0,124.7,331.43
98.3,0.9861,-0.1659,4,10,0,0,141.13,408.4
88.87,0.9831,-0.1828,4,11,0,0,143.02,483.95
105.11,0.9799,-0.1997,4,12,0,0,166.63,368.48
66.97,0.9763,-0.2165,4,13,0,0,76.5,438.28
64.63,0.9724,-0.2333,4,14,0,0,78.3,294.48
105.5,0.9683,-0.25,4,15,0,0,152.52,465.69
86.72,0.9638,-0.2666,4,16,0,0,153.98,448.0
43.9,0.9591,-0.2831,4,17,0,0,66.24,288.8
56.12,0.9541,-0.2996,4,18,0,0,92.33,375.4
63.15,0.9488,-0.316,4,19,0,0,82.74,302.02
65.01,0.9432,-0.3322,4,20,0,0,90.71,356.66
47.47,0.9373,-0.3484,4,21,0,0,64.36,311.12
40.97,0.9312,-0.3645,4,22,0,0,27.3,309.25
71.66,0.9248,-0.3804,4,23,0,0,92.4,332.25
70.77,0.9181,-0.3963,4,24,0,0,126.53,405.0
83.96,0.9112,-0.412,4,25,0,0,174.96,518.25
66.73,0.9039,-0.4276,4,26,0,0,92.69,260.0
57.75,0.8965,-0.4431,4,27,0,0,66.83,278.97
58.7,0.8887,-0.4585,4,28,0,0,67.53,340.22
80.76,0.8807,-0.4737,4,29,0,0,131.67,234.5
63.92,0.8724,-0.4888,4,30,0,0,91.66,325.5
65.65,0.8639,-0.5037,5,1,0,0,62.86,392.75
83.75,0.8551,-0.5185,5,2,0,0,120.49,362.0
134.28,0.846,-0.5331,5,3,0,0,202.24,468.98
142.52,0.8367,-0.5476,5,4,0,0,227.39,440.95
142.22,0.8272,-0.5619,5,5,0,0,264.3,575.75
114.38,0.8174,-0.5761,5,6,0,0,178.61,544.28
153.68,0.8074,-0.59,5,7,0,0,242.45,501.0
75.7,0.7971,-0.6038,5,8,0,0,65.79,381.71
57.38,0.7866,-0.6175,5,9,0,0,42.19,190.7
79.65,0.7759,-0.6309,5,10,0,0,69.38,942.14
72.03,0.7649,-0.6442,5,11,0,0,87.8,937.56
85.34,0.7537,-0.6572,5,12,0,0,93.66,416.0
96.45,0.7423,-0.6701,5,13,0,0,108.86,447.62
110.77,0.7306,-0.6828,5,14,0,0,184.72,942.06
125.21,0.7188,-0.6952,5,15,0,0,191.41,497.88
105.87,0.7067,-0.7075,5,16,0,0,103.27,336.32
91.4,0.6945,-0.7195,5,17,0,0,97.71,455.2
110.13,0.682,-0.7314,5,18,0,0,142.61,461.08
97.3,0.6693,-0.743,5,19,0,0,165.85,331.0
86.89,0.6564,-0.7544,5,20,0,0,133.35,942.44
82.25,0.6433,-0.7656,5,21,0,0,80.16,345.62
71.31,0.6301,-0.7765,5,22,0,0,73.7,199.0
54.6,0.6166,-0.7873,5,23,0,0,50.08,534.0
55.08,0.603,-0.7978,5,24,0,0,51.51,687.33
69.06,0.5892,-0.808,5,25,0,0,78.33,484.22
77.83,0.5752,-0.818,5,26,0,0,122.22,724.05
94.46,0.561,-0.8278,5,27,0,0,115.4,806.88
95.19,0.5467,-0.8373,5,28,0,0,109.84,503.78
72.41,0.5322,-0.8466,5,29,0,0,69.93,232.07
67.0,0.5176,-0.8556,5,30,0,0,75.42,530.0
71.57,0.5028,-0.8644,5,31,0,0,82.35,720.85
75.06,0.4878,-0.8729,6,1,0,0,88.07,484.68
47.07,0.4728,-0.8812,6,2,0,0,52.75,353.9
58.78,0.4575,-0.8892,6,3,0,0,55.73,830.8
77.2,0.4422,-0.8969,6,4,0,0,65.62,651.9
75.46,0.4267,-0.9044,6,5,0,0,61.75,960.04
56.97,0.4111,-0.9116,6,6,0,0,54.09,960.04
64.59,0.3953,-0.9185,6,7,0,0,88.6,826.68
62.7,0.3795,-0.9252,6,8,0,0,70.07,517.0
55.34,0.3635,-0.9316,6,9,0,0,76.61,783.42
54.09,0.3474,-0.9377,6,10,0,0,50.08,545.1
87.56,0.3312,-0.9436,6,11,0,0,145.0,958.38
69.53,0.3149,-0.9491,6,12,0,0,79.64,604.6
54.47,0.2986,-0.9544,6,13,0,0,40.91,555.92
47.73,0.2821,-0.9594,6,14,0,0,45.94,957.3
46.51,0.2656,-0.9641,6,15,0,0,40.34,366.6
57.05,0.2489,-0.9685,6,16,0,0,71.94,435.58
54.85,0.2322,-0.9727,6,17,0,0,63.44,257.74
72.03,0.2155,-0.9765,6,18,0,0,65.02,275.75
66.38,0.1986,-0.9801,6,19,0,0,46.3,505.3
45.45,0.1818,-0.9833,6,20,0,0,39.76,250.05
64.15,0.1648,-0.9863,6,21,0,0,65.06,222.48
90.97,0.1478,-0.989,6,22,0,0,143.47,530.9
62.9,0.1308,-0.9914,6,23,0,0,73.78,290.55
59.25,0.1137,-0.9935,6,24,0,0,73.91,214.62
67.44,0.0966,-0.9953,6,25,0,0,72.47,540.02
51.45,0.0795,-0.9968,6,26,0,0,72.43,247.49
30.98,0.0623,-0.9981,6,27,0,0,36.68,895.74
37.15,0.0451,-0.999,6,28,0,0,13.21,551.28
46.95,0.028,-0.9996,6,29,0,0,66.67,296.73
60.22,0.0108,-0.9999,6,30,0,0,62.81,210.0
35.88,-0.0065,-1.0,7,1,0,0,25.08,116.0
42.69,-0.0237,-0.9997,7,2,0,0,56.37,223.0
35.51,-0.0408,-0.9992,7,3,0,0,43.66,212.0
28.18,-0.058,-0.9983,7,4,0,0,24.9,942.06
28.51,-0.0752,-0.9972,7,5,0,0,41.37,111.0
23.94,-0.0923,-0.9957,7,6,0,0,28.39,74.0
11.97,-0.1094,-0.994,7,7,0,0,9.79,73.0
21.51,-0.1265,-0.992,7,8,0,0,22.95,102.0
45.17,-0.1436,-0.9896,7,9,0,0,45.34,957.7
61.77,-0.1606,-0.987,7,10,0,0,76.81,949.68
52.49,-0.1775,-0.9841,7,11,0,0,60.01,274.4
27.52,-0.1944,-0.9809,7,12,0,0,18.67,110.73
38.3,-0.2113,-0.9774,7,13,0,0,31.73,201.77
49.25,-0.2281,-0.9736,7,14,0,0,56.36,234.0
46.03,-0.2448,-0.9696,7,15,0,0,55.25,332.97
43.63,-0.2614,-0.9652,7,16,0,0,49.58,151.0
36.11,-0.278,-0.9606,7,17,0,0,32.5,206.0
43.18,-0.2945,-0.9557,7,18,0,0,49.19,185.0
65.17,-0.3109,-0.9505,7,19,0,0,68.39,176.0
49.09,-0.3272,-0.945,7,20,0,0,41.51,399.82
41.75,-0.3434,-0.9392,7,21,0,0,35.8,190.0
34.71,-0.3595,-0.9332,7,22,0,0,41.74,205.1
43.21,-0.3755,-0.9268,7,23,0,0,40.94,223.0
47.22,-0.3914,-0.9202,7,24,0,0,22.37,202.34
38.5,-0.4071,-0.9134,7,25,0,0,30.7,197.0
48.84,-0.4228,-0.9062,7,26,0,0,25.79,774.31
44.1,-0.4383,-0.8988,7,27,0,0,43.08,262.5
29.58,-0.4537,-0.8912,7,28,0,0,47.7,187.13
32.49,-0.469,-0.8832,7,29,0,0,29.25,213.83
40.78,-0.4841,-0.875,7,30,0,0,38.51,129.0
33.63,-0.4991,-0.8666,7,31,0,0,39.57,521.6
19.11,-0.5139,-0.8578,8,1,0,0,11.78,765.9
32.99,-0.5286,-0.8489,8,2,0,0,38.25,200.32
22.8,-0.5431,-0.8397,8,3,0,0,22.33,89.0
18.44,-0.5575,-0.8302,8,4,0,0,17.45,127.0
20.91,-0.5717,-0.8205,8,5,0,0,23.68,60.62
21.03,-0.5857,-0.8105,8,6,0,0,18.45,814.46
18.1,-0.5996,-0.8003,8,7,0,0,14.61,119.6
21.46,-0.6132,-0.7899,8,8,0,0,22.07,299.02
26.0,-0.6267,-0.7792,8,9,0,0,30.82,315.69
33.01,-0.64,-0.7683,8,10,0,0,37.3,127.0
27.23,-0.6532,-0.7572,8,11,0,0,31.07,135.42
28.42,-0.6661,-0.7459,8,12,0,0,28.91,137.84
24.7,-0.6788,-0.7343,8,13,0,0,21.54,906.46
35.64,-0.6914,-0.7225,8,14,0,0,46.9,175.0
27.01,-0.7037,-0.7105,8,15,0,0,27.51,105.0
21.76,-0.7158,-0.6983,8,16,0,0,33.58,93.0
30.57,-0.7277,-0.6859,8,17,0,0,28.92,164.99
30.02,-0.7394,-0.6733,8,18,0,0,28.36,120.15
28.04,-0.7509,-0.6605,8,19,0,0,30.16,120.68
22.69,-0.7621,-0.6474,8,20,0,0,14.25,85.0
29.39,-0.7731,-0.6342,8,21,0,0,25.67,104.0
28.88,-0.7839,-0.6208,8,22,0,0,23.59,256.58
27.7,-0.7945,-0.6073,8,23,0,0,27.96,123.0
48.1,-0.8048,-0.5935,8,24,0,0,66.55,166.0
26.58,-0.8149,-0.5796,8,25,0,0,24.75,165.54
28.36,-0.8248,-0.5655,8,26,0,0,29.9,183.48
20.53,-0.8344,-0.5512,8,27,0,0,22.85,105.96
22.52,-0.8437,-0.5368,8,28,0,0,17.79,83.42
26.93,-0.8528,-0.5222,8,29,0,0,15.53,210.0
47.51,-0.8617,-0.5074,8,30,0,0,60.65,315.0
38.74,-0.8703,-0.4925,8,31,0,0,40.85,186.02
40.45,-0.8786,-0.4775,9,1,0,0,39.96,136.12
32.7,-0.8867,-0.4623,9,2,0,0,34.62,202.36
33.86,-0.8945,-0.447,9,3,0,0,35.89,174.38
23.5,-0.9021,-0.4315,9,4,0,0,25.29,85.0
40.35,-0.9094,-0.4159,9,5,0,0,28.36,512.55
29.93,-0.9164,-0.4002,9,6,0,0,37.68,111.0
28.02,-0.9232,-0.3844,9,7,0,0,34.8,100.0
50.87,-0.9296,-0.3685,9,8,0,0,55.1,141.0
49.05,-0.9358,-0.3524,9,9,0,0,54.34,155.0
42.02,-0.9418,-0.3363,9,10,0,0,48.53,425.68
34.43,-0.9474,-0.32,9,11,0,0,40.96,156.0
16.94,-0.9528,-0.3037,9,12,0,0,11.26,218.7
18.27,-0.9579,-0.2873,9,13,0,0,11.48,80.02
29.35,-0.9627,-0.2707,9,14,0,0,23.69,143.0
41.16,-0.9672,-0.2541,9,15,0,0,33.19,210.75
50.98,-0.9714,-0.2375,9,16,0,0,44.48,256.77
57.66,-0.9753,-0.2207,9,17,0,0,55.58,262.0
36.81,-0.979,-0.2039,9,18,0,0,57.93,175.0
33.65,-0.9824,-0.187,9,19,0,0,22.22,526.78
33.73,-0.9854,-0.1701,9,20,0,0,33.23,251.0
46.57,-0.9882,-0.1531,9,21,0,0,42.56,450.0
73.74,-0.9907,-0.1361,9,22,0,0,83.29,402.0
81.05,-0.9929,-0.1191,9,23,0,0,81.48,693.05
96.32,-0.9948,-0.102,9,24,0,0,92.12,388.0
84.05,-0.9964,-0.0848,9,25,0,0,113.08,405.0
28.35,-0.9977,-0.0677,9,26,0,0,29.5,136.0
17.48,-0.9987,-0.0505,9,27,0,0,15.85,457.93
21.54,-0.9994,-0.0333,9,28,0,0,14.36,279.0
31.56,-0.9999,-0.0161,9,29,0,0,34.07,488.7
63.4,-1.0,0.0011,9,30,0,0,74.46,186.0
50.61,-1.0,0.0011,10,1,0,0,68.41,177.0
54.83,-0.9998,0.0183,10,2,0,0,55.51,178.5
37.36,-0.9994,0.0355,10,3,0,0,49.38,114.33
31.82,-0.9986,0.0527,10,4,0,0,36.44,482.25
40.86,-0.9976,0.0698,10,5,0,0,32.54,129.73
51.69,-0.9962,0.087,10,6,0,0,62.61,703.3
64.6,-0.9946,0.1041,10,7,0,0,64.7,287.25
71.38,-0.9926,0.1212,10,8,0,0,81.18,261.75
67.06,-0.9904,0.1383,10,9,0,0,72.61,196.82
64.56,-0.9879,0.1553,10,10,0,0,73.76,191.25
65.95,-0.9851,0.1722,10,11,0,0,77.68,410.33
70.25,-0.9819,0.1892,10,12,0,0,97.36,458.45
77.42,-0.9785,0.206,10,13,0,0,89.43,166.0
75.29,-0.9749,0.2228,10,14,0,0,88.05,215.48
91.62,-0.9709,0.2396,10,15,1,0,99.28,230.0
160.6,-0.9666,0.2562,10,16,1,0,172.85,361.5
113.29,-0.9621,0.2728,10,17,1,0,165.29,654.75
16.65,-0.9572,0.2893,10,18,1,0,9.86,205.1
52.53,-0.9521,0.3057,10,19,1,0,30.74,186.91
100.85,-0.9467,0.3221,10,20,1,1,96.99,499.75
72.64,-0.941,0.3383,10,21,1,1,65.57,366.97
56.72,-0.9351,0.3545,10,22,1,1,47.4,298.0
62.65,-0.9288,0.3705,10,23,1,1,87.92,226.8
65.97,-0.9223,0.3864,10,24,1,1,88.51,297.68
42.21,-0.9155,0.4022,10,25,1,1,38.28,158.2
69.24,-0.9085,0.4179,10,26,1,1,73.6,325.66
109.05,-0.9012,0.4335,10,27,1,1,132.76,962.47
124.19,-0.8936,0.4489,10,28,1,1,149.44,466.25
130.53,-0.8857,0.4642,10,29,1,1,166.58,432.43
112.9,-0.8776,0.4794,10,30,1,1,148.67,269.0
134.45,-0.8692,0.4944,10,31,1,1,158.28,680.02
139.16,-0.8606,0.5093,11,1,1,1,150.74,417.56
134.71,-0.8517,0.524,11,2,1,1,158.39,401.0
162.74,-0.8426,0.5386,11,3,1,1,158.28,704.5
316.9,-0.8332,0.553,11,4,1,1,267.75,995.0
416.77,-0.8235,0.5672,11,5,1,1,519.22,997.63
319.47,-0.8137,0.5813,11,6,1,1,332.39,765.0
262.63,-0.8035,0.5952,11,7,1,1,321.22,593.5
253.53,-0.7932,0.609,11,8,1,1,332.58,650.67
265.25,-0.7826,0.6225,11,9,1,1,323.17,751.35
233.41,-0.7718,0.6359,11,10,1,1,205.8,975.1
306.53,-0.7607,0.6491,11,11,1,1,285.69,997.6
384.56,-0.7494,0.6621,11,12,1,1,440.73,699.75
263.07,-0.7379,0.6749,11,13,1,1,360.29,663.0
183.04,-0.7262,0.6875,11,14,1,1,182.18,559.29
208.8,-0.7143,0.6998,11,15,1,1,195.1,652.86
252.06,-0.7021,0.712,11,16,1,1,314.24,573.9
213.03,-0.6898,0.724,11,17,1,1,249.61,545.68
213.94,-0.6772,0.7358,11,18,1,1,273.22,646.09
230.41,-0.6645,0.7473,11,19,1,1,286.23,473.25
222.03,-0.6515,0.7586,11,20,1,1,248.07,543.81
187.73,-0.6384,0.7697,11,21,1,0,249.24,521.07
139.41,-0.625,0.7806,11,22,1,0,164.24,300.25
152.83,-0.6115,0.7912,11,23,1,0,146.69,558.85
232.67,-0.5978,0.8016,11,24,1,0,238.73,630.92
258.26,-0.584,0.8118,11,25,1,0,281.81,647.5
272.51,-0.5699,0.8217,11,26,1,0,342.73,920.5
252.82,-0.5557,0.8314,11,27,1,0,277.26,564.9
268.55,-0.5413,0.8408,11,28,1,0,303.6,571.25
214.44,-0.5268,0.85,11,29,1,0,280.48,591.75
174.95,-0.5121,0.859,11,30,1,0,178.7,418.7
251.75,-0.4972,0.8676,12,1,1,0,224.22,628.25
262.35,-0.4822,0.8761,12,2,1,0,303.28,728.75
203.28,-0.4671,0.8842,12,3,1,0,200.73,689.0
171.39,-0.4518,0.8921,12,4,1,0,225.64,515.5
182.26,-0.4364,0.8998,12,5,1,0,212.15,633.25
143.38,-0.4208,0.9071,12,6,1,0,158.74,633.9
109.64,-0.4052,0.9142,12,7,1,0,123.65,298.75
115.53,-0.3894,0.9211,12,8,1,0,127.39,389.45
158.44,-0.3735,0.9276,12,9,1,0,158.08,686.75
150.32,-0.3575,0.9339,12,10,1,0,162.28,433.25
122.17,-0.3413,0.9399,12,11,1,0,130.1,659.0
143.5,-0.3251,0.9457,12,12,1,0,134.15,629.5
208.48,-0.3088,0.9511,12,13,1,0,262.92,938.0
226.41,-0.2924,0.9563,12,14,1,0,276.31,658.75
189.78,-0.2759,0.9612,12,15,1,0,199.17,524.0
219.25,-0.2593,0.9658,12,16,1,0,233.31,550.25
151.99,-0.2427,0.9701,12,17,1,0,187.97,383.0
139.07,-0.226,0.9741,12,18,1,0,141.5,418.8
145.13,-0.2092,0.9779,12,19,1,0,122.5,489.5
196.18,-0.1923,0.9813,12,20,1,0,164.86,985.0
296.12,-0.1754,0.9845,12,21,1,0,370.11,985.0
304.49,-0.1585,0.9874,12,22,1,0,357.49,918.5
352.64,-0.1414,0.9899,12,23,1,0,422.22,840.0
290.86,-0.1244,0.9922,12,24,1,0,319.31,879.5
365.24,-0.1073,0.9942,12,25,1,0,386.2,973.0
367.61,-0.0902,0.9959,12,26,1,0,427.16,835.5
119.32,-0.073,0.9973,12,27,1,0,105.9,707.25
149.27,-0.0559,0.9984,12,28,1,0,152.45,465.0
138.01,-0.0387,0.9993,12,29,1,0,156.99,751.75
164.4,-0.0215,0.9998,12,30,1,0,186.85,931.8
188.11,-0.0043,1.0,12,31,1,0,204.05,934.1
238.69,0.0172,0.9999,1,1,1,0,202.42,773.5
265.11,0.0344,0.9994,1,2,1,0,270.07,818.75
246.69,0.0516,0.9987,1,3,1,0,235.29,856.0
220.81,0.0688,0.9976,1,4,1,0,252.29,698.75
265.96,0.0859,0.9963,1,5,1,0,349.82,682.2
109.5,0.103,0.9947,1,6,1,0,153.98,291.12
70.24,0.1201,0.9928,1,7,1,0,82.85,174.0
46.6,0.1372,0.9905,1,8,1,0,48.84,597.2
44.1,0.1542,0.988,1,9,1,0,26.94,195.67
90.21,0.1712,0.9852,1,10,1,0,81.79,309.67
93.39,0.1881,0.9821,1,11,1,0,95.03,458.75
111.43,0.205,0.9788,1,12,1,0,78.9,493.4
205.32,0.2218,0.9751,1,13,1,0,160.48,813.75
187.32,0.2385,0.9711,1,14,1,0,129.87,479.33
118.68,0.2552,0.9669,1,15,1,0,68.27,375.67
137.41,0.2718,0.9624,1,16,1,0,95.92,415.0
174.77,0.2883,0.9575,1,17,1,0,126.57,505.33
178.79,0.3047,0.9524,1,18,1,0,201.62,444.0
186.01,0.3211,0.9471,1,19,1,0,155.28,600.1
238.21,0.3373,0.9414,1,20,1,0,193.92,451.7
197.22,0.3534,0.9355,1,21,1,0,153.95,560.75
130.02,0.3695,0.9292,1,22,1,0,117.19,903.7
109.91,0.3854,0.9227,1,23,1,0,71.84,534.0
112.47,0.4012,0.916,1,24,1,0,65.48,570.0
119.76,0.4169,0.9089,1,25,1,0,70.15,547.0
126.34,0.4325,0.9016,1,26,1,0,94.48,646.5
118.13,0.4479,0.8941,1,27,1,0,105.53,538.1
103.89,0.4633,0.8862,1,28,1,0,98.14,841.5
124.1,0.4784,0.8781,1,29,1,0,115.06,895.9
143.1,0.4935,0.8698,1,30,1,0,148.19,953.6
215.21,0.5084,0.8611,1,31,1,0,207.11,871.6
202.33,0.5231,0.8523,2,1,0,0,203.1,833.8
161.68,0.5377,0.8432,2,2,0,0,148.87,730.45
142.22,0.5521,0.8338,2,3,0,0,166.98,558.3
64.38,0.5664,0.8242,2,4,0,0,48.62,813.1
129.48,0.5805,0.8143,2,5,0,0,86.26,694.75
162.97,0.5944,0.8042,2,6,0,0,199.03,732.25
123.8,0.6081,0.7938,2,7,0,0,133.18,850.0
146.36,0.6217,0.7833,2,8,0,0,164.75,554.05
95.7,0.6351,0.7725,2,9,0,0,58.05,756.35
82.18,0.6483,0.7614,2,10,0,0,74.62,614.8
88.88,0.6613,0.7502,2,11,0,0,104.79,658.4
93.96,0.6741,0.7387,2,12,0,0,101.03,819.8
125.88,0.6867,0.727,2,13,0,0,164.91,572.25
116.5,0.6991,0.715,2,14,0,0,152.48,685.73
105.06,0.7113,0.7029,2,15,0,0,142.07,680.8
139.55,0.7233,0.6906,2,16,0,0,187.94,518.0
113.76,0.735,0.678,2,17,0,0,128.62,393.5
114.55,0.7466,0.6653,2,18,0,0,180.36,557.7
85.13,0.7579,0.6523,2,19,0,0,98.02,792.75
82.67,0.769,0.6392,2,20,0,0,99.35,814.1
80.89,0.7799,0.6259,2,21,0,0,77.72,841.5
99.45,0.7906,0.6124,2,22,0,0,127.66,669.0
112.36,0.801,0.5987,2,23,0,0,111.56,491.55
149.33,0.8112,0.5848,2,24,0,0,203.59,458.5
126.85,0.8211,0.5708,2,25,0,0,191.24,410.0
27.32,0.8308,0.5566,2,26,0,0,18.8,276.0
43.55,0.8402,0.5422,2,27,0,0,49.78,141.75
46.79,0.8495,0.5277,2,28,0,0,51.25,302.2
85.2,0.8584,0.513,3,1,0,0,103.27,518.8
103.09,0.8671,0.4981,3,2,0,0,149.55,315.75
81.43,0.8755,0.4831,3,3,0,0,89.55,355.0
76.79,0.8837,0.468,3,4,0,0,110.28,265.15
57.07,0.8916,0.4527,3,5,0,0,67.97,177.75
86.4,0.8993,0.4373,3,6,0,0,100.89,624.6
120.95,0.9067,0.4218,3,7,0,0,154.56,475.25
120.12,0.9138,0.4061,3,8,0,0,206.2,489.05
68.32,0.9207,0.3904,3,9,0,0,98.59,244.0
64.08,0.9272,0.3745,3,10,0,0,84.09,397.0
77.38,0.9335,0.3585,3,11,0,0,116.53,253.25
73.17,0.9396,0.3424,3,12,0,0,100.11,228.5
89.79,0.9453,0.3261,3,13,0,0,107.3,258.7
118.62,0.9508,0.3098,3,14,0,0,184.2,354.32
116.63,0.956,0.2934,3,15,0,0,173.89,563.52
92.63,0.9609,0.2769,3,16,0,0,122.83,655.1
118.24,0.9655,0.2604,3,17,0,0,126.48,271.25
137.76,0.9698,0.2437,3,18,0,0,161.62,424.92
106.58,0.9739,0.227,3,19,0,0,114.19,322.88
104.26,0.9777,0.2102,3,20,0,0,125.51,606.98
130.28,0.9811,0.1934,3,21,0,0,188.16,417.5
80.13,0.9843,0.1765,3,22,0,0,91.92,367.0
100.6,0.9872,0.1595,3,23,0,0,131.08,507.0
114.07,0.9898,0.1425,3,24,0,0,193.47,395.0
88.68,0.9921,0.1255,3,25,0,0,120.84,258.08
84.56,0.9941,0.1084,3,26,0,0,130.38,266.25
89.19,0.9958,0.0913,3,27,0,0,117.92,273.95
103.39,0.9972,0.0741,3,28,0,0,141.58,363.7
120.23,0.9984,0.057,3,29,0,0,174.75,392.0
125.33,0.9992,0.0398,3,30,0,0,184.83,482.0
141.8,0.9997,0.0226,3,31,0,0,190.73,621.41
73.4,1.0,0.0054,4,1,0,0,110.61,261.08
106.92,0.9999,-0.0118,4,2,0,0,155.26,486.75
105.31,0.9996,-0.029,4,3,0,0,147.27,554.12
106.92,0.9989,-0.0462,4,4,0,0,119.72,412.75
102.59,0.998,-0.0634,4,5,0,0,199.12,403.5
118.61,0.9968,-0.0805,4,6,0,0,218.45,657.1
124.24,0.9952,-0.0977,4,7,0,0,194.43,451.0
110.12,0.9934,-0.1148,4,8,0,0,151.85,420.0
109.85,0.9913,-0.1319,4,9,0,0,156.71,713.2
106.36,0.9889,-0.1489,4,10,0,0,144.57,376.0
109.75,0.9861,-0.1659,4,11,0,0,168.72,458.7
92.42,0.9831,-0.1828,4,12,0,0,92.16,743.0
111.71,0.9799,-0.1997,4,13,0,0,204.68,412.32
76.82,0.9763,-0.2165,4,14,0,0,100.49,367.6
70.63,0.9724,-0.2333,4,15,0,0,77.51,257.88
102.22,0.9683,-0.25,4,16,0,0,135.16,257.25
106.5,0.9638,-0.2666,4,17,0,0,148.91,350.08
112.05,0.9591,-0.2831,4,18,0,0,143.79,894.0
133.61,0.9541,-0.2996,4,19,0,0,225.39,487.0
95.54,0.9488,-0.316,4,20,0,0,125.03,438.0
104.24,0.9432,-0.3322,4,21,0,0,115.77,340.9
65.22,0.9373,-0.3484,4,22,0,0,57.95,426.05
110.12,0.9312,-0.3645,4,23,0,0,190.55,412.47
120.75,0.9248,-0.3804,4,24,0,0,201.2,501.67
100.34,0.9181,-0.3963,4,25,0,0,132.63,394.4
81.97,0.9112,-0.412,4,26,0,0,78.35,458.1
153.86,0.9039,-0.4276,4,27,0,0,283.33,723.0
163.21,0.8965,-0.4431,4,28,0,0,204.22,765.92
148.54,0.8887,-0.4585,4,29,0,0,173.09,510.0
121.09,0.8807,-0.4737,4,30,0,0,152.58,444.0
90.46,0.8724,-0.4888,5,1,0,0,85.1,378.1
73.78,0.8639,-0.5037,5,2,0,0,73.02,193.8
98.47,0.8551,-0.5185,5,3,0,0,75.58,378.55
73.54,0.846,-0.5331,5,4,0,0,91.45,294.5
71.62,0.8367,-0.5476,5,5,0,0,82.66,213.25
115.78,0.8272,-0.5619,5,6,0,0,151.07,393.79
86.89,0.8174,-0.5761,5,7,0,0,94.49,394.15
82.76,0.8074,-0.59,5,8,0,0,82.24,317.93
66.6,0.7971,-0.6038,5,9,0,0,68.42,342.57
64.78,0.7866,-0.6175,5,10,0,0,71.54,208.72
62.23,0.7759,-0.6309,5,11,0,0,62.55,195.1
67.67,0.7649,-0.6442,5,12,0,0,63.77,284.5
76.01,0.7537,-0.6572,5,13,0,0,56.15,302.82
108.68,0.7423,-0.6701,5,14,0,0,171.32,482.76
98.88,0.7306,-0.6828,5,15,0,0,154.71,394.61
96.8,0.7188,-0.6952,5,16,0,0,85.25,889.56
68.76,0.7067,-0.7075,5,17,0,0,46.22,236.42
76.49,0.6945,-0.7195,5,18,0,0,78.65,284.62
88.25,0.682,-0.7314,5,19,0,0,96.65,260.2
92.72,0.6693,-0.743,5,20,0,0,114.24,470.15
76.87,0.6564,-0.7544,5,21,0,0,70.19,404.62
64.57,0.6433,-0.7656,5,22,0,0,75.6,273.0
30.37,0.6301,-0.7765,5,23,0,0,21.62,130.0
36.28,0.6166,-0.7873,5,24,0,0,30.55,192.42
81.34,0.603,-0.7978,5,25,0,0,108.12,534.0
94.83,0.5892,-0.808,5,26,0,0,125.56,622.6
81.91,0.5752,-0.818,5,27,0,0,106.06,217.0
75.39,0.561,-0.8278,5,28,0,0,65.53,283.68
72.29,0.5467,-0.8373,5,29,0,0,83.49,209.15
65.49,0.5322,-0.8466,5,30,0,0,69.05,436.25
99.01,0.5176,-0.8556,5,31,0,0,83.63,344.67
97.93,0.5028,-0.8644,6,1,0,0,147.1,353.12
77.59,0.4878,-0.8729,6,2,0,0,103.56,269.05
89.98,0.4728,-0.8812,6,3,0,0,136.35,275.25
81.09,0.4575,-0.8892,6,4,0,0,113.17,306.58
59.21,0.4422,-0.8969,6,5,0,0,52.12,298.7
53.82,0.4267,-0.9044,6,6,0,0,52.72,193.75
88.0,0.4111,-0.9116,6,7,0,0,71.28,388.0
78.4,0.3953,-0.9185,6,8,0,0,82.01,360.25
62.57,0.3795,-0.9252,6,9,0,0,61.73,252.6
75.31,0.3635,-0.9316,6,10,0,0,77.98,269.25
70.14,0.3474,-0.9377,6,11,0,0,68.3,192.75
74.34,0.3312,-0.9436,6,12,0,0,86.06,261.25
51.93,0.3149,-0.9491,6,13,0,0,34.18,190.75
56.4,0.2986,-0.9544,6,14,0,0,61.94,210.0
35.44,0.2821,-0.9594,6,15,0,0,36.86,187.7
34.81,0.2656,-0.9641,6,16,0,0,34.26,398.45
28.28,0.2489,-0.9685,6,17,0,0,19.79,90.1
34.62,0.2322,-0.9727,6,18,0,0,42.9,120.08
42.72,0.2155,-0.9765,6,19,0,0,54.49,173.0
53.46,0.1986,-0.9801,6,20,0,0,65.93,271.0
44.11,0.1818,-0.9833,6,21,0,0,63.39,193.5
51.49,0.1648,-0.9863,6,22,0,0,38.76,153.0
56.32,0.1478,-0.989,6,23,0,0,53.84,209.5
72.0,0.1308,-0.9914,6,24,0,0,102.15,258.75
80.74,0.1137,-0.9935,6,25,0,0,103.06,343.0
65.27,0.0966,-0.9953,6,26,0,0,65.89,295.6
55.02,0.0795,-0.9968,6,27,0,0,51.71,141.45
74.87,0.0623,-0.9981,6,28,0,0,68.65,221.0
60.43,0.0451,-0.999,6,29,0,0,39.46,226.7
37.61,0.028,-0.9996,6,30,0,0,33.29,430.33
36.33,0.0108,-0.9999,7,1,0,0,45.16,338.0
42.77,-0.0065,-1.0,7,2,0,0,66.61,165.67
30.43,-0.0237,-0.9997,7,3,0,0,20.7,138.25
63.45,-0.0408,-0.9992,7,4,0,0,56.27,172.0
65.09,-0.058,-0.9983,7,5,0,0,83.93,204.0
51.42,-0.0752,-0.9972,7,6,0,0,50.91,221.88
39.84,-0.0923,-0.9957,7,7,0,0,45.99,250.25
37.09,-0.1094,-0.994,7,8,0,0,41.18,248.0
40.97,-0.1265,-0.992,7,9,0,0,56.32,118.75
32.83,-0.1436,-0.9896,7,10,0,0,33.02,101.02
44.83,-0.1606,-0.987,7,11,0,0,46.68,170.25
41.83,-0.1775,-0.9841,7,12,0,0,40.27,682.03
34.51,-0.1944,-0.9809,7,13,0,0,34.52,176.78
30.76,-0.2113,-0.9774,7,14,0,0,34.16,137.45
26.49,-0.2281,-0.9736,7,15,0,0,20.34,170.16
24.89,-0.2448,-0.9696,7,16,0,0,24.14,355.38
28.45,-0.2614,-0.9652,7,17,0,0,11.8,453.8
43.29,-0.278,-0.9606,7,18,0,0,52.97,234.61
42.92,-0.2945,-0.9557,7,19,0,0,40.34,156.0
33.38,-0.3109,-0.9505,7,20,0,0,46.79,122.0
44.16,-0.3272,-0.945,7,21,0,0,24.17,180.5
55.16,-0.3434,-0.9392,7,22,0,0,72.88,175.0
29.52,-0.3595,-0.9332,7,23,0,0,28.55,83.75
24.77,-0.3755,-0.9268,7,24,0,0,20.19,120.7
24.63,-0.3914,-0.9202,7,25,0,0,23.37,89.18
28.09,-0.4071,-0.9134,7,26,0,0,31.65,87.0
30.82,-0.4228,-0.9062,7,27,0,0,30.24,171.0
22.01,-0.4383,-0.8988,7,28,0,0,22.15,83.28
19.28,-0.4537,-0.8912,7,29,0,0,21.15,89.7
22.14,-0.469,-0.8832,7,30,0,0,19.05,89.0
23.89,-0.4841,-0.875,7,31,0,0,23.02,82.25
26.41,-0.4991,-0.8666,8,1,0,0,26.42,133.09
32.31,-0.5139,-0.8578,8,2,0,0,25.05,149.25
48.43,-0.5286,-0.8489,8,3,0,0,39.76,165.39
46.68,-0.5431,-0.8397,8,4,0,0,59.37,128.0
38.62,-0.5575,-0.8302,8,5,0,0,34.97,162.5
52.04,-0.5717,-0.8205,8,6,0,0,52.92,182.75
45.98,-0.5857,-0.8105,8,7,0,0,72.95,153.0
44.97,-0.5996,-0.8003,8,8,0,0,46.35,158.13
41.5,-0.6132,-0.7899,8,9,0,0,54.17,143.0
27.02,-0.6267,-0.7792,8,10,0,0,34.2,136.97
16.74,-0.64,-0.7683,8,11,0,0,14.3,114.94
19.39,-0.6532,-0.7572,8,12,0,0,18.36,74.0
27.24,-0.6661,-0.7459,8,13,0,0,32.25,83.0
26.21,-0.6788,-0.7343,8,14,0,0,13.74,83.0
18.8,-0.6914,-0.7225,8,15,0,0,14.02,83.0
15.86,-0.7037,-0.7105,8,16,0,0,15.28,60.01
14.19,-0.7158,-0.6983,8,17,0,0,11.42,171.6
20.33,-0.7277,-0.6859,8,18,0,0,13.35,75.42
18.3,-0.7394,-0.6733,8,19,0,0,12.36,287.0
31.77,-0.7509,-0.6605,8,20,0,0,23.33,139.0
46.88,-0.7621,-0.6474,8,21,0,0,54.4,130.5
35.87,-0.7731,-0.6342,8,22,0,0,54.37,111.12
24.97,-0.7839,-0.6208,8,23,0,0,32.75,75.0
22.73,-0.7945,-0.6073,8,24,0,0,18.38,277.92
36.41,-0.8048,-0.5935,8,25,0,0,28.57,348.25
35.46,-0.8149,-0.5796,8,26,0,0,31.33,157.0
32.05,-0.8248,-0.5655,8,27,0,0,30.52,225.35
37.18,-0.8344,-0.5512,8,28,0,0,33.27,159.6
40.54,-0.8437,-0.5368,8,29,0,0,37.8,138.65
48.48,-0.8528,-0.5222,8,30,0,0,49.26,185.75
43.79,-0.8617,-0.5074,8,31,0,0,44.25,234.32
45.12,-0.8703,-0.4925,9,1,0,0,44.81,279.62
45.72,-0.8786,-0.4775,9,2,0,0,38.34,228.45
32.63,-0.8867,-0.4623,9,3,0,0,26.34,151.07
26.45,-0.8945,-0.447,9,4,0,0,23.94,209.71
26.79,-0.9021,-0.4315,9,5,0,0,22.54,209.21
40.21,-0.9094,-0.4159,9,6,0,0,43.33,161.12
46.22,-0.9164,-0.4002,9,7,0,0,52.1,466.0
63.62,-0.9232,-0.3844,9,8,0,0,68.09,151.0
59.85,-0.9296,-0.3685,9,9,0,0,68.97,173.2
49.78,-0.9358,-0.3524,9,10,0,0,60.63,111.4
32.13,-0.9418,-0.3363,9,11,0,0,26.0,167.07
26.74,-0.9474,-0.32,9,12,0,0,24.83,187.43
19.75,-0.9528,-0.3037,9,13,0,0,16.85,106.58
17.79,-0.9579,-0.2873,9,14,0,0,15.23,78.67
16.06,-0.9627,-0.2707,9,15,0,0,20.15,71.81
15.98,-0.9672,-0.2541,9,16,0,0,10.93,80.67
33.32,-0.9714,-0.2375,9,17,0,0,27.66,98.7
47.58,-0.9753,-0.2207,9,18,0,0,29.97,167.25
72.39,-0.979,-0.2039,9,19,0,0,83.14,249.75
49.55,-0.9824,-0.187,9,20,0,0,68.87,146.0
41.57,-0.9854,-0.1701,9,21,0,0,62.06,170.25
26.29,-0.9882,-0.1531,9,22,0,0,31.08,474.7
26.13,-0.9907,-0.1361,9,23,0,0,16.24,90.0
23.39,-0.9929,-0.1191,9,24,0,0,26.79,74.99
21.57,-0.9948,-0.102,9,25,0,0,11.84,128.15
47.79,-0.9964,-0.0848,9,26,0,0,61.88,156.25
40.29,-0.9977,-0.0677,9,27,0,0,44.09,132.88
55.13,-0.9987,-0.0505,9,28,0,0,59.02,182.85
66.05,-0.9994,-0.0333,9,29,0,0,82.87,205.25
80.25,-0.9999,-0.0161,9,30,0,0,91.86,214.82
81.41,-1.0,0.0011,10,1,0,0,104.02,174.0
69.05,-0.9998,0.0183,10,2,0,0,94.49,175.0
42.71,-0.9994,0.0355,10,3,0,0,51.5,258.45
63.03,-0.9986,0.0527,10,4,0,0,61.51,251.1
89.36,-0.9976,0.0698,10,5,0,0,110.49,285.6
16.63,-0.9962,0.087,10,6,0,0,13.15,103.28
16.3,-0.9946,0.1041,10,7,0,0,12.44,61.0
14.32,-0.9926,0.1212,10,8,0,0,14.32,82.5
9.59,-0.9904,0.1383,10,9,0,0,10.84,61.0
14.76,-0.9879,0.1553,10,10,0,0,9.01,61.0
36.29,-0.9851,0.1722,10,11,0,0,25.93,231.67
62.49,-0.9819,0.1892,10,12,0,0,72.65,205.75
53.52,-0.9785,0.206,10,13,0,0,60.34,172.25
71.74,-0.9749,0.2228,10,14,0,0,81.89,216.8
89.6,-0.9709,0.2396,10,15,1,0,103.27,401.5
105.64,-0.9666,0.2562,10,16,1,0,123.99,349.3
108.94,-0.9621,0.2728,10,17,1,0,127.64,383.5
109.72,-0.9572,0.2893,10,18,1,0,118.14,398.33
102.01,-0.9521,0.3057,10,19,1,0,124.26,331.92
110.64,-0.9467,0.3221,10,20,1,1,111.76,302.75
117.39,-0.941,0.3383,10,21,1,1,145.08,386.33
122.89,-0.9351,0.3545,10,22,1,1,153.83,322.0
129.76,-0.9288,0.3705,10,23,1,1,128.29,357.75
177.52,-0.9223,0.3864,10,24,1,1,168.07,921.25
166.47,-0.9155,0.4022,10,25,1,1,149.56,986.0
142.96,-0.9085,0.4179,10,26,1,1,114.47,621.5
192.39,-0.9012,0.4335,10,27,1,1,218.98,494.34
223.13,-0.8936,0.4489,10,28,1,1,226.04,514.0
230.76,-0.8857,0.4642,10,29,1,1,287.07,502.09
211.77,-0.8776,0.4794,10,30,1,1,210.91,749.6
263.69,-0.8692,0.4944,10,31,1,1,208.96,562.75
248.88,-0.8606,0.5093,11,1,1,1,294.21,705.25
241.74,-0.8517,0.524,11,2,1,1,214.26,589.0
402.69,-0.8426,0.5386,11,3,1,1,529.11,928.0
324.12,-0.8332,0.553,11,4,1,1,346.39,566.0
193.45,-0.8235,0.5672,11,5,1,1,200.61,425.0
172.85,-0.8137,0.5813,11,6,1,1,181.1,375.0
193.57,-0.8035,0.5952,11,7,1,1,227.11,449.82
240.17,-0.7932,0.609,11,8,1,1,245.39,445.7
105.75,-0.7826,0.6225,11,9,1,1,112.76,335.75
162.28,-0.7718,0.6359,11,10,1,1,178.2,478.0
208.58,-0.7607,0.6491,11,11,1,1,357.3,547.78
186.89,-0.7494,0.6621,11,12,1,1,259.16,421.27
160.63,-0.7379,0.6749,11,13,1,1,196.5,326.69
140.22,-0.7262,0.6875,11,14,1,1,172.86,415.5
102.24,-0.7143,0.6998,11,15,1,1,99.43,274.0
118.88,-0.7021,0.712,11,16,1,1,174.92,414.2
139.59,-0.6898,0.724,11,17,1,1,199.17,386.09
157.43,-0.6772,0.7358,11,18,1,1,240.44,551.78
144.5,-0.6645,0.7473,11,19,1,1,178.83,532.85
171.28,-0.6515,0.7586,11,20,1,1,216.63,551.35
143.93,-0.6384,0.7697,11,21,1,0,174.07,350.6
113.47,-0.625,0.7806,11,22,1,0,136.13,245.25
103.72,-0.6115,0.7912,11,23,1,0,127.52,416.48
108.55,-0.5978,0.8016,11,24,1,0,109.77,569.33
158.6,-0.584,0.8118,11,25,1,0,173.91,591.25
180.96,-0.5699,0.8217,11,26,1,0,192.28,757.0
174.61,-0.5557,0.8314,11,27,1,0,195.31,509.45
198.65,-0.5413,0.8408,11,28,1,0,227.57,680.0
230.27,-0.5268,0.85,11,29,1,0,284.3,658.91
207.63,-0.5121,0.859,11,30,1,0,223.34,533.0
213.69,-0.4972,0.8676,12,1,1,0,231.84,492.99
200.39,-0.4822,0.8761,12,2,1,0,204.94,605.25
245.25,-0.4671,0.8842,12,3,1,0,260.2,667.75
250.6,-0.4518,0.8921,12,4,1,0,293.9,635.75
187.08,-0.4364,0.8998,12,5,1,0,202.78,560.75
184.23,-0.4208,0.9071,12,6,1,0,189.48,359.0
133.43,-0.4052,0.9142,12,7,1,0,143.42,336.05
143.94,-0.3894,0.9211,12,8,1,0,139.75,466.58
169.88,-0.3735,0.9276,12,9,1,0,151.03,691.0
211.95,-0.3575,0.9339,12,10,1,0,254.19,646.75
134.03,-0.3413,0.9399,12,11,1,0,153.58,476.75
95.92,-0.3251,0.9457,12,12,1,0,100.39,620.75
70.68,-0.3088,0.9511,12,13,1,0,81.54,233.75
85.59,-0.2924,0.9563,12,14,1,0,94.24,367.25
89.92,-0.2759,0.9612,12,15,1,0,84.74,424.25
124.19,-0.2593,0.9658,12,16,1,0,111.4,659.18
167.33,-0.2427,0.9701,12,17,1,0,151.3,760.25
254.25,-0.226,0.9741,12,18,1,0,203.4,813.75
259.11,-0.2092,0.9779,12,19,1,0,226.32,843.5
199.94,-0.1923,0.9813,12,20,1,0,168.09,544.0
188.4,-0.1754,0.9845,12,21,1,0,149.22,490.33
202.24,-0.1585,0.9874,12,22,1,0,126.13,541.5
202.07,-0.1414,0.9899,12,23,1,0,128.73,592.25
160.66,-0.1244,0.9922,12,24,1,0,177.3,457.75
168.91,-0.1073,0.9942,12,25,1,0,143.09,840.0
193.84,-0.0902,0.9959,12,26,1,0,121.15,854.02
166.8,-0.073,0.9973,12,27,1,0,128.51,554.62
151.84,-0.0559,0.9984,12,28,1,0,165.35,701.2
196.73,-0.0387,0.9993,12,29,1,0,149.79,589.5
256.68,-0.0215,0.9998,12,30,1,0,236.1,805.0
156.24,-0.0043,1.0,12,31,1,0,154.1,582.0
140.59,0.0172,0.9999,1,1,1,0,112.69,679.25
233.11,0.0344,0.9994,1,2,1,0,193.92,516.68
239.57,0.0516,0.9987,1,3,1,0,221.13,472.25
179.33,0.0688,0.9976,1,4,1,0,118.26,546.75
208.96,0.0859,0.9963,1,5,1,0,121.88,788.25
258.51,0.103,0.9947,1,6,1,0,192.14,565.75
226.55,0.1201,0.9928,1,7,1,0,148.25,845.15
254.55,0.1372,0.9905,1,8,1,0,135.77,968.0
377.61,0.1542,0.988,1,9,1,0,262.54,979.0
232.43,0.1712,0.9852,1,10,1,0,146.22,805.2
175.13,0.1881,0.9821,1,11,1,0,93.59,915.0
203.36,0.205,0.9788,1,12,1,0,198.28,351.25
215.69,0.2218,0.9751,1,13,1,0,210.06,412.25
153.77,0.2385,0.9711,1,14,1,0,170.89,335.25
98.57,0.2552,0.9669,1,15,1,0,97.09,423.75
143.33,0.2718,0.9624,1,16,1,0,131.44,582.0
152.32,0.2883,0.9575,1,17,1,0,167.19,593.0
191.89,0.3047,0.9524,1,18,1,0,203.4,818.25
198.04,0.3211,0.9471,1,19,1,0,198.56,609.88
91.12,0.3373,0.9414,1,20,1,0,56.01,458.5
210.88,0.3534,0.9355,1,21,1,0,164.5,931.1
248.86,0.3695,0.9292,1,22,1,0,279.16,593.75
168.8,0.3854,0.9227,1,23,1,0,185.13,697.65
86.73,0.4012,0.916,1,24,1,0,102.82,335.0
105.39,0.4169,0.9089,1,25,1,0,103.56,282.5
138.53,0.4325,0.9016,1,26,1,0,158.69,261.25
92.74,0.4479,0.8941,1,27,1,0,98.78,201.25
123.06,0.4633,0.8862,1,28,1,0,110.04,415.0
187.89,0.4784,0.8781,1,29,1,0,219.15,553.75
79.17,0.4935,0.8698,1,30,1,0,31.48,953.9
85.1,0.5084,0.8611,1,31,1,0,78.2,724.1
84.61,0.5231,0.8523,2,1,0,0,84.26,818.42
87.18,0.5377,0.8432,2,2,0,0,96.8,635.88
103.31,0.5521,0.8338,2,3,0,0,96.71,753.0
118.23,0.5664,0.8242,2,4,0,0,104.62,517.0
105.12,0.5805,0.8143,2,5,0,0,112.14,550.5
142.37,0.5944,0.8042,2,6,0,0,178.57,410.75
116.41,0.6081,0.7938,2,7,0,0,192.85,424.25
73.83,0.6217,0.7833,2,8,0,0,78.85,281.0
91.53,0.6351,0.7725,2,9,0,0,116.1,255.75
93.96,0.6483,0.7614,2,10,0,0,97.32,266.5
137.57,0.6613,0.7502,2,11,0,0,177.28,403.1
55.0,0.6741,0.7387,2,12,0,0,74.17,211.8
48.7,0.6867,0.727,2,13,0,0,52.97,261.9
63.39,0.6991,0.715,2,14,0,0,69.72,284.48
91.34,0.7113,0.7029,2,15,0,0,97.16,302.0
166.5,0.7233,0.6906,2,16,0,0,140.14,489.0
221.81,0.735,0.678,2,17,0,0,254.05,493.0
202.82,0.7466,0.6653,2,18,0,0,256.19,552.75
180.82,0.7579,0.6523,2,19,0,0,197.74,421.18
147.09,0.769,0.6392,2,20,0,0,204.27,375.5
125.63,0.7799,0.6259,2,21,0,0,121.27,656.0
137.12,0.7906,0.6124,2,22,0,0,142.42,598.33
82.06,0.801,0.5987,2,23,0,0,100.74,433.71
80.97,0.8112,0.5848,2,24,0,0,101.45,294.0
115.56,0.8211,0.5708,2,25,0,0,131.95,342.93
138.48,0.8308,0.5566,2,26,0,0,183.46,388.62
119.02,0.8402,0.5422,2,27,0,0,171.7,601.25
90.5,0.8495,0.5277,2,28,0,0,131.14,342.25
74.16,0.8584,0.513,3,1,0,0,60.12,336.12
91.36,0.8671,0.4981,3,2,0,0,122.77,494.45
61.71,0.8755,0.4831,3,3,0,0,80.19,223.43
54.64,0.8837,0.468,3,4,0,0,54.04,213.2
56.31,0.8916,0.4527,3,5,0,0,73.75,238.5
67.11,0.8993,0.4373,3,6,0,0,102.74,260.5
85.44,0.9067,0.4218,3,7,0,0,122.07,859.6
112.71,0.9138,0.4061,3,8,0,0,170.69,449.76
55.22,0.9207,0.3904,3,9,0,0,43.35,174.25
90.97,0.9272,0.3745,3,10,0,0,142.38,363.25
92.21,0.9335,0.3585,3,11,0,0,126.75,376.25
96.52,0.9396,0.3424,3,12,0,0,128.32,343.0
106.76,0.9453,0.3261,3,13,0,0,170.57,539.25
101.82,0.9508,0.3098,3,14,0,0,169.29,405.0
99.28,0.956,0.2934,3,15,0,0,144.25,493.0
103.45,0.9609,0.2769,3,16,0,0,169.42,311.0
95.66,0.9655,0.2604,3,17,0,0,126.99,277.0
68.73,0.9698,0.2437,3,18,0,0,68.92,246.33
81.25,0.9739,0.227,3,19,0,0,107.01,194.0
56.77,0.9777,0.2102,3,20,0,0,86.71,484.7
46.16,0.9811,0.1934,3,21,0,0,46.26,421.4
78.51,0.9843,0.1765,3,22,0,0,103.87,263.7
72.64,0.9872,0.1595,3,23,0,0,126.92,389.37
87.5,0.9898,0.1425,3,24,0,0,147.35,331.25
40.65,0.9921,0.1255,3,25,0,0,22.9,265.23
65.61,0.9941,0.1084,3,26,0,0,67.31,296.75
59.22,0.9958,0.0913,3,27,0,0,104.09,897.0
68.09,0.9972,0.0741,3,28,0,0,117.08,303.75
86.06,0.9984,0.057,3,29,0,0,147.88,297.25
71.1,0.9992,0.0398,3,30,0,0,110.89,393.2
30.7,0.9997,0.0226,3,31,0,0,33.22,368.03
45.0,1.0,0.0054,4,1,0,0,50.95,280.2
59.81,0.9999,-0.0118,4,2,0,0,80.84,224.28
72.19,0.9996,-0.029,4,3,0,0,121.82,333.0
45.44,0.9989,-0.0462,4,4,0,0,29.36,231.75
54.84,0.998,-0.0634,4,5,0,0,74.72,301.97
41.83,0.9968,-0.0805,4,6,0,0,38.85,274.75
50.13,0.9952,-0.0977,4,7,0,0,62.82,231.4
70.16,0.9934,-0.1148,4,8,0,0,112.22,310.8
104.17,0.9913,-0.1319,4,9,0,0,193.79,517.0
90.88,0.9889,-0.1489,4,10,0,0,162.06,345.5
125.55,0.9861,-0.1659,4,11,0,0,211.25,484.0
80.5,0.9831,-0.1828,4,12,0,0,109.18,301.75
91.21,0.9799,-0.1997,4,13,0,0,134.67,408.07
101.61,0.9763,-0.2165,4,14,0,0,180.79,637.98
102.14,0.9724,-0.2333,4,15,0,0,168.04,426.0
74.74,0.9683,-0.25,4,16,0,0,116.52,292.25
73.07,0.9638,-0.2666,4,17,0,0,100.08,843.0
77.58,0.9591,-0.2831,4,18,0,0,87.12,341.25
61.25,0.9541,-0.2996,4,19,0,0,60.06,355.0
43.08,0.9488,-0.316,4,20,0,0,46.28,257.25
42.14,0.9432,-0.3322,4,21,0,0,38.9,132.0
42.02,0.9373,-0.3484,4,22,0,0,47.82,285.6
27.04,0.9312,-0.3645,4,23,0,0,22.57,116.15
60.44,0.9248,-0.3804,4,24,0,0,93.49,284.25
57.03,0.9181,-0.3963,4,25,0,0,54.03,232.0
89.57,0.9112,-0.412,4,26,0,0,102.38,227.88
81.27,0.9039,-0.4276,4,27,0,0,126.06,347.77
69.6,0.8965,-0.4431,4,28,0,0,79.05,230.5
74.43,0.8887,-0.4585,4,29,0,0,104.95,512.24
51.31,0.8807,-0.4737,4,30,0,0,52.35,388.1
42.14,0.8724,-0.4888,5,1,0,0,40.18,123.7
40.17,0.8639,-0.5037,5,2,0,0,33.05,142.0
46.47,0.8551,-0.5185,5,3,0,0,61.87,161.0
61.21,0.846,-0.5331,5,4,0,0,69.35,212.75
81.37,0.8367,-0.5476,5,5,0,0,90.75,335.0
104.11,0.8272,-0.5619,5,6,0,0,196.28,426.25
65.47,0.8174,-0.5761,5,7,0,0,75.25,269.5
54.44,0.8074,-0.59,5,8,0,0,80.29,242.4
95.57,0.7971,-0.6038,5,9,0,0,166.97,316.75
91.05,0.7866,-0.6175,5,10,0,0,128.71,319.0
130.6,0.7759,-0.6309,5,11,0,0,209.36,393.0
91.49,0.7649,-0.6442,5,12,0,0,100.45,348.88
99.09,0.7537,-0.6572,5,13,0,0,109.57,485.68
98.57,0.7423,-0.6701,5,14,0,0,136.92,479.27
38.31,0.7306,-0.6828,5,15,0,0,29.97,302.67
136.34,0.7188,-0.6952,5,16,0,0,257.39,858.0
90.2,0.7067,-0.7075,5,17,0,0,128.36,439.2
41.38,0.6945,-0.7195,5,18,0,0,32.39,475.8
66.91,0.682,-0.7314,5,19,0,0,82.41,324.2
69.13,0.6693,-0.743,5,20,0,0,97.72,410.08
81.61,0.6564,-0.7544,5,21,0,0,112.52,418.88
62.36,0.6433,-0.7656,5,22,0,0,47.74,293.65
51.37,0.6301,-0.7765,5,23,0,0,39.71,426.07
30.2,0.6166,-0.7873,5,24,0,0,33.36,224.1
25.89,0.603,-0.7978,5,25,0,0,20.93,134.75
26.17,0.5892,-0.808,5,26,0,0,23.94,150.6
33.7,0.5752,-0.818,5,27,0,0,29.09,523.54
56.8,0.561,-0.8278,5,28,0,0,80.39,233.0
37.1,0.5467,-0.8373,5,29,0,0,30.3,130.5
40.46,0.5322,-0.8466,5,30,0,0,55.96,135.7
33.88,0.5176,-0.8556,5,31,0,0,31.72,143.0
46.64,0.5028,-0.8644,6,1,0,0,58.04,292.76
41.96,0.4878,-0.8729,6,2,0,0,45.19,187.5
53.0,0.4728,-0.8812,6,3,0,0,61.51,386.5
78.77,0.4575,-0.8892,6,4,0,0,80.91,325.5
62.55,0.4422,-0.8969,6,5,0,0,71.0,251.1
67.29,0.4267,-0.9044,6,6,0,0,33.7,572.5
68.05,0.4111,-0.9116,6,7,0,0,92.24,474.55
53.69,0.3953,-0.9185,6,8,0,0,69.34,233.88
43.43,0.3795,-0.9252,6,9,0,0,43.51,173.5
40.9,0.3635,-0.9316,6,10,0,0,41.88,253.85
39.92,0.3474,-0.9377,6,11,0,0,35.37,191.32
51.16,0.3312,-0.9436,6,12,0,0,50.58,183.13
58.07,0.3149,-0.9491,6,13,0,0,62.85,247.82
45.05,0.2986,-0.9544,6,14,0,0,47.56,165.3
36.9,0.2821,-0.9594,6,15,0,0,41.12,210.9
37.95,0.2656,-0.9641,6,16,0,0,48.17,185.82
42.72,0.2489,-0.9685,6,17,0,0,46.56,196.94
30.42,0.2322,-0.9727,6,18,0,0,37.76,95.27
26.76,0.2155,-0.9765,6,19,0,0,19.09,89.0
40.77,0.1986,-0.9801,6,20,0,0,53.19,135.0
37.05,0.1818,-0.9833,6,21,0,0,27.92,126.36
41.72,0.1648,-0.9863,6,22,0,0,35.46,199.0
49.84,0.1478,-0.989,6,23,0,0,32.79,132.8
53.71,0.1308,-0.9914,6,24,0,0,59.12,164.0
26.17,0.1137,-0.9935,6,25,0,0,10.57,213.9
45.76,0.0966,-0.9953,6,26,0,0,58.46,238.0
35.56,0.0795,-0.9968,6,27,0,0,22.2,134.5
33.49,0.0623,-0.9981,6,28,0,0,42.22,122.25
40.76,0.0451,-0.999,6,29,0,0,45.28,206.0
25.96,0.028,-0.9996,6,30,0,0,19.04,324.97
23.8,0.0108,-0.9999,7,1,0,0,26.41,96.0
34.21,-0.0065,-1.0,7,2,0,0,26.01,119.0
53.81,-0.0237,-0.9997,7,3,0,0,37.97,133.0
49.22,-0.0408,-0.9992,7,4,0,0,51.84,135.02
37.45,-0.058,-0.9983,7,5,0,0,41.64,86.0
28.22,-0.0752,-0.9972,7,6,0,0,45.88,88.58
33.63,-0.0923,-0.9957,7,7,0,0,33.24,155.48
27.02,-0.1094,-0.994,7,8,0,0,21.61,192.15
23.16,-0.1265,-0.992,7,9,0,0,29.5,102.5
27.0,-0.1436,-0.9896,7,10,0,0,34.64,127.0
33.59,-0.1606,-0.987,7,11,0,0,36.34,95.5
32.39,-0.1775,-0.9841,7,12,0,0,32.56,101.15
37.11,-0.1944,-0.9809,7,13,0,0,36.05,103.0
36.83,-0.2113,-0.9774,7,14,0,0,37.88,86.6
37.5,-0.2281,-0.9736,7,15,0,0,32.62,135.25
28.46,-0.2448,-0.9696,7,16,0,0,25.38,107.4
45.31,-0.2614,-0.9652,7,17,0,0,30.88,158.0
35.48,-0.278,-0.9606,7,18,0,0,38.27,74.89
32.01,-0.2945,-0.9557,7,19,0,0,28.76,70.43
43.29,-0.3109,-0.9505,7,20,0,0,44.02,244.25
53.1,-0.3272,-0.945,7,21,0,0,60.53,274.0
34.44,-0.3434,-0.9392,7,22,0,0,34.98,124.7
27.59,-0.3595,-0.9332,7,23,0,0,26.55,94.0
30.6,-0.3755,-0.9268,7,24,0,0,33.99,141.0
43.11,-0.3914,-0.9202,7,25,0,0,37.92,123.33
24.52,-0.4071,-0.9134,7,26,0,0,10.76,91.6
39.93,-0.4228,-0.9062,7,27,0,0,45.29,160.75
35.1,-0.4383,-0.8988,7,28,0,0,43.94,172.36
16.8,-0.4537,-0.8912,7,29,0,0,18.34,95.0
23.51,-0.469,-0.8832,7,30,0,0,21.03,138.43
45.49,-0.4841,-0.875,7,31,0,0,57.92,853.8
28.05,-0.4991,-0.8666,8,1,0,0,23.08,105.33
27.37,-0.5139,-0.8578,8,2,0,0,27.07,335.4
31.06,-0.5286,-0.8489,8,3,0,0,25.45,183.33
36.88,-0.5431,-0.8397,8,4,0,0,30.03,250.75
40.65,-0.5575,-0.8302,8,5,0,0,37.91,558.29
30.95,-0.5717,-0.8205,8,6,0,0,26.53,315.18
29.26,-0.5857,-0.8105,8,7,0,0,26.44,98.5
30.8,-0.5996,-0.8003,8,8,0,0,27.08,137.0
36.83,-0.6132,-0.7899,8,9,0,0,29.18,150.12
37.31,-0.6267,-0.7792,8,10,0,0,33.22,129.6
40.24,-0.64,-0.7683,8,11,0,0,35.46,237.7
35.54,-0.6532,-0.7572,8,12,0,0,31.69,172.82
30.13,-0.6661,-0.7459,8,13,0,0,26.24,177.0
36.36,-0.6788,-0.7343,8,14,0,0,35.75,161.0
46.34,-0.6914,-0.7225,8,15,0,0,49.85,262.0
47.54,-0.7037,-0.7105,8,16,0,0,49.9,166.25
41.3,-0.7158,-0.6983,8,17,0,0,39.35,117.0
45.5,-0.7277,-0.6859,8,18,0,0,38.4,223.76
45.16,-0.7394,-0.6733,8,19,0,0,23.41,160.25
38.0,-0.7509,-0.6605,8,20,0,0,45.6,180.0
39.39,-0.7621,-0.6474,8,21,0,0,38.68,118.25
37.83,-0.7731,-0.6342,8,22,0,0,42.07,167.0
24.4,-0.7839,-0.6208,8,23,0,0,25.96,129.0
31.87,-0.7945,-0.6073,8,24,0,0,25.48,625.79
35.18,-0.8048,-0.5935,8,25,0,0,29.15,122.33
45.15,-0.8149,-0.5796,8,26,0,0,39.47,163.97
53.2,-0.8248,-0.5655,8,27,0,0,65.29,151.2
48.16,-0.8344,-0.5512,8,28,0,0,46.22,196.04
44.85,-0.8437,-0.5368,8,29,0,0,31.69,135.5
48.19,-0.8528,-0.5222,8,30,0,0,45.46,289.6
48.55,-0.8617,-0.5074,8,31,0,0,56.61,188.69
41.84,-0.8703,-0.4925,9,1,0,0,47.03,117.0
41.91,-0.8786,-0.4775,9,2,0,0,42.76,425.9
40.67,-0.8867,-0.4623,9,3,0,0,41.45,167.62
39.55,-0.8945,-0.447,9,4,0,0,47.47,201.6
39.25,-0.9021,-0.4315,9,5,0,0,33.24,126.67
31.96,-0.9094,-0.4159,9,6,0,0,31.6,240.07
34.79,-0.9164,-0.4002,9,7,0,0,29.54,120.0
23.47,-0.9232,-0.3844,9,8,0,0,18.74,134.67
13.58,-0.9296,-0.3685,9,9,0,0,11.89,238.75
11.76,-0.9358,-0.3524,9,10,0,0,19.09,276.5
26.75,-0.9418,-0.3363,9,11,0,0,21.54,129.8
37.65,-0.9474,-0.32,9,12,0,0,35.75,132.4
51.37,-0.9528,-0.3037,9,13,0,0,42.36,155.33
57.35,-0.9579,-0.2873,9,14,0,0,57.39,183.8
35.66,-0.9627,-0.2707,9,15,0,0,32.14,119.3
31.21,-0.9672,-0.2541,9,16,0,0,36.63,587.47
25.16,-0.9714,-0.2375,9,17,0,0,25.36,129.0
18.76,-0.9753,-0.2207,9,18,0,0,21.04,147.5
27.1,-0.979,-0.2039,9,19,0,0,25.77,759.58
39.61,-0.9824,-0.187,9,20,0,0,45.44,246.0
40.36,-0.9854,-0.1701,9,21,0,0,40.94,282.0
51.72,-0.9882,-0.1531,9,22,0,0,57.98,134.35
47.3,-0.9907,-0.1361,9,23,0,0,44.72,563.34
60.51,-0.9929,-0.1191,9,24,0,0,87.9,237.75
63.7,-0.9948,-0.102,9,25,0,0,70.64,709.0
69.31,-0.9964,-0.0848,9,26,0,0,82.78,152.0
51.92,-0.9977,-0.0677,9,27,0,0,52.16,442.17
58.6,-0.9987,-0.0505,9,28,0,0,63.85,141.5
69.08,-0.9994,-0.0333,9,29,0,0,76.33,157.9
65.54,-0.9999,-0.0161,9,30,0,0,84.43,275.0
64.31,-1.0,0.0011,10,1,0,0,77.34,153.8
61.74,-0.9998,0.0183,10,2,0,0,71.87,269.05
64.71,-0.9994,0.0355,10,3,0,0,76.32,278.07
72.24,-0.9986,0.0527,10,4,0,0,87.17,179.1
83.87,-0.9976,0.0698,10,5,0,0,80.79,335.83
91.94,-0.9962,0.087,10,6,0,0,95.15,480.25
81.62,-0.9946,0.1041,10,7,0,0,92.96,329.0
65.44,-0.9926,0.1212,10,8,0,0,53.8,451.02
70.25,-0.9904,0.1383,10,9,0,0,49.29,422.12
69.95,-0.9879,0.1553,10,10,0,0,48.84,763.0
84.32,-0.9851,0.1722,10,11,0,0,101.64,250.0
107.82,-0.9819,0.1892,10,12,0,0,156.92,527.25
130.11,-0.9785,0.206,10,13,0,0,184.16,805.25
110.14,-0.9749,0.2228,10,14,0,0,146.24,452.2
89.09,-0.9709,0.2396,10,15,1,0,113.73,439.25
65.05,-0.9666,0.2562,10,16,1,0,98.0,189.5
42.19,-0.9621,0.2728,10,17,1,0,28.41,171.0
52.36,-0.9572,0.2893,10,18,1,0,63.07,180.0
55.38,-0.9521,0.3057,10,19,1,0,60.28,166.5
98.18,-0.9467,0.3221,10,20,1,1,145.11,425.42
139.65,-0.941,0.3383,10,21,1,1,189.46,458.48
153.79,-0.9351,0.3545,10,22,1,1,194.82,410.0
129.89,-0.9288,0.3705,10,23,1,1,228.84,407.75
101.39,-0.9223,0.3864,10,24,1,1,127.4,323.5
123.36,-0.9155,0.4022,10,25,1,1,152.14,404.0
117.31,-0.9085,0.4179,10,26,1,1,144.12,613.0
136.62,-0.9012,0.4335,10,27,1,1,153.67,534.5
162.96,-0.8936,0.4489,10,28,1,1,200.82,563.0
174.32,-0.8857,0.4642,10,29,1,1,219.06,400.0
184.86,-0.8776,0.4794,10,30,1,1,223.49,476.0
205.19,-0.8692,0.4944,10,31,1,1,231.99,443.5
185.71,-0.8606,0.5093,11,1,1,1,221.1,443.75
312.49,-0.8517,0.524,11,2,1,1,270.19,652.5
310.48,-0.8426,0.5386,11,3,1,1,428.5,646.75
334.72,-0.8332,0.553,11,4,1,1,328.77,637.25
333.91,-0.8235,0.5672,11,5,1,1,392.4,771.0
262.43,-0.8137,0.5813,11,6,1,1,335.16,621.75
266.06,-0.8035,0.5952,11,7,1,1,271.85,554.25
282.3,-0.7932,0.609,11,8,1,1,341.5,669.0
328.8,-0.7826,0.6225,11,9,1,1,368.02,608.0
123.09,-0.7718,0.6359,11,10,1,1,42.35,639.5
92.82,-0.7607,0.6491,11,11,1,1,89.57,245.17
136.56,-0.7494,0.6621,11,12,1,1,117.27,973.0
309.44,-0.7379,0.6749,11,13,1,1,337.28,997.0
233.61,-0.7262,0.6875,11,14,1,1,252.5,633.05
257.18,-0.7143,0.6998,11,15,1,1,349.19,527.75
325.3,-0.7021,0.712,11,16,1,1,364.68,632.75
235.51,-0.6898,0.724,11,17,1,1,335.7,633.0
158.45,-0.6772,0.7358,11,18,1,1,178.05,381.0
160.41,-0.6645,0.7473,11,19,1,1,171.08,544.0
201.14,-0.6515,0.7586,11,20,1,1,251.19,636.81
235.7,-0.6384,0.7697,11,21,1,0,257.44,404.0
239.69,-0.625,0.7806,11,22,1,0,276.53,514.0
247.62,-0.6115,0.7912,11,23,1,0,267.48,635.93
303.74,-0.5978,0.8016,11,24,1,0,346.38,910.5
254.87,-0.584,0.8118,11,25,1,0,305.8,508.25
270.39,-0.5699,0.8217,11,26,1,0,315.22,717.5
228.52,-0.5557,0.8314,11,27,1,0,267.01,471.5
136.84,-0.5413,0.8408,11,28,1,0,182.42,350.0
188.94,-0.5268,0.85,11,29,1,0,180.79,549.0
254.65,-0.5121,0.859,11,30,1,0,296.44,555.0
223.03,-0.4972,0.8676,12,1,1,0,224.22,552.0
161.3,-0.4822,0.8761,12,2,1,0,176.49,382.25
154.52,-0.4671,0.8842,12,3,1,0,184.0,542.0
154.1,-0.4518,0.8921,12,4,1,0,182.68,612.28
139.18,-0.4364,0.8998,12,5,1,0,173.96,394.75
139.58,-0.4208,0.9071,12,6,1,0,161.97,389.0
174.82,-0.4052,0.9142,12,7,1,0,197.11,578.0
161.49,-0.3894,0.9211,12,8,1,0,156.9,475.0
163.31,-0.3735,0.9276,12,9,1,0,175.44,427.5
156.68,-0.3575,0.9339,12,10,1,0,160.56,463.0
168.19,-0.3413,0.9399,12,11,1,0,182.37,561.0
227.63,-0.3251,0.9457,12,12,1,0,294.87,665.51
231.66,-0.3088,0.9511,12,13,1,0,294.47,719.0
169.19,-0.2924,0.9563,12,14,1,0,191.95,493.0
186.46,-0.2759,0.9612,12,15,1,0,220.69,482.0
219.33,-0.2593,0.9658,12,16,1,0,280.89,541.91
201.73,-0.2427,0.9701,12,17,1,0,245.12,608.0
154.57,-0.226,0.9741,12,18,1,0,174.45,365.5
131.33,-0.2092,0.9779,12,19,1,0,149.75,420.75
153.31,-0.1923,0.9813,12,20,1,0,140.51,486.06
231.12,-0.1754,0.9845,12,21,1,0,244.39,542.82
309.16,-0.1585,0.9874,12,22,1,0,272.04,634.0
316.03,-0.1414,0.9899,12,23,1,0,372.88,889.5
285.82,-0.1244,0.9922,12,24,1,0,359.89,656.25
216.32,-0.1073,0.9942,12,25,1,0,210.69,579.33
232.53,-0.0902,0.9959,12,26,1,0,227.58,572.75
261.75,-0.073,0.9973,12,27,1,0,187.44,613.75
188.87,-0.0559,0.9984,12,28,1,0,138.42,437.5
253.49,-0.0387,0.9993,12,29,1,0,197.63,560.75
248.19,-0.0215,0.9998,12,30,1,0,214.17,401.0
215.66,-0.0043,1.0,12,31,1,0,191.45,356.0
176.71,0.0172,0.9999,1,1,1,0,154.68,355.0
180.65,0.0344,0.9994,1,2,1,0,168.0,478.5
191.73,0.0516,0.9987,1,3,1,0,129.29,716.0
215.34,0.0688,0.9976,1,4,1,0,189.23,465.75
158.89,0.0859,0.9963,1,5,1,0,117.06,353.25
170.61,0.103,0.9947,1,6,1,0,129.12,473.67
167.25,0.1201,0.9928,1,7,1,0,134.64,473.25
227.1,0.1372,0.9905,1,8,1,0,166.1,737.75
131.42,0.1542,0.988,1,9,1,0,143.72,288.12
154.84,0.1712,0.9852,1,10,1,0,107.78,457.17
188.87,0.1881,0.9821,1,11,1,0,157.43,515.5
181.96,0.205,0.9788,1,12,1,0,127.27,881.0
353.96,0.2218,0.9751,1,13,1,0,224.6,958.0
322.05,0.2385,0.9711,1,14,1,0,237.24,919.0
185.48,0.2552,0.9669,1,15,1,0,135.55,704.75
241.48,0.2718,0.9624,1,16,1,0,211.13,522.5
204.75,0.2883,0.9575,1,17,1,0,183.05,478.75
171.02,0.3047,0.9524,1,18,1,0,102.78,445.0
180.88,0.3211,0.9471,1,19,1,0,144.48,352.0
185.5,0.3373,0.9414,1,20,1,0,138.15,534.0
170.0,0.3534,0.9355,1,21,1,0,135.9,377.75
206.04,0.3695,0.9292,1,22,1,0,144.34,701.0
219.24,0.3854,0.9227,1,23,1,0,142.07,487.0
246.43,0.4012,0.916,1,24,1,0,216.23,531.75
194.53,0.4169,0.9089,1,25,1,0,103.21,655.75
289.48,0.4325,0.9016,1,26,1,0,260.3,917.0
181.24,0.4479,0.8941,1,27,1,0,191.55,583.75
252.72,0.4633,0.8862,1,28,1,0,244.89,693.85
202.95,0.4784,0.8781,1,29,1,0,155.93,541.75
213.54,0.4935,0.8698,1,30,1,0,130.5,529.25
223.33,0.5084,0.8611,1,31,1,0,196.58,517.0
65.75,0.5231,0.8523,2,1,0,0,39.6,201.5
102.63,0.5377,0.8432,2,2,0,0,75.95,242.25
98.88,0.5521,0.8338,2,3,0,0,86.22,505.67
122.9,0.5664,0.8242,2,4,0,0,107.12,379.5
74.81,0.5805,0.8143,2,5,0,0,82.84,184.25
66.58,0.5944,0.8042,2,6,0,0,63.62,361.75
76.73,0.6081,0.7938,2,7,0,0,85.12,255.0
68.77,0.6217,0.7833,2,8,0,0,72.95,154.25
79.73,0.6351,0.7725,2,9,0,0,71.07,558.5
176.74,0.6483,0.7614,2,10,0,0,203.85,389.5
155.21,0.6613,0.7502,2,11,0,0,183.53,441.15
156.73,0.6741,0.7387,2,12,0,0,157.1,623.22
203.35,0.6867,0.727,2,13,0,0,210.56,458.74
167.1,0.6991,0.715,2,14,0,0,188.5,370.0
127.23,0.7113,0.7029,2,15,0,0,146.4,330.25
119.97,0.7233,0.6906,2,16,0,0,154.31,300.5
119.98,0.735,0.678,2,17,0,0,144.88,646.0
131.33,0.7466,0.6653,2,18,0,0,173.24,354.5
89.77,0.7579,0.6523,2,19,0,0,94.2,177.0
120.38,0.769,0.6392,2,20,0,0,118.12,384.67
89.5,0.7799,0.6259,2,21,0,0,92.84,263.0
61.85,0.7906,0.6124,2,22,0,0,89.15,268.68
61.04,0.801,0.5987,2,23,0,0,90.79,217.0
87.64,0.8112,0.5848,2,24,0,0,115.14,300.0
81.27,0.8211,0.5708,2,25,0,0,119.8,288.75
78.98,0.8308,0.5566,2,26,0,0,86.04,306.0
62.45,0.8402,0.5422,2,27,0,0,58.12,304.5
62.5,0.8495,0.5277,2,28,0,0,78.98,150.0
67.57,0.8584,0.513,2,29,0,0,85.39,255.67
91.52,0.8671,0.4981,3,1,0,0,134.08,369.75
33.53,0.8755,0.4831,3,2,0,0,30.69,331.1
48.58,0.8837,0.468,3,3,0,0,49.28,117.9
49.29,0.8916,0.4527,3,4,0,0,71.84,205.88
51.0,0.8993,0.4373,3,5,0,0,69.14,175.0
64.49,0.9067,0.4218,3,6,0,0,79.17,183.0
80.81,0.9138,0.4061,3,7,0,0,121.31,337.5
66.34,0.9207,0.3904,3,8,0,0,104.42,274.0
63.06,0.9272,0.3745,3,9,0,0,93.09,285.0
86.75,0.9335,0.3585,3,10,0,0,138.24,316.0
88.46,0.9396,0.3424,3,11,0,0,131.6,283.0
86.46,0.9453,0.3261,3,12,0,0,148.93,356.25
78.88,0.9508,0.3098,3,13,0,0,127.07,374.75
87.64,0.956,0.2934,3,14,0,0,146.29,340.25
47.12,0.9609,0.2769,3,15,0,0,61.55,523.84
77.67,0.9655,0.2604,3,16,0,0,97.76,272.5
91.12,0.9698,0.2437,3,17,0,0,140.8,319.25
93.32,0.9739,0.227,3,18,0,0,157.23,291.25
108.69,0.9777,0.2102,3,19,0,0,175.32,376.25
108.6,0.9811,0.1934,3,20,0,0,172.42,421.5
77.68,0.9843,0.1765,3,21,0,0,59.9,330.25
82.59,0.9872,0.1595,3,22,0,0,79.74,827.0
96.68,0.9898,0.1425,3,23,0,0,130.32,452.25
86.06,0.9921,0.1255,3,24,0,0,153.42,546.43
95.96,0.9941,0.1084,3,25,0,0,123.37,766.1
64.8,0.9958,0.0913,3,26,0,0,93.9,230.75
71.34,0.9972,0.0741,3,27,0,0,105.85,633.7
68.5,0.9984,0.057,3,28,0,0,91.49,426.88
85.28,0.9992,0.0398,3,29,0,0,117.0,568.35
86.72,0.9997,0.0226,3,30,0,0,102.6,518.72
94.3,1.0,0.0054,3,31,0,0,161.78,409.5
53.67,0.9999,-0.0118,4,1,0,0,88.33,567.9
64.78,0.9996,-0.029,4,2,0,0,118.59,542.43
75.55,0.9989,-0.0462,4,3,0,0,95.29,258.08
64.74,0.998,-0.0634,4,4,0,0,66.14,347.84
63.67,0.9968,-0.0805,4,5,0,0,84.65,237.42
69.6,0.9952,-0.0977,4,6,0,0,110.57,272.0
84.93,0.9934,-0.1148,4,7,0,0,177.41,398.0
88.75,0.9913,-0.1319,4,8,0,0,163.73,446.92
85.74,0.9889,-0.1489,4,9,0,0,124.7,331.43
98.3,0.9861,-0.1659,4,10,0,0,141.13,408.4
88.87,0.9831,-0.1828,4,11,0,0,143.02,483.95
105.11,0.9799,-0.1997,4,12,0,0,166.63,368.48
66.97,0.9763,-0.2165,4,13,0,0,76.5,438.28
64.63,0.9724,-0.2333,4,14,0,0,78.3,294.48
105.5,0.9683,-0.25,4,15,0,0,152.52,465.69
86.72,0.9638,-0.2666,4,16,0,0,153.98,448.0
43.9,0.9591,-0.2831,4,17,0,0,66.24,288.8
56.12,0.9541,-0.2996,4,18,0,0,92.33,375.4
63.15,0.9488,-0.316,4,19,0,0,82.74,302.02
65.01,0.9432,-0.3322,4,20,0,0,90.71,356.66
47.47,0.9373,-0.3484,4,21,0,0,64.36,311.12
40.97,0.9312,-0.3645,4,22,0,0,27.3,309.25
71.66,0.9248,-0.3804,4,23,0,0,92.4,332.25
70.77,0.9181,-0.3963,4,24,0,0,126.53,405.0
83.96,0.9112,-0.412,4,25,0,0,174.96,518.25
66.73,0.9039,-0.4276,4,26,0,0,92.69,260.0
57.75,0.8965,-0.4431,4,27,0,0,66.83,278.97
58.7,0.8887,-0.4585,4,28,0,0,67.53,340.22
80.76,0.8807,-0.4737,4,29,0,0,131.67,234.5
63.92,0.8724,-0.4888,4,30,0,0,91.66,325.5
65.65,0.8639,-0.5037,5,1,0,0,62.86,392.75
83.75,0.8551,-0.5185,5,2,0,0,120.49,362.0
134.28,0.846,-0.5331,5,3,0,0,202.24,468.98
142.52,0.8367,-0.5476,5,4,0,0,227.39,440.95
142.22,0.8272,-0.5619,5,5,0,0,264.3,575.75
114.38,0.8174,-0.5761,5,6,0,0,178.61,544.28
153.68,0.8074,-0.59,5,7,0,0,242.45,501.0
75.7,0.7971,-0.6038,5,8,0,0,65.79,381.71
57.38,0.7866,-0.6175,5,9,0,0,42.19,190.7
79.65,0.7759,-0.6309,5,10,0,0,69.38,942.14
72.03,0.7649,-0.6442,5,11,0,0,87.8,937.56
85.34,0.7537,-0.6572,5,12,0,0,93.66,416.0
96.45,0.7423,-0.6701,5,13,0,0,108.86,447.62
110.77,0.7306,-0.6828,5,14,0,0,184.72,942.06
125.21,0.7188,-0.6952,5,15,0,0,191.41,497.88
105.87,0.7067,-0.7075,5,16,0,0,103.27,336.32
91.4,0.6945,-0.7195,5,17,0,0,97.71,455.2
110.13,0.682,-0.7314,5,18,0,0,142.61,461.08
97.3,0.6693,-0.743,5,19,0,0,165.85,331.0
86.89,0.6564,-0.7544,5,20,0,0,133.35,942.44
82.25,0.6433,-0.7656,5,21,0,0,80.16,345.62
71.31,0.6301,-0.7765,5,22,0,0,73.7,199.0
54.6,0.6166,-0.7873,5,23,0,0,50.08,534.0
55.08,0.603,-0.7978,5,24,0,0,51.51,687.33
69.06,0.5892,-0.808,5,25,0,0,78.33,484.22
77.83,0.5752,-0.818,5,26,0,0,122.22,724.05
94.46,0.561,-0.8278,5,27,0,0,115.4,806.88
95.19,0.5467,-0.8373,5,28,0,0,109.84,503.78
72.41,0.5322,-0.8466,5,29,0,0,69.93,232.07
67.0,0.5176,-0.8556,5,30,0,0,75.42,530.0
71.57,0.5028,-0.8644,5,31,0,0,82.35,720.85
75.06,0.4878,-0.8729,6,1,0,0,88.07,484.68
47.07,0.4728,-0.8812,6,2,0,0,52.75,353.9
58.78,0.4575,-0.8892,6,3,0,0,55.73,830.8
77.2,0.4422,-0.8969,6,4,0,0,65.62,651.9
75.46,0.4267,-0.9044,6,5,0,0,61.75,960.04
56.97,0.4111,-0.9116,6,6,0,0,54.09,960.04
64.59,0.3953,-0.9185,6,7,0,0,88.6,826.68
62.7,0.3795,-0.9252,6,8,0,0,70.07,517.0
55.34,0.3635,-0.9316,6,9,0,0,76.61,783.42
54.09,0.3474,-0.9377,6,10,0,0,50.08,545.1
87.56,0.3312,-0.9436,6,11,0,0,145.0,958.38
69.53,0.3149,-0.9491,6,12,0,0,79.64,604.6
54.47,0.2986,-0.9544,6,13,0,0,40.91,555.92
47.73,0.2821,-0.9594,6,14,0,0,45.94,957.3
46.51,0.2656,-0.9641,6,15,0,0,40.34,366.6
57.05,0.2489,-0.9685,6,16,0,0,71.94,435.58
54.85,0.2322,-0.9727,6,17,0,0,63.44,257.74
72.03,0.2155,-0.9765,6,18,0,0,65.02,275.75
66.38,0.1986,-0.9801,6,19,0,0,46.3,505.3
45.45,0.1818,-0.9833,6,20,0,0,39.76,250.05
64.15,0.1648,-0.9863,6,21,0,0,65.06,222.48
90.97,0.1478,-0.989,6,22,0,0,143.47,530.9
62.9,0.1308,-0.9914,6,23,0,0,73.78,290.55
59.25,0.1137,-0.9935,6,24,0,0,73.91,214.62
67.44,0.0966,-0.9953,6,25,0,0,72.47,540.02
51.45,0.0795,-0.9968,6,26,0,0,72.43,247.49
30.98,0.0623,-0.9981,6,27,0,0,36.68,895.74
37.15,0.0451,-0.999,6,28,0,0,13.21,551.28
46.95,0.028,-0.9996,6,29,0,0,66.67,296.73
60.22,0.0108,-0.9999,6,30,0,0,62.81,210.0
35.88,-0.0065,-1.0,7,1,0,0,25.08,116.0
42.69,-0.0237,-0.9997,7,2,0,0,56.37,223.0
35.51,-0.0408,-0.9992,7,3,0,0,43.66,212.0
28.18,-0.058,-0.9983,7,4,0,0,24.9,942.06
28.51,-0.0752,-0.9972,7,5,0,0,41.37,111.0
23.94,-0.0923,-0.9957,7,6,0,0,28.39,74.0
11.97,-0.1094,-0.994,7,7,0,0,9.79,73.0
21.51,-0.1265,-0.992,7,8,0,0,22.95,102.0
45.17,-0.1436,-0.9896,7,9,0,0,45.34,957.7
61.77,-0.1606,-0.987,7,10,0,0,76.81,949.68
52.49,-0.1775,-0.9841,7,11,0,0,60.01,274.4
27.52,-0.1944,-0.9809,7,12,0,0,18.67,110.73
38.3,-0.2113,-0.9774,7,13,0,0,31.73,201.77
49.25,-0.2281,-0.9736,7,14,0,0,56.36,234.0
46.03,-0.2448,-0.9696,7,15,0,0,55.25,332.97
43.63,-0.2614,-0.9652,7,16,0,0,49.58,151.0
36.11,-0.278,-0.9606,7,17,0,0,32.5,206.0
43.18,-0.2945,-0.9557,7,18,0,0,49.19,185.0
65.17,-0.3109,-0.9505,7,19,0,0,68.39,176.0
49.09,-0.3272,-0.945,7,20,0,0,41.51,399.82
41.75,-0.3434,-0.9392,7,21,0,0,35.8,190.0
34.71,-0.3595,-0.9332,7,22,0,0,41.74,205.1
43.21,-0.3755,-0.9268,7,23,0,0,40.94,223.0
47.22,-0.3914,-0.9202,7,24,0,0,22.37,202.34
38.5,-0.4071,-0.9134,7,25,0,0,30.7,197.0
48.84,-0.4228,-0.9062,7,26,0,0,25.79,774.31
44.1,-0.4383,-0.8988,7,27,0,0,43.08,262.5
29.58,-0.4537,-0.8912,7,28,0,0,47.7,187.13
32.49,-0.469,-0.8832,7,29,0,0,29.25,213.83
40.78,-0.4841,-0.875,7,30,0,0,38.51,129.0
33.63,-0.4991,-0.8666,7,31,0,0,39.57,521.6
19.11,-0.5139,-0.8578,8,1,0,0,11.78,765.9
32.99,-0.5286,-0.8489,8,2,0,0,38.25,200.32
22.8,-0.5431,-0.8397,8,3,0,0,22.33,89.0
18.44,-0.5575,-0.8302,8,4,0,0,17.45,127.0
20.91,-0.5717,-0.8205,8,5,0,0,23.68,60.62
21.03,-0.5857,-0.8105,8,6,0,0,18.45,814.46
18.1,-0.5996,-0.8003,8,7,0,0,14.61,119.6
21.46,-0.6132,-0.7899,8,8,0,0,22.07,299.02
26.0,-0.6267,-0.7792,8,9,0,0,30.82,315.69
33.01,-0.64,-0.7683,8,10,0,0,37.3,127.0
27.23,-0.6532,-0.7572,8,11,0,0,31.07,135.42
28.42,-0.6661,-0.7459,8,12,0,0,28.91,137.84
24.7,-0.6788,-0.7343,8,13,0,0,21.54,906.46
35.64,-0.6914,-0.7225,8,14,0,0,46.9,175.0
27.01,-0.7037,-0.7105,8,15,0,0,27.51,105.0
21.76,-0.7158,-0.6983,8,16,0,0,33.58,93.0
30.57,-0.7277,-0.6859,8,17,0,0,28.92,164.99
30.02,-0.7394,-0.6733,8,18,0,0,28.36,120.15
28.04,-0.7509,-0.6605,8,19,0,0,30.16,120.68
22.69,-0.7621,-0.6474,8,20,0,0,14.25,85.0
29.39,-0.7731,-0.6342,8,21,0,0,25.67,104.0
28.88,-0.7839,-0.6208,8,22,0,0,23.59,256.58
27.7,-0.7945,-0.6073,8,23,0,0,27.96,123.0
48.1,-0.8048,-0.5935,8,24,0,0,66.55,166.0
26.58,-0.8149,-0.5796,8,25,0,0,24.75,165.54
28.36,-0.8248,-0.5655,8,26,0,0,29.9,183.48
20.53,-0.8344,-0.5512,8,27,0,0,22.85,105.96
22.52,-0.8437,-0.5368,8,28,0,0,17.79,83.42
26.93,-0.8528,-0.5222,8,29,0,0,15.53,210.0
47.51,-0.8617,-0.5074,8,30,0,0,60.65,315.0
38.74,-0.8703,-0.4925,8,31,0,0,40.85,186.02
40.45,-0.8786,-0.4775,9,1,0,0,39.96,136.12
32.7,-0.8867,-0.4623,9,2,0,0,34.62,202.36
33.86,-0.8945,-0.447,9,3,0,0,35.89,174.38
23.5,-0.9021,-0.4315,9,4,0,0,25.29,85.0
40.35,-0.9094,-0.4159,9,5,0,0,28.36,512.55
29.93,-0.9164,-0.4002,9,6,0,0,37.68,111.0
28.02,-0.9232,-0.3844,9,7,0,0,34.8,100.0
50.87,-0.9296,-0.3685,9,8,0,0,55.1,141.0
49.05,-0.9358,-0.3524,9,9,0,0,54.34,155.0
42.02,-0.9418,-0.3363,9,10,0,0,48.53,425.68
34.43,-0.9474,-0.32,9,11,0,0,40.96,156.0
16.94,-0.9528,-0.3037,9,12,0,0,11.26,218.7
18.27,-0.9579,-0.2873,9,13,0,0,11.48,80.02
29.35,-0.9627,-0.2707,9,14,0,0,23.69,143.0
41.16,-0.9672,-0.2541,9,15,0,0,33.19,210.75
50.98,-0.9714,-0.2375,9,16,0,0,44.48,256.77
57.66,-0.9753,-0.2207,9,17,0,0,55.58,262.0
36.81,-0.979,-0.2039,9,18,0,0,57.93,175.0
33.65,-0.9824,-0.187,9,19,0,0,22.22,526.78
33.73,-0.9854,-0.1701,9,20,0,0,33.23,251.0
46.57,-0.9882,-0.1531,9,21,0,0,42.56,450.0
73.74,-0.9907,-0.1361,9,22,0,0,83.29,402.0
81.05,-0.9929,-0.1191,9,23,0,0,81.48,693.05
96.32,-0.9948,-0.102,9,24,0,0,92.12,388.0
84.05,-0.9964,-0.0848,9,25,0,0,113.08,405.0
28.35,-0.9977,-0.0677,9,26,0,0,29.5,136.0
17.48,-0.9987,-0.0505,9,27,0,0,15.85,457.93
21.54,-0.9994,-0.0333,9,28,0,0,14.36,279.0
31.56,-0.9999,-0.0161,9,29,0,0,34.07,488.7
63.4,-1.0,0.0011,9,30,0,0,74.46,186.0
50.61,-1.0,0.0011,10,1,0,0,68.41,177.0
54.83,-0.9998,0.0183,10,2,0,0,55.51,178.5
37.36,-0.9994,0.0355,10,3,0,0,49.38,114.33
31.82,-0.9986,0.0527,10,4,0,0,36.44,482.25
40.86,-0.9976,0.0698,10,5,0,0,32.54,129.73
51.69,-0.9962,0.087,10,6,0,0,62.61,703.3
64.6,-0.9946,0.1041,10,7,0,0,64.7,287.25
71.38,-0.9926,0.1212,10,8,0,0,81.18,261.75
67.06,-0.9904,0.1383,10,9,0,0,72.61,196.82
64.56,-0.9879,0.1553,10,10,0,0,73.76,191.25
65.95,-0.9851,0.1722,10,11,0,0,77.68,410.33
70.25,-0.9819,0.1892,10,12,0,0,97.36,458.45
77.42,-0.9785,0.206,10,13,0,0,89.43,166.0
75.29,-0.9749,0.2228,10,14,0,0,88.05,215.48
91.62,-0.9709,0.2396,10,15,1,0,99.28,230.0
160.6,-0.9666,0.2562,10,16,1,0,172.85,361.5
113.29,-0.9621,0.2728,10,17,1,0,165.29,654.75
16.65,-0.9572,0.2893,10,18,1,0,9.86,205.1
52.53,-0.9521,0.3057,10,19,1,0,30.74,186.91
100.85,-0.9467,0.3221,10,20,1,1,96.99,499.75
72.64,-0.941,0.3383,10,21,1,1,65.57,366.97
56.72,-0.9351,0.3545,10,22,1,1,47.4,298.0
62.65,-0.9288,0.3705,10,23,1,1,87.92,226.8
65.97,-0.9223,0.3864,10,24,1,1,88.51,297.68
42.21,-0.9155,0.4022,10,25,1,1,38.28,158.2
69.24,-0.9085,0.4179,10,26,1,1,73.6,325.66
109.05,-0.9012,0.4335,10,27,1,1,132.76,962.47
124.19,-0.8936,0.4489,10,28,1,1,149.44,466.25
130.53,-0.8857,0.4642,10,29,1,1,166.58,432.43
112.9,-0.8776,0.4794,10,30,1,1,148.67,269.0
134.45,-0.8692,0.4944,10,31,1,1,158.28,680.02
139.16,-0.8606,0.5093,11,1,1,1,150.74,417.56
134.71,-0.8517,0.524,11,2,1,1,158.39,401.0
162.74,-0.8426,0.5386,11,3,1,1,158.28,704.5
316.9,-0.8332,0.553,11,4,1,1,267.75,995.0
416.77,-0.8235,0.5672,11,5,1,1,519.22,997.63
319.47,-0.8137,0.5813,11,6,1,1,332.39,765.0
262.63,-0.8035,0.5952,11,7,1,1,321.22,593.5
253.53,-0.7932,0.609,11,8,1,1,332.58,650.67
265.25,-0.7826,0.6225,11,9,1,1,323.17,751.35
233.41,-0.7718,0.6359,11,10,1,1,205.8,975.1
306.53,-0.7607,0.6491,11,11,1,1,285.69,997.6
384.56,-0.7494,0.6621,11,12,1,1,440.73,699.75
263.07,-0.7379,0.6749,11,13,1,1,360.29,663.0
183.04,-0.7262,0.6875,11,14,1,1,182.18,559.29
208.8,-0.7143,0.6998,11,15,1,1,195.1,652.86
252.06,-0.7021,0.712,11,16,1,1,314.24,573.9
213.03,-0.6898,0.724,11,17,1,1,249.61,545.68
213.94,-0.6772,0.7358,11,18,1,1,273.22,646.09
230.41,-0.6645,0.7473,11,19,1,1,286.23,473.25
222.03,-0.6515,0.7586,11,20,1,1,248.07,543.81
187.73,-0.6384,0.7697,11,21,1,0,249.24,521.07
139.41,-0.625,0.7806,11,22,1,0,164.24,300.25
152.83,-0.6115,0.7912,11,23,1,0,146.69,558.85
232.67,-0.5978,0.8016,11,24,1,0,238.73,630.92
258.26,-0.584,0.8118,11,25,1,0,281.81,647.5
272.51,-0.5699,0.8217,11,26,1,0,342.73,920.5
252.82,-0.5557,0.8314,11,27,1,0,277.26,564.9
268.55,-0.5413,0.8408,11,28,1,0,303.6,571.25
214.44,-0.5268,0.85,11,29,1,0,280.48,591.75
174.95,-0.5121,0.859,11,30,1,0,178.7,418.7
251.75,-0.4972,0.8676,12,1,1,0,224.22,628.25
262.35,-0.4822,0.8761,12,2,1,0,303.28,728.75
203.28,-0.4671,0.8842,12,3,1,0,200.73,689.0
171.39,-0.4518,0.8921,12,4,1,0,225.64,515.5
182.26,-0.4364,0.8998,12,5,1,0,212.15,633.25
143.38,-0.4208,0.9071,12,6,1,0,158.74,633.9
109.64,-0.4052,0.9142,12,7,1,0,123.65,298.75
115.53,-0.3894,0.9211,12,8,1,0,127.39,389.45
158.44,-0.3735,0.9276,12,9,1,0,158.08,686.75
150.32,-0.3575,0.9339,12,10,1,0,162.28,433.25
122.17,-0.3413,0.9399,12,11,1,0,130.1,659.0
143.5,-0.3251,0.9457,12,12,1,0,134.15,629.5
208.48,-0.3088,0.9511,12,13,1,0,262.92,938.0
226.41,-0.2924,0.9563,12,14,1,0,276.31,658.75
189.78,-0.2759,0.9612,12,15,1,0,199.17,524.0
219.25,-0.2593,0.9658,12,16,1,0,233.31,550.25
151.99,-0.2427,0.9701,12,17,1,0,187.97,383.0
139.07,-0.226,0.9741,12,18,1,0,141.5,418.8
145.13,-0.2092,0.9779,12,19,1,0,122.5,489.5
196.18,-0.1923,0.9813,12,20,1,0,164.86,985.0
296.12,-0.1754,0.9845,12,21,1,0,370.11,985.0
304.49,-0.1585,0.9874,12,22,1,0,357.49,918.5
352.64,-0.1414,0.9899,12,23,1,0,422.22,840.0
290.86,-0.1244,0.9922,12,24,1,0,319.31,879.5
365.24,-0.1073,0.9942,12,25,1,0,386.2,973.0
367.61,-0.0902,0.9959,12,26,1,0,427.16,835.5
119.32,-0.073,0.9973,12,27,1,0,105.9,707.25
149.27,-0.0559,0.9984,12,28,1,0,152.45,465.0
138.01,-0.0387,0.9993,12,29,1,0,156.99,751.75
164.4,-0.0215,0.9998,12,30,1,0,186.85,931.8
188.11,-0.0043,1.0,12,31,1,0,204.05,934.1
238.69,0.0172,0.9999,1,1,1,0,202.42,773.5
265.11,0.0344,0.9994,1,2,1,0,270.07,818.75
246.69,0.0516,0.9987,1,3,1,0,235.29,856.0
220.81,0.0688,0.9976,1,4,1,0,252.29,698.75
265.96,0.0859,0.9963,1,5,1,0,349.82,682.2
109.5,0.103,0.9947,1,6,1,0,153.98,291.12
70.24,0.1201,0.9928,1,7,1,0,82.85,174.0
46.6,0.1372,0.9905,1,8,1,0,48.84,597.2
44.1,0.1542,0.988,1,9,1,0,26.94,195.67
90.21,0.1712,0.9852,1,10,1,0,81.79,309.67
93.39,0.1881,0.9821,1,11,1,0,95.03,458.75
111.43,0.205,0.9788,1,12,1,0,78.9,493.4
205.32,0.2218,0.9751,1,13,1,0,160.48,813.75
187.32,0.2385,0.9711,1,14,1,0,129.87,479.33
118.68,0.2552,0.9669,1,15,1,0,68.27,375.67
137.41,0.2718,0.9624,1,16,1,0,95.92,415.0
174.77,0.2883,0.9575,1,17,1,0,126.57,505.33
178.79,0.3047,0.9524,1,18,1,0,201.62,444.0
186.01,0.3211,0.9471,1,19,1,0,155.28,600.1
238.21,0.3373,0.9414,1,20,1,0,193.92,451.7
197.22,0.3534,0.9355,1,21,1,0,153.95,560.75
130.02,0.3695,0.9292,1,22,1,0,117.19,903.7
109.91,0.3854,0.9227,1,23,1,0,71.84,534.0
112.47,0.4012,0.916,1,24,1,0,65.48,570.0
119.76,0.4169,0.9089,1,25,1,0,70.15,547.0
126.34,0.4325,0.9016,1,26,1,0,94.48,646.5
118.13,0.4479,0.8941,1,27,1,0,105.53,538.1
103.89,0.4633,0.8862,1,28,1,0,98.14,841.5
124.1,0.4784,0.8781,1,29,1,0,115.06,895.9
143.1,0.4935,0.8698,1,30,1,0,148.19,953.6
215.21,0.5084,0.8611,1,31,1,0,207.11,871.6
202.33,0.5231,0.8523,2,1,0,0,203.1,833.8
161.68,0.5377,0.8432,2,2,0,0,148.87,730.45
142.22,0.5521,0.8338,2,3,0,0,166.98,558.3
64.38,0.5664,0.8242,2,4,0,0,48.62,813.1
129.48,0.5805,0.8143,2,5,0,0,86.26,694.75
162.97,0.5944,0.8042,2,6,0,0,199.03,732.25
123.8,0.6081,0.7938,2,7,0,0,133.18,850.0
146.36,0.6217,0.7833,2,8,0,0,164.75,554.05
95.7,0.6351,0.7725,2,9,0,0,58.05,756.35
82.18,0.6483,0.7614,2,10,0,0,74.62,614.8
88.88,0.6613,0.7502,2,11,0,0,104.79,658.4
93.96,0.6741,0.7387,2,12,0,0,101.03,819.8
125.88,0.6867,0.727,2,13,0,0,164.91,572.25
116.5,0.6991,0.715,2,14,0,0,152.48,685.73
105.06,0.7113,0.7029,2,15,0,0,142.07,680.8
139.55,0.7233,0.6906,2,16,0,0,187.94,518.0
113.76,0.735,0.678,2,17,0,0,128.62,393.5
114.55,0.7466,0.6653,2,18,0,0,180.36,557.7
85.13,0.7579,0.6523,2,19,0,0,98.02,792.75
82.67,0.769,0.6392,2,20,0,0,99.35,814.1
80.89,0.7799,0.6259,2,21,0,0,77.72,841.5
99.45,0.7906,0.6124,2,22,0,0,127.66,669.0
112.36,0.801,0.5987,2,23,0,0,111.56,491.55
149.33,0.8112,0.5848,2,24,0,0,203.59,458.5
126.85,0.8211,0.5708,2,25,0,0,191.24,410.0
27.32,0.8308,0.5566,2,26,0,0,18.8,276.0
43.55,0.8402,0.5422,2,27,0,0,49.78,141.75
46.79,0.8495,0.5277,2,28,0,0,51.25,302.2
85.2,0.8584,0.513,3,1,0,0,103.27,518.8
103.09,0.8671,0.4981,3,2,0,0,149.55,315.75
81.43,0.8755,0.4831,3,3,0,0,89.55,355.0
76.79,0.8837,0.468,3,4,0,0,110.28,265.15
57.07,0.8916,0.4527,3,5,0,0,67.97,177.75
86.4,0.8993,0.4373,3,6,0,0,100.89,624.6
120.95,0.9067,0.4218,3,7,0,0,154.56,475.25
120.12,0.9138,0.4061,3,8,0,0,206.2,489.05
68.32,0.9207,0.3904,3,9,0,0,98.59,244.0
64.08,0.9272,0.3745,3,10,0,0,84.09,397.0
77.38,0.9335,0.3585,3,11,0,0,116.53,253.25
73.17,0.9396,0.3424,3,12,0,0,100.11,228.5
89.79,0.9453,0.3261,3,13,0,0,107.3,258.7
118.62,0.9508,0.3098,3,14,0,0,184.2,354.32
116.63,0.956,0.2934,3,15,0,0,173.89,563.52
92.63,0.9609,0.2769,3,16,0,0,122.83,655.1
118.24,0.9655,0.2604,3,17,0,0,126.48,271.25
137.76,0.9698,0.2437,3,18,0,0,161.62,424.92
106.58,0.9739,0.227,3,19,0,0,114.19,322.88
104.26,0.9777,0.2102,3,20,0,0,125.51,606.98
130.28,0.9811,0.1934,3,21,0,0,188.16,417.5
80.13,0.9843,0.1765,3,22,0,0,91.92,367.0
100.6,0.9872,0.1595,3,23,0,0,131.08,507.0
114.07,0.9898,0.1425,3,24,0,0,193.47,395.0
88.68,0.9921,0.1255,3,25,0,0,120.84,258.08
84.56,0.9941,0.1084,3,26,0,0,130.38,266.25
89.19,0.9958,0.0913,3,27,0,0,117.92,273.95
103.39,0.9972,0.0741,3,28,0,0,141.58,363.7
120.23,0.9984,0.057,3,29,0,0,174.75,392.0
125.33,0.9992,0.0398,3,30,0,0,184.83,482.0
141.8,0.9997,0.0226,3,31,0,0,190.73,621.41
73.4,1.0,0.0054,4,1,0,0,110.61,261.08
106.92,0.9999,-0.0118,4,2,0,0,155.26,486.75
105.31,0.9996,-0.029,4,3,0,0,147.27,554.12
106.92,0.9989,-0.0462,4,4,0,0,119.72,412.75
102.59,0.998,-0.0634,4,5,0,0,199.12,403.5
118.61,0.9968,-0.0805,4,6,0,0,218.45,657.1
124.24,0.9952,-0.0977,4,7,0,0,194.43,451.0
110.12,0.9934,-0.1148,4,8,0,0,151.85,420.0
109.85,0.9913,-0.1319,4,9,0,0,156.71,713.2
106.36,0.9889,-0.1489,4,10,0,0,144.57,376.0
109.75,0.9861,-0.1659,4,11,0,0,168.72,458.7
92.42,0.9831,-0.1828,4,12,0,0,92.16,743.0
111.71,0.9799,-0.1997,4,13,0,0,204.68,412.32
76.82,0.9763,-0.2165,4,14,0,0,100.49,367.6
70.63,0.9724,-0.2333,4,15,0,0,77.51,257.88
102.22,0.9683,-0.25,4,16,0,0,135.16,257.25
106.5,0.9638,-0.2666,4,17,0,0,148.91,350.08
112.05,0.9591,-0.2831,4,18,0,0,143.79,894.0
133.61,0.9541,-0.2996,4,19,0,0,225.39,487.0
95.54,0.9488,-0.316,4,20,0,0,125.03,438.0
104.24,0.9432,-0.3322,4,21,0,0,115.77,340.9
65.22,0.9373,-0.3484,4,22,0,0,57.95,426.05
110.12,0.9312,-0.3645,4,23,0,0,190.55,412.47
120.75,0.9248,-0.3804,4,24,0,0,201.2,501.67
100.34,0.9181,-0.3963,4,25,0,0,132.63,394.4
81.97,0.9112,-0.412,4,26,0,0,78.35,458.1
153.86,0.9039,-0.4276,4,27,0,0,283.33,723.0
163.21,0.8965,-0.4431,4,28,0,0,204.22,765.92
148.54,0.8887,-0.4585,4,29,0,0,173.09,510.0
121.09,0.8807,-0.4737,4,30,0,0,152.58,444.0
90.46,0.8724,-0.4888,5,1,0,0,85.1,378.1
73.78,0.8639,-0.5037,5,2,0,0,73.02,193.8
98.47,0.8551,-0.5185,5,3,0,0,75.58,378.55
73.54,0.846,-0.5331,5,4,0,0,91.45,294.5
71.62,0.8367,-0.5476,5,5,0,0,82.66,213.25
115.78,0.8272,-0.5619,5,6,0,0,151.07,393.79
86.89,0.8174,-0.5761,5,7,0,0,94.49,394.15
82.76,0.8074,-0.59,5,8,0,0,82.24,317.93
66.6,0.7971,-0.6038,5,9,0,0,68.42,342.57
64.78,0.7866,-0.6175,5,10,0,0,71.54,208.72
62.23,0.7759,-0.6309,5,11,0,0,62.55,195.1
67.67,0.7649,-0.6442,5,12,0,0,63.77,284.5
76.01,0.7537,-0.6572,5,13,0,0,56.15,302.82
108.68,0.7423,-0.6701,5,14,0,0,171.32,482.76
98.88,0.7306,-0.6828,5,15,0,0,154.71,394.61
96.8,0.7188,-0.6952,5,16,0,0,85.25,889.56
68.76,0.7067,-0.7075,5,17,0,0,46.22,236.42
76.49,0.6945,-0.7195,5,18,0,0,78.65,284.62
88.25,0.682,-0.7314,5,19,0,0,96.65,260.2
92.72,0.6693,-0.743,5,20,0,0,114.24,470.15
76.87,0.6564,-0.7544,5,21,0,0,70.19,404.62
64.57,0.6433,-0.7656,5,22,0,0,75.6,273.0
30.37,0.6301,-0.7765,5,23,0,0,21.62,130.0
36.28,0.6166,-0.7873,5,24,0,0,30.55,192.42
81.34,0.603,-0.7978,5,25,0,0,108.12,534.0
94.83,0.5892,-0.808,5,26,0,0,125.56,622.6
81.91,0.5752,-0.818,5,27,0,0,106.06,217.0
75.39,0.561,-0.8278,5,28,0,0,65.53,283.68
72.29,0.5467,-0.8373,5,29,0,0,83.49,209.15
65.49,0.5322,-0.8466,5,30,0,0,69.05,436.25
99.01,0.5176,-0.8556,5,31,0,0,83.63,344.67
97.93,0.5028,-0.8644,6,1,0,0,147.1,353.12
77.59,0.4878,-0.8729,6,2,0,0,103.56,269.05
89.98,0.4728,-0.8812,6,3,0,0,136.35,275.25
81.09,0.4575,-0.8892,6,4,0,0,113.17,306.58
59.21,0.4422,-0.8969,6,5,0,0,52.12,298.7
53.82,0.4267,-0.9044,6,6,0,0,52.72,193.75
88.0,0.4111,-0.9116,6,7,0,0,71.28,388.0
78.4,0.3953,-0.9185,6,8,0,0,82.01,360.25
62.57,0.3795,-0.9252,6,9,0,0,61.73,252.6
75.31,0.3635,-0.9316,6,10,0,0,77.98,269.25
70.14,0.3474,-0.9377,6,11,0,0,68.3,192.75
74.34,0.3312,-0.9436,6,12,0,0,86.06,261.25
51.93,0.3149,-0.9491,6,13,0,0,34.18,190.75
56.4,0.2986,-0.9544,6,14,0,0,61.94,210.0
35.44,0.2821,-0.9594,6,15,0,0,36.86,187.7
34.81,0.2656,-0.9641,6,16,0,0,34.26,398.45
28.28,0.2489,-0.9685,6,17,0,0,19.79,90.1
34.62,0.2322,-0.9727,6,18,0,0,42.9,120.08
42.72,0.2155,-0.9765,6,19,0,0,54.49,173.0
53.46,0.1986,-0.9801,6,20,0,0,65.93,271.0
44.11,0.1818,-0.9833,6,21,0,0,63.39,193.5
51.49,0.1648,-0.9863,6,22,0,0,38.76,153.0
56.32,0.1478,-0.989,6,23,0,0,53.84,209.5
72.0,0.1308,-0.9914,6,24,0,0,102.15,258.75
80.74,0.1137,-0.9935,6,25,0,0,103.06,343.0
65.27,0.0966,-0.9953,6,26,0,0,65.89,295.6
55.02,0.0795,-0.9968,6,27,0,0,51.71,141.45
74.87,0.0623,-0.9981,6,28,0,0,68.65,221.0
60.43,0.0451,-0.999,6,29,0,0,39.46,226.7
37.61,0.028,-0.9996,6,30,0,0,33.29,430.33
36.33,0.0108,-0.9999,7,1,0,0,45.16,338.0
42.77,-0.0065,-1.0,7,2,0,0,66.61,165.67
30.43,-0.0237,-0.9997,7,3,0,0,20.7,138.25
63.45,-0.0408,-0.9992,7,4,0,0,56.27,172.0
65.09,-0.058,-0.9983,7,5,0,0,83.93,204.0
51.42,-0.0752,-0.9972,7,6,0,0,50.91,221.88
39.84,-0.0923,-0.9957,7,7,0,0,45.99,250.25
37.09,-0.1094,-0.994,7,8,0,0,41.18,248.0
40.97,-0.1265,-0.992,7,9,0,0,56.32,118.75
32.83,-0.1436,-0.9896,7,10,0,0,33.02,101.02
44.83,-0.1606,-0.987,7,11,0,0,46.68,170.25
41.83,-0.1775,-0.9841,7,12,0,0,40.27,682.03
34.51,-0.1944,-0.9809,7,13,0,0,34.52,176.78
30.76,-0.2113,-0.9774,7,14,0,0,34.16,137.45
26.49,-0.2281,-0.9736,7,15,0,0,20.34,170.16
24.89,-0.2448,-0.9696,7,16,0,0,24.14,355.38
28.45,-0.2614,-0.9652,7,17,0,0,11.8,453.8
43.29,-0.278,-0.9606,7,18,0,0,52.97,234.61
42.92,-0.2945,-0.9557,7,19,0,0,40.34,156.0
33.38,-0.3109,-0.9505,7,20,0,0,46.79,122.0
44.16,-0.3272,-0.945,7,21,0,0,24.17,180.5
55.16,-0.3434,-0.9392,7,22,0,0,72.88,175.0
29.52,-0.3595,-0.9332,7,23,0,0,28.55,83.75
24.77,-0.3755,-0.9268,7,24,0,0,20.19,120.7
24.63,-0.3914,-0.9202,7,25,0,0,23.37,89.18
28.09,-0.4071,-0.9134,7,26,0,0,31.65,87.0
30.82,-0.4228,-0.9062,7,27,0,0,30.24,171.0
22.01,-0.4383,-0.8988,7,28,0,0,22.15,83.28
19.28,-0.4537,-0.8912,7,29,0,0,21.15,89.7
22.14,-0.469,-0.8832,7,30,0,0,19.05,89.0
23.89,-0.4841,-0.875,7,31,0,0,23.02,82.25
26.41,-0.4991,-0.8666,8,1,0,0,26.42,133.09
32.31,-0.5139,-0.8578,8,2,0,0,25.05,149.25
48.43,-0.5286,-0.8489,8,3,0,0,39.76,165.39
46.68,-0.5431,-0.8397,8,4,0,0,59.37,128.0
38.62,-0.5575,-0.8302,8,5,0,0,34.97,162.5
52.04,-0.5717,-0.8205,8,6,0,0,52.92,182.75
45.98,-0.5857,-0.8105,8,7,0,0,72.95,153.0
44.97,-0.5996,-0.8003,8,8,0,0,46.35,158.13
41.5,-0.6132,-0.7899,8,9,0,0,54.17,143.0
27.02,-0.6267,-0.7792,8,10,0,0,34.2,136.97
16.74,-0.64,-0.7683,8,11,0,0,14.3,114.94
19.39,-0.6532,-0.7572,8,12,0,0,18.36,74.0
27.24,-0.6661,-0.7459,8,13,0,0,32.25,83.0
26.21,-0.6788,-0.7343,8,14,0,0,13.74,83.0
18.8,-0.6914,-0.7225,8,15,0,0,14.02,83.0
15.86,-0.7037,-0.7105,8,16,0,0,15.28,60.01
14.19,-0.7158,-0.6983,8,17,0,0,11.42,171.6
20.33,-0.7277,-0.6859,8,18,0,0,13.35,75.42
18.3,-0.7394,-0.6733,8,19,0,0,12.36,287.0
31.77,-0.7509,-0.6605,8,20,0,0,23.33,139.0
46.88,-0.7621,-0.6474,8,21,0,0,54.4,130.5
35.87,-0.7731,-0.6342,8,22,0,0,54.37,111.12
24.97,-0.7839,-0.6208,8,23,0,0,32.75,75.0
22.73,-0.7945,-0.6073,8,24,0,0,18.38,277.92
36.41,-0.8048,-0.5935,8,25,0,0,28.57,348.25
35.46,-0.8149,-0.5796,8,26,0,0,31.33,157.0
32.05,-0.8248,-0.5655,8,27,0,0,30.52,225.35
37.18,-0.8344,-0.5512,8,28,0,0,33.27,159.6
40.54,-0.8437,-0.5368,8,29,0,0,37.8,138.65
48.48,-0.8528,-0.5222,8,30,0,0,49.26,185.75
43.79,-0.8617,-0.5074,8,31,0,0,44.25,234.32
45.12,-0.8703,-0.4925,9,1,0,0,44.81,279.62
45.72,-0.8786,-0.4775,9,2,0,0,38.34,228.45
32.63,-0.8867,-0.4623,9,3,0,0,26.34,151.07
26.45,-0.8945,-0.447,9,4,0,0,23.94,209.71
26.79,-0.9021,-0.4315,9,5,0,0,22.54,209.21
40.21,-0.9094,-0.4159,9,6,0,0,43.33,161.12
46.22,-0.9164,-0.4002,9,7,0,0,52.1,466.0
63.62,-0.9232,-0.3844,9,8,0,0,68.09,151.0
59.85,-0.9296,-0.3685,9,9,0,0,68.97,173.2
49.78,-0.9358,-0.3524,9,10,0,0,60.63,111.4
32.13,-0.9418,-0.3363,9,11,0,0,26.0,167.07
26.74,-0.9474,-0.32,9,12,0,0,24.83,187.43
19.75,-0.9528,-0.3037,9,13,0,0,16.85,106.58
17.79,-0.9579,-0.2873,9,14,0,0,15.23,78.67
16.06,-0.9627,-0.2707,9,15,0,0,20.15,71.81
15.98,-0.9672,-0.2541,9,16,0,0,10.93,80.67
33.32,-0.9714,-0.2375,9,17,0,0,27.66,98.7
47.58,-0.9753,-0.2207,9,18,0,0,29.97,167.25
72.39,-0.979,-0.2039,9,19,0,0,83.14,249.75
49.55,-0.9824,-0.187,9,20,0,0,68.87,146.0
41.57,-0.9854,-0.1701,9,21,0,0,62.06,170.25
26.29,-0.9882,-0.1531,9,22,0,0,31.08,474.7
26.13,-0.9907,-0.1361,9,23,0,0,16.24,90.0
23.39,-0.9929,-0.1191,9,24,0,0,26.79,74.99
21.57,-0.9948,-0.102,9,25,0,0,11.84,128.15
47.79,-0.9964,-0.0848,9,26,0,0,61.88,156.25
40.29,-0.9977,-0.0677,9,27,0,0,44.09,132.88
55.13,-0.9987,-0.0505,9,28,0,0,59.02,182.85
66.05,-0.9994,-0.0333,9,29,0,0,82.87,205.25
80.25,-0.9999,-0.0161,9,30,0,0,91.86,214.82
81.41,-1.0,0.0011,10,1,0,0,104.02,174.0
69.05,-0.9998,0.0183,10,2,0,0,94.49,175.0
42.71,-0.9994,0.0355,10,3,0,0,51.5,258.45
63.03,-0.9986,0.0527,10,4,0,0,61.51,251.1
89.36,-0.9976,0.0698,10,5,0,0,110.49,285.6
16.63,-0.9962,0.087,10,6,0,0,13.15,103.28
16.3,-0.9946,0.1041,10,7,0,0,12.44,61.0
14.32,-0.9926,0.1212,10,8,0,0,14.32,82.5
9.59,-0.9904,0.1383,10,9,0,0,10.84,61.0
14.76,-0.9879,0.1553,10,10,0,0,9.01,61.0
36.29,-0.9851,0.1722,10,11,0,0,25.93,231.67
62.49,-0.9819,0.1892,10,12,0,0,72.65,205.75
53.52,-0.9785,0.206,10,13,0,0,60.34,172.25
71.74,-0.9749,0.2228,10,14,0,0,81.89,216.8
89.6,-0.9709,0.2396,10,15,1,0,103.27,401.5
105.64,-0.9666,0.2562,10,16,1,0,123.99,349.3
108.94,-0.9621,0.2728,10,17,1,0,127.64,383.5
109.72,-0.9572,0.2893,10,18,1,0,118.14,398.33
102.01,-0.9521,0.3057,10,19,1,0,124.26,331.92
110.64,-0.9467,0.3221,10,20,1,1,111.76,302.75
117.39,-0.941,0.3383,10,21,1,1,145.08,386.33
122.89,-0.9351,0.3545,10,22,1,1,153.83,322.0
129.76,-0.9288,0.3705,10,23,1,1,128.29,357.75
177.52,-0.9223,0.3864,10,24,1,1,168.07,921.25
166.47,-0.9155,0.4022,10,25,1,1,149.56,986.0
142.96,-0.9085,0.4179,10,26,1,1,114.47,621.5
192.39,-0.9012,0.4335,10,27,1,1,218.98,494.34
223.13,-0.8936,0.4489,10,28,1,1,226.04,514.0
230.76,-0.8857,0.4642,10,29,1,1,287.07,502.09
211.77,-0.8776,0.4794,10,30,1,1,210.91,749.6
263.69,-0.8692,0.4944,10,31,1,1,208.96,562.75
248.88,-0.8606,0.5093,11,1,1,1,294.21,705.25
241.74,-0.8517,0.524,11,2,1,1,214.26,589.0
402.69,-0.8426,0.5386,11,3,1,1,529.11,928.0
324.12,-0.8332,0.553,11,4,1,1,346.39,566.0
193.45,-0.8235,0.5672,11,5,1,1,200.61,425.0
172.85,-0.8137,0.5813,11,6,1,1,181.1,375.0
193.57,-0.8035,0.5952,11,7,1,1,227.11,449.82
240.17,-0.7932,0.609,11,8,1,1,245.39,445.7
105.75,-0.7826,0.6225,11,9,1,1,112.76,335.75
162.28,-0.7718,0.6359,11,10,1,1,178.2,478.0
208.58,-0.7607,0.6491,11,11,1,1,357.3,547.78
186.89,-0.7494,0.6621,11,12,1,1,259.16,421.27
160.63,-0.7379,0.6749,11,13,1,1,196.5,326.69
140.22,-0.7262,0.6875,11,14,1,1,172.86,415.5
102.24,-0.7143,0.6998,11,15,1,1,99.43,274.0
118.88,-0.7021,0.712,11,16,1,1,174.92,414.2
139.59,-0.6898,0.724,11,17,1,1,199.17,386.09
157.43,-0.6772,0.7358,11,18,1,1,240.44,551.78
144.5,-0.6645,0.7473,11,19,1,1,178.83,532.85
171.28,-0.6515,0.7586,11,20,1,1,216.63,551.35
143.93,-0.6384,0.7697,11,21,1,0,174.07,350.6
113.47,-0.625,0.7806,11,22,1,0,136.13,245.25
103.72,-0.6115,0.7912,11,23,1,0,127.52,416.48
108.55,-0.5978,0.8016,11,24,1,0,109.77,569.33
158.6,-0.584,0.8118,11,25,1,0,173.91,591.25
180.96,-0.5699,0.8217,11,26,1,0,192.28,757.0
174.61,-0.5557,0.8314,11,27,1,0,195.31,509.45
198.65,-0.5413,0.8408,11,28,1,0,227.57,680.0
230.27,-0.5268,0.85,11,29,1,0,284.3,658.91
207.63,-0.5121,0.859,11,30,1,0,223.34,533.0
213.69,-0.4972,0.8676,12,1,1,0,231.84,492.99
200.39,-0.4822,0.8761,12,2,1,0,204.94,605.25
245.25,-0.4671,0.8842,12,3,1,0,260.2,667.75
250.6,-0.4518,0.8921,12,4,1,0,293.9,635.75
187.08,-0.4364,0.8998,12,5,1,0,202.78,560.75
184.23,-0.4208,0.9071,12,6,1,0,189.48,359.0
133.43,-0.4052,0.9142,12,7,1,0,143.42,336.05
143.94,-0.3894,0.9211,12,8,1,0,139.75,466.58
169.88,-0.3735,0.9276,12,9,1,0,151.03,691.0
211.95,-0.3575,0.9339,12,10,1,0,254.19,646.75
134.03,-0.3413,0.9399,12,11,1,0,153.58,476.75
95.92,-0.3251,0.9457,12,12,1,0,100.39,620.75
70.68,-0.3088,0.9511,12,13,1,0,81.54,233.75
85.59,-0.2924,0.9563,12,14,1,0,94.24,367.25
89.92,-0.2759,0.9612,12,15,1,0,84.74,424.25
124.19,-0.2593,0.9658,12,16,1,0,111.4,659.18
167.33,-0.2427,0.9701,12,17,1,0,151.3,760.25
254.25,-0.226,0.9741,12,18,1,0,203.4,813.75
259.11,-0.2092,0.9779,12,19,1,0,226.32,843.5
199.94,-0.1923,0.9813,12,20,1,0,168.09,544.0
188.4,-0.1754,0.9845,12,21,1,0,149.22,490.33
202.24,-0.1585,0.9874,12,22,1,0,126.13,541.5
202.07,-0.1414,0.9899,12,23,1,0,128.73,592.25
160.66,-0.1244,0.9922,12,24,1,0,177.3,457.75
168.91,-0.1073,0.9942,12,25,1,0,143.09,840.0
193.84,-0.0902,0.9959,12,26,1,0,121.15,854.02
166.8,-0.073,0.9973,12,27,1,0,128.51,554.62
151.84,-0.0559,0.9984,12,28,1,0,165.35,701.2
196.73,-0.0387,0.9993,12,29,1,0,149.79,589.5
256.68,-0.0215,0.9998,12,30,1,0,236.1,805.0
156.24,-0.0043,1.0,12,31,1,0,154.1,582.0
140.59,0.0172,0.9999,1,1,1,0,112.69,679.25
233.11,0.0344,0.9994,1,2,1,0,193.92,516.68
239.57,0.0516,0.9987,1,3,1,0,221.13,472.25
179.33,0.0688,0.9976,1,4,1,0,118.26,546.75
208.96,0.0859,0.9963,1,5,1,0,121.88,788.25
258.51,0.103,0.9947,1,6,1,0,192.14,565.75
226.55,0.1201,0.9928,1,7,1,0,148.25,845.15
254.55,0.1372,0.9905,1,8,1,0,135.77,968.0
377.61,0.1542,0.988,1,9,1,0,262.54,979.0
232.43,0.1712,0.9852,1,10,1,0,146.22,805.2
175.13,0.1881,0.9821,1,11,1,0,93.59,915.0
203.36,0.205,0.9788,1,12,1,0,198.28,351.25
215.69,0.2218,0.9751,1,13,1,0,210.06,412.25
153.77,0.2385,0.9711,1,14,1,0,170.89,335.25
98.57,0.2552,0.9669,1,15,1,0,97.09,423.75
143.33,0.2718,0.9624,1,16,1,0,131.44,582.0
152.32,0.2883,0.9575,1,17,1,0,167.19,593.0
191.89,0.3047,0.9524,1,18,1,0,203.4,818.25
198.04,0.3211,0.9471,1,19,1,0,198.56,609.88
91.12,0.3373,0.9414,1,20,1,0,56.01,458.5
210.88,0.3534,0.9355,1,21,1,0,164.5,931.1
248.86,0.3695,0.9292,1,22,1,0,279.16,593.75
168.8,0.3854,0.9227,1,23,1,0,185.13,697.65
86.73,0.4012,0.916,1,24,1,0,102.82,335.0
105.39,0.4169,0.9089,1,25,1,0,103.56,282.5
138.53,0.4325,0.9016,1,26,1,0,158.69,261.25
92.74,0.4479,0.8941,1,27,1,0,98.78,201.25
123.06,0.4633,0.8862,1,28,1,0,110.04,415.0
187.89,0.4784,0.8781,1,29,1,0,219.15,553.75
79.17,0.4935,0.8698,1,30,1,0,31.48,953.9
85.1,0.5084,0.8611,1,31,1,0,78.2,724.1
84.61,0.5231,0.8523,2,1,0,0,84.26,818.42
87.18,0.5377,0.8432,2,2,0,0,96.8,635.88
103.31,0.5521,0.8338,2,3,0,0,96.71,753.0
118.23,0.5664,0.8242,2,4,0,0,104.62,517.0
105.12,0.5805,0.8143,2,5,0,0,112.14,550.5
142.37,0.5944,0.8042,2,6,0,0,178.57,410.75
116.41,0.6081,0.7938,2,7,0,0,192.85,424.25
73.83,0.6217,0.7833,2,8,0,0,78.85,281.0
91.53,0.6351,0.7725,2,9,0,0,116.1,255.75
93.96,0.6483,0.7614,2,10,0,0,97.32,266.5
137.57,0.6613,0.7502,2,11,0,0,177.28,403.1
55.0,0.6741,0.7387,2,12,0,0,74.17,211.8
48.7,0.6867,0.727,2,13,0,0,52.97,261.9
63.39,0.6991,0.715,2,14,0,0,69.72,284.48
91.34,0.7113,0.7029,2,15,0,0,97.16,302.0
166.5,0.7233,0.6906,2,16,0,0,140.14,489.0
221.81,0.735,0.678,2,17,0,0,254.05,493.0
202.82,0.7466,0.6653,2,18,0,0,256.19,552.75
180.82,0.7579,0.6523,2,19,0,0,197.74,421.18
147.09,0.769,0.6392,2,20,0,0,204.27,375.5
125.63,0.7799,0.6259,2,21,0,0,121.27,656.0
137.12,0.7906,0.6124,2,22,0,0,142.42,598.33
82.06,0.801,0.5987,2,23,0,0,100.74,433.71
80.97,0.8112,0.5848,2,24,0,0,101.45,294.0
115.56,0.8211,0.5708,2,25,0,0,131.95,342.93
138.48,0.8308,0.5566,2,26,0,0,183.46,388.62
119.02,0.8402,0.5422,2,27,0,0,171.7,601.25
90.5,0.8495,0.5277,2,28,0,0,131.14,342.25
74.16,0.8584,0.513,3,1,0,0,60.12,336.12
91.36,0.8671,0.4981,3,2,0,0,122.77,494.45
61.71,0.8755,0.4831,3,3,0,0,80.19,223.43
54.64,0.8837,0.468,3,4,0,0,54.04,213.2
56.31,0.8916,0.4527,3,5,0,0,73.75,238.5
67.11,0.8993,0.4373,3,6,0,0,102.74,260.5
85.44,0.9067,0.4218,3,7,0,0,122.07,859.6
112.71,0.9138,0.4061,3,8,0,0,170.69,449.76
55.22,0.9207,0.3904,3,9,0,0,43.35,174.25
90.97,0.9272,0.3745,3,10,0,0,142.38,363.25
92.21,0.9335,0.3585,3,11,0,0,126.75,376.25
96.52,0.9396,0.3424,3,12,0,0,128.32,343.0
106.76,0.9453,0.3261,3,13,0,0,170.57,539.25
101.82,0.9508,0.3098,3,14,0,0,169.29,405.0
99.28,0.956,0.2934,3,15,0,0,144.25,493.0
103.45,0.9609,0.2769,3,16,0,0,169.42,311.0
95.66,0.9655,0.2604,3,17,0,0,126.99,277.0
68.73,0.9698,0.2437,3,18,0,0,68.92,246.33
81.25,0.9739,0.227,3,19,0,0,107.01,194.0
56.77,0.9777,0.2102,3,20,0,0,86.71,484.7
46.16,0.9811,0.1934,3,21,0,0,46.26,421.4
78.51,0.9843,0.1765,3,22,0,0,103.87,263.7
72.64,0.9872,0.1595,3,23,0,0,126.92,389.37
87.5,0.9898,0.1425,3,24,0,0,147.35,331.25
40.65,0.9921,0.1255,3,25,0,0,22.9,265.23
65.61,0.9941,0.1084,3,26,0,0,67.31,296.75
59.22,0.9958,0.0913,3,27,0,0,104.09,897.0
68.09,0.9972,0.0741,3,28,0,0,117.08,303.75
86.06,0.9984,0.057,3,29,0,0,147.88,297.25
71.1,0.9992,0.0398,3,30,0,0,110.89,393.2
30.7,0.9997,0.0226,3,31,0,0,33.22,368.03
45.0,1.0,0.0054,4,1,0,0,50.95,280.2
59.81,0.9999,-0.0118,4,2,0,0,80.84,224.28
72.19,0.9996,-0.029,4,3,0,0,121.82,333.0
45.44,0.9989,-0.0462,4,4,0,0,29.36,231.75
54.84,0.998,-0.0634,4,5,0,0,74.72,301.97
41.83,0.9968,-0.0805,4,6,0,0,38.85,274.75
50.13,0.9952,-0.0977,4,7,0,0,62.82,231.4
70.16,0.9934,-0.1148,4,8,0,0,112.22,310.8
104.17,0.9913,-0.1319,4,9,0,0,193.79,517.0
90.88,0.9889,-0.1489,4,10,0,0,162.06,345.5
125.55,0.9861,-0.1659,4,11,0,0,211.25,484.0
80.5,0.9831,-0.1828,4,12,0,0,109.18,301.75
91.21,0.9799,-0.1997,4,13,0,0,134.67,408.07
101.61,0.9763,-0.2165,4,14,0,0,180.79,637.98
102.14,0.9724,-0.2333,4,15,0,0,168.04,426.0
74.74,0.9683,-0.25,4,16,0,0,116.52,292.25
73.07,0.9638,-0.2666,4,17,0,0,100.08,843.0
77.58,0.9591,-0.2831,4,18,0,0,87.12,341.25
61.25,0.9541,-0.2996,4,19,0,0,60.06,355.0
43.08,0.9488,-0.316,4,20,0,0,46.28,257.25
42.14,0.9432,-0.3322,4,21,0,0,38.9,132.0
42.02,0.9373,-0.3484,4,22,0,0,47.82,285.6
27.04,0.9312,-0.3645,4,23,0,0,22.57,116.15
60.44,0.9248,-0.3804,4,24,0,0,93.49,284.25
57.03,0.9181,-0.3963,4,25,0,0,54.03,232.0
89.57,0.9112,-0.412,4,26,0,0,102.38,227.88
81.27,0.9039,-0.4276,4,27,0,0,126.06,347.77
69.6,0.8965,-0.4431,4,28,0,0,79.05,230.5
74.43,0.8887,-0.4585,4,29,0,0,104.95,512.24
51.31,0.8807,-0.4737,4,30,0,0,52.35,388.1
42.14,0.8724,-0.4888,5,1,0,0,40.18,123.7
40.17,0.8639,-0.5037,5,2,0,0,33.05,142.0
46.47,0.8551,-0.5185,5,3,0,0,61.87,161.0
61.21,0.846,-0.5331,5,4,0,0,69.35,212.75
81.37,0.8367,-0.5476,5,5,0,0,90.75,335.0
104.11,0.8272,-0.5619,5,6,0,0,196.28,426.25
65.47,0.8174,-0.5761,5,7,0,0,75.25,269.5
54.44,0.8074,-0.59,5,8,0,0,80.29,242.4
95.57,0.7971,-0.6038,5,9,0,0,166.97,316.75
91.05,0.7866,-0.6175,5,10,0,0,128.71,319.0
130.6,0.7759,-0.6309,5,11,0,0,209.36,393.0
91.49,0.7649,-0.6442,5,12,0,0,100.45,348.88
99.09,0.7537,-0.6572,5,13,0,0,109.57,485.68
98.57,0.7423,-0.6701,5,14,0,0,136.92,479.27
38.31,0.7306,-0.6828,5,15,0,0,29.97,302.67
136.34,0.7188,-0.6952,5,16,0,0,257.39,858.0
90.2,0.7067,-0.7075,5,17,0,0,128.36,439.2
41.38,0.6945,-0.7195,5,18,0,0,32.39,475.8
66.91,0.682,-0.7314,5,19,0,0,82.41,324.2
69.13,0.6693,-0.743,5,20,0,0,97.72,410.08
81.61,0.6564,-0.7544,5,21,0,0,112.52,418.88
62.36,0.6433,-0.7656,5,22,0,0,47.74,293.65
51.37,0.6301,-0.7765,5,23,0,0,39.71,426.07
30.2,0.6166,-0.7873,5,24,0,0,33.36,224.1
25.89,0.603,-0.7978,5,25,0,0,20.93,134.75
26.17,0.5892,-0.808,5,26,0,0,23.94,150.6
33.7,0.5752,-0.818,5,27,0,0,29.09,523.54
56.8,0.561,-0.8278,5,28,0,0,80.39,233.0
37.1,0.5467,-0.8373,5,29,0,0,30.3,130.5
40.46,0.5322,-0.8466,5,30,0,0,55.96,135.7
33.88,0.5176,-0.8556,5,31,0,0,31.72,143.0
46.64,0.5028,-0.8644,6,1,0,0,58.04,292.76
41.96,0.4878,-0.8729,6,2,0,0,45.19,187.5
53.0,0.4728,-0.8812,6,3,0,0,61.51,386.5
78.77,0.4575,-0.8892,6,4,0,0,80.91,325.5
62.55,0.4422,-0.8969,6,5,0,0,71.0,251.1
67.29,0.4267,-0.9044,6,6,0,0,33.7,572.5
68.05,0.4111,-0.9116,6,7,0,0,92.24,474.55
53.69,0.3953,-0.9185,6,8,0,0,69.34,233.88
43.43,0.3795,-0.9252,6,9,0,0,43.51,173.5
40.9,0.3635,-0.9316,6,10,0,0,41.88,253.85
39.92,0.3474,-0.9377,6,11,0,0,35.37,191.32
51.16,0.3312,-0.9436,6,12,0,0,50.58,183.13
58.07,0.3149,-0.9491,6,13,0,0,62.85,247.82
45.05,0.2986,-0.9544,6,14,0,0,47.56,165.3
36.9,0.2821,-0.9594,6,15,0,0,41.12,210.9
37.95,0.2656,-0.9641,6,16,0,0,48.17,185.82
42.72,0.2489,-0.9685,6,17,0,0,46.56,196.94
30.42,0.2322,-0.9727,6,18,0,0,37.76,95.27
26.76,0.2155,-0.9765,6,19,0,0,19.09,89.0
40.77,0.1986,-0.9801,6,20,0,0,53.19,135.0
37.05,0.1818,-0.9833,6,21,0,0,27.92,126.36
41.72,0.1648,-0.9863,6,22,0,0,35.46,199.0
49.84,0.1478,-0.989,6,23,0,0,32.79,132.8
53.71,0.1308,-0.9914,6,24,0,0,59.12,164.0
26.17,0.1137,-0.9935,6,25,0,0,10.57,213.9
45.76,0.0966,-0.9953,6,26,0,0,58.46,238.0
35.56,0.0795,-0.9968,6,27,0,0,22.2,134.5
33.49,0.0623,-0.9981,6,28,0,0,42.22,122.25
40.76,0.0451,-0.999,6,29,0,0,45.28,206.0
25.96,0.028,-0.9996,6,30,0,0,19.04,324.97
23.8,0.0108,-0.9999,7,1,0,0,26.41,96.0
34.21,-0.0065,-1.0,7,2,0,0,26.01,119.0
53.81,-0.0237,-0.9997,7,3,0,0,37.97,133.0
49.22,-0.0408,-0.9992,7,4,0,0,51.84,135.02
37.45,-0.058,-0.9983,7,5,0,0,41.64,86.0
28.22,-0.0752,-0.9972,7,6,0,0,45.88,88.58
33.63,-0.0923,-0.9957,7,7,0,0,33.24,155.48
27.02,-0.1094,-0.994,7,8,0,0,21.61,192.15
23.16,-0.1265,-0.992,7,9,0,0,29.5,102.5
27.0,-0.1436,-0.9896,7,10,0,0,34.64,127.0
33.59,-0.1606,-0.987,7,11,0,0,36.34,95.5
32.39,-0.1775,-0.9841,7,12,0,0,32.56,101.15
37.11,-0.1944,-0.9809,7,13,0,0,36.05,103.0
36.83,-0.2113,-0.9774,7,14,0,0,37.88,86.6
37.5,-0.2281,-0.9736,7,15,0,0,32.62,135.25
28.46,-0.2448,-0.9696,7,16,0,0,25.38,107.4
45.31,-0.2614,-0.9652,7,17,0,0,30.88,158.0
35.48,-0.278,-0.9606,7,18,0,0,38.27,74.89
32.01,-0.2945,-0.9557,7,19,0,0,28.76,70.43
43.29,-0.3109,-0.9505,7,20,0,0,44.02,244.25
53.1,-0.3272,-0.945,7,21,0,0,60.53,274.0
34.44,-0.3434,-0.9392,7,22,0,0,34.98,124.7
27.59,-0.3595,-0.9332,7,23,0,0,26.55,94.0
30.6,-0.3755,-0.9268,7,24,0,0,33.99,141.0
43.11,-0.3914,-0.9202,7,25,0,0,37.92,123.33
24.52,-0.4071,-0.9134,7,26,0,0,10.76,91.6
39.93,-0.4228,-0.9062,7,27,0,0,45.29,160.75
35.1,-0.4383,-0.8988,7,28,0,0,43.94,172.36
16.8,-0.4537,-0.8912,7,29,0,0,18.34,95.0
23.51,-0.469,-0.8832,7,30,0,0,21.03,138.43
45.49,-0.4841,-0.875,7,31,0,0,57.92,853.8
28.05,-0.4991,-0.8666,8,1,0,0,23.08,105.33
27.37,-0.5139,-0.8578,8,2,0,0,27.07,335.4
31.06,-0.5286,-0.8489,8,3,0,0,25.45,183.33
36.88,-0.5431,-0.8397,8,4,0,0,30.03,250.75
40.65,-0.5575,-0.8302,8,5,0,0,37.91,558.29
30.95,-0.5717,-0.8205,8,6,0,0,26.53,315.18
29.26,-0.5857,-0.8105,8,7,0,0,26.44,98.5
30.8,-0.5996,-0.8003,8,8,0,0,27.08,137.0
36.83,-0.6132,-0.7899,8,9,0,0,29.18,150.12
37.31,-0.6267,-0.7792,8,10,0,0,33.22,129.6
40.24,-0.64,-0.7683,8,11,0,0,35.46,237.7
35.54,-0.6532,-0.7572,8,12,0,0,31.69,172.82
30.13,-0.6661,-0.7459,8,13,0,0,26.24,177.0
36.36,-0.6788,-0.7343,8,14,0,0,35.75,161.0
46.34,-0.6914,-0.7225,8,15,0,0,49.85,262.0
47.54,-0.7037,-0.7105,8,16,0,0,49.9,166.25
41.3,-0.7158,-0.6983,8,17,0,0,39.35,117.0
45.5,-0.7277,-0.6859,8,18,0,0,38.4,223.76
45.16,-0.7394,-0.6733,8,19,0,0,23.41,160.25
38.0,-0.7509,-0.6605,8,20,0,0,45.6,180.0
39.39,-0.7621,-0.6474,8,21,0,0,38.68,118.25
37.83,-0.7731,-0.6342,8,22,0,0,42.07,167.0
24.4,-0.7839,-0.6208,8,23,0,0,25.96,129.0
31.87,-0.7945,-0.6073,8,24,0,0,25.48,625.79
35.18,-0.8048,-0.5935,8,25,0,0,29.15,122.33
45.15,-0.8149,-0.5796,8,26,0,0,39.47,163.97
53.2,-0.8248,-0.5655,8,27,0,0,65.29,151.2
48.16,-0.8344,-0.5512,8,28,0,0,46.22,196.04
44.85,-0.8437,-0.5368,8,29,0,0,31.69,135.5
48.19,-0.8528,-0.5222,8,30,0,0,45.46,289.6
48.55,-0.8617,-0.5074,8,31,0,0,56.61,188.69
41.84,-0.8703,-0.4925,9,1,0,0,47.03,117.0
41.91,-0.8786,-0.4775,9,2,0,0,42.76,425.9
40.67,-0.8867,-0.4623,9,3,0,0,41.45,167.62
39.55,-0.8945,-0.447,9,4,0,0,47.47,201.6
39.25,-0.9021,-0.4315,9,5,0,0,33.24,126.67
31.96,-0.9094,-0.4159,9,6,0,0,31.6,240.07
34.79,-0.9164,-0.4002,9,7,0,0,29.54,120.0
23.47,-0.9232,-0.3844,9,8,0,0,18.74,134.67
13.58,-0.9296,-0.3685,9,9,0,0,11.89,238.75
11.76,-0.9358,-0.3524,9,10,0,0,19.09,276.5
26.75,-0.9418,-0.3363,9,11,0,0,21.54,129.8
37.65,-0.9474,-0.32,9,12,0,0,35.75,132.4
51.37,-0.9528,-0.3037,9,13,0,0,42.36,155.33
57.35,-0.9579,-0.2873,9,14,0,0,57.39,183.8
35.66,-0.9627,-0.2707,9,15,0,0,32.14,119.3
31.21,-0.9672,-0.2541,9,16,0,0,36.63,587.47
25.16,-0.9714,-0.2375,9,17,0,0,25.36,129.0
18.76,-0.9753,-0.2207,9,18,0,0,21.04,147.5
27.1,-0.979,-0.2039,9,19,0,0,25.77,759.58
39.61,-0.9824,-0.187,9,20,0,0,45.44,246.0
40.36,-0.9854,-0.1701,9,21,0,0,40.94,282.0
51.72,-0.9882,-0.1531,9,22,0,0,57.98,134.35
47.3,-0.9907,-0.1361,9,23,0,0,44.72,563.34
60.51,-0.9929,-0.1191,9,24,0,0,87.9,237.75
63.7,-0.9948,-0.102,9,25,0,0,70.64,709.0
69.31,-0.9964,-0.0848,9,26,0,0,82.78,152.0
51.92,-0.9977,-0.0677,9,27,0,0,52.16,442.17
58.6,-0.9987,-0.0505,9,28,0,0,63.85,141.5
69.08,-0.9994,-0.0333,9,29,0,0,76.33,157.9
65.54,-0.9999,-0.0161,9,30,0,0,84.43,275.0
64.31,-1.0,0.0011,10,1,0,0,77.34,153.8
61.74,-0.9998,0.0183,10,2,0,0,71.87,269.05
64.71,-0.9994,0.0355,10,3,0,0,76.32,278.07
72.24,-0.9986,0.0527,10,4,0,0,87.17,179.1
83.87,-0.9976,0.0698,10,5,0,0,80.79,335.83
91.94,-0.9962,0.087,10,6,0,0,95.15,480.25
81.62,-0.9946,0.1041,10,7,0,0,92.96,329.0
65.44,-0.9926,0.1212,10,8,0,0,53.8,451.02
70.25,-0.9904,0.1383,10,9,0,0,49.29,422.12
69.95,-0.9879,0.1553,10,10,0,0,48.84,763.0
84.32,-0.9851,0.1722,10,11,0,0,101.64,250.0
107.82,-0.9819,0.1892,10,12,0,0,156.92,527.25
130.11,-0.9785,0.206,10,13,0,0,184.16,805.25
110.14,-0.9749,0.2228,10,14,0,0,146.24,452.2
89.09,-0.9709,0.2396,10,15,1,0,113.73,439.25
65.05,-0.9666,0.2562,10,16,1,0,98.0,189.5
42.19,-0.9621,0.2728,10,17,1,0,28.41,171.0
52.36,-0.9572,0.2893,10,18,1,0,63.07,180.0
55.38,-0.9521,0.3057,10,19,1,0,60.28,166.5
98.18,-0.9467,0.3221,10,20,1,1,145.11,425.42
139.65,-0.941,0.3383,10,21,1,1,189.46,458.48
153.79,-0.9351,0.3545,10,22,1,1,194.82,410.0
129.89,-0.9288,0.3705,10,23,1,1,228.84,407.75
101.39,-0.9223,0.3864,10,24,1,1,127.4,323.5
123.36,-0.9155,0.4022,10,25,1,1,152.14,404.0
117.31,-0.9085,0.4179,10,26,1,1,144.12,613.0
136.62,-0.9012,0.4335,10,27,1,1,153.67,534.5
162.96,-0.8936,0.4489,10,28,1,1,200.82,563.0
174.32,-0.8857,0.4642,10,29,1,1,219.06,400.0
184.86,-0.8776,0.4794,10,30,1,1,223.49,476.0
205.19,-0.8692,0.4944,10,31,1,1,231.99,443.5
185.71,-0.8606,0.5093,11,1,1,1,221.1,443.75
312.49,-0.8517,0.524,11,2,1,1,270.19,652.5
310.48,-0.8426,0.5386,11,3,1,1,428.5,646.75
334.72,-0.8332,0.553,11,4,1,1,328.77,637.25
333.91,-0.8235,0.5672,11,5,1,1,392.4,771.0
262.43,-0.8137,0.5813,11,6,1,1,335.16,621.75
266.06,-0.8035,0.5952,11,7,1,1,271.85,554.25
282.3,-0.7932,0.609,11,8,1,1,341.5,669.0
328.8,-0.7826,0.6225,11,9,1,1,368.02,608.0
123.09,-0.7718,0.6359,11,10,1,1,42.35,639.5
92.82,-0.7607,0.6491,11,11,1,1,89.57,245.17
136.56,-0.7494,0.6621,11,12,1,1,117.27,973.0
309.44,-0.7379,0.6749,11,13,1,1,337.28,997.0
233.61,-0.7262,0.6875,11,14,1,1,252.5,633.05
257.18,-0.7143,0.6998,11,15,1,1,349.19,527.75
325.3,-0.7021,0.712,11,16,1,1,364.68,632.75
235.51,-0.6898,0.724,11,17,1,1,335.7,633.0
158.45,-0.6772,0.7358,11,18,1,1,178.05,381.0
160.41,-0.6645,0.7473,11,19,1,1,171.08,544.0
201.14,-0.6515,0.7586,11,20,1,1,251.19,636.81
235.7,-0.6384,0.7697,11,21,1,0,257.44,404.0
239.69,-0.625,0.7806,11,22,1,0,276.53,514.0
247.62,-0.6115,0.7912,11,23,1,0,267.48,635.93
303.74,-0.5978,0.8016,11,24,1,0,346.38,910.5
254.87,-0.584,0.8118,11,25,1,0,305.8,508.25
270.39,-0.5699,0.8217,11,26,1,0,315.22,717.5
228.52,-0.5557,0.8314,11,27,1,0,267.01,471.5
136.84,-0.5413,0.8408,11,28,1,0,182.42,350.0
188.94,-0.5268,0.85,11,29,1,0,180.79,549.0
254.65,-0.5121,0.859,11,30,1,0,296.44,555.0
223.03,-0.4972,0.8676,12,1,1,0,224.22,552.0
161.3,-0.4822,0.8761,12,2,1,0,176.49,382.25
154.52,-0.4671,0.8842,12,3,1,0,184.0,542.0
154.1,-0.4518,0.8921,12,4,1,0,182.68,612.28
139.18,-0.4364,0.8998,12,5,1,0,173.96,394.75
139.58,-0.4208,0.9071,12,6,1,0,161.97,389.0
174.82,-0.4052,0.9142,12,7,1,0,197.11,578.0
161.49,-0.3894,0.9211,12,8,1,0,156.9,475.0
163.31,-0.3735,0.9276,12,9,1,0,175.44,427.5
156.68,-0.3575,0.9339,12,10,1,0,160.56,463.0
168.19,-0.3413,0.9399,12,11,1,0,182.37,561.0
227.63,-0.3251,0.9457,12,12,1,0,294.87,665.51
231.66,-0.3088,0.9511,12,13,1,0,294.47,719.0
169.19,-0.2924,0.9563,12,14,1,0,191.95,493.0
186.46,-0.2759,0.9612,12,15,1,0,220.69,482.0
219.33,-0.2593,0.9658,12,16,1,0,280.89,541.91
201.73,-0.2427,0.9701,12,17,1,0,245.12,608.0
154.57,-0.226,0.9741,12,18,1,0,174.45,365.5
131.33,-0.2092,0.9779,12,19,1,0,149.75,420.75
153.31,-0.1923,0.9813,12,20,1,0,140.51,486.06
231.12,-0.1754,0.9845,12,21,1,0,244.39,542.82
309.16,-0.1585,0.9874,12,22,1,0,272.04,634.0
316.03,-0.1414,0.9899,12,23,1,0,372.88,889.5
285.82,-0.1244,0.9922,12,24,1,0,359.89,656.25
216.32,-0.1073,0.9942,12,25,1,0,210.69,579.33
232.53,-0.0902,0.9959,12,26,1,0,227.58,572.75
261.75,-0.073,0.9973,12,27,1,0,187.44,613.75
188.87,-0.0559,0.9984,12,28,1,0,138.42,437.5
253.49,-0.0387,0.9993,12,29,1,0,197.63,560.75
248.19,-0.0215,0.9998,12,30,1,0,214.17,401.0
215.66,-0.0043,1.0,12,31,1,0,191.45,356.0
176.71,0.0172,0.9999,1,1,1,0,154.68,355.0
180.65,0.0344,0.9994,1,2,1,0,168.0,478.5
191.73,0.0516,0.9987,1,3,1,0,129.29,716.0
215.34,0.0688,0.9976,1,4,1,0,189.23,465.75
158.89,0.0859,0.9963,1,5,1,0,117.06,353.25
170.61,0.103,0.9947,1,6,1,0,129.12,473.67
167.25,0.1201,0.9928,1,7,1,0,134.64,473.25
227.1,0.1372,0.9905,1,8,1,0,166.1,737.75
131.42,0.1542,0.988,1,9,1,0,143.72,288.12
154.84,0.1712,0.9852,1,10,1,0,107.78,457.17
188.87,0.1881,0.9821,1,11,1,0,157.43,515.5
181.96,0.205,0.9788,1,12,1,0,127.27,881.0
353.96,0.2218,0.9751,1,13,1,0,224.6,958.0
322.05,0.2385,0.9711,1,14,1,0,237.24,919.0
185.48,0.2552,0.9669,1,15,1,0,135.55,704.75
241.48,0.2718,0.9624,1,16,1,0,211.13,522.5
204.75,0.2883,0.9575,1,17,1,0,183.05,478.75
171.02,0.3047,0.9524,1,18,1,0,102.78,445.0
180.88,0.3211,0.9471,1,19,1,0,144.48,352.0
185.5,0.3373,0.9414,1,20,1,0,138.15,534.0
170.0,0.3534,0.9355,1,21,1,0,135.9,377.75
206.04,0.3695,0.9292,1,22,1,0,144.34,701.0
219.24,0.3854,0.9227,1,23,1,0,142.07,487.0
246.43,0.4012,0.916,1,24,1,0,216.23,531.75
194.53,0.4169,0.9089,1,25,1,0,103.21,655.75
289.48,0.4325,0.9016,1,26,1,0,260.3,917.0
181.24,0.4479,0.8941,1,27,1,0,191.55,583.75
252.72,0.4633,0.8862,1,28,1,0,244.89,693.85
202.95,0.4784,0.8781,1,29,1,0,155.93,541.75
213.54,0.4935,0.8698,1,30,1,0,130.5,529.25
223.33,0.5084,0.8611,1,31,1,0,196.58,517.0
65.75,0.5231,0.8523,2,1,0,0,39.6,201.5
102.63,0.5377,0.8432,2,2,0,0,75.95,242.25
98.88,0.5521,0.8338,2,3,0,0,86.22,505.67
122.9,0.5664,0.8242,2,4,0,0,107.12,379.5
74.81,0.5805,0.8143,2,5,0,0,82.84,184.25
66.58,0.5944,0.8042,2,6,0,0,63.62,361.75
76.73,0.6081,0.7938,2,7,0,0,85.12,255.0
68.77,0.6217,0.7833,2,8,0,0,72.95,154.25
79.73,0.6351,0.7725,2,9,0,0,71.07,558.5
176.74,0.6483,0.7614,2,10,0,0,203.85,389.5
155.21,0.6613,0.7502,2,11,0,0,183.53,441.15
156.73,0.6741,0.7387,2,12,0,0,157.1,623.22
203.35,0.6867,0.727,2,13,0,0,210.56,458.74
167.1,0.6991,0.715,2,14,0,0,188.5,370.0
127.23,0.7113,0.7029,2,15,0,0,146.4,330.25
119.97,0.7233,0.6906,2,16,0,0,154.31,300.5
119.98,0.735,0.678,2,17,0,0,144.88,646.0
131.33,0.7466,0.6653,2,18,0,0,173.24,354.5
89.77,0.7579,0.6523,2,19,0,0,94.2,177.0
120.38,0.769,0.6392,2,20,0,0,118.12,384.67
89.5,0.7799,0.6259,2,21,0,0,92.84,263.0
61.85,0.7906,0.6124,2,22,0,0,89.15,268.68
61.04,0.801,0.5987,2,23,0,0,90.79,217.0
87.64,0.8112,0.5848,2,24,0,0,115.14,300.0
81.27,0.8211,0.5708,2,25,0,0,119.8,288.75
78.98,0.8308,0.5566,2,26,0,0,86.04,306.0
62.45,0.8402,0.5422,2,27,0,0,58.12,304.5
62.5,0.8495,0.5277,2,28,0,0,78.98,150.0
67.57,0.8584,0.513,2,29,0,0,85.39,255.67
91.52,0.8671,0.4981,3,1,0,0,134.08,369.75
33.53,0.8755,0.4831,3,2,0,0,30.69,331.1
48.58,0.8837,0.468,3,3,0,0,49.28,117.9
49.29,0.8916,0.4527,3,4,0,0,71.84,205.88
51.0,0.8993,0.4373,3,5,0,0,69.14,175.0
64.49,0.9067,0.4218,3,6,0,0,79.17,183.0
80.81,0.9138,0.4061,3,7,0,0,121.31,337.5
66.34,0.9207,0.3904,3,8,0,0,104.42,274.0
63.06,0.9272,0.3745,3,9,0,0,93.09,285.0
86.75,0.9335,0.3585,3,10,0,0,138.24,316.0
88.46,0.9396,0.3424,3,11,0,0,131.6,283.0
86.46,0.9453,0.3261,3,12,0,0,148.93,356.25
78.88,0.9508,0.3098,3,13,0,0,127.07,374.75
87.64,0.956,0.2934,3,14,0,0,146.29,340.25
47.12,0.9609,0.2769,3,15,0,0,61.55,523.84
77.67,0.9655,0.2604,3,16,0,0,97.76,272.5
91.12,0.9698,0.2437,3,17,0,0,140.8,319.25
93.32,0.9739,0.227,3,18,0,0,157.23,291.25
108.69,0.9777,0.2102,3,19,0,0,175.32,376.25
108.6,0.9811,0.1934,3,20,0,0,172.42,421.5
77.68,0.9843,0.1765,3,21,0,0,59.9,330.25
82.59,0.9872,0.1595,3,22,0,0,79.74,827.0
96.68,0.9898,0.1425,3,23,0,0,130.32,452.25
86.06,0.9921,0.1255,3,24,0,0,153.42,546.43
95.96,0.9941,0.1084,3,25,0,0,123.37,766.1
64.8,0.9958,0.0913,3,26,0,0,93.9,230.75
71.34,0.9972,0.0741,3,27,0,0,105.85,633.7
68.5,0.9984,0.057,3,28,0,0,91.49,426.88
85.28,0.9992,0.0398,3,29,0,0,117.0,568.35
86.72,0.9997,0.0226,3,30,0,0,102.6,518.72
94.3,1.0,0.0054,3,31,0,0,161.78,409.5
53.67,0.9999,-0.0118,4,1,0,0,88.33,567.9
64.78,0.9996,-0.029,4,2,0,0,118.59,542.43
75.55,0.9989,-0.0462,4,3,0,0,95.29,258.08
64.74,0.998,-0.0634,4,4,0,0,66.14,347.84
63.67,0.9968,-0.0805,4,5,0,0,84.65,237.42
69.6,0.9952,-0.0977,4,6,0,0,110.57,272.0
84.93,0.9934,-0.1148,4,7,0,0,177.41,398.0
88.75,0.9913,-0.1319,4,8,0,0,163.73,446.92
85.74,0.9889,-0.1489,4,9,0,0,124.7,331.43
98.3,0.9861,-0.1659,4,10,0,0,141.13,408.4
88.87,0.9831,-0.1828,4,11,0,0,143.02,483.95
105.11,0.9799,-0.1997,4,12,0,0,166.63,368.48
66.97,0.9763,-0.2165,4,13,0,0,76.5,438.28
64.63,0.9724,-0.2333,4,14,0,0,78.3,294.48
105.5,0.9683,-0.25,4,15,0,0,152.52,465.69
86.72,0.9638,-0.2666,4,16,0,0,153.98,448.0
43.9,0.9591,-0.2831,4,17,0,0,66.24,288.8
56.12,0.9541,-0.2996,4,18,0,0,92.33,375.4
63.15,0.9488,-0.316,4,19,0,0,82.74,302.02
65.01,0.9432,-0.3322,4,20,0,0,90.71,356.66
47.47,0.9373,-0.3484,4,21,0,0,64.36,311.12
40.97,0.9312,-0.3645,4,22,0,0,27.3,309.25
71.66,0.9248,-0.3804,4,23,0,0,92.4,332.25
70.77,0.9181,-0.3963,4,24,0,0,126.53,405.0
83.96,0.9112,-0.412,4,25,0,0,174.96,518.25
66.73,0.9039,-0.4276,4,26,0,0,92.69,260.0
57.75,0.8965,-0.4431,4,27,0,0,66.83,278.97
58.7,0.8887,-0.4585,4,28,0,0,67.53,340.22
80.76,0.8807,-0.4737,4,29,0,0,131.67,234.5
63.92,0.8724,-0.4888,4,30,0,0,91.66,325.5
65.65,0.8639,-0.5037,5,1,0,0,62.86,392.75
83.75,0.8551,-0.5185,5,2,0,0,120.49,362.0
134.28,0.846,-0.5331,5,3,0,0,202.24,468.98
142.52,0.8367,-0.5476,5,4,0,0,227.39,440.95
142.22,0.8272,-0.5619,5,5,0,0,264.3,575.75
114.38,0.8174,-0.5761,5,6,0,0,178.61,544.28
153.68,0.8074,-0.59,5,7,0,0,242.45,501.0
75.7,0.7971,-0.6038,5,8,0,0,65.79,381.71
57.38,0.7866,-0.6175,5,9,0,0,42.19,190.7
79.65,0.7759,-0.6309,5,10,0,0,69.38,942.14
72.03,0.7649,-0.6442,5,11,0,0,87.8,937.56
85.34,0.7537,-0.6572,5,12,0,0,93.66,416.0
96.45,0.7423,-0.6701,5,13,0,0,108.86,447.62
110.77,0.7306,-0.6828,5,14,0,0,184.72,942.06
125.21,0.7188,-0.6952,5,15,0,0,191.41,497.88
105.87,0.7067,-0.7075,5,16,0,0,103.27,336.32
91.4,0.6945,-0.7195,5,17,0,0,97.71,455.2
110.13,0.682,-0.7314,5,18,0,0,142.61,461.08
97.3,0.6693,-0.743,5,19,0,0,165.85,331.0
86.89,0.6564,-0.7544,5,20,0,0,133.35,942.44
82.25,0.6433,-0.7656,5,21,0,0,80.16,345.62
71.31,0.6301,-0.7765,5,22,0,0,73.7,199.0
54.6,0.6166,-0.7873,5,23,0,0,50.08,534.0
55.08,0.603,-0.7978,5,24,0,0,51.51,687.33
69.06,0.5892,-0.808,5,25,0,0,78.33,484.22
77.83,0.5752,-0.818,5,26,0,0,122.22,724.05
94.46,0.561,-0.8278,5,27,0,0,115.4,806.88
95.19,0.5467,-0.8373,5,28,0,0,109.84,503.78
72.41,0.5322,-0.8466,5,29,0,0,69.93,232.07
67.0,0.5176,-0.8556,5,30,0,0,75.42,530.0
71.57,0.5028,-0.8644,5,31,0,0,82.35,720.85
75.06,0.4878,-0.8729,6,1,0,0,88.07,484.68
47.07,0.4728,-0.8812,6,2,0,0,52.75,353.9
58.78,0.4575,-0.8892,6,3,0,0,55.73,830.8
77.2,0.4422,-0.8969,6,4,0,0,65.62,651.9
75.46,0.4267,-0.9044,6,5,0,0,61.75,960.04
56.97,0.4111,-0.9116,6,6,0,0,54.09,960.04
64.59,0.3953,-0.9185,6,7,0,0,88.6,826.68
62.7,0.3795,-0.9252,6,8,0,0,70.07,517.0
55.34,0.3635,-0.9316,6,9,0,0,76.61,783.42
54.09,0.3474,-0.9377,6,10,0,0,50.08,545.1
87.56,0.3312,-0.9436,6,11,0,0,145.0,958.38
69.53,0.3149,-0.9491,6,12,0,0,79.64,604.6
54.47,0.2986,-0.9544,6,13,0,0,40.91,555.92
47.73,0.2821,-0.9594,6,14,0,0,45.94,957.3
46.51,0.2656,-0.9641,6,15,0,0,40.34,366.6
57.05,0.2489,-0.9685,6,16,0,0,71.94,435.58
54.85,0.2322,-0.9727,6,17,0,0,63.44,257.74
72.03,0.2155,-0.9765,6,18,0,0,65.02,275.75
66.38,0.1986,-0.9801,6,19,0,0,46.3,505.3
45.45,0.1818,-0.9833,6,20,0,0,39.76,250.05
64.15,0.1648,-0.9863,6,21,0,0,65.06,222.48
90.97,0.1478,-0.989,6,22,0,0,143.47,530.9
62.9,0.1308,-0.9914,6,23,0,0,73.78,290.55
59.25,0.1137,-0.9935,6,24,0,0,73.91,214.62
67.44,0.0966,-0.9953,6,25,0,0,72.47,540.02
51.45,0.0795,-0.9968,6,26,0,0,72.43,247.49
30.98,0.0623,-0.9981,6,27,0,0,36.68,895.74
37.15,0.0451,-0.999,6,28,0,0,13.21,551.28
46.95,0.028,-0.9996,6,29,0,0,66.67,296.73
60.22,0.0108,-0.9999,6,30,0,0,62.81,210.0
35.88,-0.0065,-1.0,7,1,0,0,25.08,116.0
42.69,-0.0237,-0.9997,7,2,0,0,56.37,223.0
35.51,-0.0408,-0.9992,7,3,0,0,43.66,212.0
28.18,-0.058,-0.9983,7,4,0,0,24.9,942.06
28.51,-0.0752,-0.9972,7,5,0,0,41.37,111.0
23.94,-0.0923,-0.9957,7,6,0,0,28.39,74.0
11.97,-0.1094,-0.994,7,7,0,0,9.79,73.0
21.51,-0.1265,-0.992,7,8,0,0,22.95,102.0
45.17,-0.1436,-0.9896,7,9,0,0,45.34,957.7
61.77,-0.1606,-0.987,7,10,0,0,76.81,949.68
52.49,-0.1775,-0.9841,7,11,0,0,60.01,274.4
27.52,-0.1944,-0.9809,7,12,0,0,18.67,110.73
38.3,-0.2113,-0.9774,7,13,0,0,31.73,201.77
49.25,-0.2281,-0.9736,7,14,0,0,56.36,234.0
46.03,-0.2448,-0.9696,7,15,0,0,55.25,332.97
43.63,-0.2614,-0.9652,7,16,0,0,49.58,151.0
36.11,-0.278,-0.9606,7,17,0,0,32.5,206.0
43.18,-0.2945,-0.9557,7,18,0,0,49.19,185.0
65.17,-0.3109,-0.9505,7,19,0,0,68.39,176.0
49.09,-0.3272,-0.945,7,20,0,0,41.51,399.82
41.75,-0.3434,-0.9392,7,21,0,0,35.8,190.0
34.71,-0.3595,-0.9332,7,22,0,0,41.74,205.1
43.21,-0.3755,-0.9268,7,23,0,0,40.94,223.0
47.22,-0.3914,-0.9202,7,24,0,0,22.37,202.34
38.5,-0.4071,-0.9134,7,25,0,0,30.7,197.0
48.84,-0.4228,-0.9062,7,26,0,0,25.79,774.31
44.1,-0.4383,-0.8988,7,27,0,0,43.08,262.5
29.58,-0.4537,-0.8912,7,28,0,0,47.7,187.13
32.49,-0.469,-0.8832,7,29,0,0,29.25,213.83
40.78,-0.4841,-0.875,7,30,0,0,38.51,129.0
33.63,-0.4991,-0.8666,7,31,0,0,39.57,521.6
19.11,-0.5139,-0.8578,8,1,0,0,11.78,765.9
32.99,-0.5286,-0.8489,8,2,0,0,38.25,200.32
22.8,-0.5431,-0.8397,8,3,0,0,22.33,89.0
18.44,-0.5575,-0.8302,8,4,0,0,17.45,127.0
20.91,-0.5717,-0.8205,8,5,0,0,23.68,60.62
21.03,-0.5857,-0.8105,8,6,0,0,18.45,814.46
18.1,-0.5996,-0.8003,8,7,0,0,14.61,119.6
21.46,-0.6132,-0.7899,8,8,0,0,22.07,299.02
26.0,-0.6267,-0.7792,8,9,0,0,30.82,315.69
33.01,-0.64,-0.7683,8,10,0,0,37.3,127.0
27.23,-0.6532,-0.7572,8,11,0,0,31.07,135.42
28.42,-0.6661,-0.7459,8,12,0,0,28.91,137.84
24.7,-0.6788,-0.7343,8,13,0,0,21.54,906.46
35.64,-0.6914,-0.7225,8,14,0,0,46.9,175.0
27.01,-0.7037,-0.7105,8,15,0,0,27.51,105.0
21.76,-0.7158,-0.6983,8,16,0,0,33.58,93.0
30.57,-0.7277,-0.6859,8,17,0,0,28.92,164.99
30.02,-0.7394,-0.6733,8,18,0,0,28.36,120.15
28.04,-0.7509,-0.6605,8,19,0,0,30.16,120.68
22.69,-0.7621,-0.6474,8,20,0,0,14.25,85.0
29.39,-0.7731,-0.6342,8,21,0,0,25.67,104.0
28.88,-0.7839,-0.6208,8,22,0,0,23.59,256.58
27.7,-0.7945,-0.6073,8,23,0,0,27.96,123.0
48.1,-0.8048,-0.5935,8,24,0,0,66.55,166.0
26.58,-0.8149,-0.5796,8,25,0,0,24.75,165.54
28.36,-0.8248,-0.5655,8,26,0,0,29.9,183.48
20.53,-0.8344,-0.5512,8,27,0,0,22.85,105.96
22.52,-0.8437,-0.5368,8,28,0,0,17.79,83.42
26.93,-0.8528,-0.5222,8,29,0,0,15.53,210.0
47.51,-0.8617,-0.5074,8,30,0,0,60.65,315.0
38.74,-0.8703,-0.4925,8,31,0,0,40.85,186.02
40.45,-0.8786,-0.4775,9,1,0,0,39.96,136.12
32.7,-0.8867,-0.4623,9,2,0,0,34.62,202.36
33.86,-0.8945,-0.447,9,3,0,0,35.89,174.38
23.5,-0.9021,-0.4315,9,4,0,0,25.29,85.0
40.35,-0.9094,-0.4159,9,5,0,0,28.36,512.55
29.93,-0.9164,-0.4002,9,6,0,0,37.68,111.0
28.02,-0.9232,-0.3844,9,7,0,0,34.8,100.0
50.87,-0.9296,-0.3685,9,8,0,0,55.1,141.0
49.05,-0.9358,-0.3524,9,9,0,0,54.34,155.0
42.02,-0.9418,-0.3363,9,10,0,0,48.53,425.68
34.43,-0.9474,-0.32,9,11,0,0,40.96,156.0
16.94,-0.9528,-0.3037,9,12,0,0,11.26,218.7
18.27,-0.9579,-0.2873,9,13,0,0,11.48,80.02
29.35,-0.9627,-0.2707,9,14,0,0,23.69,143.0
41.16,-0.9672,-0.2541,9,15,0,0,33.19,210.75
50.98,-0.9714,-0.2375,9,16,0,0,44.48,256.77
57.66,-0.9753,-0.2207,9,17,0,0,55.58,262.0
36.81,-0.979,-0.2039,9,18,0,0,57.93,175.0
33.65,-0.9824,-0.187,9,19,0,0,22.22,526.78
33.73,-0.9854,-0.1701,9,20,0,0,33.23,251.0
46.57,-0.9882,-0.1531,9,21,0,0,42.56,450.0
73.74,-0.9907,-0.1361,9,22,0,0,83.29,402.0
81.05,-0.9929,-0.1191,9,23,0,0,81.48,693.05
96.32,-0.9948,-0.102,9,24,0,0,92.12,388.0
84.05,-0.9964,-0.0848,9,25,0,0,113.08,405.0
28.35,-0.9977,-0.0677,9,26,0,0,29.5,136.0
17.48,-0.9987,-0.0505,9,27,0,0,15.85,457.93
21.54,-0.9994,-0.0333,9,28,0,0,14.36,279.0
31.56,-0.9999,-0.0161,9,29,0,0,34.07,488.7
63.4,-1.0,0.0011,9,30,0,0,74.46,186.0
50.61,-1.0,0.0011,10,1,0,0,68.41,177.0
54.83,-0.9998,0.0183,10,2,0,0,55.51,178.5
37.36,-0.9994,0.0355,10,3,0,0,49.38,114.33
31.82,-0.9986,0.0527,10,4,0,0,36.44,482.25
40.86,-0.9976,0.0698,10,5,0,0,32.54,129.73
51.69,-0.9962,0.087,10,6,0,0,62.61,703.3
64.6,-0.9946,0.1041,10,7,0,0,64.7,287.25
71.38,-0.9926,0.1212,10,8,0,0,81.18,261.75
67.06,-0.9904,0.1383,10,9,0,0,72.61,196.82
64.56,-0.9879,0.1553,10,10,0,0,73.76,191.25
65.95,-0.9851,0.1722,10,11,0,0,77.68,410.33
70.25,-0.9819,0.1892,10,12,0,0,97.36,458.45
77.42,-0.9785,0.206,10,13,0,0,89.43,166.0
75.29,-0.9749,0.2228,10,14,0,0,88.05,215.48
91.62,-0.9709,0.2396,10,15,1,0,99.28,230.0
160.6,-0.9666,0.2562,10,16,1,0,172.85,361.5
113.29,-0.9621,0.2728,10,17,1,0,165.29,654.75
16.65,-0.9572,0.2893,10,18,1,0,9.86,205.1
52.53,-0.9521,0.3057,10,19,1,0,30.74,186.91
100.85,-0.9467,0.3221,10,20,1,1,96.99,499.75
72.64,-0.941,0.3383,10,21,1,1,65.57,366.97
56.72,-0.9351,0.3545,10,22,1,1,47.4,298.0
62.65,-0.9288,0.3705,10,23,1,1,87.92,226.8
65.97,-0.9223,0.3864,10,24,1,1,88.51,297.68
42.21,-0.9155,0.4022,10,25,1,1,38.28,158.2
69.24,-0.9085,0.4179,10,26,1,1,73.6,325.66
109.05,-0.9012,0.4335,10,27,1,1,132.76,962.47
124.19,-0.8936,0.4489,10,28,1,1,149.44,466.25
130.53,-0.8857,0.4642,10,29,1,1,166.58,432.43
112.9,-0.8776,0.4794,10,30,1,1,148.67,269.0
134.45,-0.8692,0.4944,10,31,1,1,158.28,680.02
139.16,-0.8606,0.5093,11,1,1,1,150.74,417.56
134.71,-0.8517,0.524,11,2,1,1,158.39,401.0
162.74,-0.8426,0.5386,11,3,1,1,158.28,704.5
316.9,-0.8332,0.553,11,4,1,1,267.75,995.0
416.77,-0.8235,0.5672,11,5,1,1,519.22,997.63
319.47,-0.8137,0.5813,11,6,1,1,332.39,765.0
262.63,-0.8035,0.5952,11,7,1,1,321.22,593.5
253.53,-0.7932,0.609,11,8,1,1,332.58,650.67
265.25,-0.7826,0.6225,11,9,1,1,323.17,751.35
233.41,-0.7718,0.6359,11,10,1,1,205.8,975.1
306.53,-0.7607,0.6491,11,11,1,1,285.69,997.6
384.56,-0.7494,0.6621,11,12,1,1,440.73,699.75
263.07,-0.7379,0.6749,11,13,1,1,360.29,663.0
183.04,-0.7262,0.6875,11,14,1,1,182.18,559.29
208.8,-0.7143,0.6998,11,15,1,1,195.1,652.86
252.06,-0.7021,0.712,11,16,1,1,314.24,573.9
213.03,-0.6898,0.724,11,17,1,1,249.61,545.68
213.94,-0.6772,0.7358,11,18,1,1,273.22,646.09
230.41,-0.6645,0.7473,11,19,1,1,286.23,473.25
222.03,-0.6515,0.7586,11,20,1,1,248.07,543.81
187.73,-0.6384,0.7697,11,21,1,0,249.24,521.07
139.41,-0.625,0.7806,11,22,1,0,164.24,300.25
152.83,-0.6115,0.7912,11,23,1,0,146.69,558.85
232.67,-0.5978,0.8016,11,24,1,0,238.73,630.92
258.26,-0.584,0.8118,11,25,1,0,281.81,647.5
272.51,-0.5699,0.8217,11,26,1,0,342.73,920.5
252.82,-0.5557,0.8314,11,27,1,0,277.26,564.9
268.55,-0.5413,0.8408,11,28,1,0,303.6,571.25
214.44,-0.5268,0.85,11,29,1,0,280.48,591.75
174.95,-0.5121,0.859,11,30,1,0,178.7,418.7
251.75,-0.4972,0.8676,12,1,1,0,224.22,628.25
262.35,-0.4822,0.8761,12,2,1,0,303.28,728.75
203.28,-0.4671,0.8842,12,3,1,0,200.73,689.0
171.39,-0.4518,0.8921,12,4,1,0,225.64,515.5
182.26,-0.4364,0.8998,12,5,1,0,212.15,633.25
143.38,-0.4208,0.9071,12,6,1,0,158.74,633.9
109.64,-0.4052,0.9142,12,7,1,0,123.65,298.75
115.53,-0.3894,0.9211,12,8,1,0,127.39,389.45
158.44,-0.3735,0.9276,12,9,1,0,158.08,686.75
150.32,-0.3575,0.9339,12,10,1,0,162.28,433.25
122.17,-0.3413,0.9399,12,11,1,0,130.1,659.0
143.5,-0.3251,0.9457,12,12,1,0,134.15,629.5
208.48,-0.3088,0.9511,12,13,1,0,262.92,938.0
226.41,-0.2924,0.9563,12,14,1,0,276.31,658.75
189.78,-0.2759,0.9612,12,15,1,0,199.17,524.0
219.25,-0.2593,0.9658,12,16,1,0,233.31,550.25
151.99,-0.2427,0.9701,12,17,1,0,187.97,383.0
139.07,-0.226,0.9741,12,18,1,0,141.5,418.8
145.13,-0.2092,0.9779,12,19,1,0,122.5,489.5
196.18,-0.1923,0.9813,12,20,1,0,164.86,985.0
296.12,-0.1754,0.9845,12,21,1,0,370.11,985.0
304.49,-0.1585,0.9874,12,22,1,0,357.49,918.5
352.64,-0.1414,0.9899,12,23,1,0,422.22,840.0
290.86,-0.1244,0.9922,12,24,1,0,319.31,879.5
365.24,-0.1073,0.9942,12,25,1,0,386.2,973.0
367.61,-0.0902,0.9959,12,26,1,0,427.16,835.5
119.32,-0.073,0.9973,12,27,1,0,105.9,707.25
149.27,-0.0559,0.9984,12,28,1,0,152.45,465.0
138.01,-0.0387,0.9993,12,29,1,0,156.99,751.75
164.4,-0.0215,0.9998,12,30,1,0,186.85,931.8
188.11,-0.0043,1.0,12,31,1,0,204.05,934.1
238.69,0.0172,0.9999,1,1,1,0,202.42,773.5
265.11,0.0344,0.9994,1,2,1,0,270.07,818.75
246.69,0.0516,0.9987,1,3,1,0,235.29,856.0
220.81,0.0688,0.9976,1,4,1,0,252.29,698.75
265.96,0.0859,0.9963,1,5,1,0,349.82,682.2
109.5,0.103,0.9947,1,6,1,0,153.98,291.12
70.24,0.1201,0.9928,1,7,1,0,82.85,174.0
46.6,0.1372,0.9905,1,8,1,0,48.84,597.2
44.1,0.1542,0.988,1,9,1,0,26.94,195.67
90.21,0.1712,0.9852,1,10,1,0,81.79,309.67
93.39,0.1881,0.9821,1,11,1,0,95.03,458.75
111.43,0.205,0.9788,1,12,1,0,78.9,493.4
205.32,0.2218,0.9751,1,13,1,0,160.48,813.75
187.32,0.2385,0.9711,1,14,1,0,129.87,479.33
118.68,0.2552,0.9669,1,15,1,0,68.27,375.67
137.41,0.2718,0.9624,1,16,1,0,95.92,415.0
174.77,0.2883,0.9575,1,17,1,0,126.57,505.33
178.79,0.3047,0.9524,1,18,1,0,201.62,444.0
186.01,0.3211,0.9471,1,19,1,0,155.28,600.1
238.21,0.3373,0.9414,1,20,1,0,193.92,451.7
197.22,0.3534,0.9355,1,21,1,0,153.95,560.75
130.02,0.3695,0.9292,1,22,1,0,117.19,903.7
109.91,0.3854,0.9227,1,23,1,0,71.84,534.0
112.47,0.4012,0.916,1,24,1,0,65.48,570.0
119.76,0.4169,0.9089,1,25,1,0,70.15,547.0
126.34,0.4325,0.9016,1,26,1,0,94.48,646.5
118.13,0.4479,0.8941,1,27,1,0,105.53,538.1
103.89,0.4633,0.8862,1,28,1,0,98.14,841.5
124.1,0.4784,0.8781,1,29,1,0,115.06,895.9
143.1,0.4935,0.8698,1,30,1,0,148.19,953.6
215.21,0.5084,0.8611,1,31,1,0,207.11,871.6
202.33,0.5231,0.8523,2,1,0,0,203.1,833.8
161.68,0.5377,0.8432,2,2,0,0,148.87,730.45
142.22,0.5521,0.8338,2,3,0,0,166.98,558.3
64.38,0.5664,0.8242,2,4,0,0,48.62,813.1
129.48,0.5805,0.8143,2,5,0,0,86.26,694.75
162.97,0.5944,0.8042,2,6,0,0,199.03,732.25
123.8,0.6081,0.7938,2,7,0,0,133.18,850.0
146.36,0.6217,0.7833,2,8,0,0,164.75,554.05
95.7,0.6351,0.7725,2,9,0,0,58.05,756.35
82.18,0.6483,0.7614,2,10,0,0,74.62,614.8
88.88,0.6613,0.7502,2,11,0,0,104.79,658.4
93.96,0.6741,0.7387,2,12,0,0,101.03,819.8
125.88,0.6867,0.727,2,13,0,0,164.91,572.25
116.5,0.6991,0.715,2,14,0,0,152.48,685.73
105.06,0.7113,0.7029,2,15,0,0,142.07,680.8
139.55,0.7233,0.6906,2,16,0,0,187.94,518.0
113.76,0.735,0.678,2,17,0,0,128.62,393.5
114.55,0.7466,0.6653,2,18,0,0,180.36,557.7
85.13,0.7579,0.6523,2,19,0,0,98.02,792.75
82.67,0.769,0.6392,2,20,0,0,99.35,814.1
80.89,0.7799,0.6259,2,21,0,0,77.72,841.5
99.45,0.7906,0.6124,2,22,0,0,127.66,669.0
112.36,0.801,0.5987,2,23,0,0,111.56,491.55
149.33,0.8112,0.5848,2,24,0,0,203.59,458.5
126.85,0.8211,0.5708,2,25,0,0,191.24,410.0
27.32,0.8308,0.5566,2,26,0,0,18.8,276.0
43.55,0.8402,0.5422,2,27,0,0,49.78,141.75
46.79,0.8495,0.5277,2,28,0,0,51.25,302.2
85.2,0.8584,0.513,3,1,0,0,103.27,518.8
103.09,0.8671,0.4981,3,2,0,0,149.55,315.75
81.43,0.8755,0.4831,3,3,0,0,89.55,355.0
76.79,0.8837,0.468,3,4,0,0,110.28,265.15
57.07,0.8916,0.4527,3,5,0,0,67.97,177.75
86.4,0.8993,0.4373,3,6,0,0,100.89,624.6
120.95,0.9067,0.4218,3,7,0,0,154.56,475.25
120.12,0.9138,0.4061,3,8,0,0,206.2,489.05
68.32,0.9207,0.3904,3,9,0,0,98.59,244.0
64.08,0.9272,0.3745,3,10,0,0,84.09,397.0
77.38,0.9335,0.3585,3,11,0,0,116.53,253.25
73.17,0.9396,0.3424,3,12,0,0,100.11,228.5
89.79,0.9453,0.3261,3,13,0,0,107.3,258.7
118.62,0.9508,0.3098,3,14,0,0,184.2,354.32
116.63,0.956,0.2934,3,15,0,0,173.89,563.52
92.63,0.9609,0.2769,3,16,0,0,122.83,655.1
118.24,0.9655,0.2604,3,17,0,0,126.48,271.25
137.76,0.9698,0.2437,3,18,0,0,161.62,424.92
106.58,0.9739,0.227,3,19,0,0,114.19,322.88
104.26,0.9777,0.2102,3,20,0,0,125.51,606.98
130.28,0.9811,0.1934,3,21,0,0,188.16,417.5
80.13,0.9843,0.1765,3,22,0,0,91.92,367.0
100.6,0.9872,0.1595,3,23,0,0,131.08,507.0
114.07,0.9898,0.1425,3,24,0,0,193.47,395.0
88.68,0.9921,0.1255,3,25,0,0,120.84,258.08
84.56,0.9941,0.1084,3,26,0,0,130.38,266.25
89.19,0.9958,0.0913,3,27,0,0,117.92,273.95
103.39,0.9972,0.0741,3,28,0,0,141.58,363.7
120.23,0.9984,0.057,3,29,0,0,174.75,392.0
125.33,0.9992,0.0398,3,30,0,0,184.83,482.0
141.8,0.9997,0.0226,3,31,0,0,190.73,621.41
73.4,1.0,0.0054,4,1,0,0,110.61,261.08
106.92,0.9999,-0.0118,4,2,0,0,155.26,486.75
105.31,0.9996,-0.029,4,3,0,0,147.27,554.12
106.92,0.9989,-0.0462,4,4,0,0,119.72,412.75
102.59,0.998,-0.0634,4,5,0,0,199.12,403.5
118.61,0.9968,-0.0805,4,6,0,0,218.45,657.1
124.24,0.9952,-0.0977,4,7,0,0,194.43,451.0
110.12,0.9934,-0.1148,4,8,0,0,151.85,420.0
109.85,0.9913,-0.1319,4,9,0,0,156.71,713.2
106.36,0.9889,-0.1489,4,10,0,0,144.57,376.0
109.75,0.9861,-0.1659,4,11,0,0,168.72,458.7
92.42,0.9831,-0.1828,4,12,0,0,92.16,743.0
111.71,0.9799,-0.1997,4,13,0,0,204.68,412.32
76.82,0.9763,-0.2165,4,14,0,0,100.49,367.6
70.63,0.9724,-0.2333,4,15,0,0,77.51,257.88
102.22,0.9683,-0.25,4,16,0,0,135.16,257.25
106.5,0.9638,-0.2666,4,17,0,0,148.91,350.08
112.05,0.9591,-0.2831,4,18,0,0,143.79,894.0
133.61,0.9541,-0.2996,4,19,0,0,225.39,487.0
95.54,0.9488,-0.316,4,20,0,0,125.03,438.0
104.24,0.9432,-0.3322,4,21,0,0,115.77,340.9
65.22,0.9373,-0.3484,4,22,0,0,57.95,426.05
110.12,0.9312,-0.3645,4,23,0,0,190.55,412.47
120.75,0.9248,-0.3804,4,24,0,0,201.2,501.67
100.34,0.9181,-0.3963,4,25,0,0,132.63,394.4
81.97,0.9112,-0.412,4,26,0,0,78.35,458.1
153.86,0.9039,-0.4276,4,27,0,0,283.33,723.0
163.21,0.8965,-0.4431,4,28,0,0,204.22,765.92
148.54,0.8887,-0.4585,4,29,0,0,173.09,510.0
121.09,0.8807,-0.4737,4,30,0,0,152.58,444.0
90.46,0.8724,-0.4888,5,1,0,0,85.1,378.1
73.78,0.8639,-0.5037,5,2,0,0,73.02,193.8
98.47,0.8551,-0.5185,5,3,0,0,75.58,378.55
73.54,0.846,-0.5331,5,4,0,0,91.45,294.5
71.62,0.8367,-0.5476,5,5,0,0,82.66,213.25
115.78,0.8272,-0.5619,5,6,0,0,151.07,393.79
86.89,0.8174,-0.5761,5,7,0,0,94.49,394.15
82.76,0.8074,-0.59,5,8,0,0,82.24,317.93
66.6,0.7971,-0.6038,5,9,0,0,68.42,342.57
64.78,0.7866,-0.6175,5,10,0,0,71.54,208.72
62.23,0.7759,-0.6309,5,11,0,0,62.55,195.1
67.67,0.7649,-0.6442,5,12,0,0,63.77,284.5
76.01,0.7537,-0.6572,5,13,0,0,56.15,302.82
108.68,0.7423,-0.6701,5,14,0,0,171.32,482.76
98.88,0.7306,-0.6828,5,15,0,0,154.71,394.61
96.8,0.7188,-0.6952,5,16,0,0,85.25,889.56
68.76,0.7067,-0.7075,5,17,0,0,46.22,236.42
76.49,0.6945,-0.7195,5,18,0,0,78.65,284.62
88.25,0.682,-0.7314,5,19,0,0,96.65,260.2
92.72,0.6693,-0.743,5,20,0,0,114.24,470.15
76.87,0.6564,-0.7544,5,21,0,0,70.19,404.62
64.57,0.6433,-0.7656,5,22,0,0,75.6,273.0
30.37,0.6301,-0.7765,5,23,0,0,21.62,130.0
36.28,0.6166,-0.7873,5,24,0,0,30.55,192.42
81.34,0.603,-0.7978,5,25,0,0,108.12,534.0
94.83,0.5892,-0.808,5,26,0,0,125.56,622.6
81.91,0.5752,-0.818,5,27,0,0,106.06,217.0
75.39,0.561,-0.8278,5,28,0,0,65.53,283.68
72.29,0.5467,-0.8373,5,29,0,0,83.49,209.15
65.49,0.5322,-0.8466,5,30,0,0,69.05,436.25
99.01,0.5176,-0.8556,5,31,0,0,83.63,344.67
97.93,0.5028,-0.8644,6,1,0,0,147.1,353.12
77.59,0.4878,-0.8729,6,2,0,0,103.56,269.05
89.98,0.4728,-0.8812,6,3,0,0,136.35,275.25
81.09,0.4575,-0.8892,6,4,0,0,113.17,306.58
59.21,0.4422,-0.8969,6,5,0,0,52.12,298.7
53.82,0.4267,-0.9044,6,6,0,0,52.72,193.75
88.0,0.4111,-0.9116,6,7,0,0,71.28,388.0
78.4,0.3953,-0.9185,6,8,0,0,82.01,360.25
62.57,0.3795,-0.9252,6,9,0,0,61.73,252.6
75.31,0.3635,-0.9316,6,10,0,0,77.98,269.25
70.14,0.3474,-0.9377,6,11,0,0,68.3,192.75
74.34,0.3312,-0.9436,6,12,0,0,86.06,261.25
51.93,0.3149,-0.9491,6,13,0,0,34.18,190.75
56.4,0.2986,-0.9544,6,14,0,0,61.94,210.0
35.44,0.2821,-0.9594,6,15,0,0,36.86,187.7
34.81,0.2656,-0.9641,6,16,0,0,34.26,398.45
28.28,0.2489,-0.9685,6,17,0,0,19.79,90.1
34.62,0.2322,-0.9727,6,18,0,0,42.9,120.08
42.72,0.2155,-0.9765,6,19,0,0,54.49,173.0
53.46,0.1986,-0.9801,6,20,0,0,65.93,271.0
44.11,0.1818,-0.9833,6,21,0,0,63.39,193.5
51.49,0.1648,-0.9863,6,22,0,0,38.76,153.0
56.32,0.1478,-0.989,6,23,0,0,53.84,209.5
72.0,0.1308,-0.9914,6,24,0,0,102.15,258.75
80.74,0.1137,-0.9935,6,25,0,0,103.06,343.0
65.27,0.0966,-0.9953,6,26,0,0,65.89,295.6
55.02,0.0795,-0.9968,6,27,0,0,51.71,141.45
74.87,0.0623,-0.9981,6,28,0,0,68.65,221.0
60.43,0.0451,-0.999,6,29,0,0,39.46,226.7
37.61,0.028,-0.9996,6,30,0,0,33.29,430.33
36.33,0.0108,-0.9999,7,1,0,0,45.16,338.0
42.77,-0.0065,-1.0,7,2,0,0,66.61,165.67
30.43,-0.0237,-0.9997,7,3,0,0,20.7,138.25
63.45,-0.0408,-0.9992,7,4,0,0,56.27,172.0
65.09,-0.058,-0.9983,7,5,0,0,83.93,204.0
51.42,-0.0752,-0.9972,7,6,0,0,50.91,221.88
39.84,-0.0923,-0.9957,7,7,0,0,45.99,250.25
37.09,-0.1094,-0.994,7,8,0,0,41.18,248.0
40.97,-0.1265,-0.992,7,9,0,0,56.32,118.75
32.83,-0.1436,-0.9896,7,10,0,0,33.02,101.02
44.83,-0.1606,-0.987,7,11,0,0,46.68,170.25
41.83,-0.1775,-0.9841,7,12,0,0,40.27,682.03
34.51,-0.1944,-0.9809,7,13,0,0,34.52,176.78
30.76,-0.2113,-0.9774,7,14,0,0,34.16,137.45
26.49,-0.2281,-0.9736,7,15,0,0,20.34,170.16
24.89,-0.2448,-0.9696,7,16,0,0,24.14,355.38
28.45,-0.2614,-0.9652,7,17,0,0,11.8,453.8
43.29,-0.278,-0.9606,7,18,0,0,52.97,234.61
42.92,-0.2945,-0.9557,7,19,0,0,40.34,156.0
33.38,-0.3109,-0.9505,7,20,0,0,46.79,122.0
44.16,-0.3272,-0.945,7,21,0,0,24.17,180.5
55.16,-0.3434,-0.9392,7,22,0,0,72.88,175.0
29.52,-0.3595,-0.9332,7,23,0,0,28.55,83.75
24.77,-0.3755,-0.9268,7,24,0,0,20.19,120.7
24.63,-0.3914,-0.9202,7,25,0,0,23.37,89.18
28.09,-0.4071,-0.9134,7,26,0,0,31.65,87.0
30.82,-0.4228,-0.9062,7,27,0,0,30.24,171.0
22.01,-0.4383,-0.8988,7,28,0,0,22.15,83.28
19.28,-0.4537,-0.8912,7,29,0,0,21.15,89.7
22.14,-0.469,-0.8832,7,30,0,0,19.05,89.0
23.89,-0.4841,-0.875,7,31,0,0,23.02,82.25
26.41,-0.4991,-0.8666,8,1,0,0,26.42,133.09
32.31,-0.5139,-0.8578,8,2,0,0,25.05,149.25
48.43,-0.5286,-0.8489,8,3,0,0,39.76,165.39
46.68,-0.5431,-0.8397,8,4,0,0,59.37,128.0
38.62,-0.5575,-0.8302,8,5,0,0,34.97,162.5
52.04,-0.5717,-0.8205,8,6,0,0,52.92,182.75
45.98,-0.5857,-0.8105,8,7,0,0,72.95,153.0
44.97,-0.5996,-0.8003,8,8,0,0,46.35,158.13
41.5,-0.6132,-0.7899,8,9,0,0,54.17,143.0
27.02,-0.6267,-0.7792,8,10,0,0,34.2,136.97
16.74,-0.64,-0.7683,8,11,0,0,14.3,114.94
19.39,-0.6532,-0.7572,8,12,0,0,18.36,74.0
27.24,-0.6661,-0.7459,8,13,0,0,32.25,83.0
26.21,-0.6788,-0.7343,8,14,0,0,13.74,83.0
18.8,-0.6914,-0.7225,8,15,0,0,14.02,83.0
15.86,-0.7037,-0.7105,8,16,0,0,15.28,60.01
14.19,-0.7158,-0.6983,8,17,0,0,11.42,171.6
20.33,-0.7277,-0.6859,8,18,0,0,13.35,75.42
18.3,-0.7394,-0.6733,8,19,0,0,12.36,287.0
31.77,-0.7509,-0.6605,8,20,0,0,23.33,139.0
46.88,-0.7621,-0.6474,8,21,0,0,54.4,130.5
35.87,-0.7731,-0.6342,8,22,0,0,54.37,111.12
24.97,-0.7839,-0.6208,8,23,0,0,32.75,75.0
22.73,-0.7945,-0.6073,8,24,0,0,18.38,277.92
36.41,-0.8048,-0.5935,8,25,0,0,28.57,348.25
35.46,-0.8149,-0.5796,8,26,0,0,31.33,157.0
32.05,-0.8248,-0.5655,8,27,0,0,30.52,225.35
37.18,-0.8344,-0.5512,8,28,0,0,33.27,159.6
40.54,-0.8437,-0.5368,8,29,0,0,37.8,138.65
48.48,-0.8528,-0.5222,8,30,0,0,49.26,185.75
43.79,-0.8617,-0.5074,8,31,0,0,44.25,234.32
45.12,-0.8703,-0.4925,9,1,0,0,44.81,279.62
45.72,-0.8786,-0.4775,9,2,0,0,38.34,228.45
32.63,-0.8867,-0.4623,9,3,0,0,26.34,151.07
26.45,-0.8945,-0.447,9,4,0,0,23.94,209.71
26.79,-0.9021,-0.4315,9,5,0,0,22.54,209.21
40.21,-0.9094,-0.4159,9,6,0,0,43.33,161.12
46.22,-0.9164,-0.4002,9,7,0,0,52.1,466.0
63.62,-0.9232,-0.3844,9,8,0,0,68.09,151.0
59.85,-0.9296,-0.3685,9,9,0,0,68.97,173.2
49.78,-0.9358,-0.3524,9,10,0,0,60.63,111.4
32.13,-0.9418,-0.3363,9,11,0,0,26.0,167.07
26.74,-0.9474,-0.32,9,12,0,0,24.83,187.43
19.75,-0.9528,-0.3037,9,13,0,0,16.85,106.58
17.79,-0.9579,-0.2873,9,14,0,0,15.23,78.67
16.06,-0.9627,-0.2707,9,15,0,0,20.15,71.81
15.98,-0.9672,-0.2541,9,16,0,0,10.93,80.67
33.32,-0.9714,-0.2375,9,17,0,0,27.66,98.7
47.58,-0.9753,-0.2207,9,18,0,0,29.97,167.25
72.39,-0.979,-0.2039,9,19,0,0,83.14,249.75
49.55,-0.9824,-0.187,9,20,0,0,68.87,146.0
41.57,-0.9854,-0.1701,9,21,0,0,62.06,170.25
26.29,-0.9882,-0.1531,9,22,0,0,31.08,474.7
26.13,-0.9907,-0.1361,9,23,0,0,16.24,90.0
23.39,-0.9929,-0.1191,9,24,0,0,26.79,74.99
21.57,-0.9948,-0.102,9,25,0,0,11.84,128.15
47.79,-0.9964,-0.0848,9,26,0,0,61.88,156.25
40.29,-0.9977,-0.0677,9,27,0,0,44.09,132.88
55.13,-0.9987,-0.0505,9,28,0,0,59.02,182.85
66.05,-0.9994,-0.0333,9,29,0,0,82.87,205.25
80.25,-0.9999,-0.0161,9,30,0,0,91.86,214.82
81.41,-1.0,0.0011,10,1,0,0,104.02,174.0
69.05,-0.9998,0.0183,10,2,0,0,94.49,175.0
42.71,-0.9994,0.0355,10,3,0,0,51.5,258.45
63.03,-0.9986,0.0527,10,4,0,0,61.51,251.1
89.36,-0.9976,0.0698,10,5,0,0,110.49,285.6
16.63,-0.9962,0.087,10,6,0,0,13.15,103.28
16.3,-0.9946,0.1041,10,7,0,0,12.44,61.0
14.32,-0.9926,0.1212,10,8,0,0,14.32,82.5
9.59,-0.9904,0.1383,10,9,0,0,10.84,61.0
14.76,-0.9879,0.1553,10,10,0,0,9.01,61.0
36.29,-0.9851,0.1722,10,11,0,0,25.93,231.67
62.49,-0.9819,0.1892,10,12,0,0,72.65,205.75
53.52,-0.9785,0.206,10,13,0,0,60.34,172.25
71.74,-0.9749,0.2228,10,14,0,0,81.89,216.8
89.6,-0.9709,0.2396,10,15,1,0,103.27,401.5
105.64,-0.9666,0.2562,10,16,1,0,123.99,349.3
108.94,-0.9621,0.2728,10,17,1,0,127.64,383.5
109.72,-0.9572,0.2893,10,18,1,0,118.14,398.33
102.01,-0.9521,0.3057,10,19,1,0,124.26,331.92
110.64,-0.9467,0.3221,10,20,1,1,111.76,302.75
117.39,-0.941,0.3383,10,21,1,1,145.08,386.33
122.89,-0.9351,0.3545,10,22,1,1,153.83,322.0
129.76,-0.9288,0.3705,10,23,1,1,128.29,357.75
177.52,-0.9223,0.3864,10,24,1,1,168.07,921.25
166.47,-0.9155,0.4022,10,25,1,1,149.56,986.0
142.96,-0.9085,0.4179,10,26,1,1,114.47,621.5
192.39,-0.9012,0.4335,10,27,1,1,218.98,494.34
223.13,-0.8936,0.4489,10,28,1,1,226.04,514.0
230.76,-0.8857,0.4642,10,29,1,1,287.07,502.09
211.77,-0.8776,0.4794,10,30,1,1,210.91,749.6
263.69,-0.8692,0.4944,10,31,1,1,208.96,562.75
248.88,-0.8606,0.5093,11,1,1,1,294.21,705.25
241.74,-0.8517,0.524,11,2,1,1,214.26,589.0
402.69,-0.8426,0.5386,11,3,1,1,529.11,928.0
324.12,-0.8332,0.553,11,4,1,1,346.39,566.0
193.45,-0.8235,0.5672,11,5,1,1,200.61,425.0
172.85,-0.8137,0.5813,11,6,1,1,181.1,375.0
193.57,-0.8035,0.5952,11,7,1,1,227.11,449.82
240.17,-0.7932,0.609,11,8,1,1,245.39,445.7
105.75,-0.7826,0.6225,11,9,1,1,112.76,335.75
162.28,-0.7718,0.6359,11,10,1,1,178.2,478.0
208.58,-0.7607,0.6491,11,11,1,1,357.3,547.78
186.89,-0.7494,0.6621,11,12,1,1,259.16,421.27
160.63,-0.7379,0.6749,11,13,1,1,196.5,326.69
140.22,-0.7262,0.6875,11,14,1,1,172.86,415.5
102.24,-0.7143,0.6998,11,15,1,1,99.43,274.0
118.88,-0.7021,0.712,11,16,1,1,174.92,414.2
139.59,-0.6898,0.724,11,17,1,1,199.17,386.09
157.43,-0.6772,0.7358,11,18,1,1,240.44,551.78
144.5,-0.6645,0.7473,11,19,1,1,178.83,532.85
171.28,-0.6515,0.7586,11,20,1,1,216.63,551.35
143.93,-0.6384,0.7697,11,21,1,0,174.07,350.6
113.47,-0.625,0.7806,11,22,1,0,136.13,245.25
103.72,-0.6115,0.7912,11,23,1,0,127.52,416.48
108.55,-0.5978,0.8016,11,24,1,0,109.77,569.33
158.6,-0.584,0.8118,11,25,1,0,173.91,591.25
180.96,-0.5699,0.8217,11,26,1,0,192.28,757.0
174.61,-0.5557,0.8314,11,27,1,0,195.31,509.45
198.65,-0.5413,0.8408,11,28,1,0,227.57,680.0
230.27,-0.5268,0.85,11,29,1,0,284.3,658.91
207.63,-0.5121,0.859,11,30,1,0,223.34,533.0
213.69,-0.4972,0.8676,12,1,1,0,231.84,492.99
200.39,-0.4822,0.8761,12,2,1,0,204.94,605.25
245.25,-0.4671,0.8842,12,3,1,0,260.2,667.75
250.6,-0.4518,0.8921,12,4,1,0,293.9,635.75
187.08,-0.4364,0.8998,12,5,1,0,202.78,560.75
184.23,-0.4208,0.9071,12,6,1,0,189.48,359.0
133.43,-0.4052,0.9142,12,7,1,0,143.42,336.05
143.94,-0.3894,0.9211,12,8,1,0,139.75,466.58
169.88,-0.3735,0.9276,12,9,1,0,151.03,691.0
211.95,-0.3575,0.9339,12,10,1,0,254.19,646.75
134.03,-0.3413,0.9399,12,11,1,0,153.58,476.75
95.92,-0.3251,0.9457,12,12,1,0,100.39,620.75
70.68,-0.3088,0.9511,12,13,1,0,81.54,233.75
85.59,-0.2924,0.9563,12,14,1,0,94.24,367.25
89.92,-0.2759,0.9612,12,15,1,0,84.74,424.25
124.19,-0.2593,0.9658,12,16,1,0,111.4,659.18
167.33,-0.2427,0.9701,12,17,1,0,151.3,760.25
254.25,-0.226,0.9741,12,18,1,0,203.4,813.75
259.11,-0.2092,0.9779,12,19,1,0,226.32,843.5
199.94,-0.1923,0.9813,12,20,1,0,168.09,544.0
188.4,-0.1754,0.9845,12,21,1,0,149.22,490.33
202.24,-0.1585,0.9874,12,22,1,0,126.13,541.5
202.07,-0.1414,0.9899,12,23,1,0,128.73,592.25
160.66,-0.1244,0.9922,12,24,1,0,177.3,457.75
168.91,-0.1073,0.9942,12,25,1,0,143.09,840.0
193.84,-0.0902,0.9959,12,26,1,0,121.15,854.02
166.8,-0.073,0.9973,12,27,1,0,128.51,554.62
151.84,-0.0559,0.9984,12,28,1,0,165.35,701.2
196.73,-0.0387,0.9993,12,29,1,0,149.79,589.5
256.68,-0.0215,0.9998,12,30,1,0,236.1,805.0
156.24,-0.0043,1.0,12,31,1,0,154.1,582.0
140.59,0.0172,0.9999,1,1,1,0,112.69,679.25
233.11,0.0344,0.9994,1,2,1,0,193.92,516.68
239.57,0.0516,0.9987,1,3,1,0,221.13,472.25
179.33,0.0688,0.9976,1,4,1,0,118.26,546.75
208.96,0.0859,0.9963,1,5,1,0,121.88,788.25
258.51,0.103,0.9947,1,6,1,0,192.14,565.75
226.55,0.1201,0.9928,1,7,1,0,148.25,845.15
254.55,0.1372,0.9905,1,8,1,0,135.77,968.0
377.61,0.1542,0.988,1,9,1,0,262.54,979.0
232.43,0.1712,0.9852,1,10,1,0,146.22,805.2
175.13,0.1881,0.9821,1,11,1,0,93.59,915.0
203.36,0.205,0.9788,1,12,1,0,198.28,351.25
215.69,0.2218,0.9751,1,13,1,0,210.06,412.25
153.77,0.2385,0.9711,1,14,1,0,170.89,335.25
98.57,0.2552,0.9669,1,15,1,0,97.09,423.75
143.33,0.2718,0.9624,1,16,1,0,131.44,582.0
152.32,0.2883,0.9575,1,17,1,0,167.19,593.0
191.89,0.3047,0.9524,1,18,1,0,203.4,818.25
198.04,0.3211,0.9471,1,19,1,0,198.56,609.88
91.12,0.3373,0.9414,1,20,1,0,56.01,458.5
210.88,0.3534,0.9355,1,21,1,0,164.5,931.1
248.86,0.3695,0.9292,1,22,1,0,279.16,593.75
168.8,0.3854,0.9227,1,23,1,0,185.13,697.65
86.73,0.4012,0.916,1,24,1,0,102.82,335.0
105.39,0.4169,0.9089,1,25,1,0,103.56,282.5
138.53,0.4325,0.9016,1,26,1,0,158.69,261.25
92.74,0.4479,0.8941,1,27,1,0,98.78,201.25
123.06,0.4633,0.8862,1,28,1,0,110.04,415.0
187.89,0.4784,0.8781,1,29,1,0,219.15,553.75
79.17,0.4935,0.8698,1,30,1,0,31.48,953.9
85.1,0.5084,0.8611,1,31,1,0,78.2,724.1
84.61,0.5231,0.8523,2,1,0,0,84.26,818.42
87.18,0.5377,0.8432,2,2,0,0,96.8,635.88
103.31,0.5521,0.8338,2,3,0,0,96.71,753.0
118.23,0.5664,0.8242,2,4,0,0,104.62,517.0
105.12,0.5805,0.8143,2,5,0,0,112.14,550.5
142.37,0.5944,0.8042,2,6,0,0,178.57,410.75
116.41,0.6081,0.7938,2,7,0,0,192.85,424.25
73.83,0.6217,0.7833,2,8,0,0,78.85,281.0
91.53,0.6351,0.7725,2,9,0,0,116.1,255.75
93.96,0.6483,0.7614,2,10,0,0,97.32,266.5
137.57,0.6613,0.7502,2,11,0,0,177.28,403.1
55.0,0.6741,0.7387,2,12,0,0,74.17,211.8
48.7,0.6867,0.727,2,13,0,0,52.97,261.9
63.39,0.6991,0.715,2,14,0,0,69.72,284.48
91.34,0.7113,0.7029,2,15,0,0,97.16,302.0
166.5,0.7233,0.6906,2,16,0,0,140.14,489.0
221.81,0.735,0.678,2,17,0,0,254.05,493.0
202.82,0.7466,0.6653,2,18,0,0,256.19,552.75
180.82,0.7579,0.6523,2,19,0,0,197.74,421.18
147.09,0.769,0.6392,2,20,0,0,204.27,375.5
125.63,0.7799,0.6259,2,21,0,0,121.27,656.0
137.12,0.7906,0.6124,2,22,0,0,142.42,598.33
82.06,0.801,0.5987,2,23,0,0,100.74,433.71
80.97,0.8112,0.5848,2,24,0,0,101.45,294.0
115.56,0.8211,0.5708,2,25,0,0,131.95,342.93
138.48,0.8308,0.5566,2,26,0,0,183.46,388.62
119.02,0.8402,0.5422,2,27,0,0,171.7,601.25
90.5,0.8495,0.5277,2,28,0,0,131.14,342.25
74.16,0.8584,0.513,3,1,0,0,60.12,336.12
91.36,0.8671,0.4981,3,2,0,0,122.77,494.45
61.71,0.8755,0.4831,3,3,0,0,80.19,223.43
54.64,0.8837,0.468,3,4,0,0,54.04,213.2
56.31,0.8916,0.4527,3,5,0,0,73.75,238.5
67.11,0.8993,0.4373,3,6,0,0,102.74,260.5
85.44,0.9067,0.4218,3,7,0,0,122.07,859.6
112.71,0.9138,0.4061,3,8,0,0,170.69,449.76
55.22,0.9207,0.3904,3,9,0,0,43.35,174.25
90.97,0.9272,0.3745,3,10,0,0,142.38,363.25
92.21,0.9335,0.3585,3,11,0,0,126.75,376.25
96.52,0.9396,0.3424,3,12,0,0,128.32,343.0
106.76,0.9453,0.3261,3,13,0,0,170.57,539.25
101.82,0.9508,0.3098,3,14,0,0,169.29,405.0
99.28,0.956,0.2934,3,15,0,0,144.25,493.0
103.45,0.9609,0.2769,3,16,0,0,169.42,311.0
95.66,0.9655,0.2604,3,17,0,0,126.99,277.0
68.73,0.9698,0.2437,3,18,0,0,68.92,246.33
81.25,0.9739,0.227,3,19,0,0,107.01,194.0
56.77,0.9777,0.2102,3,20,0,0,86.71,484.7
46.16,0.9811,0.1934,3,21,0,0,46.26,421.4
78.51,0.9843,0.1765,3,22,0,0,103.87,263.7
72.64,0.9872,0.1595,3,23,0,0,126.92,389.37
87.5,0.9898,0.1425,3,24,0,0,147.35,331.25
40.65,0.9921,0.1255,3,25,0,0,22.9,265.23
65.61,0.9941,0.1084,3,26,0,0,67.31,296.75
59.22,0.9958,0.0913,3,27,0,0,104.09,897.0
68.09,0.9972,0.0741,3,28,0,0,117.08,303.75
86.06,0.9984,0.057,3,29,0,0,147.88,297.25
71.1,0.9992,0.0398,3,30,0,0,110.89,393.2
30.7,0.9997,0.0226,3,31,0,0,33.22,368.03
45.0,1.0,0.0054,4,1,0,0,50.95,280.2
59.81,0.9999,-0.0118,4,2,0,0,80.84,224.28
72.19,0.9996,-0.029,4,3,0,0,121.82,333.0
45.44,0.9989,-0.0462,4,4,0,0,29.36,231.75
54.84,0.998,-0.0634,4,5,0,0,74.72,301.97
41.83,0.9968,-0.0805,4,6,0,0,38.85,274.75
50.13,0.9952,-0.0977,4,7,0,0,62.82,231.4
70.16,0.9934,-0.1148,4,8,0,0,112.22,310.8
104.17,0.9913,-0.1319,4,9,0,0,193.79,517.0
90.88,0.9889,-0.1489,4,10,0,0,162.06,345.5
125.55,0.9861,-0.1659,4,11,0,0,211.25,484.0
80.5,0.9831,-0.1828,4,12,0,0,109.18,301.75
91.21,0.9799,-0.1997,4,13,0,0,134.67,408.07
101.61,0.9763,-0.2165,4,14,0,0,180.79,637.98
102.14,0.9724,-0.2333,4,15,0,0,168.04,426.0
74.74,0.9683,-0.25,4,16,0,0,116.52,292.25
73.07,0.9638,-0.2666,4,17,0,0,100.08,843.0
77.58,0.9591,-0.2831,4,18,0,0,87.12,341.25
61.25,0.9541,-0.2996,4,19,0,0,60.06,355.0
43.08,0.9488,-0.316,4,20,0,0,46.28,257.25
42.14,0.9432,-0.3322,4,21,0,0,38.9,132.0
42.02,0.9373,-0.3484,4,22,0,0,47.82,285.6
27.04,0.9312,-0.3645,4,23,0,0,22.57,116.15
60.44,0.9248,-0.3804,4,24,0,0,93.49,284.25
57.03,0.9181,-0.3963,4,25,0,0,54.03,232.0
89.57,0.9112,-0.412,4,26,0,0,102.38,227.88
81.27,0.9039,-0.4276,4,27,0,0,126.06,347.77
69.6,0.8965,-0.4431,4,28,0,0,79.05,230.5
74.43,0.8887,-0.4585,4,29,0,0,104.95,512.24
51.31,0.8807,-0.4737,4,30,0,0,52.35,388.1
42.14,0.8724,-0.4888,5,1,0,0,40.18,123.7
40.17,0.8639,-0.5037,5,2,0,0,33.05,142.0
46.47,0.8551,-0.5185,5,3,0,0,61.87,161.0
61.21,0.846,-0.5331,5,4,0,0,69.35,212.75
81.37,0.8367,-0.5476,5,5,0,0,90.75,335.0
104.11,0.8272,-0.5619,5,6,0,0,196.28,426.25
65.47,0.8174,-0.5761,5,7,0,0,75.25,269.5
54.44,0.8074,-0.59,5,8,0,0,80.29,242.4
95.57,0.7971,-0.6038,5,9,0,0,166.97,316.75
91.05,0.7866,-0.6175,5,10,0,0,128.71,319.0
130.6,0.7759,-0.6309,5,11,0,0,209.36,393.0
91.49,0.7649,-0.6442,5,12,0,0,100.45,348.88
99.09,0.7537,-0.6572,5,13,0,0,109.57,485.68
98.57,0.7423,-0.6701,5,14,0,0,136.92,479.27
38.31,0.7306,-0.6828,5,15,0,0,29.97,302.67
136.34,0.7188,-0.6952,5,16,0,0,257.39,858.0
90.2,0.7067,-0.7075,5,17,0,0,128.36,439.2
41.38,0.6945,-0.7195,5,18,0,0,32.39,475.8
66.91,0.682,-0.7314,5,19,0,0,82.41,324.2
69.13,0.6693,-0.743,5,20,0,0,97.72,410.08
81.61,0.6564,-0.7544,5,21,0,0,112.52,418.88
62.36,0.6433,-0.7656,5,22,0,0,47.74,293.65
51.37,0.6301,-0.7765,5,23,0,0,39.71,426.07
30.2,0.6166,-0.7873,5,24,0,0,33.36,224.1
25.89,0.603,-0.7978,5,25,0,0,20.93,134.75
26.17,0.5892,-0.808,5,26,0,0,23.94,150.6
33.7,0.5752,-0.818,5,27,0,0,29.09,523.54
56.8,0.561,-0.8278,5,28,0,0,80.39,233.0
37.1,0.5467,-0.8373,5,29,0,0,30.3,130.5
40.46,0.5322,-0.8466,5,30,0,0,55.96,135.7
33.88,0.5176,-0.8556,5,31,0,0,31.72,143.0
46.64,0.5028,-0.8644,6,1,0,0,58.04,292.76
41.96,0.4878,-0.8729,6,2,0,0,45.19,187.5
53.0,0.4728,-0.8812,6,3,0,0,61.51,386.5
78.77,0.4575,-0.8892,6,4,0,0,80.91,325.5
62.55,0.4422,-0.8969,6,5,0,0,71.0,251.1
67.29,0.4267,-0.9044,6,6,0,0,33.7,572.5
68.05,0.4111,-0.9116,6,7,0,0,92.24,474.55
53.69,0.3953,-0.9185,6,8,0,0,69.34,233.88
43.43,0.3795,-0.9252,6,9,0,0,43.51,173.5
40.9,0.3635,-0.9316,6,10,0,0,41.88,253.85
39.92,0.3474,-0.9377,6,11,0,0,35.37,191.32
51.16,0.3312,-0.9436,6,12,0,0,50.58,183.13
58.07,0.3149,-0.9491,6,13,0,0,62.85,247.82
45.05,0.2986,-0.9544,6,14,0,0,47.56,165.3
36.9,0.2821,-0.9594,6,15,0,0,41.12,210.9
37.95,0.2656,-0.9641,6,16,0,0,48.17,185.82
42.72,0.2489,-0.9685,6,17,0,0,46.56,196.94
30.42,0.2322,-0.9727,6,18,0,0,37.76,95.27
26.76,0.2155,-0.9765,6,19,0,0,19.09,89.0
40.77,0.1986,-0.9801,6,20,0,0,53.19,135.0
37.05,0.1818,-0.9833,6,21,0,0,27.92,126.36
41.72,0.1648,-0.9863,6,22,0,0,35.46,199.0
49.84,0.1478,-0.989,6,23,0,0,32.79,132.8
53.71,0.1308,-0.9914,6,24,0,0,59.12,164.0
26.17,0.1137,-0.9935,6,25,0,0,10.57,213.9
45.76,0.0966,-0.9953,6,26,0,0,58.46,238.0
35.56,0.0795,-0.9968,6,27,0,0,22.2,134.5
33.49,0.0623,-0.9981,6,28,0,0,42.22,122.25
40.76,0.0451,-0.999,6,29,0,0,45.28,206.0
25.96,0.028,-0.9996,6,30,0,0,19.04,324.97
23.8,0.0108,-0.9999,7,1,0,0,26.41,96.0
34.21,-0.0065,-1.0,7,2,0,0,26.01,119.0
53.81,-0.0237,-0.9997,7,3,0,0,37.97,133.0
49.22,-0.0408,-0.9992,7,4,0,0,51.84,135.02
37.45,-0.058,-0.9983,7,5,0,0,41.64,86.0
28.22,-0.0752,-0.9972,7,6,0,0,45.88,88.58
33.63,-0.0923,-0.9957,7,7,0,0,33.24,155.48
27.02,-0.1094,-0.994,7,8,0,0,21.61,192.15
23.16,-0.1265,-0.992,7,9,0,0,29.5,102.5
27.0,-0.1436,-0.9896,7,10,0,0,34.64,127.0
33.59,-0.1606,-0.987,7,11,0,0,36.34,95.5
32.39,-0.1775,-0.9841,7,12,0,0,32.56,101.15
37.11,-0.1944,-0.9809,7,13,0,0,36.05,103.0
36.83,-0.2113,-0.9774,7,14,0,0,37.88,86.6
37.5,-0.2281,-0.9736,7,15,0,0,32.62,135.25
28.46,-0.2448,-0.9696,7,16,0,0,25.38,107.4
45.31,-0.2614,-0.9652,7,17,0,0,30.88,158.0
35.48,-0.278,-0.9606,7,18,0,0,38.27,74.89
32.01,-0.2945,-0.9557,7,19,0,0,28.76,70.43
43.29,-0.3109,-0.9505,7,20,0,0,44.02,244.25
53.1,-0.3272,-0.945,7,21,0,0,60.53,274.0
34.44,-0.3434,-0.9392,7,22,0,0,34.98,124.7
27.59,-0.3595,-0.9332,7,23,0,0,26.55,94.0
30.6,-0.3755,-0.9268,7,24,0,0,33.99,141.0
43.11,-0.3914,-0.9202,7,25,0,0,37.92,123.33
24.52,-0.4071,-0.9134,7,26,0,0,10.76,91.6
39.93,-0.4228,-0.9062,7,27,0,0,45.29,160.75
35.1,-0.4383,-0.8988,7,28,0,0,43.94,172.36
16.8,-0.4537,-0.8912,7,29,0,0,18.34,95.0
23.51,-0.469,-0.8832,7,30,0,0,21.03,138.43
45.49,-0.4841,-0.875,7,31,0,0,57.92,853.8
28.05,-0.4991,-0.8666,8,1,0,0,23.08,105.33
27.37,-0.5139,-0.8578,8,2,0,0,27.07,335.4
31.06,-0.5286,-0.8489,8,3,0,0,25.45,183.33
36.88,-0.5431,-0.8397,8,4,0,0,30.03,250.75
40.65,-0.5575,-0.8302,8,5,0,0,37.91,558.29
30.95,-0.5717,-0.8205,8,6,0,0,26.53,315.18
29.26,-0.5857,-0.8105,8,7,0,0,26.44,98.5
30.8,-0.5996,-0.8003,8,8,0,0,27.08,137.0
36.83,-0.6132,-0.7899,8,9,0,0,29.18,150.12
37.31,-0.6267,-0.7792,8,10,0,0,33.22,129.6
40.24,-0.64,-0.7683,8,11,0,0,35.46,237.7
35.54,-0.6532,-0.7572,8,12,0,0,31.69,172.82
30.13,-0.6661,-0.7459,8,13,0,0,26.24,177.0
36.36,-0.6788,-0.7343,8,14,0,0,35.75,161.0
46.34,-0.6914,-0.7225,8,15,0,0,49.85,262.0
47.54,-0.7037,-0.7105,8,16,0,0,49.9,166.25
41.3,-0.7158,-0.6983,8,17,0,0,39.35,117.0
45.5,-0.7277,-0.6859,8,18,0,0,38.4,223.76
45.16,-0.7394,-0.6733,8,19,0,0,23.41,160.25
38.0,-0.7509,-0.6605,8,20,0,0,45.6,180.0
39.39,-0.7621,-0.6474,8,21,0,0,38.68,118.25
37.83,-0.7731,-0.6342,8,22,0,0,42.07,167.0
24.4,-0.7839,-0.6208,8,23,0,0,25.96,129.0
31.87,-0.7945,-0.6073,8,24,0,0,25.48,625.79
35.18,-0.8048,-0.5935,8,25,0,0,29.15,122.33
45.15,-0.8149,-0.5796,8,26,0,0,39.47,163.97
53.2,-0.8248,-0.5655,8,27,0,0,65.29,151.2
48.16,-0.8344,-0.5512,8,28,0,0,46.22,196.04
44.85,-0.8437,-0.5368,8,29,0,0,31.69,135.5
48.19,-0.8528,-0.5222,8,30,0,0,45.46,289.6
48.55,-0.8617,-0.5074,8,31,0,0,56.61,188.69
41.84,-0.8703,-0.4925,9,1,0,0,47.03,117.0
41.91,-0.8786,-0.4775,9,2,0,0,42.76,425.9
40.67,-0.8867,-0.4623,9,3,0,0,41.45,167.62
39.55,-0.8945,-0.447,9,4,0,0,47.47,201.6
39.25,-0.9021,-0.4315,9,5,0,0,33.24,126.67
31.96,-0.9094,-0.4159,9,6,0,0,31.6,240.07
34.79,-0.9164,-0.4002,9,7,0,0,29.54,120.0
23.47,-0.9232,-0.3844,9,8,0,0,18.74,134.67
13.58,-0.9296,-0.3685,9,9,0,0,11.89,238.75
11.76,-0.9358,-0.3524,9,10,0,0,19.09,276.5
26.75,-0.9418,-0.3363,9,11,0,0,21.54,129.8
37.65,-0.9474,-0.32,9,12,0,0,35.75,132.4
51.37,-0.9528,-0.3037,9,13,0,0,42.36,155.33
57.35,-0.9579,-0.2873,9,14,0,0,57.39,183.8
35.66,-0.9627,-0.2707,9,15,0,0,32.14,119.3
31.21,-0.9672,-0.2541,9,16,0,0,36.63,587.47
25.16,-0.9714,-0.2375,9,17,0,0,25.36,129.0
18.76,-0.9753,-0.2207,9,18,0,0,21.04,147.5
27.1,-0.979,-0.2039,9,19,0,0,25.77,759.58
39.61,-0.9824,-0.187,9,20,0,0,45.44,246.0
40.36,-0.9854,-0.1701,9,21,0,0,40.94,282.0
51.72,-0.9882,-0.1531,9,22,0,0,57.98,134.35
47.3,-0.9907,-0.1361,9,23,0,0,44.72,563.34
60.51,-0.9929,-0.1191,9,24,0,0,87.9,237.75
63.7,-0.9948,-0.102,9,25,0,0,70.64,709.0
69.31,-0.9964,-0.0848,9,26,0,0,82.78,152.0
51.92,-0.9977,-0.0677,9,27,0,0,52.16,442.17
58.6,-0.9987,-0.0505,9,28,0,0,63.85,141.5
69.08,-0.9994,-0.0333,9,29,0,0,76.33,157.9
65.54,-0.9999,-0.0161,9,30,0,0,84.43,275.0
64.31,-1.0,0.0011,10,1,0,0,77.34,153.8
61.74,-0.9998,0.0183,10,2,0,0,71.87,269.05
64.71,-0.9994,0.0355,10,3,0,0,76.32,278.07
72.24,-0.9986,0.0527,10,4,0,0,87.17,179.1
83.87,-0.9976,0.0698,10,5,0,0,80.79,335.83
91.94,-0.9962,0.087,10,6,0,0,95.15,480.25
81.62,-0.9946,0.1041,10,7,0,0,92.96,329.0
65.44,-0.9926,0.1212,10,8,0,0,53.8,451.02
70.25,-0.9904,0.1383,10,9,0,0,49.29,422.12
69.95,-0.9879,0.1553,10,10,0,0,48.84,763.0
84.32,-0.9851,0.1722,10,11,0,0,101.64,250.0
107.82,-0.9819,0.1892,10,12,0,0,156.92,527.25
130.11,-0.9785,0.206,10,13,0,0,184.16,805.25
110.14,-0.9749,0.2228,10,14,0,0,146.24,452.2
89.09,-0.9709,0.2396,10,15,1,0,113.73,439.25
65.05,-0.9666,0.2562,10,16,1,0,98.0,189.5
42.19,-0.9621,0.2728,10,17,1,0,28.41,171.0
52.36,-0.9572,0.2893,10,18,1,0,63.07,180.0
55.38,-0.9521,0.3057,10,19,1,0,60.28,166.5
98.18,-0.9467,0.3221,10,20,1,1,145.11,425.42
139.65,-0.941,0.3383,10,21,1,1,189.46,458.48
153.79,-0.9351,0.3545,10,22,1,1,194.82,410.0
129.89,-0.9288,0.3705,10,23,1,1,228.84,407.75
101.39,-0.9223,0.3864,10,24,1,1,127.4,323.5
123.36,-0.9155,0.4022,10,25,1,1,152.14,404.0
117.31,-0.9085,0.4179,10,26,1,1,144.12,613.0
136.62,-0.9012,0.4335,10,27,1,1,153.67,534.5
162.96,-0.8936,0.4489,10,28,1,1,200.82,563.0
174.32,-0.8857,0.4642,10,29,1,1,219.06,400.0
184.86,-0.8776,0.4794,10,30,1,1,223.49,476.0
205.19,-0.8692,0.4944,10,31,1,1,231.99,443.5
185.71,-0.8606,0.5093,11,1,1,1,221.1,443.75
312.49,-0.8517,0.524,11,2,1,1,270.19,652.5
310.48,-0.8426,0.5386,11,3,1,1,428.5,646.75
334.72,-0.8332,0.553,11,4,1,1,328.77,637.25
333.91,-0.8235,0.5672,11,5,1,1,392.4,771.0
262.43,-0.8137,0.5813,11,6,1,1,335.16,621.75
266.06,-0.8035,0.5952,11,7,1,1,271.85,554.25
282.3,-0.7932,0.609,11,8,1,1,341.5,669.0
328.8,-0.7826,0.6225,11,9,1,1,368.02,608.0
123.09,-0.7718,0.6359,11,10,1,1,42.35,639.5
92.82,-0.7607,0.6491,11,11,1,1,89.57,245.17
136.56,-0.7494,0.6621,11,12,1,1,117.27,973.0
309.44,-0.7379,0.6749,11,13,1,1,337.28,997.0
233.61,-0.7262,0.6875,11,14,1,1,252.5,633.05
257.18,-0.7143,0.6998,11,15,1,1,349.19,527.75
325.3,-0.7021,0.712,11,16,1,1,364.68,632.75
235.51,-0.6898,0.724,11,17,1,1,335.7,633.0
158.45,-0.6772,0.7358,11,18,1,1,178.05,381.0
160.41,-0.6645,0.7473,11,19,1,1,171.08,544.0
201.14,-0.6515,0.7586,11,20,1,1,251.19,636.81
235.7,-0.6384,0.7697,11,21,1,0,257.44,404.0
239.69,-0.625,0.7806,11,22,1,0,276.53,514.0
247.62,-0.6115,0.7912,11,23,1,0,267.48,635.93
303.74,-0.5978,0.8016,11,24,1,0,346.38,910.5
254.87,-0.584,0.8118,11,25,1,0,305.8,508.25
270.39,-0.5699,0.8217,11,26,1,0,315.22,717.5
228.52,-0.5557,0.8314,11,27,1,0,267.01,471.5
136.84,-0.5413,0.8408,11,28,1,0,182.42,350.0
188.94,-0.5268,0.85,11,29,1,0,180.79,549.0
254.65,-0.5121,0.859,11,30,1,0,296.44,555.0
223.03,-0.4972,0.8676,12,1,1,0,224.22,552.0
161.3,-0.4822,0.8761,12,2,1,0,176.49,382.25
154.52,-0.4671,0.8842,12,3,1,0,184.0,542.0
154.1,-0.4518,0.8921,12,4,1,0,182.68,612.28
139.18,-0.4364,0.8998,12,5,1,0,173.96,394.75
139.58,-0.4208,0.9071,12,6,1,0,161.97,389.0
174.82,-0.4052,0.9142,12,7,1,0,197.11,578.0
161.49,-0.3894,0.9211,12,8,1,0,156.9,475.0
163.31,-0.3735,0.9276,12,9,1,0,175.44,427.5
156.68,-0.3575,0.9339,12,10,1,0,160.56,463.0
168.19,-0.3413,0.9399,12,11,1,0,182.37,561.0
227.63,-0.3251,0.9457,12,12,1,0,294.87,665.51
231.66,-0.3088,0.9511,12,13,1,0,294.47,719.0
169.19,-0.2924,0.9563,12,14,1,0,191.95,493.0
186.46,-0.2759,0.9612,12,15,1,0,220.69,482.0
219.33,-0.2593,0.9658,12,16,1,0,280.89,541.91
201.73,-0.2427,0.9701,12,17,1,0,245.12,608.0
154.57,-0.226,0.9741,12,18,1,0,174.45,365.5
131.33,-0.2092,0.9779,12,19,1,0,149.75,420.75
153.31,-0.1923,0.9813,12,20,1,0,140.51,486.06
231.12,-0.1754,0.9845,12,21,1,0,244.39,542.82
309.16,-0.1585,0.9874,12,22,1,0,272.04,634.0
316.03,-0.1414,0.9899,12,23,1,0,372.88,889.5
285.82,-0.1244,0.9922,12,24,1,0,359.89,656.25
216.32,-0.1073,0.9942,12,25,1,0,210.69,579.33
232.53,-0.0902,0.9959,12,26,1,0,227.58,572.75
261.75,-0.073,0.9973,12,27,1,0,187.44,613.75
188.87,-0.0559,0.9984,12,28,1,0,138.42,437.5
253.49,-0.0387,0.9993,12,29,1,0,197.63,560.75
248.19,-0.0215,0.9998,12,30,1,0,214.17,401.0
215.66,-0.0043,1.0,12,31,1,0,191.45,356.0
176.71,0.0172,0.9999,1,1,1,0,154.68,355.0
180.65,0.0344,0.9994,1,2,1,0,168.0,478.5
191.73,0.0516,0.9987,1,3,1,0,129.29,716.0
215.34,0.0688,0.9976,1,4,1,0,189.23,465.75
158.89,0.0859,0.9963,1,5,1,0,117.06,353.25
170.61,0.103,0.9947,1,6,1,0,129.12,473.67
167.25,0.1201,0.9928,1,7,1,0,134.64,473.25
227.1,0.1372,0.9905,1,8,1,0,166.1,737.75
131.42,0.1542,0.988,1,9,1,0,143.72,288.12
154.84,0.1712,0.9852,1,10,1,0,107.78,457.17
188.87,0.1881,0.9821,1,11,1,0,157.43,515.5
181.96,0.205,0.9788,1,12,1,0,127.27,881.0
353.96,0.2218,0.9751,1,13,1,0,224.6,958.0
322.05,0.2385,0.9711,1,14,1,0,237.24,919.0
185.48,0.2552,0.9669,1,15,1,0,135.55,704.75
241.48,0.2718,0.9624,1,16,1,0,211.13,522.5
204.75,0.2883,0.9575,1,17,1,0,183.05,478.75
171.02,0.3047,0.9524,1,18,1,0,102.78,445.0
180.88,0.3211,0.9471,1,19,1,0,144.48,352.0
185.5,0.3373,0.9414,1,20,1,0,138.15,534.0
170.0,0.3534,0.9355,1,21,1,0,135.9,377.75
206.04,0.3695,0.9292,1,22,1,0,144.34,701.0
219.24,0.3854,0.9227,1,23,1,0,142.07,487.0
246.43,0.4012,0.916,1,24,1,0,216.23,531.75
194.53,0.4169,0.9089,1,25,1,0,103.21,655.75
289.48,0.4325,0.9016,1,26,1,0,260.3,917.0
181.24,0.4479,0.8941,1,27,1,0,191.55,583.75
252.72,0.4633,0.8862,1,28,1,0,244.89,693.85
202.95,0.4784,0.8781,1,29,1,0,155.93,541.75
213.54,0.4935,0.8698,1,30,1,0,130.5,529.25
223.33,0.5084,0.8611,1,31,1,0,196.58,517.0
65.75,0.5231,0.8523,2,1,0,0,39.6,201.5
102.63,0.5377,0.8432,2,2,0,0,75.95,242.25
98.88,0.5521,0.8338,2,3,0,0,86.22,505.67
122.9,0.5664,0.8242,2,4,0,0,107.12,379.5
74.81,0.5805,0.8143,2,5,0,0,82.84,184.25
66.58,0.5944,0.8042,2,6,0,0,63.62,361.75
76.73,0.6081,0.7938,2,7,0,0,85.12,255.0
68.77,0.6217,0.7833,2,8,0,0,72.95,154.25
79.73,0.6351,0.7725,2,9,0,0,71.07,558.5
176.74,0.6483,0.7614,2,10,0,0,203.85,389.5
155.21,0.6613,0.7502,2,11,0,0,183.53,441.15
156.73,0.6741,0.7387,2,12,0,0,157.1,623.22
203.35,0.6867,0.727,2,13,0,0,210.56,458.74
167.1,0.6991,0.715,2,14,0,0,188.5,370.0
127.23,0.7113,0.7029,2,15,0,0,146.4,330.25
119.97,0.7233,0.6906,2,16,0,0,154.31,300.5
119.98,0.735,0.678,2,17,0,0,144.88,646.0
131.33,0.7466,0.6653,2,18,0,0,173.24,354.5
89.77,0.7579,0.6523,2,19,0,0,94.2,177.0
120.38,0.769,0.6392,2,20,0,0,118.12,384.67
89.5,0.7799,0.6259,2,21,0,0,92.84,263.0
61.85,0.7906,0.6124,2,22,0,0,89.15,268.68
61.04,0.801,0.5987,2,23,0,0,90.79,217.0
87.64,0.8112,0.5848,2,24,0,0,115.14,300.0
81.27,0.8211,0.5708,2,25,0,0,119.8,288.75
78.98,0.8308,0.5566,2,26,0,0,86.04,306.0
62.45,0.8402,0.5422,2,27,0,0,58.12,304.5
62.5,0.8495,0.5277,2,28,0,0,78.98,150.0
67.57,0.8584,0.513,2,29,0,0,85.39,255.67
91.52,0.8671,0.4981,3,1,0,0,134.08,369.75
33.53,0.8755,0.4831,3,2,0,0,30.69,331.1
48.58,0.8837,0.468,3,3,0,0,49.28,117.9
49.29,0.8916,0.4527,3,4,0,0,71.84,205.88
51.0,0.8993,0.4373,3,5,0,0,69.14,175.0
64.49,0.9067,0.4218,3,6,0,0,79.17,183.0
80.81,0.9138,0.4061,3,7,0,0,121.31,337.5
66.34,0.9207,0.3904,3,8,0,0,104.42,274.0
63.06,0.9272,0.3745,3,9,0,0,93.09,285.0
86.75,0.9335,0.3585,3,10,0,0,138.24,316.0
88.46,0.9396,0.3424,3,11,0,0,131.6,283.0
86.46,0.9453,0.3261,3,12,0,0,148.93,356.25
78.88,0.9508,0.3098,3,13,0,0,127.07,374.75
87.64,0.956,0.2934,3,14,0,0,146.29,340.25
47.12,0.9609,0.2769,3,15,0,0,61.55,523.84
77.67,0.9655,0.2604,3,16,0,0,97.76,272.5
91.12,0.9698,0.2437,3,17,0,0,140.8,319.25
93.32,0.9739,0.227,3,18,0,0,157.23,291.25
108.69,0.9777,0.2102,3,19,0,0,175.32,376.25
108.6,0.9811,0.1934,3,20,0,0,172.42,421.5
77.68,0.9843,0.1765,3,21,0,0,59.9,330.25
82.59,0.9872,0.1595,3,22,0,0,79.74,827.0
96.68,0.9898,0.1425,3,23,0,0,130.32,452.25
86.06,0.9921,0.1255,3,24,0,0,153.42,546.43
95.96,0.9941,0.1084,3,25,0,0,123.37,766.1
64.8,0.9958,0.0913,3,26,0,0,93.9,230.75
71.34,0.9972,0.0741,3,27,0,0,105.85,633.7
68.5,0.9984,0.057,3,28,0,0,91.49,426.88
85.28,0.9992,0.0398,3,29,0,0,117.0,568.35
86.72,0.9997,0.0226,3,30,0,0,102.6,518.72
94.3,1.0,0.0054,3,31,0,0,161.78,409.5
53.67,0.9999,-0.0118,4,1,0,0,88.33,567.9
64.78,0.9996,-0.029,4,2,0,0,118.59,542.43
75.55,0.9989,-0.0462,4,3,0,0,95.29,258.08
64.74,0.998,-0.0634,4,4,0,0,66.14,347.84
63.67,0.9968,-0.0805,4,5,0,0,84.65,237.42
69.6,0.9952,-0.0977,4,6,0,0,110.57,272.0
84.93,0.9934,-0.1148,4,7,0,0,177.41,398.0
88.75,0.9913,-0.1319,4,8,0,0,163.73,446.92
85.74,0.9889,-0.1489,4,9,0,0,124.7,331.43
98.3,0.9861,-0.1659,4,10,0,0,141.13,408.4
88.87,0.9831,-0.1828,4,11,0,0,143.02,483.95
105.11,0.9799,-0.1997,4,12,0,0,166.63,368.48
66.97,0.9763,-0.2165,4,13,0,0,76.5,438.28
64.63,0.9724,-0.2333,4,14,0,0,78.3,294.48
105.5,0.9683,-0.25,4,15,0,0,152.52,465.69
86.72,0.9638,-0.2666,4,16,0,0,153.98,448.0
43.9,0.9591,-0.2831,4,17,0,0,66.24,288.8
56.12,0.9541,-0.2996,4,18,0,0,92.33,375.4
63.15,0.9488,-0.316,4,19,0,0,82.74,302.02
65.01,0.9432,-0.3322,4,20,0,0,90.71,356.66
47.47,0.9373,-0.3484,4,21,0,0,64.36,311.12
40.97,0.9312,-0.3645,4,22,0,0,27.3,309.25
71.66,0.9248,-0.3804,4,23,0,0,92.4,332.25
70.77,0.9181,-0.3963,4,24,0,0,126.53,405.0
83.96,0.9112,-0.412,4,25,0,0,174.96,518.25
66.73,0.9039,-0.4276,4,26,0,0,92.69,260.0
57.75,0.8965,-0.4431,4,27,0,0,66.83,278.97
58.7,0.8887,-0.4585,4,28,0,0,67.53,340.22
80.76,0.8807,-0.4737,4,29,0,0,131.67,234.5
63.92,0.8724,-0.4888,4,30,0,0,91.66,325.5
65.65,0.8639,-0.5037,5,1,0,0,62.86,392.75
83.75,0.8551,-0.5185,5,2,0,0,120.49,362.0
134.28,0.846,-0.5331,5,3,0,0,202.24,468.98
142.52,0.8367,-0.5476,5,4,0,0,227.39,440.95
142.22,0.8272,-0.5619,5,5,0,0,264.3,575.75
114.38,0.8174,-0.5761,5,6,0,0,178.61,544.28
153.68,0.8074,-0.59,5,7,0,0,242.45,501.0
75.7,0.7971,-0.6038,5,8,0,0,65.79,381.71
57.38,0.7866,-0.6175,5,9,0,0,42.19,190.7
79.65,0.7759,-0.6309,5,10,0,0,69.38,942.14
72.03,0.7649,-0.6442,5,11,0,0,87.8,937.56
85.34,0.7537,-0.6572,5,12,0,0,93.66,416.0
96.45,0.7423,-0.6701,5,13,0,0,108.86,447.62
110.77,0.7306,-0.6828,5,14,0,0,184.72,942.06
125.21,0.7188,-0.6952,5,15,0,0,191.41,497.88
105.87,0.7067,-0.7075,5,16,0,0,103.27,336.32
91.4,0.6945,-0.7195,5,17,0,0,97.71,455.2
110.13,0.682,-0.7314,5,18,0,0,142.61,461.08
97.3,0.6693,-0.743,5,19,0,0,165.85,331.0
86.89,0.6564,-0.7544,5,20,0,0,133.35,942.44
82.25,0.6433,-0.7656,5,21,0,0,80.16,345.62
71.31,0.6301,-0.7765,5,22,0,0,73.7,199.0
54.6,0.6166,-0.7873,5,23,0,0,50.08,534.0
55.08,0.603,-0.7978,5,24,0,0,51.51,687.33
69.06,0.5892,-0.808,5,25,0,0,78.33,484.22
77.83,0.5752,-0.818,5,26,0,0,122.22,724.05
94.46,0.561,-0.8278,5,27,0,0,115.4,806.88
95.19,0.5467,-0.8373,5,28,0,0,109.84,503.78
72.41,0.5322,-0.8466,5,29,0,0,69.93,232.07
67.0,0.5176,-0.8556,5,30,0,0,75.42,530.0
71.57,0.5028,-0.8644,5,31,0,0,82.35,720.85
75.06,0.4878,-0.8729,6,1,0,0,88.07,484.68
47.07,0.4728,-0.8812,6,2,0,0,52.75,353.9
58.78,0.4575,-0.8892,6,3,0,0,55.73,830.8
77.2,0.4422,-0.8969,6,4,0,0,65.62,651.9
75.46,0.4267,-0.9044,6,5,0,0,61.75,960.04
56.97,0.4111,-0.9116,6,6,0,0,54.09,960.04
64.59,0.3953,-0.9185,6,7,0,0,88.6,826.68
62.7,0.3795,-0.9252,6,8,0,0,70.07,517.0
55.34,0.3635,-0.9316,6,9,0,0,76.61,783.42
54.09,0.3474,-0.9377,6,10,0,0,50.08,545.1
87.56,0.3312,-0.9436,6,11,0,0,145.0,958.38
69.53,0.3149,-0.9491,6,12,0,0,79.64,604.6
54.47,0.2986,-0.9544,6,13,0,0,40.91,555.92
47.73,0.2821,-0.9594,6,14,0,0,45.94,957.3
46.51,0.2656,-0.9641,6,15,0,0,40.34,366.6
57.05,0.2489,-0.9685,6,16,0,0,71.94,435.58
54.85,0.2322,-0.9727,6,17,0,0,63.44,257.74
72.03,0.2155,-0.9765,6,18,0,0,65.02,275.75
66.38,0.1986,-0.9801,6,19,0,0,46.3,505.3
45.45,0.1818,-0.9833,6,20,0,0,39.76,250.05
64.15,0.1648,-0.9863,6,21,0,0,65.06,222.48
90.97,0.1478,-0.989,6,22,0,0,143.47,530.9
62.9,0.1308,-0.9914,6,23,0,0,73.78,290.55
59.25,0.1137,-0.9935,6,24,0,0,73.91,214.62
67.44,0.0966,-0.9953,6,25,0,0,72.47,540.02
51.45,0.0795,-0.9968,6,26,0,0,72.43,247.49
30.98,0.0623,-0.9981,6,27,0,0,36.68,895.74
37.15,0.0451,-0.999,6,28,0,0,13.21,551.28
46.95,0.028,-0.9996,6,29,0,0,66.67,296.73
60.22,0.0108,-0.9999,6,30,0,0,62.81,210.0
35.88,-0.0065,-1.0,7,1,0,0,25.08,116.0
42.69,-0.0237,-0.9997,7,2,0,0,56.37,223.0
35.51,-0.0408,-0.9992,7,3,0,0,43.66,212.0
28.18,-0.058,-0.9983,7,4,0,0,24.9,942.06
28.51,-0.0752,-0.9972,7,5,0,0,41.37,111.0
23.94,-0.0923,-0.9957,7,6,0,0,28.39,74.0
11.97,-0.1094,-0.994,7,7,0,0,9.79,73.0
21.51,-0.1265,-0.992,7,8,0,0,22.95,102.0
45.17,-0.1436,-0.9896,7,9,0,0,45.34,957.7
61.77,-0.1606,-0.987,7,10,0,0,76.81,949.68
52.49,-0.1775,-0.9841,7,11,0,0,60.01,274.4
27.52,-0.1944,-0.9809,7,12,0,0,18.67,110.73
38.3,-0.2113,-0.9774,7,13,0,0,31.73,201.77
49.25,-0.2281,-0.9736,7,14,0,0,56.36,234.0
46.03,-0.2448,-0.9696,7,15,0,0,55.25,332.97
43.63,-0.2614,-0.9652,7,16,0,0,49.58,151.0
36.11,-0.278,-0.9606,7,17,0,0,32.5,206.0
43.18,-0.2945,-0.9557,7,18,0,0,49.19,185.0
65.17,-0.3109,-0.9505,7,19,0,0,68.39,176.0
49.09,-0.3272,-0.945,7,20,0,0,41.51,399.82
41.75,-0.3434,-0.9392,7,21,0,0,35.8,190.0
34.71,-0.3595,-0.9332,7,22,0,0,41.74,205.1
43.21,-0.3755,-0.9268,7,23,0,0,40.94,223.0
47.22,-0.3914,-0.9202,7,24,0,0,22.37,202.34
38.5,-0.4071,-0.9134,7,25,0,0,30.7,197.0
48.84,-0.4228,-0.9062,7,26,0,0,25.79,774.31
44.1,-0.4383,-0.8988,7,27,0,0,43.08,262.5
29.58,-0.4537,-0.8912,7,28,0,0,47.7,187.13
32.49,-0.469,-0.8832,7,29,0,0,29.25,213.83
40.78,-0.4841,-0.875,7,30,0,0,38.51,129.0
33.63,-0.4991,-0.8666,7,31,0,0,39.57,521.6
19.11,-0.5139,-0.8578,8,1,0,0,11.78,765.9
32.99,-0.5286,-0.8489,8,2,0,0,38.25,200.32
22.8,-0.5431,-0.8397,8,3,0,0,22.33,89.0
18.44,-0.5575,-0.8302,8,4,0,0,17.45,127.0
20.91,-0.5717,-0.8205,8,5,0,0,23.68,60.62
21.03,-0.5857,-0.8105,8,6,0,0,18.45,814.46
18.1,-0.5996,-0.8003,8,7,0,0,14.61,119.6
21.46,-0.6132,-0.7899,8,8,0,0,22.07,299.02
26.0,-0.6267,-0.7792,8,9,0,0,30.82,315.69
33.01,-0.64,-0.7683,8,10,0,0,37.3,127.0
27.23,-0.6532,-0.7572,8,11,0,0,31.07,135.42
28.42,-0.6661,-0.7459,8,12,0,0,28.91,137.84
24.7,-0.6788,-0.7343,8,13,0,0,21.54,906.46
35.64,-0.6914,-0.7225,8,14,0,0,46.9,175.0
27.01,-0.7037,-0.7105,8,15,0,0,27.51,105.0
21.76,-0.7158,-0.6983,8,16,0,0,33.58,93.0
30.57,-0.7277,-0.6859,8,17,0,0,28.92,164.99
30.02,-0.7394,-0.6733,8,18,0,0,28.36,120.15
28.04,-0.7509,-0.6605,8,19,0,0,30.16,120.68
22.69,-0.7621,-0.6474,8,20,0,0,14.25,85.0
29.39,-0.7731,-0.6342,8,21,0,0,25.67,104.0
28.88,-0.7839,-0.6208,8,22,0,0,23.59,256.58
27.7,-0.7945,-0.6073,8,23,0,0,27.96,123.0
48.1,-0.8048,-0.5935,8,24,0,0,66.55,166.0
26.58,-0.8149,-0.5796,8,25,0,0,24.75,165.54
28.36,-0.8248,-0.5655,8,26,0,0,29.9,183.48
20.53,-0.8344,-0.5512,8,27,0,0,22.85,105.96
22.52,-0.8437,-0.5368,8,28,0,0,17.79,83.42
26.93,-0.8528,-0.5222,8,29,0,0,15.53,210.0
47.51,-0.8617,-0.5074,8,30,0,0,60.65,315.0
38.74,-0.8703,-0.4925,8,31,0,0,40.85,186.02
40.45,-0.8786,-0.4775,9,1,0,0,39.96,136.12
32.7,-0.8867,-0.4623,9,2,0,0,34.62,202.36
33.86,-0.8945,-0.447,9,3,0,0,35.89,174.38
23.5,-0.9021,-0.4315,9,4,0,0,25.29,85.0
40.35,-0.9094,-0.4159,9,5,0,0,28.36,512.55
29.93,-0.9164,-0.4002,9,6,0,0,37.68,111.0
28.02,-0.9232,-0.3844,9,7,0,0,34.8,100.0
50.87,-0.9296,-0.3685,9,8,0,0,55.1,141.0
49.05,-0.9358,-0.3524,9,9,0,0,54.34,155.0
42.02,-0.9418,-0.3363,9,10,0,0,48.53,425.68
34.43,-0.9474,-0.32,9,11,0,0,40.96,156.0
16.94,-0.9528,-0.3037,9,12,0,0,11.26,218.7
18.27,-0.9579,-0.2873,9,13,0,0,11.48,80.02
29.35,-0.9627,-0.2707,9,14,0,0,23.69,143.0
41.16,-0.9672,-0.2541,9,15,0,0,33.19,210.75
50.98,-0.9714,-0.2375,9,16,0,0,44.48,256.77
57.66,-0.9753,-0.2207,9,17,0,0,55.58,262.0
36.81,-0.979,-0.2039,9,18,0,0,57.93,175.0
33.65,-0.9824,-0.187,9,19,0,0,22.22,526.78
33.73,-0.9854,-0.1701,9,20,0,0,33.23,251.0
46.57,-0.9882,-0.1531,9,21,0,0,42.56,450.0
73.74,-0.9907,-0.1361,9,22,0,0,83.29,402.0
81.05,-0.9929,-0.1191,9,23,0,0,81.48,693.05
96.32,-0.9948,-0.102,9,24,0,0,92.12,388.0
84.05,-0.9964,-0.0848,9,25,0,0,113.08,405.0
28.35,-0.9977,-0.0677,9,26,0,0,29.5,136.0
17.48,-0.9987,-0.0505,9,27,0,0,15.85,457.93
21.54,-0.9994,-0.0333,9,28,0,0,14.36,279.0
31.56,-0.9999,-0.0161,9,29,0,0,34.07,488.7
63.4,-1.0,0.0011,9,30,0,0,74.46,186.0
50.61,-1.0,0.0011,10,1,0,0,68.41,177.0
54.83,-0.9998,0.0183,10,2,0,0,55.51,178.5
37.36,-0.9994,0.0355,10,3,0,0,49.38,114.33
31.82,-0.9986,0.0527,10,4,0,0,36.44,482.25
40.86,-0.9976,0.0698,10,5,0,0,32.54,129.73
51.69,-0.9962,0.087,10,6,0,0,62.61,703.3
64.6,-0.9946,0.1041,10,7,0,0,64.7,287.25
71.38,-0.9926,0.1212,10,8,0,0,81.18,261.75
67.06,-0.9904,0.1383,10,9,0,0,72.61,196.82
64.56,-0.9879,0.1553,10,10,0,0,73.76,191.25
65.95,-0.9851,0.1722,10,11,0,0,77.68,410.33
70.25,-0.9819,0.1892,10,12,0,0,97.36,458.45
77.42,-0.9785,0.206,10,13,0,0,89.43,166.0
75.29,-0.9749,0.2228,10,14,0,0,88.05,215.48
91.62,-0.9709,0.2396,10,15,1,0,99.28,230.0
160.6,-0.9666,0.2562,10,16,1,0,172.85,361.5
113.29,-0.9621,0.2728,10,17,1,0,165.29,654.75
16.65,-0.9572,0.2893,10,18,1,0,9.86,205.1
52.53,-0.9521,0.3057,10,19,1,0,30.74,186.91
100.85,-0.9467,0.3221,10,20,1,1,96.99,499.75
72.64,-0.941,0.3383,10,21,1,1,65.57,366.97
56.72,-0.9351,0.3545,10,22,1,1,47.4,298.0
62.65,-0.9288,0.3705,10,23,1,1,87.92,226.8
65.97,-0.9223,0.3864,10,24,1,1,88.51,297.68
42.21,-0.9155,0.4022,10,25,1,1,38.28,158.2
69.24,-0.9085,0.4179,10,26,1,1,73.6,325.66
109.05,-0.9012,0.4335,10,27,1,1,132.76,962.47
124.19,-0.8936,0.4489,10,28,1,1,149.44,466.25
130.53,-0.8857,0.4642,10,29,1,1,166.58,432.43
112.9,-0.8776,0.4794,10,30,1,1,148.67,269.0
134.45,-0.8692,0.4944,10,31,1,1,158.28,680.02
139.16,-0.8606,0.5093,11,1,1,1,150.74,417.56
134.71,-0.8517,0.524,11,2,1,1,158.39,401.0
162.74,-0.8426,0.5386,11,3,1,1,158.28,704.5
316.9,-0.8332,0.553,11,4,1,1,267.75,995.0
416.77,-0.8235,0.5672,11,5,1,1,519.22,997.63
319.47,-0.8137,0.5813,11,6,1,1,332.39,765.0
262.63,-0.8035,0.5952,11,7,1,1,321.22,593.5
253.53,-0.7932,0.609,11,8,1,1,332.58,650.67
265.25,-0.7826,0.6225,11,9,1,1,323.17,751.35
233.41,-0.7718,0.6359,11,10,1,1,205.8,975.1
306.53,-0.7607,0.6491,11,11,1,1,285.69,997.6
384.56,-0.7494,0.6621,11,12,1,1,440.73,699.75
263.07,-0.7379,0.6749,11,13,1,1,360.29,663.0
183.04,-0.7262,0.6875,11,14,1,1,182.18,559.29
208.8,-0.7143,0.6998,11,15,1,1,195.1,652.86
252.06,-0.7021,0.712,11,16,1,1,314.24,573.9
213.03,-0.6898,0.724,11,17,1,1,249.61,545.68
213.94,-0.6772,0.7358,11,18,1,1,273.22,646.09
230.41,-0.6645,0.7473,11,19,1,1,286.23,473.25
222.03,-0.6515,0.7586,11,20,1,1,248.07,543.81
187.73,-0.6384,0.7697,11,21,1,0,249.24,521.07
139.41,-0.625,0.7806,11,22,1,0,164.24,300.25
152.83,-0.6115,0.7912,11,23,1,0,146.69,558.85
232.67,-0.5978,0.8016,11,24,1,0,238.73,630.92
258.26,-0.584,0.8118,11,25,1,0,281.81,647.5
272.51,-0.5699,0.8217,11,26,1,0,342.73,920.5
252.82,-0.5557,0.8314,11,27,1,0,277.26,564.9
268.55,-0.5413,0.8408,11,28,1,0,303.6,571.25
214.44,-0.5268,0.85,11,29,1,0,280.48,591.75
174.95,-0.5121,0.859,11,30,1,0,178.7,418.7
251.75,-0.4972,0.8676,12,1,1,0,224.22,628.25
262.35,-0.4822,0.8761,12,2,1,0,303.28,728.75
203.28,-0.4671,0.8842,12,3,1,0,200.73,689.0
171.39,-0.4518,0.8921,12,4,1,0,225.64,515.5
182.26,-0.4364,0.8998,12,5,1,0,212.15,633.25
143.38,-0.4208,0.9071,12,6,1,0,158.74,633.9
109.64,-0.4052,0.9142,12,7,1,0,123.65,298.75
115.53,-0.3894,0.9211,12,8,1,0,127.39,389.45
158.44,-0.3735,0.9276,12,9,1,0,158.08,686.75
150.32,-0.3575,0.9339,12,10,1,0,162.28,433.25
122.17,-0.3413,0.9399,12,11,1,0,130.1,659.0
143.5,-0.3251,0.9457,12,12,1,0,134.15,629.5
208.48,-0.3088,0.9511,12,13,1,0,262.92,938.0
226.41,-0.2924,0.9563,12,14,1,0,276.31,658.75
189.78,-0.2759,0.9612,12,15,1,0,199.17,524.0
219.25,-0.2593,0.9658,12,16,1,0,233.31,550.25
151.99,-0.2427,0.9701,12,17,1,0,187.97,383.0
139.07,-0.226,0.9741,12,18,1,0,141.5,418.8
145.13,-0.2092,0.9779,12,19,1,0,122.5,489.5
196.18,-0.1923,0.9813,12,20,1,0,164.86,985.0
296.12,-0.1754,0.9845,12,21,1,0,370.11,985.0
304.49,-0.1585,0.9874,12,22,1,0,357.49,918.5
352.64,-0.1414,0.9899,12,23,1,0,422.22,840.0
290.86,-0.1244,0.9922,12,24,1,0,319.31,879.5
365.24,-0.1073,0.9942,12,25,1,0,386.2,973.0
367.61,-0.0902,0.9959,12,26,1,0,427.16,835.5
119.32,-0.073,0.9973,12,27,1,0,105.9,707.25
149.27,-0.0559,0.9984,12,28,1,0,152.45,465.0
138.01,-0.0387,0.9993,12,29,1,0,156.99,751.75
164.4,-0.0215,0.9998,12,30,1,0,186.85,931.8
188.11,-0.0043,1.0,12,31,1,0,204.05,934.1
238.69,0.0172,0.9999,1,1,1,0,202.42,773.5
265.11,0.0344,0.9994,1,2,1,0,270.07,818.75
246.69,0.0516,0.9987,1,3,1,0,235.29,856.0
220.81,0.0688,0.9976,1,4,1,0,252.29,698.75
265.96,0.0859,0.9963,1,5,1,0,349.82,682.2
109.5,0.103,0.9947,1,6,1,0,153.98,291.12
70.24,0.1201,0.9928,1,7,1,0,82.85,174.0
46.6,0.1372,0.9905,1,8,1,0,48.84,597.2
44.1,0.1542,0.988,1,9,1,0,26.94,195.67
90.21,0.1712,0.9852,1,10,1,0,81.79,309.67
93.39,0.1881,0.9821,1,11,1,0,95.03,458.75
111.43,0.205,0.9788,1,12,1,0,78.9,493.4
205.32,0.2218,0.9751,1,13,1,0,160.48,813.75
187.32,0.2385,0.9711,1,14,1,0,129.87,479.33
118.68,0.2552,0.9669,1,15,1,0,68.27,375.67
137.41,0.2718,0.9624,1,16,1,0,95.92,415.0
174.77,0.2883,0.9575,1,17,1,0,126.57,505.33
178.79,0.3047,0.9524,1,18,1,0,201.62,444.0
186.01,0.3211,0.9471,1,19,1,0,155.28,600.1
238.21,0.3373,0.9414,1,20,1,0,193.92,451.7
197.22,0.3534,0.9355,1,21,1,0,153.95,560.75
130.02,0.3695,0.9292,1,22,1,0,117.19,903.7
109.91,0.3854,0.9227,1,23,1,0,71.84,534.0
112.47,0.4012,0.916,1,24,1,0,65.48,570.0
119.76,0.4169,0.9089,1,25,1,0,70.15,547.0
126.34,0.4325,0.9016,1,26,1,0,94.48,646.5
118.13,0.4479,0.8941,1,27,1,0,105.53,538.1
103.89,0.4633,0.8862,1,28,1,0,98.14,841.5
124.1,0.4784,0.8781,1,29,1,0,115.06,895.9
143.1,0.4935,0.8698,1,30,1,0,148.19,953.6
215.21,0.5084,0.8611,1,31,1,0,207.11,871.6
202.33,0.5231,0.8523,2,1,0,0,203.1,833.8
161.68,0.5377,0.8432,2,2,0,0,148.87,730.45
142.22,0.5521,0.8338,2,3,0,0,166.98,558.3
64.38,0.5664,0.8242,2,4,0,0,48.62,813.1
129.48,0.5805,0.8143,2,5,0,0,86.26,694.75
162.97,0.5944,0.8042,2,6,0,0,199.03,732.25
123.8,0.6081,0.7938,2,7,0,0,133.18,850.0
146.36,0.6217,0.7833,2,8,0,0,164.75,554.05
95.7,0.6351,0.7725,2,9,0,0,58.05,756.35
82.18,0.6483,0.7614,2,10,0,0,74.62,614.8
88.88,0.6613,0.7502,2,11,0,0,104.79,658.4
93.96,0.6741,0.7387,2,12,0,0,101.03,819.8
125.88,0.6867,0.727,2,13,0,0,164.91,572.25
116.5,0.6991,0.715,2,14,0,0,152.48,685.73
105.06,0.7113,0.7029,2,15,0,0,142.07,680.8
139.55,0.7233,0.6906,2,16,0,0,187.94,518.0
113.76,0.735,0.678,2,17,0,0,128.62,393.5
114.55,0.7466,0.6653,2,18,0,0,180.36,557.7
85.13,0.7579,0.6523,2,19,0,0,98.02,792.75
82.67,0.769,0.6392,2,20,0,0,99.35,814.1
80.89,0.7799,0.6259,2,21,0,0,77.72,841.5
99.45,0.7906,0.6124,2,22,0,0,127.66,669.0
112.36,0.801,0.5987,2,23,0,0,111.56,491.55
149.33,0.8112,0.5848,2,24,0,0,203.59,458.5
126.85,0.8211,0.5708,2,25,0,0,191.24,410.0
27.32,0.8308,0.5566,2,26,0,0,18.8,276.0
43.55,0.8402,0.5422,2,27,0,0,49.78,141.75
46.79,0.8495,0.5277,2,28,0,0,51.25,302.2
85.2,0.8584,0.513,3,1,0,0,103.27,518.8
103.09,0.8671,0.4981,3,2,0,0,149.55,315.75
81.43,0.8755,0.4831,3,3,0,0,89.55,355.0
76.79,0.8837,0.468,3,4,0,0,110.28,265.15
57.07,0.8916,0.4527,3,5,0,0,67.97,177.75
86.4,0.8993,0.4373,3,6,0,0,100.89,624.6
120.95,0.9067,0.4218,3,7,0,0,154.56,475.25
120.12,0.9138,0.4061,3,8,0,0,206.2,489.05
68.32,0.9207,0.3904,3,9,0,0,98.59,244.0
64.08,0.9272,0.3745,3,10,0,0,84.09,397.0
77.38,0.9335,0.3585,3,11,0,0,116.53,253.25
73.17,0.9396,0.3424,3,12,0,0,100.11,228.5
89.79,0.9453,0.3261,3,13,0,0,107.3,258.7
118.62,0.9508,0.3098,3,14,0,0,184.2,354.32
116.63,0.956,0.2934,3,15,0,0,173.89,563.52
92.63,0.9609,0.2769,3,16,0,0,122.83,655.1
118.24,0.9655,0.2604,3,17,0,0,126.48,271.25
137.76,0.9698,0.2437,3,18,0,0,161.62,424.92
106.58,0.9739,0.227,3,19,0,0,114.19,322.88
104.26,0.9777,0.2102,3,20,0,0,125.51,606.98
130.28,0.9811,0.1934,3,21,0,0,188.16,417.5
80.13,0.9843,0.1765,3,22,0,0,91.92,367.0
100.6,0.9872,0.1595,3,23,0,0,131.08,507.0
114.07,0.9898,0.1425,3,24,0,0,193.47,395.0
88.68,0.9921,0.1255,3,25,0,0,120.84,258.08
84.56,0.9941,0.1084,3,26,0,0,130.38,266.25
89.19,0.9958,0.0913,3,27,0,0,117.92,273.95
103.39,0.9972,0.0741,3,28,0,0,141.58,363.7
120.23,0.9984,0.057,3,29,0,0,174.75,392.0
125.33,0.9992,0.0398,3,30,0,0,184.83,482.0
141.8,0.9997,0.0226,3,31,0,0,190.73,621.41
73.4,1.0,0.0054,4,1,0,0,110.61,261.08
106.92,0.9999,-0.0118,4,2,0,0,155.26,486.75
105.31,0.9996,-0.029,4,3,0,0,147.27,554.12
106.92,0.9989,-0.0462,4,4,0,0,119.72,412.75
102.59,0.998,-0.0634,4,5,0,0,199.12,403.5
118.61,0.9968,-0.0805,4,6,0,0,218.45,657.1
124.24,0.9952,-0.0977,4,7,0,0,194.43,451.0
110.12,0.9934,-0.1148,4,8,0,0,151.85,420.0
109.85,0.9913,-0.1319,4,9,0,0,156.71,713.2
106.36,0.9889,-0.1489,4,10,0,0,144.57,376.0
109.75,0.9861,-0.1659,4,11,0,0,168.72,458.7
92.42,0.9831,-0.1828,4,12,0,0,92.16,743.0
111.71,0.9799,-0.1997,4,13,0,0,204.68,412.32
76.82,0.9763,-0.2165,4,14,0,0,100.49,367.6
70.63,0.9724,-0.2333,4,15,0,0,77.51,257.88
102.22,0.9683,-0.25,4,16,0,0,135.16,257.25
106.5,0.9638,-0.2666,4,17,0,0,148.91,350.08
112.05,0.9591,-0.2831,4,18,0,0,143.79,894.0
133.61,0.9541,-0.2996,4,19,0,0,225.39,487.0
95.54,0.9488,-0.316,4,20,0,0,125.03,438.0
104.24,0.9432,-0.3322,4,21,0,0,115.77,340.9
65.22,0.9373,-0.3484,4,22,0,0,57.95,426.05
110.12,0.9312,-0.3645,4,23,0,0,190.55,412.47
120.75,0.9248,-0.3804,4,24,0,0,201.2,501.67
100.34,0.9181,-0.3963,4,25,0,0,132.63,394.4
81.97,0.9112,-0.412,4,26,0,0,78.35,458.1
153.86,0.9039,-0.4276,4,27,0,0,283.33,723.0
163.21,0.8965,-0.4431,4,28,0,0,204.22,765.92
148.54,0.8887,-0.4585,4,29,0,0,173.09,510.0
121.09,0.8807,-0.4737,4,30,0,0,152.58,444.0
90.46,0.8724,-0.4888,5,1,0,0,85.1,378.1
73.78,0.8639,-0.5037,5,2,0,0,73.02,193.8
98.47,0.8551,-0.5185,5,3,0,0,75.58,378.55
73.54,0.846,-0.5331,5,4,0,0,91.45,294.5
71.62,0.8367,-0.5476,5,5,0,0,82.66,213.25
115.78,0.8272,-0.5619,5,6,0,0,151.07,393.79
86.89,0.8174,-0.5761,5,7,0,0,94.49,394.15
82.76,0.8074,-0.59,5,8,0,0,82.24,317.93
66.6,0.7971,-0.6038,5,9,0,0,68.42,342.57
64.78,0.7866,-0.6175,5,10,0,0,71.54,208.72
62.23,0.7759,-0.6309,5,11,0,0,62.55,195.1
67.67,0.7649,-0.6442,5,12,0,0,63.77,284.5
76.01,0.7537,-0.6572,5,13,0,0,56.15,302.82
108.68,0.7423,-0.6701,5,14,0,0,171.32,482.76
98.88,0.7306,-0.6828,5,15,0,0,154.71,394.61
96.8,0.7188,-0.6952,5,16,0,0,85.25,889.56
68.76,0.7067,-0.7075,5,17,0,0,46.22,236.42
76.49,0.6945,-0.7195,5,18,0,0,78.65,284.62
88.25,0.682,-0.7314,5,19,0,0,96.65,260.2
92.72,0.6693,-0.743,5,20,0,0,114.24,470.15
76.87,0.6564,-0.7544,5,21,0,0,70.19,404.62
64.57,0.6433,-0.7656,5,22,0,0,75.6,273.0
30.37,0.6301,-0.7765,5,23,0,0,21.62,130.0
36.28,0.6166,-0.7873,5,24,0,0,30.55,192.42
81.34,0.603,-0.7978,5,25,0,0,108.12,534.0
94.83,0.5892,-0.808,5,26,0,0,125.56,622.6
81.91,0.5752,-0.818,5,27,0,0,106.06,217.0
75.39,0.561,-0.8278,5,28,0,0,65.53,283.68
72.29,0.5467,-0.8373,5,29,0,0,83.49,209.15
65.49,0.5322,-0.8466,5,30,0,0,69.05,436.25
99.01,0.5176,-0.8556,5,31,0,0,83.63,344.67
97.93,0.5028,-0.8644,6,1,0,0,147.1,353.12
77.59,0.4878,-0.8729,6,2,0,0,103.56,269.05
89.98,0.4728,-0.8812,6,3,0,0,136.35,275.25
81.09,0.4575,-0.8892,6,4,0,0,113.17,306.58
59.21,0.4422,-0.8969,6,5,0,0,52.12,298.7
53.82,0.4267,-0.9044,6,6,0,0,52.72,193.75
88.0,0.4111,-0.9116,6,7,0,0,71.28,388.0
78.4,0.3953,-0.9185,6,8,0,0,82.01,360.25
62.57,0.3795,-0.9252,6,9,0,0,61.73,252.6
75.31,0.3635,-0.9316,6,10,0,0,77.98,269.25
70.14,0.3474,-0.9377,6,11,0,0,68.3,192.75
74.34,0.3312,-0.9436,6,12,0,0,86.06,261.25
51.93,0.3149,-0.9491,6,13,0,0,34.18,190.75
56.4,0.2986,-0.9544,6,14,0,0,61.94,210.0
35.44,0.2821,-0.9594,6,15,0,0,36.86,187.7
34.81,0.2656,-0.9641,6,16,0,0,34.26,398.45
28.28,0.2489,-0.9685,6,17,0,0,19.79,90.1
34.62,0.2322,-0.9727,6,18,0,0,42.9,120.08
42.72,0.2155,-0.9765,6,19,0,0,54.49,173.0
53.46,0.1986,-0.9801,6,20,0,0,65.93,271.0
44.11,0.1818,-0.9833,6,21,0,0,63.39,193.5
51.49,0.1648,-0.9863,6,22,0,0,38.76,153.0
56.32,0.1478,-0.989,6,23,0,0,53.84,209.5
72.0,0.1308,-0.9914,6,24,0,0,102.15,258.75
80.74,0.1137,-0.9935,6,25,0,0,103.06,343.0
65.27,0.0966,-0.9953,6,26,0,0,65.89,295.6
55.02,0.0795,-0.9968,6,27,0,0,51.71,141.45
74.87,0.0623,-0.9981,6,28,0,0,68.65,221.0
60.43,0.0451,-0.999,6,29,0,0,39.46,226.7
37.61,0.028,-0.9996,6,30,0,0,33.29,430.33
36.33,0.0108,-0.9999,7,1,0,0,45.16,338.0
42.77,-0.0065,-1.0,7,2,0,0,66.61,165.67
30.43,-0.0237,-0.9997,7,3,0,0,20.7,138.25
63.45,-0.0408,-0.9992,7,4,0,0,56.27,172.0
65.09,-0.058,-0.9983,7,5,0,0,83.93,204.0
51.42,-0.0752,-0.9972,7,6,0,0,50.91,221.88
39.84,-0.0923,-0.9957,7,7,0,0,45.99,250.25
37.09,-0.1094,-0.994,7,8,0,0,41.18,248.0
40.97,-0.1265,-0.992,7,9,0,0,56.32,118.75
32.83,-0.1436,-0.9896,7,10,0,0,33.02,101.02
44.83,-0.1606,-0.987,7,11,0,0,46.68,170.25
41.83,-0.1775,-0.9841,7,12,0,0,40.27,682.03
34.51,-0.1944,-0.9809,7,13,0,0,34.52,176.78
30.76,-0.2113,-0.9774,7,14,0,0,34.16,137.45
26.49,-0.2281,-0.9736,7,15,0,0,20.34,170.16
24.89,-0.2448,-0.9696,7,16,0,0,24.14,355.38
28.45,-0.2614,-0.9652,7,17,0,0,11.8,453.8
43.29,-0.278,-0.9606,7,18,0,0,52.97,234.61
42.92,-0.2945,-0.9557,7,19,0,0,40.34,156.0
33.38,-0.3109,-0.9505,7,20,0,0,46.79,122.0
44.16,-0.3272,-0.945,7,21,0,0,24.17,180.5
55.16,-0.3434,-0.9392,7,22,0,0,72.88,175.0
29.52,-0.3595,-0.9332,7,23,0,0,28.55,83.75
24.77,-0.3755,-0.9268,7,24,0,0,20.19,120.7
24.63,-0.3914,-0.9202,7,25,0,0,23.37,89.18
28.09,-0.4071,-0.9134,7,26,0,0,31.65,87.0
30.82,-0.4228,-0.9062,7,27,0,0,30.24,171.0
22.01,-0.4383,-0.8988,7,28,0,0,22.15,83.28
19.28,-0.4537,-0.8912,7,29,0,0,21.15,89.7
22.14,-0.469,-0.8832,7,30,0,0,19.05,89.0
23.89,-0.4841,-0.875,7,31,0,0,23.02,82.25
26.41,-0.4991,-0.8666,8,1,0,0,26.42,133.09
32.31,-0.5139,-0.8578,8,2,0,0,25.05,149.25
48.43,-0.5286,-0.8489,8,3,0,0,39.76,165.39
46.68,-0.5431,-0.8397,8,4,0,0,59.37,128.0
38.62,-0.5575,-0.8302,8,5,0,0,34.97,162.5
52.04,-0.5717,-0.8205,8,6,0,0,52.92,182.75
45.98,-0.5857,-0.8105,8,7,0,0,72.95,153.0
44.97,-0.5996,-0.8003,8,8,0,0,46.35,158.13
41.5,-0.6132,-0.7899,8,9,0,0,54.17,143.0
27.02,-0.6267,-0.7792,8,10,0,0,34.2,136.97
16.74,-0.64,-0.7683,8,11,0,0,14.3,114.94
19.39,-0.6532,-0.7572,8,12,0,0,18.36,74.0
27.24,-0.6661,-0.7459,8,13,0,0,32.25,83.0
26.21,-0.6788,-0.7343,8,14,0,0,13.74,83.0
18.8,-0.6914,-0.7225,8,15,0,0,14.02,83.0
15.86,-0.7037,-0.7105,8,16,0,0,15.28,60.01
14.19,-0.7158,-0.6983,8,17,0,0,11.42,171.6
20.33,-0.7277,-0.6859,8,18,0,0,13.35,75.42
18.3,-0.7394,-0.6733,8,19,0,0,12.36,287.0
31.77,-0.7509,-0.6605,8,20,0,0,23.33,139.0
46.88,-0.7621,-0.6474,8,21,0,0,54.4,130.5
35.87,-0.7731,-0.6342,8,22,0,0,54.37,111.12
24.97,-0.7839,-0.6208,8,23,0,0,32.75,75.0
22.73,-0.7945,-0.6073,8,24,0,0,18.38,277.92
36.41,-0.8048,-0.5935,8,25,0,0,28.57,348.25
35.46,-0.8149,-0.5796,8,26,0,0,31.33,157.0
32.05,-0.8248,-0.5655,8,27,0,0,30.52,225.35
37.18,-0.8344,-0.5512,8,28,0,0,33.27,159.6
40.54,-0.8437,-0.5368,8,29,0,0,37.8,138.65
48.48,-0.8528,-0.5222,8,30,0,0,49.26,185.75
43.79,-0.8617,-0.5074,8,31,0,0,44.25,234.32
45.12,-0.8703,-0.4925,9,1,0,0,44.81,279.62
45.72,-0.8786,-0.4775,9,2,0,0,38.34,228.45
32.63,-0.8867,-0.4623,9,3,0,0,26.34,151.07
26.45,-0.8945,-0.447,9,4,0,0,23.94,209.71
26.79,-0.9021,-0.4315,9,5,0,0,22.54,209.21
40.21,-0.9094,-0.4159,9,6,0,0,43.33,161.12
46.22,-0.9164,-0.4002,9,7,0,0,52.1,466.0
63.62,-0.9232,-0.3844,9,8,0,0,68.09,151.0
59.85,-0.9296,-0.3685,9,9,0,0,68.97,173.2
49.78,-0.9358,-0.3524,9,10,0,0,60.63,111.4
32.13,-0.9418,-0.3363,9,11,0,0,26.0,167.07
26.74,-0.9474,-0.32,9,12,0,0,24.83,187.43
19.75,-0.9528,-0.3037,9,13,0,0,16.85,106.58
17.79,-0.9579,-0.2873,9,14,0,0,15.23,78.67
16.06,-0.9627,-0.2707,9,15,0,0,20.15,71.81
15.98,-0.9672,-0.2541,9,16,0,0,10.93,80.67
33.32,-0.9714,-0.2375,9,17,0,0,27.66,98.7
47.58,-0.9753,-0.2207,9,18,0,0,29.97,167.25
72.39,-0.979,-0.2039,9,19,0,0,83.14,249.75
49.55,-0.9824,-0.187,9,20,0,0,68.87,146.0
41.57,-0.9854,-0.1701,9,21,0,0,62.06,170.25
26.29,-0.9882,-0.1531,9,22,0,0,31.08,474.7
26.13,-0.9907,-0.1361,9,23,0,0,16.24,90.0
23.39,-0.9929,-0.1191,9,24,0,0,26.79,74.99
21.57,-0.9948,-0.102,9,25,0,0,11.84,128.15
47.79,-0.9964,-0.0848,9,26,0,0,61.88,156.25
40.29,-0.9977,-0.0677,9,27,0,0,44.09,132.88
55.13,-0.9987,-0.0505,9,28,0,0,59.02,182.85
66.05,-0.9994,-0.0333,9,29,0,0,82.87,205.25
80.25,-0.9999,-0.0161,9,30,0,0,91.86,214.82
81.41,-1.0,0.0011,10,1,0,0,104.02,174.0
69.05,-0.9998,0.0183,10,2,0,0,94.49,175.0
42.71,-0.9994,0.0355,10,3,0,0,51.5,258.45
63.03,-0.9986,0.0527,10,4,0,0,61.51,251.1
89.36,-0.9976,0.0698,10,5,0,0,110.49,285.6
16.63,-0.9962,0.087,10,6,0,0,13.15,103.28
16.3,-0.9946,0.1041,10,7,0,0,12.44,61.0
14.32,-0.9926,0.1212,10,8,0,0,14.32,82.5
9.59,-0.9904,0.1383,10,9,0,0,10.84,61.0
14.76,-0.9879,0.1553,10,10,0,0,9.01,61.0
36.29,-0.9851,0.1722,10,11,0,0,25.93,231.67
62.49,-0.9819,0.1892,10,12,0,0,72.65,205.75
53.52,-0.9785,0.206,10,13,0,0,60.34,172.25
71.74,-0.9749,0.2228,10,14,0,0,81.89,216.8
89.6,-0.9709,0.2396,10,15,1,0,103.27,401.5
105.64,-0.9666,0.2562,10,16,1,0,123.99,349.3
108.94,-0.9621,0.2728,10,17,1,0,127.64,383.5
109.72,-0.9572,0.2893,10,18,1,0,118.14,398.33
102.01,-0.9521,0.3057,10,19,1,0,124.26,331.92
110.64,-0.9467,0.3221,10,20,1,1,111.76,302.75
117.39,-0.941,0.3383,10,21,1,1,145.08,386.33
122.89,-0.9351,0.3545,10,22,1,1,153.83,322.0
129.76,-0.9288,0.3705,10,23,1,1,128.29,357.75
177.52,-0.9223,0.3864,10,24,1,1,168.07,921.25
166.47,-0.9155,0.4022,10,25,1,1,149.56,986.0
142.96,-0.9085,0.4179,10,26,1,1,114.47,621.5
192.39,-0.9012,0.4335,10,27,1,1,218.98,494.34
223.13,-0.8936,0.4489,10,28,1,1,226.04,514.0
230.76,-0.8857,0.4642,10,29,1,1,287.07,502.09
211.77,-0.8776,0.4794,10,30,1,1,210.91,749.6
263.69,-0.8692,0.4944,10,31,1,1,208.96,562.75
248.88,-0.8606,0.5093,11,1,1,1,294.21,705.25
241.74,-0.8517,0.524,11,2,1,1,214.26,589.0
402.69,-0.8426,0.5386,11,3,1,1,529.11,928.0
324.12,-0.8332,0.553,11,4,1,1,346.39,566.0
193.45,-0.8235,0.5672,11,5,1,1,200.61,425.0
172.85,-0.8137,0.5813,11,6,1,1,181.1,375.0
193.57,-0.8035,0.5952,11,7,1,1,227.11,449.82
240.17,-0.7932,0.609,11,8,1,1,245.39,445.7
105.75,-0.7826,0.6225,11,9,1,1,112.76,335.75
162.28,-0.7718,0.6359,11,10,1,1,178.2,478.0
208.58,-0.7607,0.6491,11,11,1,1,357.3,547.78
186.89,-0.7494,0.6621,11,12,1,1,259.16,421.27
160.63,-0.7379,0.6749,11,13,1,1,196.5,326.69
140.22,-0.7262,0.6875,11,14,1,1,172.86,415.5
102.24,-0.7143,0.6998,11,15,1,1,99.43,274.0
118.88,-0.7021,0.712,11,16,1,1,174.92,414.2
139.59,-0.6898,0.724,11,17,1,1,199.17,386.09
157.43,-0.6772,0.7358,11,18,1,1,240.44,551.78
144.5,-0.6645,0.7473,11,19,1,1,178.83,532.85
171.28,-0.6515,0.7586,11,20,1,1,216.63,551.35
143.93,-0.6384,0.7697,11,21,1,0,174.07,350.6
113.47,-0.625,0.7806,11,22,1,0,136.13,245.25
103.72,-0.6115,0.7912,11,23,1,0,127.52,416.48
108.55,-0.5978,0.8016,11,24,1,0,109.77,569.33
158.6,-0.584,0.8118,11,25,1,0,173.91,591.25
180.96,-0.5699,0.8217,11,26,1,0,192.28,757.0
174.61,-0.5557,0.8314,11,27,1,0,195.31,509.45
198.65,-0.5413,0.8408,11,28,1,0,227.57,680.0
230.27,-0.5268,0.85,11,29,1,0,284.3,658.91
207.63,-0.5121,0.859,11,30,1,0,223.34,533.0
213.69,-0.4972,0.8676,12,1,1,0,231.84,492.99
200.39,-0.4822,0.8761,12,2,1,0,204.94,605.25
245.25,-0.4671,0.8842,12,3,1,0,260.2,667.75
250.6,-0.4518,0.8921,12,4,1,0,293.9,635.75
187.08,-0.4364,0.8998,12,5,1,0,202.78,560.75
184.23,-0.4208,0.9071,12,6,1,0,189.48,359.0
133.43,-0.4052,0.9142,12,7,1,0,143.42,336.05
143.94,-0.3894,0.9211,12,8,1,0,139.75,466.58
169.88,-0.3735,0.9276,12,9,1,0,151.03,691.0
211.95,-0.3575,0.9339,12,10,1,0,254.19,646.75
134.03,-0.3413,0.9399,12,11,1,0,153.58,476.75
95.92,-0.3251,0.9457,12,12,1,0,100.39,620.75
70.68,-0.3088,0.9511,12,13,1,0,81.54,233.75
85.59,-0.2924,0.9563,12,14,1,0,94.24,367.25
89.92,-0.2759,0.9612,12,15,1,0,84.74,424.25
124.19,-0.2593,0.9658,12,16,1,0,111.4,659.18
167.33,-0.2427,0.9701,12,17,1,0,151.3,760.25
254.25,-0.226,0.9741,12,18,1,0,203.4,813.75
259.11,-0.2092,0.9779,12,19,1,0,226.32,843.5
199.94,-0.1923,0.9813,12,20,1,0,168.09,544.0
188.4,-0.1754,0.9845,12,21,1,0,149.22,490.33
202.24,-0.1585,0.9874,12,22,1,0,126.13,541.5
202.07,-0.1414,0.9899,12,23,1,0,128.73,592.25
160.66,-0.1244,0.9922,12,24,1,0,177.3,457.75
168.91,-0.1073,0.9942,12,25,1,0,143.09,840.0
193.84,-0.0902,0.9959,12,26,1,0,121.15,854.02
166.8,-0.073,0.9973,12,27,1,0,128.51,554.62
151.84,-0.0559,0.9984,12,28,1,0,165.35,701.2
196.73,-0.0387,0.9993,12,29,1,0,149.79,589.5
256.68,-0.0215,0.9998,12,30,1,0,236.1,805.0
156.24,-0.0043,1.0,12,31,1,0,154.1,582.0
140.59,0.0172,0.9999,1,1,1,0,112.69,679.25
233.11,0.0344,0.9994,1,2,1,0,193.92,516.68
239.57,0.0516,0.9987,1,3,1,0,221.13,472.25
179.33,0.0688,0.9976,1,4,1,0,118.26,546.75
208.96,0.0859,0.9963,1,5,1,0,121.88,788.25
258.51,0.103,0.9947,1,6,1,0,192.14,565.75
226.55,0.1201,0.9928,1,7,1,0,148.25,845.15
254.55,0.1372,0.9905,1,8,1,0,135.77,968.0
377.61,0.1542,0.988,1,9,1,0,262.54,979.0
232.43,0.1712,0.9852,1,10,1,0,146.22,805.2
175.13,0.1881,0.9821,1,11,1,0,93.59,915.0
203.36,0.205,0.9788,1,12,1,0,198.28,351.25
215.69,0.2218,0.9751,1,13,1,0,210.06,412.25
153.77,0.2385,0.9711,1,14,1,0,170.89,335.25
98.57,0.2552,0.9669,1,15,1,0,97.09,423.75
143.33,0.2718,0.9624,1,16,1,0,131.44,582.0
152.32,0.2883,0.9575,1,17,1,0,167.19,593.0
191.89,0.3047,0.9524,1,18,1,0,203.4,818.25
198.04,0.3211,0.9471,1,19,1,0,198.56,609.88
91.12,0.3373,0.9414,1,20,1,0,56.01,458.5
210.88,0.3534,0.9355,1,21,1,0,164.5,931.1
248.86,0.3695,0.9292,1,22,1,0,279.16,593.75
168.8,0.3854,0.9227,1,23,1,0,185.13,697.65
86.73,0.4012,0.916,1,24,1,0,102.82,335.0
105.39,0.4169,0.9089,1,25,1,0,103.56,282.5
138.53,0.4325,0.9016,1,26,1,0,158.69,261.25
92.74,0.4479,0.8941,1,27,1,0,98.78,201.25
123.06,0.4633,0.8862,1,28,1,0,110.04,415.0
187.89,0.4784,0.8781,1,29,1,0,219.15,553.75
79.17,0.4935,0.8698,1,30,1,0,31.48,953.9
85.1,0.5084,0.8611,1,31,1,0,78.2,724.1
84.61,0.5231,0.8523,2,1,0,0,84.26,818.42
87.18,0.5377,0.8432,2,2,0,0,96.8,635.88
103.31,0.5521,0.8338,2,3,0,0,96.71,753.0
118.23,0.5664,0.8242,2,4,0,0,104.62,517.0
105.12,0.5805,0.8143,2,5,0,0,112.14,550.5
142.37,0.5944,0.8042,2,6,0,0,178.57,410.75
116.41,0.6081,0.7938,2,7,0,0,192.85,424.25
73.83,0.6217,0.7833,2,8,0,0,78.85,281.0
91.53,0.6351,0.7725,2,9,0,0,116.1,255.75
93.96,0.6483,0.7614,2,10,0,0,97.32,266.5
137.57,0.6613,0.7502,2,11,0,0,177.28,403.1
55.0,0.6741,0.7387,2,12,0,0,74.17,211.8
48.7,0.6867,0.727,2,13,0,0,52.97,261.9
63.39,0.6991,0.715,2,14,0,0,69.72,284.48
91.34,0.7113,0.7029,2,15,0,0,97.16,302.0
166.5,0.7233,0.6906,2,16,0,0,140.14,489.0
221.81,0.735,0.678,2,17,0,0,254.05,493.0
202.82,0.7466,0.6653,2,18,0,0,256.19,552.75
180.82,0.7579,0.6523,2,19,0,0,197.74,421.18
147.09,0.769,0.6392,2,20,0,0,204.27,375.5
125.63,0.7799,0.6259,2,21,0,0,121.27,656.0
137.12,0.7906,0.6124,2,22,0,0,142.42,598.33
82.06,0.801,0.5987,2,23,0,0,100.74,433.71
80.97,0.8112,0.5848,2,24,0,0,101.45,294.0
115.56,0.8211,0.5708,2,25,0,0,131.95,342.93
138.48,0.8308,0.5566,2,26,0,0,183.46,388.62
119.02,0.8402,0.5422,2,27,0,0,171.7,601.25
90.5,0.8495,0.5277,2,28,0,0,131.14,342.25
74.16,0.8584,0.513,3,1,0,0,60.12,336.12
91.36,0.8671,0.4981,3,2,0,0,122.77,494.45
61.71,0.8755,0.4831,3,3,0,0,80.19,223.43
54.64,0.8837,0.468,3,4,0,0,54.04,213.2
56.31,0.8916,0.4527,3,5,0,0,73.75,238.5
67.11,0.8993,0.4373,3,6,0,0,102.74,260.5
85.44,0.9067,0.4218,3,7,0,0,122.07,859.6
112.71,0.9138,0.4061,3,8,0,0,170.69,449.76
55.22,0.9207,0.3904,3,9,0,0,43.35,174.25
90.97,0.9272,0.3745,3,10,0,0,142.38,363.25
92.21,0.9335,0.3585,3,11,0,0,126.75,376.25
96.52,0.9396,0.3424,3,12,0,0,128.32,343.0
106.76,0.9453,0.3261,3,13,0,0,170.57,539.25
101.82,0.9508,0.3098,3,14,0,0,169.29,405.0
99.28,0.956,0.2934,3,15,0,0,144.25,493.0
103.45,0.9609,0.2769,3,16,0,0,169.42,311.0
95.66,0.9655,0.2604,3,17,0,0,126.99,277.0
68.73,0.9698,0.2437,3,18,0,0,68.92,246.33
81.25,0.9739,0.227,3,19,0,0,107.01,194.0
56.77,0.9777,0.2102,3,20,0,0,86.71,484.7
46.16,0.9811,0.1934,3,21,0,0,46.26,421.4
78.51,0.9843,0.1765,3,22,0,0,103.87,263.7
72.64,0.9872,0.1595,3,23,0,0,126.92,389.37
87.5,0.9898,0.1425,3,24,0,0,147.35,331.25
40.65,0.9921,0.1255,3,25,0,0,22.9,265.23
65.61,0.9941,0.1084,3,26,0,0,67.31,296.75
59.22,0.9958,0.0913,3,27,0,0,104.09,897.0
68.09,0.9972,0.0741,3,28,0,0,117.08,303.75
86.06,0.9984,0.057,3,29,0,0,147.88,297.25
71.1,0.9992,0.0398,3,30,0,0,110.89,393.2
30.7,0.9997,0.0226,3,31,0,0,33.22,368.03
45.0,1.0,0.0054,4,1,0,0,50.95,280.2
59.81,0.9999,-0.0118,4,2,0,0,80.84,224.28
72.19,0.9996,-0.029,4,3,0,0,121.82,333.0
45.44,0.9989,-0.0462,4,4,0,0,29.36,231.75
54.84,0.998,-0.0634,4,5,0,0,74.72,301.97
41.83,0.9968,-0.0805,4,6,0,0,38.85,274.75
50.13,0.9952,-0.0977,4,7,0,0,62.82,231.4
70.16,0.9934,-0.1148,4,8,0,0,112.22,310.8
104.17,0.9913,-0.1319,4,9,0,0,193.79,517.0
90.88,0.9889,-0.1489,4,10,0,0,162.06,345.5
125.55,0.9861,-0.1659,4,11,0,0,211.25,484.0
80.5,0.9831,-0.1828,4,12,0,0,109.18,301.75
91.21,0.9799,-0.1997,4,13,0,0,134.67,408.07
101.61,0.9763,-0.2165,4,14,0,0,180.79,637.98
102.14,0.9724,-0.2333,4,15,0,0,168.04,426.0
74.74,0.9683,-0.25,4,16,0,0,116.52,292.25
73.07,0.9638,-0.2666,4,17,0,0,100.08,843.0
77.58,0.9591,-0.2831,4,18,0,0,87.12,341.25
61.25,0.9541,-0.2996,4,19,0,0,60.06,355.0
43.08,0.9488,-0.316,4,20,0,0,46.28,257.25
42.14,0.9432,-0.3322,4,21,0,0,38.9,132.0
42.02,0.9373,-0.3484,4,22,0,0,47.82,285.6
27.04,0.9312,-0.3645,4,23,0,0,22.57,116.15
60.44,0.9248,-0.3804,4,24,0,0,93.49,284.25
57.03,0.9181,-0.3963,4,25,0,0,54.03,232.0
89.57,0.9112,-0.412,4,26,0,0,102.38,227.88
81.27,0.9039,-0.4276,4,27,0,0,126.06,347.77
69.6,0.8965,-0.4431,4,28,0,0,79.05,230.5
74.43,0.8887,-0.4585,4,29,0,0,104.95,512.24
51.31,0.8807,-0.4737,4,30,0,0,52.35,388.1
42.14,0.8724,-0.4888,5,1,0,0,40.18,123.7
40.17,0.8639,-0.5037,5,2,0,0,33.05,142.0
46.47,0.8551,-0.5185,5,3,0,0,61.87,161.0
61.21,0.846,-0.5331,5,4,0,0,69.35,212.75
81.37,0.8367,-0.5476,5,5,0,0,90.75,335.0
104.11,0.8272,-0.5619,5,6,0,0,196.28,426.25
65.47,0.8174,-0.5761,5,7,0,0,75.25,269.5
54.44,0.8074,-0.59,5,8,0,0,80.29,242.4
95.57,0.7971,-0.6038,5,9,0,0,166.97,316.75
91.05,0.7866,-0.6175,5,10,0,0,128.71,319.0
130.6,0.7759,-0.6309,5,11,0,0,209.36,393.0
91.49,0.7649,-0.6442,5,12,0,0,100.45,348.88
99.09,0.7537,-0.6572,5,13,0,0,109.57,485.68
98.57,0.7423,-0.6701,5,14,0,0,136.92,479.27
38.31,0.7306,-0.6828,5,15,0,0,29.97,302.67
136.34,0.7188,-0.6952,5,16,0,0,257.39,858.0
90.2,0.7067,-0.7075,5,17,0,0,128.36,439.2
41.38,0.6945,-0.7195,5,18,0,0,32.39,475.8
66.91,0.682,-0.7314,5,19,0,0,82.41,324.2
69.13,0.6693,-0.743,5,20,0,0,97.72,410.08
81.61,0.6564,-0.7544,5,21,0,0,112.52,418.88
62.36,0.6433,-0.7656,5,22,0,0,47.74,293.65
51.37,0.6301,-0.7765,5,23,0,0,39.71,426.07
30.2,0.6166,-0.7873,5,24,0,0,33.36,224.1
25.89,0.603,-0.7978,5,25,0,0,20.93,134.75
26.17,0.5892,-0.808,5,26,0,0,23.94,150.6
33.7,0.5752,-0.818,5,27,0,0,29.09,523.54
56.8,0.561,-0.8278,5,28,0,0,80.39,233.0
37.1,0.5467,-0.8373,5,29,0,0,30.3,130.5
40.46,0.5322,-0.8466,5,30,0,0,55.96,135.7
33.88,0.5176,-0.8556,5,31,0,0,31.72,143.0
46.64,0.5028,-0.8644,6,1,0,0,58.04,292.76
41.96,0.4878,-0.8729,6,2,0,0,45.19,187.5
53.0,0.4728,-0.8812,6,3,0,0,61.51,386.5
78.77,0.4575,-0.8892,6,4,0,0,80.91,325.5
62.55,0.4422,-0.8969,6,5,0,0,71.0,251.1
67.29,0.4267,-0.9044,6,6,0,0,33.7,572.5
68.05,0.4111,-0.9116,6,7,0,0,92.24,474.55
53.69,0.3953,-0.9185,6,8,0,0,69.34,233.88
43.43,0.3795,-0.9252,6,9,0,0,43.51,173.5
40.9,0.3635,-0.9316,6,10,0,0,41.88,253.85
39.92,0.3474,-0.9377,6,11,0,0,35.37,191.32
51.16,0.3312,-0.9436,6,12,0,0,50.58,183.13
58.07,0.3149,-0.9491,6,13,0,0,62.85,247.82
45.05,0.2986,-0.9544,6,14,0,0,47.56,165.3
36.9,0.2821,-0.9594,6,15,0,0,41.12,210.9
37.95,0.2656,-0.9641,6,16,0,0,48.17,185.82
42.72,0.2489,-0.9685,6,17,0,0,46.56,196.94
30.42,0.2322,-0.9727,6,18,0,0,37.76,95.27
26.76,0.2155,-0.9765,6,19,0,0,19.09,89.0
40.77,0.1986,-0.9801,6,20,0,0,53.19,135.0
37.05,0.1818,-0.9833,6,21,0,0,27.92,126.36
41.72,0.1648,-0.9863,6,22,0,0,35.46,199.0
49.84,0.1478,-0.989,6,23,0,0,32.79,132.8
53.71,0.1308,-0.9914,6,24,0,0,59.12,164.0
26.17,0.1137,-0.9935,6,25,0,0,10.57,213.9
45.76,0.0966,-0.9953,6,26,0,0,58.46,238.0
35.56,0.0795,-0.9968,6,27,0,0,22.2,134.5
33.49,0.0623,-0.9981,6,28,0,0,42.22,122.25
40.76,0.0451,-0.999,6,29,0,0,45.28,206.0
25.96,0.028,-0.9996,6,30,0,0,19.04,324.97
23.8,0.0108,-0.9999,7,1,0,0,26.41,96.0
34.21,-0.0065,-1.0,7,2,0,0,26.01,119.0
53.81,-0.0237,-0.9997,7,3,0,0,37.97,133.0
49.22,-0.0408,-0.9992,7,4,0,0,51.84,135.02
37.45,-0.058,-0.9983,7,5,0,0,41.64,86.0
28.22,-0.0752,-0.9972,7,6,0,0,45.88,88.58
33.63,-0.0923,-0.9957,7,7,0,0,33.24,155.48
27.02,-0.1094,-0.994,7,8,0,0,21.61,192.15
23.16,-0.1265,-0.992,7,9,0,0,29.5,102.5
27.0,-0.1436,-0.9896,7,10,0,0,34.64,127.0
33.59,-0.1606,-0.987,7,11,0,0,36.34,95.5
32.39,-0.1775,-0.9841,7,12,0,0,32.56,101.15
37.11,-0.1944,-0.9809,7,13,0,0,36.05,103.0
36.83,-0.2113,-0.9774,7,14,0,0,37.88,86.6
37.5,-0.2281,-0.9736,7,15,0,0,32.62,135.25
28.46,-0.2448,-0.9696,7,16,0,0,25.38,107.4
45.31,-0.2614,-0.9652,7,17,0,0,30.88,158.0
35.48,-0.278,-0.9606,7,18,0,0,38.27,74.89
32.01,-0.2945,-0.9557,7,19,0,0,28.76,70.43
43.29,-0.3109,-0.9505,7,20,0,0,44.02,244.25
53.1,-0.3272,-0.945,7,21,0,0,60.53,274.0
34.44,-0.3434,-0.9392,7,22,0,0,34.98,124.7
27.59,-0.3595,-0.9332,7,23,0,0,26.55,94.0
30.6,-0.3755,-0.9268,7,24,0,0,33.99,141.0
43.11,-0.3914,-0.9202,7,25,0,0,37.92,123.33
24.52,-0.4071,-0.9134,7,26,0,0,10.76,91.6
39.93,-0.4228,-0.9062,7,27,0,0,45.29,160.75
35.1,-0.4383,-0.8988,7,28,0,0,43.94,172.36
16.8,-0.4537,-0.8912,7,29,0,0,18.34,95.0
23.51,-0.469,-0.8832,7,30,0,0,21.03,138.43
45.49,-0.4841,-0.875,7,31,0,0,57.92,853.8
28.05,-0.4991,-0.8666,8,1,0,0,23.08,105.33
27.37,-0.5139,-0.8578,8,2,0,0,27.07,335.4
31.06,-0.5286,-0.8489,8,3,0,0,25.45,183.33
36.88,-0.5431,-0.8397,8,4,0,0,30.03,250.75
40.65,-0.5575,-0.8302,8,5,0,0,37.91,558.29
30.95,-0.5717,-0.8205,8,6,0,0,26.53,315.18
29.26,-0.5857,-0.8105,8,7,0,0,26.44,98.5
30.8,-0.5996,-0.8003,8,8,0,0,27.08,137.0
36.83,-0.6132,-0.7899,8,9,0,0,29.18,150.12
37.31,-0.6267,-0.7792,8,10,0,0,33.22,129.6
40.24,-0.64,-0.7683,8,11,0,0,35.46,237.7
35.54,-0.6532,-0.7572,8,12,0,0,31.69,172.82
30.13,-0.6661,-0.7459,8,13,0,0,26.24,177.0
36.36,-0.6788,-0.7343,8,14,0,0,35.75,161.0
46.34,-0.6914,-0.7225,8,15,0,0,49.85,262.0
47.54,-0.7037,-0.7105,8,16,0,0,49.9,166.25
41.3,-0.7158,-0.6983,8,17,0,0,39.35,117.0
45.5,-0.7277,-0.6859,8,18,0,0,38.4,223.76
45.16,-0.7394,-0.6733,8,19,0,0,23.41,160.25
38.0,-0.7509,-0.6605,8,20,0,0,45.6,180.0
39.39,-0.7621,-0.6474,8,21,0,0,38.68,118.25
37.83,-0.7731,-0.6342,8,22,0,0,42.07,167.0
24.4,-0.7839,-0.6208,8,23,0,0,25.96,129.0
31.87,-0.7945,-0.6073,8,24,0,0,25.48,625.79
35.18,-0.8048,-0.5935,8,25,0,0,29.15,122.33
45.15,-0.8149,-0.5796,8,26,0,0,39.47,163.97
53.2,-0.8248,-0.5655,8,27,0,0,65.29,151.2
48.16,-0.8344,-0.5512,8,28,0,0,46.22,196.04
44.85,-0.8437,-0.5368,8,29,0,0,31.69,135.5
48.19,-0.8528,-0.5222,8,30,0,0,45.46,289.6
48.55,-0.8617,-0.5074,8,31,0,0,56.61,188.69
41.84,-0.8703,-0.4925,9,1,0,0,47.03,117.0
41.91,-0.8786,-0.4775,9,2,0,0,42.76,425.9
40.67,-0.8867,-0.4623,9,3,0,0,41.45,167.62
39.55,-0.8945,-0.447,9,4,0,0,47.47,201.6
39.25,-0.9021,-0.4315,9,5,0,0,33.24,126.67
31.96,-0.9094,-0.4159,9,6,0,0,31.6,240.07
34.79,-0.9164,-0.4002,9,7,0,0,29.54,120.0
23.47,-0.9232,-0.3844,9,8,0,0,18.74,134.67
13.58,-0.9296,-0.3685,9,9,0,0,11.89,238.75
11.76,-0.9358,-0.3524,9,10,0,0,19.09,276.5
26.75,-0.9418,-0.3363,9,11,0,0,21.54,129.8
37.65,-0.9474,-0.32,9,12,0,0,35.75,132.4
51.37,-0.9528,-0.3037,9,13,0,0,42.36,155.33
57.35,-0.9579,-0.2873,9,14,0,0,57.39,183.8
35.66,-0.9627,-0.2707,9,15,0,0,32.14,119.3
31.21,-0.9672,-0.2541,9,16,0,0,36.63,587.47
25.16,-0.9714,-0.2375,9,17,0,0,25.36,129.0
18.76,-0.9753,-0.2207,9,18,0,0,21.04,147.5
27.1,-0.979,-0.2039,9,19,0,0,25.77,759.58
39.61,-0.9824,-0.187,9,20,0,0,45.44,246.0
40.36,-0.9854,-0.1701,9,21,0,0,40.94,282.0
51.72,-0.9882,-0.1531,9,22,0,0,57.98,134.35
47.3,-0.9907,-0.1361,9,23,0,0,44.72,563.34
60.51,-0.9929,-0.1191,9,24,0,0,87.9,237.75
63.7,-0.9948,-0.102,9,25,0,0,70.64,709.0
69.31,-0.9964,-0.0848,9,26,0,0,82.78,152.0
51.92,-0.9977,-0.0677,9,27,0,0,52.16,442.17
58.6,-0.9987,-0.0505,9,28,0,0,63.85,141.5
69.08,-0.9994,-0.0333,9,29,0,0,76.33,157.9
65.54,-0.9999,-0.0161,9,30,0,0,84.43,275.0
64.31,-1.0,0.0011,10,1,0,0,77.34,153.8
61.74,-0.9998,0.0183,10,2,0,0,71.87,269.05
64.71,-0.9994,0.0355,10,3,0,0,76.32,278.07
72.24,-0.9986,0.0527,10,4,0,0,87.17,179.1
83.87,-0.9976,0.0698,10,5,0,0,80.79,335.83
91.94,-0.9962,0.087,10,6,0,0,95.15,480.25
81.62,-0.9946,0.1041,10,7,0,0,92.96,329.0
65.44,-0.9926,0.1212,10,8,0,0,53.8,451.02
70.25,-0.9904,0.1383,10,9,0,0,49.29,422.12
69.95,-0.9879,0.1553,10,10,0,0,48.84,763.0
84.32,-0.9851,0.1722,10,11,0,0,101.64,250.0
107.82,-0.9819,0.1892,10,12,0,0,156.92,527.25
130.11,-0.9785,0.206,10,13,0,0,184.16,805.25
110.14,-0.9749,0.2228,10,14,0,0,146.24,452.2
89.09,-0.9709,0.2396,10,15,1,0,113.73,439.25
65.05,-0.9666,0.2562,10,16,1,0,98.0,189.5
42.19,-0.9621,0.2728,10,17,1,0,28.41,171.0
52.36,-0.9572,0.2893,10,18,1,0,63.07,180.0
55.38,-0.9521,0.3057,10,19,1,0,60.28,166.5
98.18,-0.9467,0.3221,10,20,1,1,145.11,425.42
139.65,-0.941,0.3383,10,21,1,1,189.46,458.48
153.79,-0.9351,0.3545,10,22,1,1,194.82,410.0
129.89,-0.9288,0.3705,10,23,1,1,228.84,407.75
101.39,-0.9223,0.3864,10,24,1,1,127.4,323.5
123.36,-0.9155,0.4022,10,25,1,1,152.14,404.0
117.31,-0.9085,0.4179,10,26,1,1,144.12,613.0
136.62,-0.9012,0.4335,10,27,1,1,153.67,534.5
162.96,-0.8936,0.4489,10,28,1,1,200.82,563.0
174.32,-0.8857,0.4642,10,29,1,1,219.06,400.0
184.86,-0.8776,0.4794,10,30,1,1,223.49,476.0
205.19,-0.8692,0.4944,10,31,1,1,231.99,443.5
185.71,-0.8606,0.5093,11,1,1,1,221.1,443.75
312.49,-0.8517,0.524,11,2,1,1,270.19,652.5
310.48,-0.8426,0.5386,11,3,1,1,428.5,646.75
334.72,-0.8332,0.553,11,4,1,1,328.77,637.25
333.91,-0.8235,0.5672,11,5,1,1,392.4,771.0
262.43,-0.8137,0.5813,11,6,1,1,335.16,621.75
266.06,-0.8035,0.5952,11,7,1,1,271.85,554.25
282.3,-0.7932,0.609,11,8,1,1,341.5,669.0
328.8,-0.7826,0.6225,11,9,1,1,368.02,608.0
123.09,-0.7718,0.6359,11,10,1,1,42.35,639.5
92.82,-0.7607,0.6491,11,11,1,1,89.57,245.17
136.56,-0.7494,0.6621,11,12,1,1,117.27,973.0
309.44,-0.7379,0.6749,11,13,1,1,337.28,997.0
233.61,-0.7262,0.6875,11,14,1,1,252.5,633.05
257.18,-0.7143,0.6998,11,15,1,1,349.19,527.75
325.3,-0.7021,0.712,11,16,1,1,364.68,632.75
235.51,-0.6898,0.724,11,17,1,1,335.7,633.0
158.45,-0.6772,0.7358,11,18,1,1,178.05,381.0
160.41,-0.6645,0.7473,11,19,1,1,171.08,544.0
201.14,-0.6515,0.7586,11,20,1,1,251.19,636.81
235.7,-0.6384,0.7697,11,21,1,0,257.44,404.0
239.69,-0.625,0.7806,11,22,1,0,276.53,514.0
247.62,-0.6115,0.7912,11,23,1,0,267.48,635.93
303.74,-0.5978,0.8016,11,24,1,0,346.38,910.5
254.87,-0.584,0.8118,11,25,1,0,305.8,508.25
270.39,-0.5699,0.8217,11,26,1,0,315.22,717.5
228.52,-0.5557,0.8314,11,27,1,0,267.01,471.5
136.84,-0.5413,0.8408,11,28,1,0,182.42,350.0
188.94,-0.5268,0.85,11,29,1,0,180.79,549.0
254.65,-0.5121,0.859,11,30,1,0,296.44,555.0
223.03,-0.4972,0.8676,12,1,1,0,224.22,552.0
161.3,-0.4822,0.8761,12,2,1,0,176.49,382.25
154.52,-0.4671,0.8842,12,3,1,0,184.0,542.0
154.1,-0.4518,0.8921,12,4,1,0,182.68,612.28
139.18,-0.4364,0.8998,12,5,1,0,173.96,394.75
139.58,-0.4208,0.9071,12,6,1,0,161.97,389.0
174.82,-0.4052,0.9142,12,7,1,0,197.11,578.0
161.49,-0.3894,0.9211,12,8,1,0,156.9,475.0
163.31,-0.3735,0.9276,12,9,1,0,175.44,427.5
156.68,-0.3575,0.9339,12,10,1,0,160.56,463.0
168.19,-0.3413,0.9399,12,11,1,0,182.37,561.0
227.63,-0.3251,0.9457,12,12,1,0,294.87,665.51
231.66,-0.3088,0.9511,12,13,1,0,294.47,719.0
169.19,-0.2924,0.9563,12,14,1,0,191.95,493.0
186.46,-0.2759,0.9612,12,15,1,0,220.69,482.0
219.33,-0.2593,0.9658,12,16,1,0,280.89,541.91
201.73,-0.2427,0.9701,12,17,1,0,245.12,608.0
154.57,-0.226,0.9741,12,18,1,0,174.45,365.5
131.33,-0.2092,0.9779,12,19,1,0,149.75,420.75
153.31,-0.1923,0.9813,12,20,1,0,140.51,486.06
231.12,-0.1754,0.9845,12,21,1,0,244.39,542.82
309.16,-0.1585,0.9874,12,22,1,0,272.04,634.0
316.03,-0.1414,0.9899,12,23,1,0,372.88,889.5
285.82,-0.1244,0.9922,12,24,1,0,359.89,656.25
216.32,-0.1073,0.9942,12,25,1,0,210.69,579.33
232.53,-0.0902,0.9959,12,26,1,0,227.58,572.75
261.75,-0.073,0.9973,12,27,1,0,187.44,613.75
188.87,-0.0559,0.9984,12,28,1,0,138.42,437.5
253.49,-0.0387,0.9993,12,29,1,0,197.63,560.75
248.19,-0.0215,0.9998,12,30,1,0,214.17,401.0
215.66,-0.0043,1.0,12,31,1,0,191.45,356.0
176.71,0.0172,0.9999,1,1,1,0,154.68,355.0
180.65,0.0344,0.9994,1,2,1,0,168.0,478.5
191.73,0.0516,0.9987,1,3,1,0,129.29,716.0
215.34,0.0688,0.9976,1,4,1,0,189.23,465.75
158.89,0.0859,0.9963,1,5,1,0,117.06,353.25
170.61,0.103,0.9947,1,6,1,0,129.12,473.67
167.25,0.1201,0.9928,1,7,1,0,134.64,473.25
227.1,0.1372,0.9905,1,8,1,0,166.1,737.75
131.42,0.1542,0.988,1,9,1,0,143.72,288.12
154.84,0.1712,0.9852,1,10,1,0,107.78,457.17
188.87,0.1881,0.9821,1,11,1,0,157.43,515.5
181.96,0.205,0.9788,1,12,1,0,127.27,881.0
353.96,0.2218,0.9751,1,13,1,0,224.6,958.0
322.05,0.2385,0.9711,1,14,1,0,237.24,919.0
185.48,0.2552,0.9669,1,15,1,0,135.55,704.75
241.48,0.2718,0.9624,1,16,1,0,211.13,522.5
204.75,0.2883,0.9575,1,17,1,0,183.05,478.75
171.02,0.3047,0.9524,1,18,1,0,102.78,445.0
180.88,0.3211,0.9471,1,19,1,0,144.48,352.0
185.5,0.3373,0.9414,1,20,1,0,138.15,534.0
170.0,0.3534,0.9355,1,21,1,0,135.9,377.75
206.04,0.3695,0.9292,1,22,1,0,144.34,701.0
219.24,0.3854,0.9227,1,23,1,0,142.07,487.0
246.43,0.4012,0.916,1,24,1,0,216.23,531.75
194.53,0.4169,0.9089,1,25,1,0,103.21,655.75
289.48,0.4325,0.9016,1,26,1,0,260.3,917.0
181.24,0.4479,0.8941,1,27,1,0,191.55,583.75
252.72,0.4633,0.8862,1,28,1,0,244.89,693.85
202.95,0.4784,0.8781,1,29,1,0,155.93,541.75
213.54,0.4935,0.8698,1,30,1,0,130.5,529.25
223.33,0.5084,0.8611,1,31,1,0,196.58,517.0
65.75,0.5231,0.8523,2,1,0,0,39.6,201.5
102.63,0.5377,0.8432,2,2,0,0,75.95,242.25
98.88,0.5521,0.8338,2,3,0,0,86.22,505.67
122.9,0.5664,0.8242,2,4,0,0,107.12,379.5
74.81,0.5805,0.8143,2,5,0,0,82.84,184.25
66.58,0.5944,0.8042,2,6,0,0,63.62,361.75
76.73,0.6081,0.7938,2,7,0,0,85.12,255.0
68.77,0.6217,0.7833,2,8,0,0,72.95,154.25
79.73,0.6351,0.7725,2,9,0,0,71.07,558.5
176.74,0.6483,0.7614,2,10,0,0,203.85,389.5
155.21,0.6613,0.7502,2,11,0,0,183.53,441.15
156.73,0.6741,0.7387,2,12,0,0,157.1,623.22
203.35,0.6867,0.727,2,13,0,0,210.56,458.74
167.1,0.6991,0.715,2,14,0,0,188.5,370.0
127.23,0.7113,0.7029,2,15,0,0,146.4,330.25
119.97,0.7233,0.6906,2,16,0,0,154.31,300.5
119.98,0.735,0.678,2,17,0,0,144.88,646.0
131.33,0.7466,0.6653,2,18,0,0,173.24,354.5
89.77,0.7579,0.6523,2,19,0,0,94.2,177.0
120.38,0.769,0.6392,2,20,0,0,118.12,384.67
89.5,0.7799,0.6259,2,21,0,0,92.84,263.0
61.85,0.7906,0.6124,2,22,0,0,89.15,268.68
61.04,0.801,0.5987,2,23,0,0,90.79,217.0
87.64,0.8112,0.5848,2,24,0,0,115.14,300.0
81.27,0.8211,0.5708,2,25,0,0,119.8,288.75
78.98,0.8308,0.5566,2,26,0,0,86.04,306.0
62.45,0.8402,0.5422,2,27,0,0,58.12,304.5
62.5,0.8495,0.5277,2,28,0,0,78.98,150.0
67.57,0.8584,0.513,2,29,0,0,85.39,255.67
91.52,0.8671,0.4981,3,1,0,0,134.08,369.75
33.53,0.8755,0.4831,3,2,0,0,30.69,331.1
48.58,0.8837,0.468,3,3,0,0,49.28,117.9
49.29,0.8916,0.4527,3,4,0,0,71.84,205.88
51.0,0.8993,0.4373,3,5,0,0,69.14,175.0
64.49,0.9067,0.4218,3,6,0,0,79.17,183.0
80.81,0.9138,0.4061,3,7,0,0,121.31,337.5
66.34,0.9207,0.3904,3,8,0,0,104.42,274.0
63.06,0.9272,0.3745,3,9,0,0,93.09,285.0
86.75,0.9335,0.3585,3,10,0,0,138.24,316.0
88.46,0.9396,0.3424,3,11,0,0,131.6,283.0
86.46,0.9453,0.3261,3,12,0,0,148.93,356.25
78.88,0.9508,0.3098,3,13,0,0,127.07,374.75
87.64,0.956,0.2934,3,14,0,0,146.29,340.25
47.12,0.9609,0.2769,3,15,0,0,61.55,523.84
77.67,0.9655,0.2604,3,16,0,0,97.76,272.5
91.12,0.9698,0.2437,3,17,0,0,140.8,319.25
93.32,0.9739,0.227,3,18,0,0,157.23,291.25
108.69,0.9777,0.2102,3,19,0,0,175.32,376.25
108.6,0.9811,0.1934,3,20,0,0,172.42,421.5
77.68,0.9843,0.1765,3,21,0,0,59.9,330.25
82.59,0.9872,0.1595,3,22,0,0,79.74,827.0
96.68,0.9898,0.1425,3,23,0,0,130.32,452.25
86.06,0.9921,0.1255,3,24,0,0,153.42,546.43
95.96,0.9941,0.1084,3,25,0,0,123.37,766.1
64.8,0.9958,0.0913,3,26,0,0,93.9,230.75
71.34,0.9972,0.0741,3,27,0,0,105.85,633.7
68.5,0.9984,0.057,3,28,0,0,91.49,426.88
85.28,0.9992,0.0398,3,29,0,0,117.0,568.35
86.72,0.9997,0.0226,3,30,0,0,102.6,518.72
94.3,1.0,0.0054,3,31,0,0,161.78,409.5
53.67,0.9999,-0.0118,4,1,0,0,88.33,567.9
64.78,0.9996,-0.029,4,2,0,0,118.59,542.43
75.55,0.9989,-0.0462,4,3,0,0,95.29,258.08
64.74,0.998,-0.0634,4,4,0,0,66.14,347.84
63.67,0.9968,-0.0805,4,5,0,0,84.65,237.42
69.6,0.9952,-0.0977,4,6,0,0,110.57,272.0
84.93,0.9934,-0.1148,4,7,0,0,177.41,398.0
88.75,0.9913,-0.1319,4,8,0,0,163.73,446.92
85.74,0.9889,-0.1489,4,9,0,0,124.7,331.43
98.3,0.9861,-0.1659,4,10,0,0,141.13,408.4
88.87,0.9831,-0.1828,4,11,0,0,143.02,483.95
105.11,0.9799,-0.1997,4,12,0,0,166.63,368.48
66.97,0.9763,-0.2165,4,13,0,0,76.5,438.28
64.63,0.9724,-0.2333,4,14,0,0,78.3,294.48
105.5,0.9683,-0.25,4,15,0,0,152.52,465.69
86.72,0.9638,-0.2666,4,16,0,0,153.98,448.0
43.9,0.9591,-0.2831,4,17,0,0,66.24,288.8
56.12,0.9541,-0.2996,4,18,0,0,92.33,375.4
63.15,0.9488,-0.316,4,19,0,0,82.74,302.02
65.01,0.9432,-0.3322,4,20,0,0,90.71,356.66
47.47,0.9373,-0.3484,4,21,0,0,64.36,311.12
40.97,0.9312,-0.3645,4,22,0,0,27.3,309.25
71.66,0.9248,-0.3804,4,23,0,0,92.4,332.25
70.77,0.9181,-0.3963,4,24,0,0,126.53,405.0
83.96,0.9112,-0.412,4,25,0,0,174.96,518.25
66.73,0.9039,-0.4276,4,26,0,0,92.69,260.0
57.75,0.8965,-0.4431,4,27,0,0,66.83,278.97
58.7,0.8887,-0.4585,4,28,0,0,67.53,340.22
80.76,0.8807,-0.4737,4,29,0,0,131.67,234.5
63.92,0.8724,-0.4888,4,30,0,0,91.66,325.5
65.65,0.8639,-0.5037,5,1,0,0,62.86,392.75
83.75,0.8551,-0.5185,5,2,0,0,120.49,362.0
134.28,0.846,-0.5331,5,3,0,0,202.24,468.98
142.52,0.8367,-0.5476,5,4,0,0,227.39,440.95
142.22,0.8272,-0.5619,5,5,0,0,264.3,575.75
114.38,0.8174,-0.5761,5,6,0,0,178.61,544.28
153.68,0.8074,-0.59,5,7,0,0,242.45,501.0
75.7,0.7971,-0.6038,5,8,0,0,65.79,381.71
57.38,0.7866,-0.6175,5,9,0,0,42.19,190.7
79.65,0.7759,-0.6309,5,10,0,0,69.38,942.14
72.03,0.7649,-0.6442,5,11,0,0,87.8,937.56
85.34,0.7537,-0.6572,5,12,0,0,93.66,416.0
96.45,0.7423,-0.6701,5,13,0,0,108.86,447.62
110.77,0.7306,-0.6828,5,14,0,0,184.72,942.06
125.21,0.7188,-0.6952,5,15,0,0,191.41,497.88
105.87,0.7067,-0.7075,5,16,0,0,103.27,336.32
91.4,0.6945,-0.7195,5,17,0,0,97.71,455.2
110.13,0.682,-0.7314,5,18,0,0,142.61,461.08
97.3,0.6693,-0.743,5,19,0,0,165.85,331.0
86.89,0.6564,-0.7544,5,20,0,0,133.35,942.44
82.25,0.6433,-0.7656,5,21,0,0,80.16,345.62
71.31,0.6301,-0.7765,5,22,0,0,73.7,199.0
54.6,0.6166,-0.7873,5,23,0,0,50.08,534.0
55.08,0.603,-0.7978,5,24,0,0,51.51,687.33
69.06,0.5892,-0.808,5,25,0,0,78.33,484.22
77.83,0.5752,-0.818,5,26,0,0,122.22,724.05
94.46,0.561,-0.8278,5,27,0,0,115.4,806.88
95.19,0.5467,-0.8373,5,28,0,0,109.84,503.78
72.41,0.5322,-0.8466,5,29,0,0,69.93,232.07
67.0,0.5176,-0.8556,5,30,0,0,75.42,530.0
71.57,0.5028,-0.8644,5,31,0,0,82.35,720.85
75.06,0.4878,-0.8729,6,1,0,0,88.07,484.68
47.07,0.4728,-0.8812,6,2,0,0,52.75,353.9
58.78,0.4575,-0.8892,6,3,0,0,55.73,830.8
77.2,0.4422,-0.8969,6,4,0,0,65.62,651.9
75.46,0.4267,-0.9044,6,5,0,0,61.75,960.04
56.97,0.4111,-0.9116,6,6,0,0,54.09,960.04
64.59,0.3953,-0.9185,6,7,0,0,88.6,826.68
62.7,0.3795,-0.9252,6,8,0,0,70.07,517.0
55.34,0.3635,-0.9316,6,9,0,0,76.61,783.42
54.09,0.3474,-0.9377,6,10,0,0,50.08,545.1
87.56,0.3312,-0.9436,6,11,0,0,145.0,958.38
69.53,0.3149,-0.9491,6,12,0,0,79.64,604.6
54.47,0.2986,-0.9544,6,13,0,0,40.91,555.92
47.73,0.2821,-0.9594,6,14,0,0,45.94,957.3
46.51,0.2656,-0.9641,6,15,0,0,40.34,366.6
57.05,0.2489,-0.9685,6,16,0,0,71.94,435.58
54.85,0.2322,-0.9727,6,17,0,0,63.44,257.74
72.03,0.2155,-0.9765,6,18,0,0,65.02,275.75
66.38,0.1986,-0.9801,6,19,0,0,46.3,505.3
45.45,0.1818,-0.9833,6,20,0,0,39.76,250.05
64.15,0.1648,-0.9863,6,21,0,0,65.06,222.48
90.97,0.1478,-0.989,6,22,0,0,143.47,530.9
62.9,0.1308,-0.9914,6,23,0,0,73.78,290.55
59.25,0.1137,-0.9935,6,24,0,0,73.91,214.62
67.44,0.0966,-0.9953,6,25,0,0,72.47,540.02
51.45,0.0795,-0.9968,6,26,0,0,72.43,247.49
30.98,0.0623,-0.9981,6,27,0,0,36.68,895.74
37.15,0.0451,-0.999,6,28,0,0,13.21,551.28
46.95,0.028,-0.9996,6,29,0,0,66.67,296.73
60.22,0.0108,-0.9999,6,30,0,0,62.81,210.0
35.88,-0.0065,-1.0,7,1,0,0,25.08,116.0
42.69,-0.0237,-0.9997,7,2,0,0,56.37,223.0
35.51,-0.0408,-0.9992,7,3,0,0,43.66,212.0
28.18,-0.058,-0.9983,7,4,0,0,24.9,942.06
28.51,-0.0752,-0.9972,7,5,0,0,41.37,111.0
23.94,-0.0923,-0.9957,7,6,0,0,28.39,74.0
11.97,-0.1094,-0.994,7,7,0,0,9.79,73.0
21.51,-0.1265,-0.992,7,8,0,0,22.95,102.0
45.17,-0.1436,-0.9896,7,9,0,0,45.34,957.7
61.77,-0.1606,-0.987,7,10,0,0,76.81,949.68
52.49,-0.1775,-0.9841,7,11,0,0,60.01,274.4
27.52,-0.1944,-0.9809,7,12,0,0,18.67,110.73
38.3,-0.2113,-0.9774,7,13,0,0,31.73,201.77
49.25,-0.2281,-0.9736,7,14,0,0,56.36,234.0
46.03,-0.2448,-0.9696,7,15,0,0,55.25,332.97
43.63,-0.2614,-0.9652,7,16,0,0,49.58,151.0
36.11,-0.278,-0.9606,7,17,0,0,32.5,206.0
43.18,-0.2945,-0.9557,7,18,0,0,49.19,185.0
65.17,-0.3109,-0.9505,7,19,0,0,68.39,176.0
49.09,-0.3272,-0.945,7,20,0,0,41.51,399.82
41.75,-0.3434,-0.9392,7,21,0,0,35.8,190.0
34.71,-0.3595,-0.9332,7,22,0,0,41.74,205.1
43.21,-0.3755,-0.9268,7,23,0,0,40.94,223.0
47.22,-0.3914,-0.9202,7,24,0,0,22.37,202.34
38.5,-0.4071,-0.9134,7,25,0,0,30.7,197.0
48.84,-0.4228,-0.9062,7,26,0,0,25.79,774.31
44.1,-0.4383,-0.8988,7,27,0,0,43.08,262.5
29.58,-0.4537,-0.8912,7,28,0,0,47.7,187.13
32.49,-0.469,-0.8832,7,29,0,0,29.25,213.83
40.78,-0.4841,-0.875,7,30,0,0,38.51,129.0
33.63,-0.4991,-0.8666,7,31,0,0,39.57,521.6
19.11,-0.5139,-0.8578,8,1,0,0,11.78,765.9
32.99,-0.5286,-0.8489,8,2,0,0,38.25,200.32
22.8,-0.5431,-0.8397,8,3,0,0,22.33,89.0
18.44,-0.5575,-0.8302,8,4,0,0,17.45,127.0
20.91,-0.5717,-0.8205,8,5,0,0,23.68,60.62
21.03,-0.5857,-0.8105,8,6,0,0,18.45,814.46
18.1,-0.5996,-0.8003,8,7,0,0,14.61,119.6
21.46,-0.6132,-0.7899,8,8,0,0,22.07,299.02
26.0,-0.6267,-0.7792,8,9,0,0,30.82,315.69
33.01,-0.64,-0.7683,8,10,0,0,37.3,127.0
27.23,-0.6532,-0.7572,8,11,0,0,31.07,135.42
28.42,-0.6661,-0.7459,8,12,0,0,28.91,137.84
24.7,-0.6788,-0.7343,8,13,0,0,21.54,906.46
35.64,-0.6914,-0.7225,8,14,0,0,46.9,175.0
27.01,-0.7037,-0.7105,8,15,0,0,27.51,105.0
21.76,-0.7158,-0.6983,8,16,0,0,33.58,93.0
30.57,-0.7277,-0.6859,8,17,0,0,28.92,164.99
30.02,-0.7394,-0.6733,8,18,0,0,28.36,120.15
28.04,-0.7509,-0.6605,8,19,0,0,30.16,120.68
22.69,-0.7621,-0.6474,8,20,0,0,14.25,85.0
29.39,-0.7731,-0.6342,8,21,0,0,25.67,104.0
28.88,-0.7839,-0.6208,8,22,0,0,23.59,256.58
27.7,-0.7945,-0.6073,8,23,0,0,27.96,123.0
48.1,-0.8048,-0.5935,8,24,0,0,66.55,166.0
26.58,-0.8149,-0.5796,8,25,0,0,24.75,165.54
28.36,-0.8248,-0.5655,8,26,0,0,29.9,183.48
20.53,-0.8344,-0.5512,8,27,0,0,22.85,105.96
22.52,-0.8437,-0.5368,8,28,0,0,17.79,83.42
26.93,-0.8528,-0.5222,8,29,0,0,15.53,210.0
47.51,-0.8617,-0.5074,8,30,0,0,60.65,315.0
38.74,-0.8703,-0.4925,8,31,0,0,40.85,186.02
40.45,-0.8786,-0.4775,9,1,0,0,39.96,136.12
32.7,-0.8867,-0.4623,9,2,0,0,34.62,202.36
33.86,-0.8945,-0.447,9,3,0,0,35.89,174.38
23.5,-0.9021,-0.4315,9,4,0,0,25.29,85.0
40.35,-0.9094,-0.4159,9,5,0,0,28.36,512.55
29.93,-0.9164,-0.4002,9,6,0,0,37.68,111.0
28.02,-0.9232,-0.3844,9,7,0,0,34.8,100.0
50.87,-0.9296,-0.3685,9,8,0,0,55.1,141.0
49.05,-0.9358,-0.3524,9,9,0,0,54.34,155.0
42.02,-0.9418,-0.3363,9,10,0,0,48.53,425.68
34.43,-0.9474,-0.32,9,11,0,0,40.96,156.0
16.94,-0.9528,-0.3037,9,12,0,0,11.26,218.7
18.27,-0.9579,-0.2873,9,13,0,0,11.48,80.02
29.35,-0.9627,-0.2707,9,14,0,0,23.69,143.0
41.16,-0.9672,-0.2541,9,15,0,0,33.19,210.75
50.98,-0.9714,-0.2375,9,16,0,0,44.48,256.77
57.66,-0.9753,-0.2207,9,17,0,0,55.58,262.0
36.81,-0.979,-0.2039,9,18,0,0,57.93,175.0
33.65,-0.9824,-0.187,9,19,0,0,22.22,526.78
33.73,-0.9854,-0.1701,9,20,0,0,33.23,251.0
46.57,-0.9882,-0.1531,9,21,0,0,42.56,450.0
73.74,-0.9907,-0.1361,9,22,0,0,83.29,402.0
81.05,-0.9929,-0.1191,9,23,0,0,81.48,693.05
96.32,-0.9948,-0.102,9,24,0,0,92.12,388.0
84.05,-0.9964,-0.0848,9,25,0,0,113.08,405.0
28.35,-0.9977,-0.0677,9,26,0,0,29.5,136.0
17.48,-0.9987,-0.0505,9,27,0,0,15.85,457.93
21.54,-0.9994,-0.0333,9,28,0,0,14.36,279.0
31.56,-0.9999,-0.0161,9,29,0,0,34.07,488.7
63.4,-1.0,0.0011,9,30,0,0,74.46,186.0
50.61,-1.0,0.0011,10,1,0,0,68.41,177.0
54.83,-0.9998,0.0183,10,2,0,0,55.51,178.5
37.36,-0.9994,0.0355,10,3,0,0,49.38,114.33
31.82,-0.9986,0.0527,10,4,0,0,36.44,482.25
40.86,-0.9976,0.0698,10,5,0,0,32.54,129.73
51.69,-0.9962,0.087,10,6,0,0,62.61,703.3
64.6,-0.9946,0.1041,10,7,0,0,64.7,287.25
71.38,-0.9926,0.1212,10,8,0,0,81.18,261.75
67.06,-0.9904,0.1383,10,9,0,0,72.61,196.82
64.56,-0.9879,0.1553,10,10,0,0,73.76,191.25
65.95,-0.9851,0.1722,10,11,0,0,77.68,410.33
70.25,-0.9819,0.1892,10,12,0,0,97.36,458.45
77.42,-0.9785,0.206,10,13,0,0,89.43,166.0
75.29,-0.9749,0.2228,10,14,0,0,88.05,215.48
91.62,-0.9709,0.2396,10,15,1,0,99.28,230.0
160.6,-0.9666,0.2562,10,16,1,0,172.85,361.5
113.29,-0.9621,0.2728,10,17,1,0,165.29,654.75
16.65,-0.9572,0.2893,10,18,1,0,9.86,205.1
52.53,-0.9521,0.3057,10,19,1,0,30.74,186.91
100.85,-0.9467,0.3221,10,20,1,1,96.99,499.75
72.64,-0.941,0.3383,10,21,1,1,65.57,366.97
56.72,-0.9351,0.3545,10,22,1,1,47.4,298.0
62.65,-0.9288,0.3705,10,23,1,1,87.92,226.8
65.97,-0.9223,0.3864,10,24,1,1,88.51,297.68
42.21,-0.9155,0.4022,10,25,1,1,38.28,158.2
69.24,-0.9085,0.4179,10,26,1,1,73.6,325.66
109.05,-0.9012,0.4335,10,27,1,1,132.76,962.47
124.19,-0.8936,0.4489,10,28,1,1,149.44,466.25
130.53,-0.8857,0.4642,10,29,1,1,166.58,432.43
112.9,-0.8776,0.4794,10,30,1,1,148.67,269.0
134.45,-0.8692,0.4944,10,31,1,1,158.28,680.02
139.16,-0.8606,0.5093,11,1,1,1,150.74,417.56
134.71,-0.8517,0.524,11,2,1,1,158.39,401.0
162.74,-0.8426,0.5386,11,3,1,1,158.28,704.5
316.9,-0.8332,0.553,11,4,1,1,267.75,995.0
416.77,-0.8235,0.5672,11,5,1,1,519.22,997.63
319.47,-0.8137,0.5813,11,6,1,1,332.39,765.0
262.63,-0.8035,0.5952,11,7,1,1,321.22,593.5
253.53,-0.7932,0.609,11,8,1,1,332.58,650.67
265.25,-0.7826,0.6225,11,9,1,1,323.17,751.35
233.41,-0.7718,0.6359,11,10,1,1,205.8,975.1
306.53,-0.7607,0.6491,11,11,1,1,285.69,997.6
384.56,-0.7494,0.6621,11,12,1,1,440.73,699.75
263.07,-0.7379,0.6749,11,13,1,1,360.29,663.0
183.04,-0.7262,0.6875,11,14,1,1,182.18,559.29
208.8,-0.7143,0.6998,11,15,1,1,195.1,652.86
252.06,-0.7021,0.712,11,16,1,1,314.24,573.9
213.03,-0.6898,0.724,11,17,1,1,249.61,545.68
213.94,-0.6772,0.7358,11,18,1,1,273.22,646.09
230.41,-0.6645,0.7473,11,19,1,1,286.23,473.25
222.03,-0.6515,0.7586,11,20,1,1,248.07,543.81
187.73,-0.6384,0.7697,11,21,1,0,249.24,521.07
139.41,-0.625,0.7806,11,22,1,0,164.24,300.25
152.83,-0.6115,0.7912,11,23,1,0,146.69,558.85
232.67,-0.5978,0.8016,11,24,1,0,238.73,630.92
258.26,-0.584,0.8118,11,25,1,0,281.81,647.5
272.51,-0.5699,0.8217,11,26,1,0,342.73,920.5
252.82,-0.5557,0.8314,11,27,1,0,277.26,564.9
268.55,-0.5413,0.8408,11,28,1,0,303.6,571.25
214.44,-0.5268,0.85,11,29,1,0,280.48,591.75
174.95,-0.5121,0.859,11,30,1,0,178.7,418.7
251.75,-0.4972,0.8676,12,1,1,0,224.22,628.25
262.35,-0.4822,0.8761,12,2,1,0,303.28,728.75
203.28,-0.4671,0.8842,12,3,1,0,200.73,689.0
171.39,-0.4518,0.8921,12,4,1,0,225.64,515.5
182.26,-0.4364,0.8998,12,5,1,0,212.15,633.25
143.38,-0.4208,0.9071,12,6,1,0,158.74,633.9
109.64,-0.4052,0.9142,12,7,1,0,123.65,298.75
115.53,-0.3894,0.9211,12,8,1,0,127.39,389.45
158.44,-0.3735,0.9276,12,9,1,0,158.08,686.75
150.32,-0.3575,0.9339,12,10,1,0,162.28,433.25
122.17,-0.3413,0.9399,12,11,1,0,130.1,659.0
143.5,-0.3251,0.9457,12,12,1,0,134.15,629.5
208.48,-0.3088,0.9511,12,13,1,0,262.92,938.0
226.41,-0.2924,0.9563,12,14,1,0,276.31,658.75
189.78,-0.2759,0.9612,12,15,1,0,199.17,524.0
219.25,-0.2593,0.9658,12,16,1,0,233.31,550.25
151.99,-0.2427,0.9701,12,17,1,0,187.97,383.0
139.07,-0.226,0.9741,12,18,1,0,141.5,418.8
145.13,-0.2092,0.9779,12,19,1,0,122.5,489.5
196.18,-0.1923,0.9813,12,20,1,0,164.86,985.0
296.12,-0.1754,0.9845,12,21,1,0,370.11,985.0
304.49,-0.1585,0.9874,12,22,1,0,357.49,918.5
352.64,-0.1414,0.9899,12,23,1,0,422.22,840.0
290.86,-0.1244,0.9922,12,24,1,0,319.31,879.5
365.24,-0.1073,0.9942,12,25,1,0,386.2,973.0
367.61,-0.0902,0.9959,12,26,1,0,427.16,835.5
119.32,-0.073,0.9973,12,27,1,0,105.9,707.25
149.27,-0.0559,0.9984,12,28,1,0,152.45,465.0
138.01,-0.0387,0.9993,12,29,1,0,156.99,751.75
164.4,-0.0215,0.9998,12,30,1,0,186.85,931.8
188.11,-0.0043,1.0,12,31,1,0,204.05,934.1
238.69,0.0172,0.9999,1,1,1,0,202.42,773.5
265.11,0.0344,0.9994,1,2,1,0,270.07,818.75
246.69,0.0516,0.9987,1,3,1,0,235.29,856.0
220.81,0.0688,0.9976,1,4,1,0,252.29,698.75
265.96,0.0859,0.9963,1,5,1,0,349.82,682.2
109.5,0.103,0.9947,1,6,1,0,153.98,291.12
70.24,0.1201,0.9928,1,7,1,0,82.85,174.0
46.6,0.1372,0.9905,1,8,1,0,48.84,597.2
44.1,0.1542,0.988,1,9,1,0,26.94,195.67
90.21,0.1712,0.9852,1,10,1,0,81.79,309.67
93.39,0.1881,0.9821,1,11,1,0,95.03,458.75
111.43,0.205,0.9788,1,12,1,0,78.9,493.4
205.32,0.2218,0.9751,1,13,1,0,160.48,813.75
187.32,0.2385,0.9711,1,14,1,0,129.87,479.33
118.68,0.2552,0.9669,1,15,1,0,68.27,375.67
137.41,0.2718,0.9624,1,16,1,0,95.92,415.0
174.77,0.2883,0.9575,1,17,1,0,126.57,505.33
178.79,0.3047,0.9524,1,18,1,0,201.62,444.0
186.01,0.3211,0.9471,1,19,1,0,155.28,600.1
238.21,0.3373,0.9414,1,20,1,0,193.92,451.7
197.22,0.3534,0.9355,1,21,1,0,153.95,560.75
130.02,0.3695,0.9292,1,22,1,0,117.19,903.7
109.91,0.3854,0.9227,1,23,1,0,71.84,534.0
112.47,0.4012,0.916,1,24,1,0,65.48,570.0
119.76,0.4169,0.9089,1,25,1,0,70.15,547.0
126.34,0.4325,0.9016,1,26,1,0,94.48,646.5
118.13,0.4479,0.8941,1,27,1,0,105.53,538.1
103.89,0.4633,0.8862,1,28,1,0,98.14,841.5
124.1,0.4784,0.8781,1,29,1,0,115.06,895.9
143.1,0.4935,0.8698,1,30,1,0,148.19,953.6
215.21,0.5084,0.8611,1,31,1,0,207.11,871.6
202.33,0.5231,0.8523,2,1,0,0,203.1,833.8
161.68,0.5377,0.8432,2,2,0,0,148.87,730.45
142.22,0.5521,0.8338,2,3,0,0,166.98,558.3
64.38,0.5664,0.8242,2,4,0,0,48.62,813.1
129.48,0.5805,0.8143,2,5,0,0,86.26,694.75
162.97,0.5944,0.8042,2,6,0,0,199.03,732.25
123.8,0.6081,0.7938,2,7,0,0,133.18,850.0
146.36,0.6217,0.7833,2,8,0,0,164.75,554.05
95.7,0.6351,0.7725,2,9,0,0,58.05,756.35
82.18,0.6483,0.7614,2,10,0,0,74.62,614.8
88.88,0.6613,0.7502,2,11,0,0,104.79,658.4
93.96,0.6741,0.7387,2,12,0,0,101.03,819.8
125.88,0.6867,0.727,2,13,0,0,164.91,572.25
116.5,0.6991,0.715,2,14,0,0,152.48,685.73
105.06,0.7113,0.7029,2,15,0,0,142.07,680.8
139.55,0.7233,0.6906,2,16,0,0,187.94,518.0
113.76,0.735,0.678,2,17,0,0,128.62,393.5
114.55,0.7466,0.6653,2,18,0,0,180.36,557.7
85.13,0.7579,0.6523,2,19,0,0,98.02,792.75
82.67,0.769,0.6392,2,20,0,0,99.35,814.1
80.89,0.7799,0.6259,2,21,0,0,77.72,841.5
99.45,0.7906,0.6124,2,22,0,0,127.66,669.0
112.36,0.801,0.5987,2,23,0,0,111.56,491.55
149.33,0.8112,0.5848,2,24,0,0,203.59,458.5
126.85,0.8211,0.5708,2,25,0,0,191.24,410.0
27.32,0.8308,0.5566,2,26,0,0,18.8,276.0
43.55,0.8402,0.5422,2,27,0,0,49.78,141.75
46.79,0.8495,0.5277,2,28,0,0,51.25,302.2
85.2,0.8584,0.513,3,1,0,0,103.27,518.8
103.09,0.8671,0.4981,3,2,0,0,149.55,315.75
81.43,0.8755,0.4831,3,3,0,0,89.55,355.0
76.79,0.8837,0.468,3,4,0,0,110.28,265.15
57.07,0.8916,0.4527,3,5,0,0,67.97,177.75
86.4,0.8993,0.4373,3,6,0,0,100.89,624.6
120.95,0.9067,0.4218,3,7,0,0,154.56,475.25
120.12,0.9138,0.4061,3,8,0,0,206.2,489.05
68.32,0.9207,0.3904,3,9,0,0,98.59,244.0
64.08,0.9272,0.3745,3,10,0,0,84.09,397.0
77.38,0.9335,0.3585,3,11,0,0,116.53,253.25
73.17,0.9396,0.3424,3,12,0,0,100.11,228.5
89.79,0.9453,0.3261,3,13,0,0,107.3,258.7
118.62,0.9508,0.3098,3,14,0,0,184.2,354.32
116.63,0.956,0.2934,3,15,0,0,173.89,563.52
92.63,0.9609,0.2769,3,16,0,0,122.83,655.1
118.24,0.9655,0.2604,3,17,0,0,126.48,271.25
137.76,0.9698,0.2437,3,18,0,0,161.62,424.92
106.58,0.9739,0.227,3,19,0,0,114.19,322.88
104.26,0.9777,0.2102,3,20,0,0,125.51,606.98
130.28,0.9811,0.1934,3,21,0,0,188.16,417.5
80.13,0.9843,0.1765,3,22,0,0,91.92,367.0
100.6,0.9872,0.1595,3,23,0,0,131.08,507.0
114.07,0.9898,0.1425,3,24,0,0,193.47,395.0
88.68,0.9921,0.1255,3,25,0,0,120.84,258.08
84.56,0.9941,0.1084,3,26,0,0,130.38,266.25
89.19,0.9958,0.0913,3,27,0,0,117.92,273.95
103.39,0.9972,0.0741,3,28,0,0,141.58,363.7
120.23,0.9984,0.057,3,29,0,0,174.75,392.0
125.33,0.9992,0.0398,3,30,0,0,184.83,482.0
141.8,0.9997,0.0226,3,31,0,0,190.73,621.41
73.4,1.0,0.0054,4,1,0,0,110.61,261.08
106.92,0.9999,-0.0118,4,2,0,0,155.26,486.75
105.31,0.9996,-0.029,4,3,0,0,147.27,554.12
106.92,0.9989,-0.0462,4,4,0,0,119.72,412.75
102.59,0.998,-0.0634,4,5,0,0,199.12,403.5
118.61,0.9968,-0.0805,4,6,0,0,218.45,657.1
124.24,0.9952,-0.0977,4,7,0,0,194.43,451.0
110.12,0.9934,-0.1148,4,8,0,0,151.85,420.0
109.85,0.9913,-0.1319,4,9,0,0,156.71,713.2
106.36,0.9889,-0.1489,4,10,0,0,144.57,376.0
109.75,0.9861,-0.1659,4,11,0,0,168.72,458.7
92.42,0.9831,-0.1828,4,12,0,0,92.16,743.0
111.71,0.9799,-0.1997,4,13,0,0,204.68,412.32
76.82,0.9763,-0.2165,4,14,0,0,100.49,367.6
70.63,0.9724,-0.2333,4,15,0,0,77.51,257.88
102.22,0.9683,-0.25,4,16,0,0,135.16,257.25
106.5,0.9638,-0.2666,4,17,0,0,148.91,350.08
112.05,0.9591,-0.2831,4,18,0,0,143.79,894.0
133.61,0.9541,-0.2996,4,19,0,0,225.39,487.0
95.54,0.9488,-0.316,4,20,0,0,125.03,438.0
104.24,0.9432,-0.3322,4,21,0,0,115.77,340.9
65.22,0.9373,-0.3484,4,22,0,0,57.95,426.05
110.12,0.9312,-0.3645,4,23,0,0,190.55,412.47
120.75,0.9248,-0.3804,4,24,0,0,201.2,501.67
100.34,0.9181,-0.3963,4,25,0,0,132.63,394.4
81.97,0.9112,-0.412,4,26,0,0,78.35,458.1
153.86,0.9039,-0.4276,4,27,0,0,283.33,723.0
163.21,0.8965,-0.4431,4,28,0,0,204.22,765.92
148.54,0.8887,-0.4585,4,29,0,0,173.09,510.0
121.09,0.8807,-0.4737,4,30,0,0,152.58,444.0
90.46,0.8724,-0.4888,5,1,0,0,85.1,378.1
73.78,0.8639,-0.5037,5,2,0,0,73.02,193.8
98.47,0.8551,-0.5185,5,3,0,0,75.58,378.55
73.54,0.846,-0.5331,5,4,0,0,91.45,294.5
71.62,0.8367,-0.5476,5,5,0,0,82.66,213.25
115.78,0.8272,-0.5619,5,6,0,0,151.07,393.79
86.89,0.8174,-0.5761,5,7,0,0,94.49,394.15
82.76,0.8074,-0.59,5,8,0,0,82.24,317.93
66.6,0.7971,-0.6038,5,9,0,0,68.42,342.57
64.78,0.7866,-0.6175,5,10,0,0,71.54,208.72
62.23,0.7759,-0.6309,5,11,0,0,62.55,195.1
67.67,0.7649,-0.6442,5,12,0,0,63.77,284.5
76.01,0.7537,-0.6572,5,13,0,0,56.15,302.82
108.68,0.7423,-0.6701,5,14,0,0,171.32,482.76
98.88,0.7306,-0.6828,5,15,0,0,154.71,394.61
96.8,0.7188,-0.6952,5,16,0,0,85.25,889.56
68.76,0.7067,-0.7075,5,17,0,0,46.22,236.42
76.49,0.6945,-0.7195,5,18,0,0,78.65,284.62
88.25,0.682,-0.7314,5,19,0,0,96.65,260.2
92.72,0.6693,-0.743,5,20,0,0,114.24,470.15
76.87,0.6564,-0.7544,5,21,0,0,70.19,404.62
64.57,0.6433,-0.7656,5,22,0,0,75.6,273.0
30.37,0.6301,-0.7765,5,23,0,0,21.62,130.0
36.28,0.6166,-0.7873,5,24,0,0,30.55,192.42
81.34,0.603,-0.7978,5,25,0,0,108.12,534.0
94.83,0.5892,-0.808,5,26,0,0,125.56,622.6
81.91,0.5752,-0.818,5,27,0,0,106.06,217.0
75.39,0.561,-0.8278,5,28,0,0,65.53,283.68
72.29,0.5467,-0.8373,5,29,0,0,83.49,209.15
65.49,0.5322,-0.8466,5,30,0,0,69.05,436.25
99.01,0.5176,-0.8556,5,31,0,0,83.63,344.67
97.93,0.5028,-0.8644,6,1,0,0,147.1,353.12
77.59,0.4878,-0.8729,6,2,0,0,103.56,269.05
89.98,0.4728,-0.8812,6,3,0,0,136.35,275.25
81.09,0.4575,-0.8892,6,4,0,0,113.17,306.58
59.21,0.4422,-0.8969,6,5,0,0,52.12,298.7
53.82,0.4267,-0.9044,6,6,0,0,52.72,193.75
88.0,0.4111,-0.9116,6,7,0,0,71.28,388.0
78.4,0.3953,-0.9185,6,8,0,0,82.01,360.25
62.57,0.3795,-0.9252,6,9,0,0,61.73,252.6
75.31,0.3635,-0.9316,6,10,0,0,77.98,269.25
70.14,0.3474,-0.9377,6,11,0,0,68.3,192.75
74.34,0.3312,-0.9436,6,12,0,0,86.06,261.25
51.93,0.3149,-0.9491,6,13,0,0,34.18,190.75
56.4,0.2986,-0.9544,6,14,0,0,61.94,210.0
35.44,0.2821,-0.9594,6,15,0,0,36.86,187.7
34.81,0.2656,-0.9641,6,16,0,0,34.26,398.45
28.28,0.2489,-0.9685,6,17,0,0,19.79,90.1
34.62,0.2322,-0.9727,6,18,0,0,42.9,120.08
42.72,0.2155,-0.9765,6,19,0,0,54.49,173.0
53.46,0.1986,-0.9801,6,20,0,0,65.93,271.0
44.11,0.1818,-0.9833,6,21,0,0,63.39,193.5
51.49,0.1648,-0.9863,6,22,0,0,38.76,153.0
56.32,0.1478,-0.989,6,23,0,0,53.84,209.5
72.0,0.1308,-0.9914,6,24,0,0,102.15,258.75
80.74,0.1137,-0.9935,6,25,0,0,103.06,343.0
65.27,0.0966,-0.9953,6,26,0,0,65.89,295.6
55.02,0.0795,-0.9968,6,27,0,0,51.71,141.45
74.87,0.0623,-0.9981,6,28,0,0,68.65,221.0
60.43,0.0451,-0.999,6,29,0,0,39.46,226.7
37.61,0.028,-0.9996,6,30,0,0,33.29,430.33
36.33,0.0108,-0.9999,7,1,0,0,45.16,338.0
42.77,-0.0065,-1.0,7,2,0,0,66.61,165.67
30.43,-0.0237,-0.9997,7,3,0,0,20.7,138.25
63.45,-0.0408,-0.9992,7,4,0,0,56.27,172.0
65.09,-0.058,-0.9983,7,5,0,0,83.93,204.0
51.42,-0.0752,-0.9972,7,6,0,0,50.91,221.88
39.84,-0.0923,-0.9957,7,7,0,0,45.99,250.25
37.09,-0.1094,-0.994,7,8,0,0,41.18,248.0
40.97,-0.1265,-0.992,7,9,0,0,56.32,118.75
32.83,-0.1436,-0.9896,7,10,0,0,33.02,101.02
44.83,-0.1606,-0.987,7,11,0,0,46.68,170.25
41.83,-0.1775,-0.9841,7,12,0,0,40.27,682.03
34.51,-0.1944,-0.9809,7,13,0,0,34.52,176.78
30.76,-0.2113,-0.9774,7,14,0,0,34.16,137.45
26.49,-0.2281,-0.9736,7,15,0,0,20.34,170.16
24.89,-0.2448,-0.9696,7,16,0,0,24.14,355.38
28.45,-0.2614,-0.9652,7,17,0,0,11.8,453.8
43.29,-0.278,-0.9606,7,18,0,0,52.97,234.61
42.92,-0.2945,-0.9557,7,19,0,0,40.34,156.0
33.38,-0.3109,-0.9505,7,20,0,0,46.79,122.0
44.16,-0.3272,-0.945,7,21,0,0,24.17,180.5
55.16,-0.3434,-0.9392,7,22,0,0,72.88,175.0
29.52,-0.3595,-0.9332,7,23,0,0,28.55,83.75
24.77,-0.3755,-0.9268,7,24,0,0,20.19,120.7
24.63,-0.3914,-0.9202,7,25,0,0,23.37,89.18
28.09,-0.4071,-0.9134,7,26,0,0,31.65,87.0
30.82,-0.4228,-0.9062,7,27,0,0,30.24,171.0
22.01,-0.4383,-0.8988,7,28,0,0,22.15,83.28
19.28,-0.4537,-0.8912,7,29,0,0,21.15,89.7
22.14,-0.469,-0.8832,7,30,0,0,19.05,89.0
23.89,-0.4841,-0.875,7,31,0,0,23.02,82.25
26.41,-0.4991,-0.8666,8,1,0,0,26.42,133.09
32.31,-0.5139,-0.8578,8,2,0,0,25.05,149.25
48.43,-0.5286,-0.8489,8,3,0,0,39.76,165.39
46.68,-0.5431,-0.8397,8,4,0,0,59.37,128.0
38.62,-0.5575,-0.8302,8,5,0,0,34.97,162.5
52.04,-0.5717,-0.8205,8,6,0,0,52.92,182.75
45.98,-0.5857,-0.8105,8,7,0,0,72.95,153.0
44.97,-0.5996,-0.8003,8,8,0,0,46.35,158.13
41.5,-0.6132,-0.7899,8,9,0,0,54.17,143.0
27.02,-0.6267,-0.7792,8,10,0,0,34.2,136.97
16.74,-0.64,-0.7683,8,11,0,0,14.3,114.94
19.39,-0.6532,-0.7572,8,12,0,0,18.36,74.0
27.24,-0.6661,-0.7459,8,13,0,0,32.25,83.0
26.21,-0.6788,-0.7343,8,14,0,0,13.74,83.0
18.8,-0.6914,-0.7225,8,15,0,0,14.02,83.0
15.86,-0.7037,-0.7105,8,16,0,0,15.28,60.01
14.19,-0.7158,-0.6983,8,17,0,0,11.42,171.6
20.33,-0.7277,-0.6859,8,18,0,0,13.35,75.42
18.3,-0.7394,-0.6733,8,19,0,0,12.36,287.0
31.77,-0.7509,-0.6605,8,20,0,0,23.33,139.0
46.88,-0.7621,-0.6474,8,21,0,0,54.4,130.5
35.87,-0.7731,-0.6342,8,22,0,0,54.37,111.12
24.97,-0.7839,-0.6208,8,23,0,0,32.75,75.0
22.73,-0.7945,-0.6073,8,24,0,0,18.38,277.92
36.41,-0.8048,-0.5935,8,25,0,0,28.57,348.25
35.46,-0.8149,-0.5796,8,26,0,0,31.33,157.0
32.05,-0.8248,-0.5655,8,27,0,0,30.52,225.35
37.18,-0.8344,-0.5512,8,28,0,0,33.27,159.6
40.54,-0.8437,-0.5368,8,29,0,0,37.8,138.65
48.48,-0.8528,-0.5222,8,30,0,0,49.26,185.75
43.79,-0.8617,-0.5074,8,31,0,0,44.25,234.32
45.12,-0.8703,-0.4925,9,1,0,0,44.81,279.62
45.72,-0.8786,-0.4775,9,2,0,0,38.34,228.45
32.63,-0.8867,-0.4623,9,3,0,0,26.34,151.07
26.45,-0.8945,-0.447,9,4,0,0,23.94,209.71
26.79,-0.9021,-0.4315,9,5,0,0,22.54,209.21
40.21,-0.9094,-0.4159,9,6,0,0,43.33,161.12
46.22,-0.9164,-0.4002,9,7,0,0,52.1,466.0
63.62,-0.9232,-0.3844,9,8,0,0,68.09,151.0
59.85,-0.9296,-0.3685,9,9,0,0,68.97,173.2
49.78,-0.9358,-0.3524,9,10,0,0,60.63,111.4
32.13,-0.9418,-0.3363,9,11,0,0,26.0,167.07
26.74,-0.9474,-0.32,9,12,0,0,24.83,187.43
19.75,-0.9528,-0.3037,9,13,0,0,16.85,106.58
17.79,-0.9579,-0.2873,9,14,0,0,15.23,78.67
16.06,-0.9627,-0.2707,9,15,0,0,20.15,71.81
15.98,-0.9672,-0.2541,9,16,0,0,10.93,80.67
33.32,-0.9714,-0.2375,9,17,0,0,27.66,98.7
47.58,-0.9753,-0.2207,9,18,0,0,29.97,167.25
72.39,-0.979,-0.2039,9,19,0,0,83.14,249.75
49.55,-0.9824,-0.187,9,20,0,0,68.87,146.0
41.57,-0.9854,-0.1701,9,21,0,0,62.06,170.25
26.29,-0.9882,-0.1531,9,22,0,0,31.08,474.7
26.13,-0.9907,-0.1361,9,23,0,0,16.24,90.0
23.39,-0.9929,-0.1191,9,24,0,0,26.79,74.99
21.57,-0.9948,-0.102,9,25,0,0,11.84,128.15
47.79,-0.9964,-0.0848,9,26,0,0,61.88,156.25
40.29,-0.9977,-0.0677,9,27,0,0,44.09,132.88
55.13,-0.9987,-0.0505,9,28,0,0,59.02,182.85
66.05,-0.9994,-0.0333,9,29,0,0,82.87,205.25
80.25,-0.9999,-0.0161,9,30,0,0,91.86,214.82
81.41,-1.0,0.0011,10,1,0,0,104.02,174.0
69.05,-0.9998,0.0183,10,2,0,0,94.49,175.0
42.71,-0.9994,0.0355,10,3,0,0,51.5,258.45
63.03,-0.9986,0.0527,10,4,0,0,61.51,251.1
89.36,-0.9976,0.0698,10,5,0,0,110.49,285.6
16.63,-0.9962,0.087,10,6,0,0,13.15,103.28
16.3,-0.9946,0.1041,10,7,0,0,12.44,61.0
14.32,-0.9926,0.1212,10,8,0,0,14.32,82.5
9.59,-0.9904,0.1383,10,9,0,0,10.84,61.0
14.76,-0.9879,0.1553,10,10,0,0,9.01,61.0
36.29,-0.9851,0.1722,10,11,0,0,25.93,231.67
62.49,-0.9819,0.1892,10,12,0,0,72.65,205.75
53.52,-0.9785,0.206,10,13,0,0,60.34,172.25
71.74,-0.9749,0.2228,10,14,0,0,81.89,216.8
89.6,-0.9709,0.2396,10,15,1,0,103.27,401.5
105.64,-0.9666,0.2562,10,16,1,0,123.99,349.3
108.94,-0.9621,0.2728,10,17,1,0,127.64,383.5
109.72,-0.9572,0.2893,10,18,1,0,118.14,398.33
102.01,-0.9521,0.3057,10,19,1,0,124.26,331.92
110.64,-0.9467,0.3221,10,20,1,1,111.76,302.75
117.39,-0.941,0.3383,10,21,1,1,145.08,386.33
122.89,-0.9351,0.3545,10,22,1,1,153.83,322.0
129.76,-0.9288,0.3705,10,23,1,1,128.29,357.75
177.52,-0.9223,0.3864,10,24,1,1,168.07,921.25
166.47,-0.9155,0.4022,10,25,1,1,149.56,986.0
142.96,-0.9085,0.4179,10,26,1,1,114.47,621.5
192.39,-0.9012,0.4335,10,27,1,1,218.98,494.34
223.13,-0.8936,0.4489,10,28,1,1,226.04,514.0
230.76,-0.8857,0.4642,10,29,1,1,287.07,502.09
211.77,-0.8776,0.4794,10,30,1,1,210.91,749.6
263.69,-0.8692,0.4944,10,31,1,1,208.96,562.75
248.88,-0.8606,0.5093,11,1,1,1,294.21,705.25
241.74,-0.8517,0.524,11,2,1,1,214.26,589.0
402.69,-0.8426,0.5386,11,3,1,1,529.11,928.0
324.12,-0.8332,0.553,11,4,1,1,346.39,566.0
193.45,-0.8235,0.5672,11,5,1,1,200.61,425.0
172.85,-0.8137,0.5813,11,6,1,1,181.1,375.0
193.57,-0.8035,0.5952,11,7,1,1,227.11,449.82
240.17,-0.7932,0.609,11,8,1,1,245.39,445.7
105.75,-0.7826,0.6225,11,9,1,1,112.76,335.75
162.28,-0.7718,0.6359,11,10,1,1,178.2,478.0
208.58,-0.7607,0.6491,11,11,1,1,357.3,547.78
186.89,-0.7494,0.6621,11,12,1,1,259.16,421.27
160.63,-0.7379,0.6749,11,13,1,1,196.5,326.69
140.22,-0.7262,0.6875,11,14,1,1,172.86,415.5
102.24,-0.7143,0.6998,11,15,1,1,99.43,274.0
118.88,-0.7021,0.712,11,16,1,1,174.92,414.2
139.59,-0.6898,0.724,11,17,1,1,199.17,386.09
157.43,-0.6772,0.7358,11,18,1,1,240.44,551.78
144.5,-0.6645,0.7473,11,19,1,1,178.83,532.85
171.28,-0.6515,0.7586,11,20,1,1,216.63,551.35
143.93,-0.6384,0.7697,11,21,1,0,174.07,350.6
113.47,-0.625,0.7806,11,22,1,0,136.13,245.25
103.72,-0.6115,0.7912,11,23,1,0,127.52,416.48
108.55,-0.5978,0.8016,11,24,1,0,109.77,569.33
158.6,-0.584,0.8118,11,25,1,0,173.91,591.25
180.96,-0.5699,0.8217,11,26,1,0,192.28,757.0
174.61,-0.5557,0.8314,11,27,1,0,195.31,509.45
198.65,-0.5413,0.8408,11,28,1,0,227.57,680.0
230.27,-0.5268,0.85,11,29,1,0,284.3,658.91
207.63,-0.5121,0.859,11,30,1,0,223.34,533.0
213.69,-0.4972,0.8676,12,1,1,0,231.84,492.99
200.39,-0.4822,0.8761,12,2,1,0,204.94,605.25
245.25,-0.4671,0.8842,12,3,1,0,260.2,667.75
250.6,-0.4518,0.8921,12,4,1,0,293.9,635.75
187.08,-0.4364,0.8998,12,5,1,0,202.78,560.75
184.23,-0.4208,0.9071,12,6,1,0,189.48,359.0
133.43,-0.4052,0.9142,12,7,1,0,143.42,336.05
143.94,-0.3894,0.9211,12,8,1,0,139.75,466.58
169.88,-0.3735,0.9276,12,9,1,0,151.03,691.0
211.95,-0.3575,0.9339,12,10,1,0,254.19,646.75
134.03,-0.3413,0.9399,12,11,1,0,153.58,476.75
95.92,-0.3251,0.9457,12,12,1,0,100.39,620.75
70.68,-0.3088,0.9511,12,13,1,0,81.54,233.75
85.59,-0.2924,0.9563,12,14,1,0,94.24,367.25
89.92,-0.2759,0.9612,12,15,1,0,84.74,424.25
124.19,-0.2593,0.9658,12,16,1,0,111.4,659.18
167.33,-0.2427,0.9701,12,17,1,0,151.3,760.25
254.25,-0.226,0.9741,12,18,1,0,203.4,813.75
259.11,-0.2092,0.9779,12,19,1,0,226.32,843.5
199.94,-0.1923,0.9813,12,20,1,0,168.09,544.0
188.4,-0.1754,0.9845,12,21,1,0,149.22,490.33
202.24,-0.1585,0.9874,12,22,1,0,126.13,541.5
202.07,-0.1414,0.9899,12,23,1,0,128.73,592.25
160.66,-0.1244,0.9922,12,24,1,0,177.3,457.75
168.91,-0.1073,0.9942,12,25,1,0,143.09,840.0
193.84,-0.0902,0.9959,12,26,1,0,121.15,854.02
166.8,-0.073,0.9973,12,27,1,0,128.51,554.62
151.84,-0.0559,0.9984,12,28,1,0,165.35,701.2
196.73,-0.0387,0.9993,12,29,1,0,149.79,589.5
256.68,-0.0215,0.9998,12,30,1,0,236.1,805.0
156.24,-0.0043,1.0,12,31,1,0,154.1,582.0
140.59,0.0172,0.9999,1,1,1,0,112.69,679.25
233.11,0.0344,0.9994,1,2,1,0,193.92,516.68
239.57,0.0516,0.9987,1,3,1,0,221.13,472.25
179.33,0.0688,0.9976,1,4,1,0,118.26,546.75
208.96,0.0859,0.9963,1,5,1,0,121.88,788.25
258.51,0.103,0.9947,1,6,1,0,192.14,565.75
226.55,0.1201,0.9928,1,7,1,0,148.25,845.15
254.55,0.1372,0.9905,1,8,1,0,135.77,968.0
377.61,0.1542,0.988,1,9,1,0,262.54,979.0
232.43,0.1712,0.9852,1,10,1,0,146.22,805.2
175.13,0.1881,0.9821,1,11,1,0,93.59,915.0
203.36,0.205,0.9788,1,12,1,0,198.28,351.25
215.69,0.2218,0.9751,1,13,1,0,210.06,412.25
153.77,0.2385,0.9711,1,14,1,0,170.89,335.25
98.57,0.2552,0.9669,1,15,1,0,97.09,423.75
143.33,0.2718,0.9624,1,16,1,0,131.44,582.0
152.32,0.2883,0.9575,1,17,1,0,167.19,593.0
191.89,0.3047,0.9524,1,18,1,0,203.4,818.25
198.04,0.3211,0.9471,1,19,1,0,198.56,609.88
91.12,0.3373,0.9414,1,20,1,0,56.01,458.5
210.88,0.3534,0.9355,1,21,1,0,164.5,931.1
248.86,0.3695,0.9292,1,22,1,0,279.16,593.75
168.8,0.3854,0.9227,1,23,1,0,185.13,697.65
86.73,0.4012,0.916,1,24,1,0,102.82,335.0
105.39,0.4169,0.9089,1,25,1,0,103.56,282.5
138.53,0.4325,0.9016,1,26,1,0,158.69,261.25
92.74,0.4479,0.8941,1,27,1,0,98.78,201.25
123.06,0.4633,0.8862,1,28,1,0,110.04,415.0
187.89,0.4784,0.8781,1,29,1,0,219.15,553.75
79.17,0.4935,0.8698,1,30,1,0,31.48,953.9
85.1,0.5084,0.8611,1,31,1,0,78.2,724.1
84.61,0.5231,0.8523,2,1,0,0,84.26,818.42
87.18,0.5377,0.8432,2,2,0,0,96.8,635.88
103.31,0.5521,0.8338,2,3,0,0,96.71,753.0
118.23,0.5664,0.8242,2,4,0,0,104.62,517.0
105.12,0.5805,0.8143,2,5,0,0,112.14,550.5
142.37,0.5944,0.8042,2,6,0,0,178.57,410.75
116.41,0.6081,0.7938,2,7,0,0,192.85,424.25
73.83,0.6217,0.7833,2,8,0,0,78.85,281.0
91.53,0.6351,0.7725,2,9,0,0,116.1,255.75
93.96,0.6483,0.7614,2,10,0,0,97.32,266.5
137.57,0.6613,0.7502,2,11,0,0,177.28,403.1
55.0,0.6741,0.7387,2,12,0,0,74.17,211.8
48.7,0.6867,0.727,2,13,0,0,52.97,261.9
63.39,0.6991,0.715,2,14,0,0,69.72,284.48
91.34,0.7113,0.7029,2,15,0,0,97.16,302.0
166.5,0.7233,0.6906,2,16,0,0,140.14,489.0
221.81,0.735,0.678,2,17,0,0,254.05,493.0
202.82,0.7466,0.6653,2,18,0,0,256.19,552.75
180.82,0.7579,0.6523,2,19,0,0,197.74,421.18
147.09,0.769,0.6392,2,20,0,0,204.27,375.5
125.63,0.7799,0.6259,2,21,0,0,121.27,656.0
137.12,0.7906,0.6124,2,22,0,0,142.42,598.33
82.06,0.801,0.5987,2,23,0,0,100.74,433.71
80.97,0.8112,0.5848,2,24,0,0,101.45,294.0
115.56,0.8211,0.5708,2,25,0,0,131.95,342.93
138.48,0.8308,0.5566,2,26,0,0,183.46,388.62
119.02,0.8402,0.5422,2,27,0,0,171.7,601.25
90.5,0.8495,0.5277,2,28,0,0,131.14,342.25
74.16,0.8584,0.513,3,1,0,0,60.12,336.12
91.36,0.8671,0.4981,3,2,0,0,122.77,494.45
61.71,0.8755,0.4831,3,3,0,0,80.19,223.43
54.64,0.8837,0.468,3,4,0,0,54.04,213.2
56.31,0.8916,0.4527,3,5,0,0,73.75,238.5
67.11,0.8993,0.4373,3,6,0,0,102.74,260.5
85.44,0.9067,0.4218,3,7,0,0,122.07,859.6
112.71,0.9138,0.4061,3,8,0,0,170.69,449.76
55.22,0.9207,0.3904,3,9,0,0,43.35,174.25
90.97,0.9272,0.3745,3,10,0,0,142.38,363.25
92.21,0.9335,0.3585,3,11,0,0,126.75,376.25
96.52,0.9396,0.3424,3,12,0,0,128.32,343.0
106.76,0.9453,0.3261,3,13,0,0,170.57,539.25
101.82,0.9508,0.3098,3,14,0,0,169.29,405.0
99.28,0.956,0.2934,3,15,0,0,144.25,493.0
103.45,0.9609,0.2769,3,16,0,0,169.42,311.0
95.66,0.9655,0.2604,3,17,0,0,126.99,277.0
68.73,0.9698,0.2437,3,18,0,0,68.92,246.33
81.25,0.9739,0.227,3,19,0,0,107.01,194.0
56.77,0.9777,0.2102,3,20,0,0,86.71,484.7
46.16,0.9811,0.1934,3,21,0,0,46.26,421.4
78.51,0.9843,0.1765,3,22,0,0,103.87,263.7
72.64,0.9872,0.1595,3,23,0,0,126.92,389.37
87.5,0.9898,0.1425,3,24,0,0,147.35,331.25
40.65,0.9921,0.1255,3,25,0,0,22.9,265.23
65.61,0.9941,0.1084,3,26,0,0,67.31,296.75
59.22,0.9958,0.0913,3,27,0,0,104.09,897.0
68.09,0.9972,0.0741,3,28,0,0,117.08,303.75
86.06,0.9984,0.057,3,29,0,0,147.88,297.25
71.1,0.9992,0.0398,3,30,0,0,110.89,393.2
30.7,0.9997,0.0226,3,31,0,0,33.22,368.03
45.0,1.0,0.0054,4,1,0,0,50.95,280.2
59.81,0.9999,-0.0118,4,2,0,0,80.84,224.28
72.19,0.9996,-0.029,4,3,0,0,121.82,333.0
45.44,0.9989,-0.0462,4,4,0,0,29.36,231.75
54.84,0.998,-0.0634,4,5,0,0,74.72,301.97
41.83,0.9968,-0.0805,4,6,0,0,38.85,274.75
50.13,0.9952,-0.0977,4,7,0,0,62.82,231.4
70.16,0.9934,-0.1148,4,8,0,0,112.22,310.8
104.17,0.9913,-0.1319,4,9,0,0,193.79,517.0
90.88,0.9889,-0.1489,4,10,0,0,162.06,345.5
125.55,0.9861,-0.1659,4,11,0,0,211.25,484.0
80.5,0.9831,-0.1828,4,12,0,0,109.18,301.75
91.21,0.9799,-0.1997,4,13,0,0,134.67,408.07
101.61,0.9763,-0.2165,4,14,0,0,180.79,637.98
102.14,0.9724,-0.2333,4,15,0,0,168.04,426.0
74.74,0.9683,-0.25,4,16,0,0,116.52,292.25
73.07,0.9638,-0.2666,4,17,0,0,100.08,843.0
77.58,0.9591,-0.2831,4,18,0,0,87.12,341.25
61.25,0.9541,-0.2996,4,19,0,0,60.06,355.0
43.08,0.9488,-0.316,4,20,0,0,46.28,257.25
42.14,0.9432,-0.3322,4,21,0,0,38.9,132.0
42.02,0.9373,-0.3484,4,22,0,0,47.82,285.6
27.04,0.9312,-0.3645,4,23,0,0,22.57,116.15
60.44,0.9248,-0.3804,4,24,0,0,93.49,284.25
57.03,0.9181,-0.3963,4,25,0,0,54.03,232.0
89.57,0.9112,-0.412,4,26,0,0,102.38,227.88
81.27,0.9039,-0.4276,4,27,0,0,126.06,347.77
69.6,0.8965,-0.4431,4,28,0,0,79.05,230.5
74.43,0.8887,-0.4585,4,29,0,0,104.95,512.24
51.31,0.8807,-0.4737,4,30,0,0,52.35,388.1
42.14,0.8724,-0.4888,5,1,0,0,40.18,123.7
40.17,0.8639,-0.5037,5,2,0,0,33.05,142.0
46.47,0.8551,-0.5185,5,3,0,0,61.87,161.0
61.21,0.846,-0.5331,5,4,0,0,69.35,212.75
81.37,0.8367,-0.5476,5,5,0,0,90.75,335.0
104.11,0.8272,-0.5619,5,6,0,0,196.28,426.25
65.47,0.8174,-0.5761,5,7,0,0,75.25,269.5
54.44,0.8074,-0.59,5,8,0,0,80.29,242.4
95.57,0.7971,-0.6038,5,9,0,0,166.97,316.75
91.05,0.7866,-0.6175,5,10,0,0,128.71,319.0
130.6,0.7759,-0.6309,5,11,0,0,209.36,393.0
91.49,0.7649,-0.6442,5,12,0,0,100.45,348.88
99.09,0.7537,-0.6572,5,13,0,0,109.57,485.68
98.57,0.7423,-0.6701,5,14,0,0,136.92,479.27
38.31,0.7306,-0.6828,5,15,0,0,29.97,302.67
136.34,0.7188,-0.6952,5,16,0,0,257.39,858.0
90.2,0.7067,-0.7075,5,17,0,0,128.36,439.2
41.38,0.6945,-0.7195,5,18,0,0,32.39,475.8
66.91,0.682,-0.7314,5,19,0,0,82.41,324.2
69.13,0.6693,-0.743,5,20,0,0,97.72,410.08
81.61,0.6564,-0.7544,5,21,0,0,112.52,418.88
62.36,0.6433,-0.7656,5,22,0,0,47.74,293.65
51.37,0.6301,-0.7765,5,23,0,0,39.71,426.07
30.2,0.6166,-0.7873,5,24,0,0,33.36,224.1
25.89,0.603,-0.7978,5,25,0,0,20.93,134.75
26.17,0.5892,-0.808,5,26,0,0,23.94,150.6
33.7,0.5752,-0.818,5,27,0,0,29.09,523.54
56.8,0.561,-0.8278,5,28,0,0,80.39,233.0
37.1,0.5467,-0.8373,5,29,0,0,30.3,130.5
40.46,0.5322,-0.8466,5,30,0,0,55.96,135.7
33.88,0.5176,-0.8556,5,31,0,0,31.72,143.0
46.64,0.5028,-0.8644,6,1,0,0,58.04,292.76
41.96,0.4878,-0.8729,6,2,0,0,45.19,187.5
53.0,0.4728,-0.8812,6,3,0,0,61.51,386.5
78.77,0.4575,-0.8892,6,4,0,0,80.91,325.5
62.55,0.4422,-0.8969,6,5,0,0,71.0,251.1
67.29,0.4267,-0.9044,6,6,0,0,33.7,572.5
68.05,0.4111,-0.9116,6,7,0,0,92.24,474.55
53.69,0.3953,-0.9185,6,8,0,0,69.34,233.88
43.43,0.3795,-0.9252,6,9,0,0,43.51,173.5
40.9,0.3635,-0.9316,6,10,0,0,41.88,253.85
39.92,0.3474,-0.9377,6,11,0,0,35.37,191.32
51.16,0.3312,-0.9436,6,12,0,0,50.58,183.13
58.07,0.3149,-0.9491,6,13,0,0,62.85,247.82
45.05,0.2986,-0.9544,6,14,0,0,47.56,165.3
36.9,0.2821,-0.9594,6,15,0,0,41.12,210.9
37.95,0.2656,-0.9641,6,16,0,0,48.17,185.82
42.72,0.2489,-0.9685,6,17,0,0,46.56,196.94
30.42,0.2322,-0.9727,6,18,0,0,37.76,95.27
26.76,0.2155,-0.9765,6,19,0,0,19.09,89.0
40.77,0.1986,-0.9801,6,20,0,0,53.19,135.0
37.05,0.1818,-0.9833,6,21,0,0,27.92,126.36
41.72,0.1648,-0.9863,6,22,0,0,35.46,199.0
49.84,0.1478,-0.989,6,23,0,0,32.79,132.8
53.71,0.1308,-0.9914,6,24,0,0,59.12,164.0
26.17,0.1137,-0.9935,6,25,0,0,10.57,213.9
45.76,0.0966,-0.9953,6,26,0,0,58.46,238.0
35.56,0.0795,-0.9968,6,27,0,0,22.2,134.5
33.49,0.0623,-0.9981,6,28,0,0,42.22,122.25
40.76,0.0451,-0.999,6,29,0,0,45.28,206.0
25.96,0.028,-0.9996,6,30,0,0,19.04,324.97
23.8,0.0108,-0.9999,7,1,0,0,26.41,96.0
34.21,-0.0065,-1.0,7,2,0,0,26.01,119.0
53.81,-0.0237,-0.9997,7,3,0,0,37.97,133.0
49.22,-0.0408,-0.9992,7,4,0,0,51.84,135.02
37.45,-0.058,-0.9983,7,5,0,0,41.64,86.0
28.22,-0.0752,-0.9972,7,6,0,0,45.88,88.58
33.63,-0.0923,-0.9957,7,7,0,0,33.24,155.48
27.02,-0.1094,-0.994,7,8,0,0,21.61,192.15
23.16,-0.1265,-0.992,7,9,0,0,29.5,102.5
27.0,-0.1436,-0.9896,7,10,0,0,34.64,127.0
33.59,-0.1606,-0.987,7,11,0,0,36.34,95.5
32.39,-0.1775,-0.9841,7,12,0,0,32.56,101.15
37.11,-0.1944,-0.9809,7,13,0,0,36.05,103.0
36.83,-0.2113,-0.9774,7,14,0,0,37.88,86.6
37.5,-0.2281,-0.9736,7,15,0,0,32.62,135.25
28.46,-0.2448,-0.9696,7,16,0,0,25.38,107.4
45.31,-0.2614,-0.9652,7,17,0,0,30.88,158.0
35.48,-0.278,-0.9606,7,18,0,0,38.27,74.89
32.01,-0.2945,-0.9557,7,19,0,0,28.76,70.43
43.29,-0.3109,-0.9505,7,20,0,0,44.02,244.25
53.1,-0.3272,-0.945,7,21,0,0,60.53,274.0
34.44,-0.3434,-0.9392,7,22,0,0,34.98,124.7
27.59,-0.3595,-0.9332,7,23,0,0,26.55,94.0
30.6,-0.3755,-0.9268,7,24,0,0,33.99,141.0
43.11,-0.3914,-0.9202,7,25,0,0,37.92,123.33
24.52,-0.4071,-0.9134,7,26,0,0,10.76,91.6
39.93,-0.4228,-0.9062,7,27,0,0,45.29,160.75
35.1,-0.4383,-0.8988,7,28,0,0,43.94,172.36
16.8,-0.4537,-0.8912,7,29,0,0,18.34,95.0
23.51,-0.469,-0.8832,7,30,0,0,21.03,138.43
45.49,-0.4841,-0.875,7,31,0,0,57.92,853.8
28.05,-0.4991,-0.8666,8,1,0,0,23.08,105.33
27.37,-0.5139,-0.8578,8,2,0,0,27.07,335.4
31.06,-0.5286,-0.8489,8,3,0,0,25.45,183.33
36.88,-0.5431,-0.8397,8,4,0,0,30.03,250.75
40.65,-0.5575,-0.8302,8,5,0,0,37.91,558.29
30.95,-0.5717,-0.8205,8,6,0,0,26.53,315.18
29.26,-0.5857,-0.8105,8,7,0,0,26.44,98.5
30.8,-0.5996,-0.8003,8,8,0,0,27.08,137.0
36.83,-0.6132,-0.7899,8,9,0,0,29.18,150.12
37.31,-0.6267,-0.7792,8,10,0,0,33.22,129.6
40.24,-0.64,-0.7683,8,11,0,0,35.46,237.7
35.54,-0.6532,-0.7572,8,12,0,0,31.69,172.82
30.13,-0.6661,-0.7459,8,13,0,0,26.24,177.0
36.36,-0.6788,-0.7343,8,14,0,0,35.75,161.0
46.34,-0.6914,-0.7225,8,15,0,0,49.85,262.0
47.54,-0.7037,-0.7105,8,16,0,0,49.9,166.25
41.3,-0.7158,-0.6983,8,17,0,0,39.35,117.0
45.5,-0.7277,-0.6859,8,18,0,0,38.4,223.76
45.16,-0.7394,-0.6733,8,19,0,0,23.41,160.25
38.0,-0.7509,-0.6605,8,20,0,0,45.6,180.0
39.39,-0.7621,-0.6474,8,21,0,0,38.68,118.25
37.83,-0.7731,-0.6342,8,22,0,0,42.07,167.0
24.4,-0.7839,-0.6208,8,23,0,0,25.96,129.0
31.87,-0.7945,-0.6073,8,24,0,0,25.48,625.79
35.18,-0.8048,-0.5935,8,25,0,0,29.15,122.33
45.15,-0.8149,-0.5796,8,26,0,0,39.47,163.97
53.2,-0.8248,-0.5655,8,27,0,0,65.29,151.2
48.16,-0.8344,-0.5512,8,28,0,0,46.22,196.04
44.85,-0.8437,-0.5368,8,29,0,0,31.69,135.5
48.19,-0.8528,-0.5222,8,30,0,0,45.46,289.6
48.55,-0.8617,-0.5074,8,31,0,0,56.61,188.69
41.84,-0.8703,-0.4925,9,1,0,0,47.03,117.0
41.91,-0.8786,-0.4775,9,2,0,0,42.76,425.9
40.67,-0.8867,-0.4623,9,3,0,0,41.45,167.62
39.55,-0.8945,-0.447,9,4,0,0,47.47,201.6
39.25,-0.9021,-0.4315,9,5,0,0,33.24,126.67
31.96,-0.9094,-0.4159,9,6,0,0,31.6,240.07
34.79,-0.9164,-0.4002,9,7,0,0,29.54,120.0
23.47,-0.9232,-0.3844,9,8,0,0,18.74,134.67
13.58,-0.9296,-0.3685,9,9,0,0,11.89,238.75
11.76,-0.9358,-0.3524,9,10,0,0,19.09,276.5
26.75,-0.9418,-0.3363,9,11,0,0,21.54,129.8
37.65,-0.9474,-0.32,9,12,0,0,35.75,132.4
51.37,-0.9528,-0.3037,9,13,0,0,42.36,155.33
57.35,-0.9579,-0.2873,9,14,0,0,57.39,183.8
35.66,-0.9627,-0.2707,9,15,0,0,32.14,119.3
31.21,-0.9672,-0.2541,9,16,0,0,36.63,587.47
25.16,-0.9714,-0.2375,9,17,0,0,25.36,129.0
18.76,-0.9753,-0.2207,9,18,0,0,21.04,147.5
27.1,-0.979,-0.2039,9,19,0,0,25.77,759.58
39.61,-0.9824,-0.187,9,20,0,0,45.44,246.0
40.36,-0.9854,-0.1701,9,21,0,0,40.94,282.0
51.72,-0.9882,-0.1531,9,22,0,0,57.98,134.35
47.3,-0.9907,-0.1361,9,23,0,0,44.72,563.34
60.51,-0.9929,-0.1191,9,24,0,0,87.9,237.75
63.7,-0.9948,-0.102,9,25,0,0,70.64,709.0
69.31,-0.9964,-0.0848,9,26,0,0,82.78,152.0
51.92,-0.9977,-0.0677,9,27,0,0,52.16,442.17
58.6,-0.9987,-0.0505,9,28,0,0,63.85,141.5
69.08,-0.9994,-0.0333,9,29,0,0,76.33,157.9
65.54,-0.9999,-0.0161,9,30,0,0,84.43,275.0
64.31,-1.0,0.0011,10,1,0,0,77.34,153.8
61.74,-0.9998,0.0183,10,2,0,0,71.87,269.05
64.71,-0.9994,0.0355,10,3,0,0,76.32,278.07
72.24,-0.9986,0.0527,10,4,0,0,87.17,179.1
83.87,-0.9976,0.0698,10,5,0,0,80.79,335.83
91.94,-0.9962,0.087,10,6,0,0,95.15,480.25
81.62,-0.9946,0.1041,10,7,0,0,92.96,329.0
65.44,-0.9926,0.1212,10,8,0,0,53.8,451.02
70.25,-0.9904,0.1383,10,9,0,0,49.29,422.12
69.95,-0.9879,0.1553,10,10,0,0,48.84,763.0
84.32,-0.9851,0.1722,10,11,0,0,101.64,250.0
107.82,-0.9819,0.1892,10,12,0,0,156.92,527.25
130.11,-0.9785,0.206,10,13,0,0,184.16,805.25
110.14,-0.9749,0.2228,10,14,0,0,146.24,452.2
89.09,-0.9709,0.2396,10,15,1,0,113.73,439.25
65.05,-0.9666,0.2562,10,16,1,0,98.0,189.5
42.19,-0.9621,0.2728,10,17,1,0,28.41,171.0
52.36,-0.9572,0.2893,10,18,1,0,63.07,180.0
55.38,-0.9521,0.3057,10,19,1,0,60.28,166.5
98.18,-0.9467,0.3221,10,20,1,1,145.11,425.42
139.65,-0.941,0.3383,10,21,1,1,189.46,458.48
153.79,-0.9351,0.3545,10,22,1,1,194.82,410.0
129.89,-0.9288,0.3705,10,23,1,1,228.84,407.75
101.39,-0.9223,0.3864,10,24,1,1,127.4,323.5
123.36,-0.9155,0.4022,10,25,1,1,152.14,404.0
117.31,-0.9085,0.4179,10,26,1,1,144.12,613.0
136.62,-0.9012,0.4335,10,27,1,1,153.67,534.5
162.96,-0.8936,0.4489,10,28,1,1,200.82,563.0
174.32,-0.8857,0.4642,10,29,1,1,219.06,400.0
184.86,-0.8776,0.4794,10,30,1,1,223.49,476.0
205.19,-0.8692,0.4944,10,31,1,1,231.99,443.5
185.71,-0.8606,0.5093,11,1,1,1,221.1,443.75
312.49,-0.8517,0.524,11,2,1,1,270.19,652.5
310.48,-0.8426,0.5386,11,3,1,1,428.5,646.75
334.72,-0.8332,0.553,11,4,1,1,328.77,637.25
333.91,-0.8235,0.5672,11,5,1,1,392.4,771.0
262.43,-0.8137,0.5813,11,6,1,1,335.16,621.75
266.06,-0.8035,0.5952,11,7,1,1,271.85,554.25
282.3,-0.7932,0.609,11,8,1,1,341.5,669.0
328.8,-0.7826,0.6225,11,9,1,1,368.02,608.0
123.09,-0.7718,0.6359,11,10,1,1,42.35,639.5
92.82,-0.7607,0.6491,11,11,1,1,89.57,245.17
136.56,-0.7494,0.6621,11,12,1,1,117.27,973.0
309.44,-0.7379,0.6749,11,13,1,1,337.28,997.0
233.61,-0.7262,0.6875,11,14,1,1,252.5,633.05
257.18,-0.7143,0.6998,11,15,1,1,349.19,527.75
325.3,-0.7021,0.712,11,16,1,1,364.68,632.75
235.51,-0.6898,0.724,11,17,1,1,335.7,633.0
158.45,-0.6772,0.7358,11,18,1,1,178.05,381.0
160.41,-0.6645,0.7473,11,19,1,1,171.08,544.0
201.14,-0.6515,0.7586,11,20,1,1,251.19,636.81
235.7,-0.6384,0.7697,11,21,1,0,257.44,404.0
239.69,-0.625,0.7806,11,22,1,0,276.53,514.0
247.62,-0.6115,0.7912,11,23,1,0,267.48,635.93
303.74,-0.5978,0.8016,11,24,1,0,346.38,910.5
254.87,-0.584,0.8118,11,25,1,0,305.8,508.25
270.39,-0.5699,0.8217,11,26,1,0,315.22,717.5
228.52,-0.5557,0.8314,11,27,1,0,267.01,471.5
136.84,-0.5413,0.8408,11,28,1,0,182.42,350.0
188.94,-0.5268,0.85,11,29,1,0,180.79,549.0
254.65,-0.5121,0.859,11,30,1,0,296.44,555.0
223.03,-0.4972,0.8676,12,1,1,0,224.22,552.0
161.3,-0.4822,0.8761,12,2,1,0,176.49,382.25
154.52,-0.4671,0.8842,12,3,1,0,184.0,542.0
154.1,-0.4518,0.8921,12,4,1,0,182.68,612.28
139.18,-0.4364,0.8998,12,5,1,0,173.96,394.75
139.58,-0.4208,0.9071,12,6,1,0,161.97,389.0
174.82,-0.4052,0.9142,12,7,1,0,197.11,578.0
161.49,-0.3894,0.9211,12,8,1,0,156.9,475.0
163.31,-0.3735,0.9276,12,9,1,0,175.44,427.5
156.68,-0.3575,0.9339,12,10,1,0,160.56,463.0
168.19,-0.3413,0.9399,12,11,1,0,182.37,561.0
227.63,-0.3251,0.9457,12,12,1,0,294.87,665.51
231.66,-0.3088,0.9511,12,13,1,0,294.47,719.0
169.19,-0.2924,0.9563,12,14,1,0,191.95,493.0
186.46,-0.2759,0.9612,12,15,1,0,220.69,482.0
219.33,-0.2593,0.9658,12,16,1,0,280.89,541.91
201.73,-0.2427,0.9701,12,17,1,0,245.12,608.0
154.57,-0.226,0.9741,12,18,1,0,174.45,365.5
131.33,-0.2092,0.9779,12,19,1,0,149.75,420.75
153.31,-0.1923,0.9813,12,20,1,0,140.51,486.06
231.12,-0.1754,0.9845,12,21,1,0,244.39,542.82
309.16,-0.1585,0.9874,12,22,1,0,272.04,634.0
316.03,-0.1414,0.9899,12,23,1,0,372.88,889.5
285.82,-0.1244,0.9922,12,24,1,0,359.89,656.25
216.32,-0.1073,0.9942,12,25,1,0,210.69,579.33
232.53,-0.0902,0.9959,12,26,1,0,227.58,572.75
261.75,-0.073,0.9973,12,27,1,0,187.44,613.75
188.87,-0.0559,0.9984,12,28,1,0,138.42,437.5
253.49,-0.0387,0.9993,12,29,1,0,197.63,560.75
248.19,-0.0215,0.9998,12,30,1,0,214.17,401.0
215.66,-0.0043,1.0,12,31,1,0,191.45,356.0
176.71,0.0172,0.9999,1,1,1,0,154.68,355.0
180.65,0.0344,0.9994,1,2,1,0,168.0,478.5
191.73,0.0516,0.9987,1,3,1,0,129.29,716.0
215.34,0.0688,0.9976,1,4,1,0,189.23,465.75
158.89,0.0859,0.9963,1,5,1,0,117.06,353.25
170.61,0.103,0.9947,1,6,1,0,129.12,473.67
167.25,0.1201,0.9928,1,7,1,0,134.64,473.25
227.1,0.1372,0.9905,1,8,1,0,166.1,737.75
131.42,0.1542,0.988,1,9,1,0,143.72,288.12
154.84,0.1712,0.9852,1,10,1,0,107.78,457.17
188.87,0.1881,0.9821,1,11,1,0,157.43,515.5
181.96,0.205,0.9788,1,12,1,0,127.27,881.0
353.96,0.2218,0.9751,1,13,1,0,224.6,958.0
322.05,0.2385,0.9711,1,14,1,0,237.24,919.0
185.48,0.2552,0.9669,1,15,1,0,135.55,704.75
241.48,0.2718,0.9624,1,16,1,0,211.13,522.5
204.75,0.2883,0.9575,1,17,1,0,183.05,478.75
171.02,0.3047,0.9524,1,18,1,0,102.78,445.0
180.88,0.3211,0.9471,1,19,1,0,144.48,352.0
185.5,0.3373,0.9414,1,20,1,0,138.15,534.0
170.0,0.3534,0.9355,1,21,1,0,135.9,377.75
206.04,0.3695,0.9292,1,22,1,0,144.34,701.0
219.24,0.3854,0.9227,1,23,1,0,142.07,487.0
246.43,0.4012,0.916,1,24,1,0,216.23,531.75
194.53,0.4169,0.9089,1,25,1,0,103.21,655.75
289.48,0.4325,0.9016,1,26,1,0,260.3,917.0
181.24,0.4479,0.8941,1,27,1,0,191.55,583.75
252.72,0.4633,0.8862,1,28,1,0,244.89,693.85
202.95,0.4784,0.8781,1,29,1,0,155.93,541.75
213.54,0.4935,0.8698,1,30,1,0,130.5,529.25
223.33,0.5084,0.8611,1,31,1,0,196.58,517.0
65.75,0.5231,0.8523,2,1,0,0,39.6,201.5
102.63,0.5377,0.8432,2,2,0,0,75.95,242.25
98.88,0.5521,0.8338,2,3,0,0,86.22,505.67
122.9,0.5664,0.8242,2,4,0,0,107.12,379.5
74.81,0.5805,0.8143,2,5,0,0,82.84,184.25
66.58,0.5944,0.8042,2,6,0,0,63.62,361.75
76.73,0.6081,0.7938,2,7,0,0,85.12,255.0
68.77,0.6217,0.7833,2,8,0,0,72.95,154.25
79.73,0.6351,0.7725,2,9,0,0,71.07,558.5
176.74,0.6483,0.7614,2,10,0,0,203.85,389.5
155.21,0.6613,0.7502,2,11,0,0,183.53,441.15
156.73,0.6741,0.7387,2,12,0,0,157.1,623.22
203.35,0.6867,0.727,2,13,0,0,210.56,458.74
167.1,0.6991,0.715,2,14,0,0,188.5,370.0
127.23,0.7113,0.7029,2,15,0,0,146.4,330.25
119.97,0.7233,0.6906,2,16,0,0,154.31,300.5
119.98,0.735,0.678,2,17,0,0,144.88,646.0
131.33,0.7466,0.6653,2,18,0,0,173.24,354.5
89.77,0.7579,0.6523,2,19,0,0,94.2,177.0
120.38,0.769,0.6392,2,20,0,0,118.12,384.67
89.5,0.7799,0.6259,2,21,0,0,92.84,263.0
61.85,0.7906,0.6124,2,22,0,0,89.15,268.68
61.04,0.801,0.5987,2,23,0,0,90.79,217.0
87.64,0.8112,0.5848,2,24,0,0,115.14,300.0
81.27,0.8211,0.5708,2,25,0,0,119.8,288.75
78.98,0.8308,0.5566,2,26,0,0,86.04,306.0
62.45,0.8402,0.5422,2,27,0,0,58.12,304.5
62.5,0.8495,0.5277,2,28,0,0,78.98,150.0
67.57,0.8584,0.513,2,29,0,0,85.39,255.67
91.52,0.8671,0.4981,3,1,0,0,134.08,369.75
33.53,0.8755,0.4831,3,2,0,0,30.69,331.1
48.58,0.8837,0.468,3,3,0,0,49.28,117.9
49.29,0.8916,0.4527,3,4,0,0,71.84,205.88
51.0,0.8993,0.4373,3,5,0,0,69.14,175.0
64.49,0.9067,0.4218,3,6,0,0,79.17,183.0
80.81,0.9138,0.4061,3,7,0,0,121.31,337.5
66.34,0.9207,0.3904,3,8,0,0,104.42,274.0
63.06,0.9272,0.3745,3,9,0,0,93.09,285.0
86.75,0.9335,0.3585,3,10,0,0,138.24,316.0
88.46,0.9396,0.3424,3,11,0,0,131.6,283.0
86.46,0.9453,0.3261,3,12,0,0,148.93,356.25
78.88,0.9508,0.3098,3,13,0,0,127.07,374.75
87.64,0.956,0.2934,3,14,0,0,146.29,340.25
47.12,0.9609,0.2769,3,15,0,0,61.55,523.84
77.67,0.9655,0.2604,3,16,0,0,97.76,272.5
91.12,0.9698,0.2437,3,17,0,0,140.8,319.25
93.32,0.9739,0.227,3,18,0,0,157.23,291.25
108.69,0.9777,0.2102,3,19,0,0,175.32,376.25
108.6,0.9811,0.1934,3,20,0,0,172.42,421.5
77.68,0.9843,0.1765,3,21,0,0,59.9,330.25
82.59,0.9872,0.1595,3,22,0,0,79.74,827.0
96.68,0.9898,0.1425,3,23,0,0,130.32,452.25
86.06,0.9921,0.1255,3,24,0,0,153.42,546.43
95.96,0.9941,0.1084,3,25,0,0,123.37,766.1
64.8,0.9958,0.0913,3,26,0,0,93.9,230.75
71.34,0.9972,0.0741,3,27,0,0,105.85,633.7
68.5,0.9984,0.057,3,28,0,0,91.49,426.88
85.28,0.9992,0.0398,3,29,0,0,117.0,568.35
86.72,0.9997,0.0226,3,30,0,0,102.6,518.72
94.3,1.0,0.0054,3,31,0,0,161.78,409.5
53.67,0.9999,-0.0118,4,1,0,0,88.33,567.9
64.78,0.9996,-0.029,4,2,0,0,118.59,542.43
75.55,0.9989,-0.0462,4,3,0,0,95.29,258.08
64.74,0.998,-0.0634,4,4,0,0,66.14,347.84
63.67,0.9968,-0.0805,4,5,0,0,84.65,237.42
69.6,0.9952,-0.0977,4,6,0,0,110.57,272.0
84.93,0.9934,-0.1148,4,7,0,0,177.41,398.0
88.75,0.9913,-0.1319,4,8,0,0,163.73,446.92
85.74,0.9889,-0.1489,4,9,0,0,124.7,331.43
98.3,0.9861,-0.1659,4,10,0,0,141.13,408.4
88.87,0.9831,-0.1828,4,11,0,0,143.02,483.95
105.11,0.9799,-0.1997,4,12,0,0,166.63,368.48
66.97,0.9763,-0.2165,4,13,0,0,76.5,438.28
64.63,0.9724,-0.2333,4,14,0,0,78.3,294.48
105.5,0.9683,-0.25,4,15,0,0,152.52,465.69
86.72,0.9638,-0.2666,4,16,0,0,153.98,448.0
43.9,0.9591,-0.2831,4,17,0,0,66.24,288.8
56.12,0.9541,-0.2996,4,18,0,0,92.33,375.4
63.15,0.9488,-0.316,4,19,0,0,82.74,302.02
65.01,0.9432,-0.3322,4,20,0,0,90.71,356.66
47.47,0.9373,-0.3484,4,21,0,0,64.36,311.12
40.97,0.9312,-0.3645,4,22,0,0,27.3,309.25
71.66,0.9248,-0.3804,4,23,0,0,92.4,332.25
70.77,0.9181,-0.3963,4,24,0,0,126.53,405.0
83.96,0.9112,-0.412,4,25,0,0,174.96,518.25
66.73,0.9039,-0.4276,4,26,0,0,92.69,260.0
57.75,0.8965,-0.4431,4,27,0,0,66.83,278.97
58.7,0.8887,-0.4585,4,28,0,0,67.53,340.22
80.76,0.8807,-0.4737,4,29,0,0,131.67,234.5
63.92,0.8724,-0.4888,4,30,0,0,91.66,325.5
65.65,0.8639,-0.5037,5,1,0,0,62.86,392.75
83.75,0.8551,-0.5185,5,2,0,0,120.49,362.0
134.28,0.846,-0.5331,5,3,0,0,202.24,468.98
142.52,0.8367,-0.5476,5,4,0,0,227.39,440.95
142.22,0.8272,-0.5619,5,5,0,0,264.3,575.75
114.38,0.8174,-0.5761,5,6,0,0,178.61,544.28
153.68,0.8074,-0.59,5,7,0,0,242.45,501.0
75.7,0.7971,-0.6038,5,8,0,0,65.79,381.71
57.38,0.7866,-0.6175,5,9,0,0,42.19,190.7
79.65,0.7759,-0.6309,5,10,0,0,69.38,942.14
72.03,0.7649,-0.6442,5,11,0,0,87.8,937.56
85.34,0.7537,-0.6572,5,12,0,0,93.66,416.0
96.45,0.7423,-0.6701,5,13,0,0,108.86,447.62
110.77,0.7306,-0.6828,5,14,0,0,184.72,942.06
125.21,0.7188,-0.6952,5,15,0,0,191.41,497.88
105.87,0.7067,-0.7075,5,16,0,0,103.27,336.32
91.4,0.6945,-0.7195,5,17,0,0,97.71,455.2
110.13,0.682,-0.7314,5,18,0,0,142.61,461.08
97.3,0.6693,-0.743,5,19,0,0,165.85,331.0
86.89,0.6564,-0.7544,5,20,0,0,133.35,942.44
82.25,0.6433,-0.7656,5,21,0,0,80.16,345.62
71.31,0.6301,-0.7765,5,22,0,0,73.7,199.0
54.6,0.6166,-0.7873,5,23,0,0,50.08,534.0
55.08,0.603,-0.7978,5,24,0,0,51.51,687.33
69.06,0.5892,-0.808,5,25,0,0,78.33,484.22
77.83,0.5752,-0.818,5,26,0,0,122.22,724.05
94.46,0.561,-0.8278,5,27,0,0,115.4,806.88
95.19,0.5467,-0.8373,5,28,0,0,109.84,503.78
72.41,0.5322,-0.8466,5,29,0,0,69.93,232.07
67.0,0.5176,-0.8556,5,30,0,0,75.42,530.0
71.57,0.5028,-0.8644,5,31,0,0,82.35,720.85
75.06,0.4878,-0.8729,6,1,0,0,88.07,484.68
47.07,0.4728,-0.8812,6,2,0,0,52.75,353.9
58.78,0.4575,-0.8892,6,3,0,0,55.73,830.8
77.2,0.4422,-0.8969,6,4,0,0,65.62,651.9
75.46,0.4267,-0.9044,6,5,0,0,61.75,960.04
56.97,0.4111,-0.9116,6,6,0,0,54.09,960.04
64.59,0.3953,-0.9185,6,7,0,0,88.6,826.68
62.7,0.3795,-0.9252,6,8,0,0,70.07,517.0
55.34,0.3635,-0.9316,6,9,0,0,76.61,783.42
54.09,0.3474,-0.9377,6,10,0,0,50.08,545.1
87.56,0.3312,-0.9436,6,11,0,0,145.0,958.38
69.53,0.3149,-0.9491,6,12,0,0,79.64,604.6
54.47,0.2986,-0.9544,6,13,0,0,40.91,555.92
47.73,0.2821,-0.9594,6,14,0,0,45.94,957.3
46.51,0.2656,-0.9641,6,15,0,0,40.34,366.6
57.05,0.2489,-0.9685,6,16,0,0,71.94,435.58
54.85,0.2322,-0.9727,6,17,0,0,63.44,257.74
72.03,0.2155,-0.9765,6,18,0,0,65.02,275.75
66.38,0.1986,-0.9801,6,19,0,0,46.3,505.3
45.45,0.1818,-0.9833,6,20,0,0,39.76,250.05
64.15,0.1648,-0.9863,6,21,0,0,65.06,222.48
90.97,0.1478,-0.989,6,22,0,0,143.47,530.9
62.9,0.1308,-0.9914,6,23,0,0,73.78,290.55
59.25,0.1137,-0.9935,6,24,0,0,73.91,214.62
67.44,0.0966,-0.9953,6,25,0,0,72.47,540.02
51.45,0.0795,-0.9968,6,26,0,0,72.43,247.49
30.98,0.0623,-0.9981,6,27,0,0,36.68,895.74
37.15,0.0451,-0.999,6,28,0,0,13.21,551.28
46.95,0.028,-0.9996,6,29,0,0,66.67,296.73
60.22,0.0108,-0.9999,6,30,0,0,62.81,210.0
35.88,-0.0065,-1.0,7,1,0,0,25.08,116.0
42.69,-0.0237,-0.9997,7,2,0,0,56.37,223.0
35.51,-0.0408,-0.9992,7,3,0,0,43.66,212.0
28.18,-0.058,-0.9983,7,4,0,0,24.9,942.06
28.51,-0.0752,-0.9972,7,5,0,0,41.37,111.0
23.94,-0.0923,-0.9957,7,6,0,0,28.39,74.0
11.97,-0.1094,-0.994,7,7,0,0,9.79,73.0
21.51,-0.1265,-0.992,7,8,0,0,22.95,102.0
45.17,-0.1436,-0.9896,7,9,0,0,45.34,957.7
61.77,-0.1606,-0.987,7,10,0,0,76.81,949.68
52.49,-0.1775,-0.9841,7,11,0,0,60.01,274.4
27.52,-0.1944,-0.9809,7,12,0,0,18.67,110.73
38.3,-0.2113,-0.9774,7,13,0,0,31.73,201.77
49.25,-0.2281,-0.9736,7,14,0,0,56.36,234.0
46.03,-0.2448,-0.9696,7,15,0,0,55.25,332.97
43.63,-0.2614,-0.9652,7,16,0,0,49.58,151.0
36.11,-0.278,-0.9606,7,17,0,0,32.5,206.0
43.18,-0.2945,-0.9557,7,18,0,0,49.19,185.0
65.17,-0.3109,-0.9505,7,19,0,0,68.39,176.0
49.09,-0.3272,-0.945,7,20,0,0,41.51,399.82
41.75,-0.3434,-0.9392,7,21,0,0,35.8,190.0
34.71,-0.3595,-0.9332,7,22,0,0,41.74,205.1
43.21,-0.3755,-0.9268,7,23,0,0,40.94,223.0
47.22,-0.3914,-0.9202,7,24,0,0,22.37,202.34
38.5,-0.4071,-0.9134,7,25,0,0,30.7,197.0
48.84,-0.4228,-0.9062,7,26,0,0,25.79,774.31
44.1,-0.4383,-0.8988,7,27,0,0,43.08,262.5
29.58,-0.4537,-0.8912,7,28,0,0,47.7,187.13
32.49,-0.469,-0.8832,7,29,0,0,29.25,213.83
40.78,-0.4841,-0.875,7,30,0,0,38.51,129.0
33.63,-0.4991,-0.8666,7,31,0,0,39.57,521.6
19.11,-0.5139,-0.8578,8,1,0,0,11.78,765.9
32.99,-0.5286,-0.8489,8,2,0,0,38.25,200.32
22.8,-0.5431,-0.8397,8,3,0,0,22.33,89.0
18.44,-0.5575,-0.8302,8,4,0,0,17.45,127.0
20.91,-0.5717,-0.8205,8,5,0,0,23.68,60.62
21.03,-0.5857,-0.8105,8,6,0,0,18.45,814.46
18.1,-0.5996,-0.8003,8,7,0,0,14.61,119.6
21.46,-0.6132,-0.7899,8,8,0,0,22.07,299.02
26.0,-0.6267,-0.7792,8,9,0,0,30.82,315.69
33.01,-0.64,-0.7683,8,10,0,0,37.3,127.0
27.23,-0.6532,-0.7572,8,11,0,0,31.07,135.42
28.42,-0.6661,-0.7459,8,12,0,0,28.91,137.84
24.7,-0.6788,-0.7343,8,13,0,0,21.54,906.46
35.64,-0.6914,-0.7225,8,14,0,0,46.9,175.0
27.01,-0.7037,-0.7105,8,15,0,0,27.51,105.0
21.76,-0.7158,-0.6983,8,16,0,0,33.58,93.0
30.57,-0.7277,-0.6859,8,17,0,0,28.92,164.99
30.02,-0.7394,-0.6733,8,18,0,0,28.36,120.15
28.04,-0.7509,-0.6605,8,19,0,0,30.16,120.68
22.69,-0.7621,-0.6474,8,20,0,0,14.25,85.0
29.39,-0.7731,-0.6342,8,21,0,0,25.67,104.0
28.88,-0.7839,-0.6208,8,22,0,0,23.59,256.58
27.7,-0.7945,-0.6073,8,23,0,0,27.96,123.0
48.1,-0.8048,-0.5935,8,24,0,0,66.55,166.0
26.58,-0.8149,-0.5796,8,25,0,0,24.75,165.54
28.36,-0.8248,-0.5655,8,26,0,0,29.9,183.48
20.53,-0.8344,-0.5512,8,27,0,0,22.85,105.96
22.52,-0.8437,-0.5368,8,28,0,0,17.79,83.42
26.93,-0.8528,-0.5222,8,29,0,0,15.53,210.0
47.51,-0.8617,-0.5074,8,30,0,0,60.65,315.0
38.74,-0.8703,-0.4925,8,31,0,0,40.85,186.02
40.45,-0.8786,-0.4775,9,1,0,0,39.96,136.12
32.7,-0.8867,-0.4623,9,2,0,0,34.62,202.36
33.86,-0.8945,-0.447,9,3,0,0,35.89,174.38
23.5,-0.9021,-0.4315,9,4,0,0,25.29,85.0
40.35,-0.9094,-0.4159,9,5,0,0,28.36,512.55
29.93,-0.9164,-0.4002,9,6,0,0,37.68,111.0
28.02,-0.9232,-0.3844,9,7,0,0,34.8,100.0
50.87,-0.9296,-0.3685,9,8,0,0,55.1,141.0
49.05,-0.9358,-0.3524,9,9,0,0,54.34,155.0
42.02,-0.9418,-0.3363,9,10,0,0,48.53,425.68
34.43,-0.9474,-0.32,9,11,0,0,40.96,156.0
16.94,-0.9528,-0.3037,9,12,0,0,11.26,218.7
18.27,-0.9579,-0.2873,9,13,0,0,11.48,80.02
29.35,-0.9627,-0.2707,9,14,0,0,23.69,143.0
41.16,-0.9672,-0.2541,9,15,0,0,33.19,210.75
50.98,-0.9714,-0.2375,9,16,0,0,44.48,256.77
57.66,-0.9753,-0.2207,9,17,0,0,55.58,262.0
36.81,-0.979,-0.2039,9,18,0,0,57.93,175.0
33.65,-0.9824,-0.187,9,19,0,0,22.22,526.78
33.73,-0.9854,-0.1701,9,20,0,0,33.23,251.0
46.57,-0.9882,-0.1531,9,21,0,0,42.56,450.0
73.74,-0.9907,-0.1361,9,22,0,0,83.29,402.0
81.05,-0.9929,-0.1191,9,23,0,0,81.48,693.05
96.32,-0.9948,-0.102,9,24,0,0,92.12,388.0
84.05,-0.9964,-0.0848,9,25,0,0,113.08,405.0
28.35,-0.9977,-0.0677,9,26,0,0,29.5,136.0
17.48,-0.9987,-0.0505,9,27,0,0,15.85,457.93
21.54,-0.9994,-0.0333,9,28,0,0,14.36,279.0
31.56,-0.9999,-0.0161,9,29,0,0,34.07,488.7
63.4,-1.0,0.0011,9,30,0,0,74.46,186.0
50.61,-1.0,0.0011,10,1,0,0,68.41,177.0
54.83,-0.9998,0.0183,10,2,0,0,55.51,178.5
37.36,-0.9994,0.0355,10,3,0,0,49.38,114.33
31.82,-0.9986,0.0527,10,4,0,0,36.44,482.25
40.86,-0.9976,0.0698,10,5,0,0,32.54,129.73
51.69,-0.9962,0.087,10,6,0,0,62.61,703.3
64.6,-0.9946,0.1041,10,7,0,0,64.7,287.25
71.38,-0.9926,0.1212,10,8,0,0,81.18,261.75
67.06,-0.9904,0.1383,10,9,0,0,72.61,196.82
64.56,-0.9879,0.1553,10,10,0,0,73.76,191.25
65.95,-0.9851,0.1722,10,11,0,0,77.68,410.33
70.25,-0.9819,0.1892,10,12,0,0,97.36,458.45
77.42,-0.9785,0.206,10,13,0,0,89.43,166.0
75.29,-0.9749,0.2228,10,14,0,0,88.05,215.48
91.62,-0.9709,0.2396,10,15,1,0,99.28,230.0
160.6,-0.9666,0.2562,10,16,1,0,172.85,361.5
113.29,-0.9621,0.2728,10,17,1,0,165.29,654.75
16.65,-0.9572,0.2893,10,18,1,0,9.86,205.1
52.53,-0.9521,0.3057,10,19,1,0,30.74,186.91
100.85,-0.9467,0.3221,10,20,1,1,96.99,499.75
72.64,-0.941,0.3383,10,21,1,1,65.57,366.97
56.72,-0.9351,0.3545,10,22,1,1,47.4,298.0
62.65,-0.9288,0.3705,10,23,1,1,87.92,226.8
65.97,-0.9223,0.3864,10,24,1,1,88.51,297.68
42.21,-0.9155,0.4022,10,25,1,1,38.28,158.2
69.24,-0.9085,0.4179,10,26,1,1,73.6,325.66
109.05,-0.9012,0.4335,10,27,1,1,132.76,962.47
124.19,-0.8936,0.4489,10,28,1,1,149.44,466.25
130.53,-0.8857,0.4642,10,29,1,1,166.58,432.43
112.9,-0.8776,0.4794,10,30,1,1,148.67,269.0
134.45,-0.8692,0.4944,10,31,1,1,158.28,680.02
139.16,-0.8606,0.5093,11,1,1,1,150.74,417.56
134.71,-0.8517,0.524,11,2,1,1,158.39,401.0
162.74,-0.8426,0.5386,11,3,1,1,158.28,704.5
316.9,-0.8332,0.553,11,4,1,1,267.75,995.0
416.77,-0.8235,0.5672,11,5,1,1,519.22,997.63
319.47,-0.8137,0.5813,11,6,1,1,332.39,765.0
262.63,-0.8035,0.5952,11,7,1,1,321.22,593.5
253.53,-0.7932,0.609,11,8,1,1,332.58,650.67
265.25,-0.7826,0.6225,11,9,1,1,323.17,751.35
233.41,-0.7718,0.6359,11,10,1,1,205.8,975.1
306.53,-0.7607,0.6491,11,11,1,1,285.69,997.6
384.56,-0.7494,0.6621,11,12,1,1,440.73,699.75
263.07,-0.7379,0.6749,11,13,1,1,360.29,663.0
183.04,-0.7262,0.6875,11,14,1,1,182.18,559.29
208.8,-0.7143,0.6998,11,15,1,1,195.1,652.86
252.06,-0.7021,0.712,11,16,1,1,314.24,573.9
213.03,-0.6898,0.724,11,17,1,1,249.61,545.68
213.94,-0.6772,0.7358,11,18,1,1,273.22,646.09
230.41,-0.6645,0.7473,11,19,1,1,286.23,473.25
222.03,-0.6515,0.7586,11,20,1,1,248.07,543.81
187.73,-0.6384,0.7697,11,21,1,0,249.24,521.07
139.41,-0.625,0.7806,11,22,1,0,164.24,300.25
152.83,-0.6115,0.7912,11,23,1,0,146.69,558.85
232.67,-0.5978,0.8016,11,24,1,0,238.73,630.92
258.26,-0.584,0.8118,11,25,1,0,281.81,647.5
272.51,-0.5699,0.8217,11,26,1,0,342.73,920.5
252.82,-0.5557,0.8314,11,27,1,0,277.26,564.9
268.55,-0.5413,0.8408,11,28,1,0,303.6,571.25
214.44,-0.5268,0.85,11,29,1,0,280.48,591.75
174.95,-0.5121,0.859,11,30,1,0,178.7,418.7
251.75,-0.4972,0.8676,12,1,1,0,224.22,628.25
262.35,-0.4822,0.8761,12,2,1,0,303.28,728.75
203.28,-0.4671,0.8842,12,3,1,0,200.73,689.0
171.39,-0.4518,0.8921,12,4,1,0,225.64,515.5
182.26,-0.4364,0.8998,12,5,1,0,212.15,633.25
143.38,-0.4208,0.9071,12,6,1,0,158.74,633.9
109.64,-0.4052,0.9142,12,7,1,0,123.65,298.75
115.53,-0.3894,0.9211,12,8,1,0,127.39,389.45
158.44,-0.3735,0.9276,12,9,1,0,158.08,686.75
150.32,-0.3575,0.9339,12,10,1,0,162.28,433.25
122.17,-0.3413,0.9399,12,11,1,0,130.1,659.0
143.5,-0.3251,0.9457,12,12,1,0,134.15,629.5
208.48,-0.3088,0.9511,12,13,1,0,262.92,938.0
226.41,-0.2924,0.9563,12,14,1,0,276.31,658.75
189.78,-0.2759,0.9612,12,15,1,0,199.17,524.0
219.25,-0.2593,0.9658,12,16,1,0,233.31,550.25
151.99,-0.2427,0.9701,12,17,1,0,187.97,383.0
139.07,-0.226,0.9741,12,18,1,0,141.5,418.8
145.13,-0.2092,0.9779,12,19,1,0,122.5,489.5
196.18,-0.1923,0.9813,12,20,1,0,164.86,985.0
296.12,-0.1754,0.9845,12,21,1,0,370.11,985.0
304.49,-0.1585,0.9874,12,22,1,0,357.49,918.5
352.64,-0.1414,0.9899,12,23,1,0,422.22,840.0
290.86,-0.1244,0.9922,12,24,1,0,319.31,879.5
365.24,-0.1073,0.9942,12,25,1,0,386.2,973.0
367.61,-0.0902,0.9959,12,26,1,0,427.16,835.5
119.32,-0.073,0.9973,12,27,1,0,105.9,707.25
149.27,-0.0559,0.9984,12,28,1,0,152.45,465.0
138.01,-0.0387,0.9993,12,29,1,0,156.99,751.75
164.4,-0.0215,0.9998,12,30,1,0,186.85,931.8
188.11,-0.0043,1.0,12,31,1,0,204.05,934.1
238.69,0.0172,0.9999,1,1,1,0,202.42,773.5
265.11,0.0344,0.9994,1,2,1,0,270.07,818.75
246.69,0.0516,0.9987,1,3,1,0,235.29,856.0
220.81,0.0688,0.9976,1,4,1,0,252.29,698.75
265.96,0.0859,0.9963,1,5,1,0,349.82,682.2
109.5,0.103,0.9947,1,6,1,0,153.98,291.12
70.24,0.1201,0.9928,1,7,1,0,82.85,174.0
46.6,0.1372,0.9905,1,8,1,0,48.84,597.2
44.1,0.1542,0.988,1,9,1,0,26.94,195.67
90.21,0.1712,0.9852,1,10,1,0,81.79,309.67
93.39,0.1881,0.9821,1,11,1,0,95.03,458.75
111.43,0.205,0.9788,1,12,1,0,78.9,493.4
205.32,0.2218,0.9751,1,13,1,0,160.48,813.75
187.32,0.2385,0.9711,1,14,1,0,129.87,479.33
118.68,0.2552,0.9669,1,15,1,0,68.27,375.67
137.41,0.2718,0.9624,1,16,1,0,95.92,415.0
174.77,0.2883,0.9575,1,17,1,0,126.57,505.33
178.79,0.3047,0.9524,1,18,1,0,201.62,444.0
186.01,0.3211,0.9471,1,19,1,0,155.28,600.1
238.21,0.3373,0.9414,1,20,1,0,193.92,451.7
197.22,0.3534,0.9355,1,21,1,0,153.95,560.75
130.02,0.3695,0.9292,1,22,1,0,117.19,903.7
109.91,0.3854,0.9227,1,23,1,0,71.84,534.0
112.47,0.4012,0.916,1,24,1,0,65.48,570.0
119.76,0.4169,0.9089,1,25,1,0,70.15,547.0
126.34,0.4325,0.9016,1,26,1,0,94.48,646.5
118.13,0.4479,0.8941,1,27,1,0,105.53,538.1
103.89,0.4633,0.8862,1,28,1,0,98.14,841.5
124.1,0.4784,0.8781,1,29,1,0,115.06,895.9
143.1,0.4935,0.8698,1,30,1,0,148.19,953.6
215.21,0.5084,0.8611,1,31,1,0,207.11,871.6
202.33,0.5231,0.8523,2,1,0,0,203.1,833.8
161.68,0.5377,0.8432,2,2,0,0,148.87,730.45
142.22,0.5521,0.8338,2,3,0,0,166.98,558.3
64.38,0.5664,0.8242,2,4,0,0,48.62,813.1
129.48,0.5805,0.8143,2,5,0,0,86.26,694.75
162.97,0.5944,0.8042,2,6,0,0,199.03,732.25
123.8,0.6081,0.7938,2,7,0,0,133.18,850.0
146.36,0.6217,0.7833,2,8,0,0,164.75,554.05
95.7,0.6351,0.7725,2,9,0,0,58.05,756.35
82.18,0.6483,0.7614,2,10,0,0,74.62,614.8
88.88,0.6613,0.7502,2,11,0,0,104.79,658.4
93.96,0.6741,0.7387,2,12,0,0,101.03,819.8
125.88,0.6867,0.727,2,13,0,0,164.91,572.25
116.5,0.6991,0.715,2,14,0,0,152.48,685.73
105.06,0.7113,0.7029,2,15,0,0,142.07,680.8
139.55,0.7233,0.6906,2,16,0,0,187.94,518.0
113.76,0.735,0.678,2,17,0,0,128.62,393.5
114.55,0.7466,0.6653,2,18,0,0,180.36,557.7
85.13,0.7579,0.6523,2,19,0,0,98.02,792.75
82.67,0.769,0.6392,2,20,0,0,99.35,814.1
80.89,0.7799,0.6259,2,21,0,0,77.72,841.5
99.45,0.7906,0.6124,2,22,0,0,127.66,669.0
112.36,0.801,0.5987,2,23,0,0,111.56,491.55
149.33,0.8112,0.5848,2,24,0,0,203.59,458.5
126.85,0.8211,0.5708,2,25,0,0,191.24,410.0
27.32,0.8308,0.5566,2,26,0,0,18.8,276.0
43.55,0.8402,0.5422,2,27,0,0,49.78,141.75
46.79,0.8495,0.5277,2,28,0,0,51.25,302.2
85.2,0.8584,0.513,3,1,0,0,103.27,518.8
103.09,0.8671,0.4981,3,2,0,0,149.55,315.75
81.43,0.8755,0.4831,3,3,0,0,89.55,355.0
76.79,0.8837,0.468,3,4,0,0,110.28,265.15
57.07,0.8916,0.4527,3,5,0,0,67.97,177.75
86.4,0.8993,0.4373,3,6,0,0,100.89,624.6
120.95,0.9067,0.4218,3,7,0,0,154.56,475.25
120.12,0.9138,0.4061,3,8,0,0,206.2,489.05
68.32,0.9207,0.3904,3,9,0,0,98.59,244.0
64.08,0.9272,0.3745,3,10,0,0,84.09,397.0
77.38,0.9335,0.3585,3,11,0,0,116.53,253.25
73.17,0.9396,0.3424,3,12,0,0,100.11,228.5
89.79,0.9453,0.3261,3,13,0,0,107.3,258.7
118.62,0.9508,0.3098,3,14,0,0,184.2,354.32
116.63,0.956,0.2934,3,15,0,0,173.89,563.52
92.63,0.9609,0.2769,3,16,0,0,122.83,655.1
118.24,0.9655,0.2604,3,17,0,0,126.48,271.25
137.76,0.9698,0.2437,3,18,0,0,161.62,424.92
106.58,0.9739,0.227,3,19,0,0,114.19,322.88
104.26,0.9777,0.2102,3,20,0,0,125.51,606.98
130.28,0.9811,0.1934,3,21,0,0,188.16,417.5
80.13,0.9843,0.1765,3,22,0,0,91.92,367.0
100.6,0.9872,0.1595,3,23,0,0,131.08,507.0
114.07,0.9898,0.1425,3,24,0,0,193.47,395.0
88.68,0.9921,0.1255,3,25,0,0,120.84,258.08
84.56,0.9941,0.1084,3,26,0,0,130.38,266.25
89.19,0.9958,0.0913,3,27,0,0,117.92,273.95
103.39,0.9972,0.0741,3,28,0,0,141.58,363.7
120.23,0.9984,0.057,3,29,0,0,174.75,392.0
125.33,0.9992,0.0398,3,30,0,0,184.83,482.0
141.8,0.9997,0.0226,3,31,0,0,190.73,621.41
73.4,1.0,0.0054,4,1,0,0,110.61,261.08
106.92,0.9999,-0.0118,4,2,0,0,155.26,486.75
105.31,0.9996,-0.029,4,3,0,0,147.27,554.12
106.92,0.9989,-0.0462,4,4,0,0,119.72,412.75
102.59,0.998,-0.0634,4,5,0,0,199.12,403.5
118.61,0.9968,-0.0805,4,6,0,0,218.45,657.1
124.24,0.9952,-0.0977,4,7,0,0,194.43,451.0
110.12,0.9934,-0.1148,4,8,0,0,151.85,420.0
109.85,0.9913,-0.1319,4,9,0,0,156.71,713.2
106.36,0.9889,-0.1489,4,10,0,0,144.57,376.0
109.75,0.9861,-0.1659,4,11,0,0,168.72,458.7
92.42,0.9831,-0.1828,4,12,0,0,92.16,743.0
111.71,0.9799,-0.1997,4,13,0,0,204.68,412.32
76.82,0.9763,-0.2165,4,14,0,0,100.49,367.6
70.63,0.9724,-0.2333,4,15,0,0,77.51,257.88
102.22,0.9683,-0.25,4,16,0,0,135.16,257.25
106.5,0.9638,-0.2666,4,17,0,0,148.91,350.08
112.05,0.9591,-0.2831,4,18,0,0,143.79,894.0
133.61,0.9541,-0.2996,4,19,0,0,225.39,487.0
95.54,0.9488,-0.316,4,20,0,0,125.03,438.0
104.24,0.9432,-0.3322,4,21,0,0,115.77,340.9
65.22,0.9373,-0.3484,4,22,0,0,57.95,426.05
110.12,0.9312,-0.3645,4,23,0,0,190.55,412.47
120.75,0.9248,-0.3804,4,24,0,0,201.2,501.67
100.34,0.9181,-0.3963,4,25,0,0,132.63,394.4
81.97,0.9112,-0.412,4,26,0,0,78.35,458.1
153.86,0.9039,-0.4276,4,27,0,0,283.33,723.0
163.21,0.8965,-0.4431,4,28,0,0,204.22,765.92
148.54,0.8887,-0.4585,4,29,0,0,173.09,510.0
121.09,0.8807,-0.4737,4,30,0,0,152.58,444.0
90.46,0.8724,-0.4888,5,1,0,0,85.1,378.1
73.78,0.8639,-0.5037,5,2,0,0,73.02,193.8
98.47,0.8551,-0.5185,5,3,0,0,75.58,378.55
73.54,0.846,-0.5331,5,4,0,0,91.45,294.5
71.62,0.8367,-0.5476,5,5,0,0,82.66,213.25
115.78,0.8272,-0.5619,5,6,0,0,151.07,393.79
86.89,0.8174,-0.5761,5,7,0,0,94.49,394.15
82.76,0.8074,-0.59,5,8,0,0,82.24,317.93
66.6,0.7971,-0.6038,5,9,0,0,68.42,342.57
64.78,0.7866,-0.6175,5,10,0,0,71.54,208.72
62.23,0.7759,-0.6309,5,11,0,0,62.55,195.1
67.67,0.7649,-0.6442,5,12,0,0,63.77,284.5
76.01,0.7537,-0.6572,5,13,0,0,56.15,302.82
108.68,0.7423,-0.6701,5,14,0,0,171.32,482.76
98.88,0.7306,-0.6828,5,15,0,0,154.71,394.61
96.8,0.7188,-0.6952,5,16,0,0,85.25,889.56
68.76,0.7067,-0.7075,5,17,0,0,46.22,236.42
76.49,0.6945,-0.7195,5,18,0,0,78.65,284.62
88.25,0.682,-0.7314,5,19,0,0,96.65,260.2
92.72,0.6693,-0.743,5,20,0,0,114.24,470.15
76.87,0.6564,-0.7544,5,21,0,0,70.19,404.62
64.57,0.6433,-0.7656,5,22,0,0,75.6,273.0
30.37,0.6301,-0.7765,5,23,0,0,21.62,130.0
36.28,0.6166,-0.7873,5,24,0,0,30.55,192.42
81.34,0.603,-0.7978,5,25,0,0,108.12,534.0
94.83,0.5892,-0.808,5,26,0,0,125.56,622.6
81.91,0.5752,-0.818,5,27,0,0,106.06,217.0
75.39,0.561,-0.8278,5,28,0,0,65.53,283.68
72.29,0.5467,-0.8373,5,29,0,0,83.49,209.15
65.49,0.5322,-0.8466,5,30,0,0,69.05,436.25
99.01,0.5176,-0.8556,5,31,0,0,83.63,344.67
97.93,0.5028,-0.8644,6,1,0,0,147.1,353.12
77.59,0.4878,-0.8729,6,2,0,0,103.56,269.05
89.98,0.4728,-0.8812,6,3,0,0,136.35,275.25
81.09,0.4575,-0.8892,6,4,0,0,113.17,306.58
59.21,0.4422,-0.8969,6,5,0,0,52.12,298.7
53.82,0.4267,-0.9044,6,6,0,0,52.72,193.75
88.0,0.4111,-0.9116,6,7,0,0,71.28,388.0
78.4,0.3953,-0.9185,6,8,0,0,82.01,360.25
62.57,0.3795,-0.9252,6,9,0,0,61.73,252.6
75.31,0.3635,-0.9316,6,10,0,0,77.98,269.25
70.14,0.3474,-0.9377,6,11,0,0,68.3,192.75
74.34,0.3312,-0.9436,6,12,0,0,86.06,261.25
51.93,0.3149,-0.9491,6,13,0,0,34.18,190.75
56.4,0.2986,-0.9544,6,14,0,0,61.94,210.0
35.44,0.2821,-0.9594,6,15,0,0,36.86,187.7
34.81,0.2656,-0.9641,6,16,0,0,34.26,398.45
28.28,0.2489,-0.9685,6,17,0,0,19.79,90.1
34.62,0.2322,-0.9727,6,18,0,0,42.9,120.08
42.72,0.2155,-0.9765,6,19,0,0,54.49,173.0
53.46,0.1986,-0.9801,6,20,0,0,65.93,271.0
44.11,0.1818,-0.9833,6,21,0,0,63.39,193.5
51.49,0.1648,-0.9863,6,22,0,0,38.76,153.0
56.32,0.1478,-0.989,6,23,0,0,53.84,209.5
72.0,0.1308,-0.9914,6,24,0,0,102.15,258.75
80.74,0.1137,-0.9935,6,25,0,0,103.06,343.0
65.27,0.0966,-0.9953,6,26,0,0,65.89,295.6
55.02,0.0795,-0.9968,6,27,0,0,51.71,141.45
74.87,0.0623,-0.9981,6,28,0,0,68.65,221.0
60.43,0.0451,-0.999,6,29,0,0,39.46,226.7
37.61,0.028,-0.9996,6,30,0,0,33.29,430.33
36.33,0.0108,-0.9999,7,1,0,0,45.16,338.0
42.77,-0.0065,-1.0,7,2,0,0,66.61,165.67
30.43,-0.0237,-0.9997,7,3,0,0,20.7,138.25
63.45,-0.0408,-0.9992,7,4,0,0,56.27,172.0
65.09,-0.058,-0.9983,7,5,0,0,83.93,204.0
51.42,-0.0752,-0.9972,7,6,0,0,50.91,221.88
39.84,-0.0923,-0.9957,7,7,0,0,45.99,250.25
37.09,-0.1094,-0.994,7,8,0,0,41.18,248.0
40.97,-0.1265,-0.992,7,9,0,0,56.32,118.75
32.83,-0.1436,-0.9896,7,10,0,0,33.02,101.02
44.83,-0.1606,-0.987,7,11,0,0,46.68,170.25
41.83,-0.1775,-0.9841,7,12,0,0,40.27,682.03
34.51,-0.1944,-0.9809,7,13,0,0,34.52,176.78
30.76,-0.2113,-0.9774,7,14,0,0,34.16,137.45
26.49,-0.2281,-0.9736,7,15,0,0,20.34,170.16
24.89,-0.2448,-0.9696,7,16,0,0,24.14,355.38
28.45,-0.2614,-0.9652,7,17,0,0,11.8,453.8
43.29,-0.278,-0.9606,7,18,0,0,52.97,234.61
42.92,-0.2945,-0.9557,7,19,0,0,40.34,156.0
33.38,-0.3109,-0.9505,7,20,0,0,46.79,122.0
44.16,-0.3272,-0.945,7,21,0,0,24.17,180.5
55.16,-0.3434,-0.9392,7,22,0,0,72.88,175.0
29.52,-0.3595,-0.9332,7,23,0,0,28.55,83.75
24.77,-0.3755,-0.9268,7,24,0,0,20.19,120.7
24.63,-0.3914,-0.9202,7,25,0,0,23.37,89.18
28.09,-0.4071,-0.9134,7,26,0,0,31.65,87.0
30.82,-0.4228,-0.9062,7,27,0,0,30.24,171.0
22.01,-0.4383,-0.8988,7,28,0,0,22.15,83.28
19.28,-0.4537,-0.8912,7,29,0,0,21.15,89.7
22.14,-0.469,-0.8832,7,30,0,0,19.05,89.0
23.89,-0.4841,-0.875,7,31,0,0,23.02,82.25
26.41,-0.4991,-0.8666,8,1,0,0,26.42,133.09
32.31,-0.5139,-0.8578,8,2,0,0,25.05,149.25
48.43,-0.5286,-0.8489,8,3,0,0,39.76,165.39
46.68,-0.5431,-0.8397,8,4,0,0,59.37,128.0
38.62,-0.5575,-0.8302,8,5,0,0,34.97,162.5
52.04,-0.5717,-0.8205,8,6,0,0,52.92,182.75
45.98,-0.5857,-0.8105,8,7,0,0,72.95,153.0
44.97,-0.5996,-0.8003,8,8,0,0,46.35,158.13
41.5,-0.6132,-0.7899,8,9,0,0,54.17,143.0
27.02,-0.6267,-0.7792,8,10,0,0,34.2,136.97
16.74,-0.64,-0.7683,8,11,0,0,14.3,114.94
19.39,-0.6532,-0.7572,8,12,0,0,18.36,74.0
27.24,-0.6661,-0.7459,8,13,0,0,32.25,83.0
26.21,-0.6788,-0.7343,8,14,0,0,13.74,83.0
18.8,-0.6914,-0.7225,8,15,0,0,14.02,83.0
15.86,-0.7037,-0.7105,8,16,0,0,15.28,60.01
14.19,-0.7158,-0.6983,8,17,0,0,11.42,171.6
20.33,-0.7277,-0.6859,8,18,0,0,13.35,75.42
18.3,-0.7394,-0.6733,8,19,0,0,12.36,287.0
31.77,-0.7509,-0.6605,8,20,0,0,23.33,139.0
46.88,-0.7621,-0.6474,8,21,0,0,54.4,130.5
35.87,-0.7731,-0.6342,8,22,0,0,54.37,111.12
24.97,-0.7839,-0.6208,8,23,0,0,32.75,75.0
22.73,-0.7945,-0.6073,8,24,0,0,18.38,277.92
36.41,-0.8048,-0.5935,8,25,0,0,28.57,348.25
35.46,-0.8149,-0.5796,8,26,0,0,31.33,157.0
32.05,-0.8248,-0.5655,8,27,0,0,30.52,225.35
37.18,-0.8344,-0.5512,8,28,0,0,33.27,159.6
40.54,-0.8437,-0.5368,8,29,0,0,37.8,138.65
48.48,-0.8528,-0.5222,8,30,0,0,49.26,185.75
43.79,-0.8617,-0.5074,8,31,0,0,44.25,234.32
45.12,-0.8703,-0.4925,9,1,0,0,44.81,279.62
45.72,-0.8786,-0.4775,9,2,0,0,38.34,228.45
32.63,-0.8867,-0.4623,9,3,0,0,26.34,151.07
26.45,-0.8945,-0.447,9,4,0,0,23.94,209.71
26.79,-0.9021,-0.4315,9,5,0,0,22.54,209.21
40.21,-0.9094,-0.4159,9,6,0,0,43.33,161.12
46.22,-0.9164,-0.4002,9,7,0,0,52.1,466.0
63.62,-0.9232,-0.3844,9,8,0,0,68.09,151.0
59.85,-0.9296,-0.3685,9,9,0,0,68.97,173.2
49.78,-0.9358,-0.3524,9,10,0,0,60.63,111.4
32.13,-0.9418,-0.3363,9,11,0,0,26.0,167.07
26.74,-0.9474,-0.32,9,12,0,0,24.83,187.43
19.75,-0.9528,-0.3037,9,13,0,0,16.85,106.58
17.79,-0.9579,-0.2873,9,14,0,0,15.23,78.67
16.06,-0.9627,-0.2707,9,15,0,0,20.15,71.81
15.98,-0.9672,-0.2541,9,16,0,0,10.93,80.67
33.32,-0.9714,-0.2375,9,17,0,0,27.66,98.7
47.58,-0.9753,-0.2207,9,18,0,0,29.97,167.25
72.39,-0.979,-0.2039,9,19,0,0,83.14,249.75
49.55,-0.9824,-0.187,9,20,0,0,68.87,146.0
41.57,-0.9854,-0.1701,9,21,0,0,62.06,170.25
26.29,-0.9882,-0.1531,9,22,0,0,31.08,474.7
26.13,-0.9907,-0.1361,9,23,0,0,16.24,90.0
23.39,-0.9929,-0.1191,9,24,0,0,26.79,74.99
21.57,-0.9948,-0.102,9,25,0,0,11.84,128.15
47.79,-0.9964,-0.0848,9,26,0,0,61.88,156.25
40.29,-0.9977,-0.0677,9,27,0,0,44.09,132.88
55.13,-0.9987,-0.0505,9,28,0,0,59.02,182.85
66.05,-0.9994,-0.0333,9,29,0,0,82.87,205.25
80.25,-0.9999,-0.0161,9,30,0,0,91.86,214.82
81.41,-1.0,0.0011,10,1,0,0,104.02,174.0
69.05,-0.9998,0.0183,10,2,0,0,94.49,175.0
42.71,-0.9994,0.0355,10,3,0,0,51.5,258.45
63.03,-0.9986,0.0527,10,4,0,0,61.51,251.1
89.36,-0.9976,0.0698,10,5,0,0,110.49,285.6
16.63,-0.9962,0.087,10,6,0,0,13.15,103.28
16.3,-0.9946,0.1041,10,7,0,0,12.44,61.0
14.32,-0.9926,0.1212,10,8,0,0,14.32,82.5
9.59,-0.9904,0.1383,10,9,0,0,10.84,61.0
14.76,-0.9879,0.1553,10,10,0,0,9.01,61.0
36.29,-0.9851,0.1722,10,11,0,0,25.93,231.67
62.49,-0.9819,0.1892,10,12,0,0,72.65,205.75
53.52,-0.9785,0.206,10,13,0,0,60.34,172.25
71.74,-0.9749,0.2228,10,14,0,0,81.89,216.8
89.6,-0.9709,0.2396,10,15,1,0,103.27,401.5
105.64,-0.9666,0.2562,10,16,1,0,123.99,349.3
108.94,-0.9621,0.2728,10,17,1,0,127.64,383.5
109.72,-0.9572,0.2893,10,18,1,0,118.14,398.33
102.01,-0.9521,0.3057,10,19,1,0,124.26,331.92
110.64,-0.9467,0.3221,10,20,1,1,111.76,302.75
117.39,-0.941,0.3383,10,21,1,1,145.08,386.33
122.89,-0.9351,0.3545,10,22,1,1,153.83,322.0
129.76,-0.9288,0.3705,10,23,1,1,128.29,357.75
177.52,-0.9223,0.3864,10,24,1,1,168.07,921.25
166.47,-0.9155,0.4022,10,25,1,1,149.56,986.0
142.96,-0.9085,0.4179,10,26,1,1,114.47,621.5
192.39,-0.9012,0.4335,10,27,1,1,218.98,494.34
223.13,-0.8936,0.4489,10,28,1,1,226.04,514.0
230.76,-0.8857,0.4642,10,29,1,1,287.07,502.09
211.77,-0.8776,0.4794,10,30,1,1,210.91,749.6
263.69,-0.8692,0.4944,10,31,1,1,208.96,562.75
248.88,-0.8606,0.5093,11,1,1,1,294.21,705.25
241.74,-0.8517,0.524,11,2,1,1,214.26,589.0
402.69,-0.8426,0.5386,11,3,1,1,529.11,928.0
324.12,-0.8332,0.553,11,4,1,1,346.39,566.0
193.45,-0.8235,0.5672,11,5,1,1,200.61,425.0
172.85,-0.8137,0.5813,11,6,1,1,181.1,375.0
193.57,-0.8035,0.5952,11,7,1,1,227.11,449.82
240.17,-0.7932,0.609,11,8,1,1,245.39,445.7
105.75,-0.7826,0.6225,11,9,1,1,112.76,335.75
162.28,-0.7718,0.6359,11,10,1,1,178.2,478.0
208.58,-0.7607,0.6491,11,11,1,1,357.3,547.78
186.89,-0.7494,0.6621,11,12,1,1,259.16,421.27
160.63,-0.7379,0.6749,11,13,1,1,196.5,326.69
140.22,-0.7262,0.6875,11,14,1,1,172.86,415.5
102.24,-0.7143,0.6998,11,15,1,1,99.43,274.0
118.88,-0.7021,0.712,11,16,1,1,174.92,414.2
139.59,-0.6898,0.724,11,17,1,1,199.17,386.09
157.43,-0.6772,0.7358,11,18,1,1,240.44,551.78
144.5,-0.6645,0.7473,11,19,1,1,178.83,532.85
171.28,-0.6515,0.7586,11,20,1,1,216.63,551.35
143.93,-0.6384,0.7697,11,21,1,0,174.07,350.6
113.47,-0.625,0.7806,11,22,1,0,136.13,245.25
103.72,-0.6115,0.7912,11,23,1,0,127.52,416.48
108.55,-0.5978,0.8016,11,24,1,0,109.77,569.33
158.6,-0.584,0.8118,11,25,1,0,173.91,591.25
180.96,-0.5699,0.8217,11,26,1,0,192.28,757.0
174.61,-0.5557,0.8314,11,27,1,0,195.31,509.45
198.65,-0.5413,0.8408,11,28,1,0,227.57,680.0
230.27,-0.5268,0.85,11,29,1,0,284.3,658.91
207.63,-0.5121,0.859,11,30,1,0,223.34,533.0
213.69,-0.4972,0.8676,12,1,1,0,231.84,492.99
200.39,-0.4822,0.8761,12,2,1,0,204.94,605.25
245.25,-0.4671,0.8842,12,3,1,0,260.2,667.75
250.6,-0.4518,0.8921,12,4,1,0,293.9,635.75
187.08,-0.4364,0.8998,12,5,1,0,202.78,560.75
184.23,-0.4208,0.9071,12,6,1,0,189.48,359.0
133.43,-0.4052,0.9142,12,7,1,0,143.42,336.05
143.94,-0.3894,0.9211,12,8,1,0,139.75,466.58
169.88,-0.3735,0.9276,12,9,1,0,151.03,691.0
211.95,-0.3575,0.9339,12,10,1,0,254.19,646.75
134.03,-0.3413,0.9399,12,11,1,0,153.58,476.75
95.92,-0.3251,0.9457,12,12,1,0,100.39,620.75
70.68,-0.3088,0.9511,12,13,1,0,81.54,233.75
85.59,-0.2924,0.9563,12,14,1,0,94.24,367.25
89.92,-0.2759,0.9612,12,15,1,0,84.74,424.25
124.19,-0.2593,0.9658,12,16,1,0,111.4,659.18
167.33,-0.2427,0.9701,12,17,1,0,151.3,760.25
254.25,-0.226,0.9741,12,18,1,0,203.4,813.75
259.11,-0.2092,0.9779,12,19,1,0,226.32,843.5
199.94,-0.1923,0.9813,12,20,1,0,168.09,544.0
188.4,-0.1754,0.9845,12,21,1,0,149.22,490.33
202.24,-0.1585,0.9874,12,22,1,0,126.13,541.5
202.07,-0.1414,0.9899,12,23,1,0,128.73,592.25
160.66,-0.1244,0.9922,12,24,1,0,177.3,457.75
168.91,-0.1073,0.9942,12,25,1,0,143.09,840.0
193.84,-0.0902,0.9959,12,26,1,0,121.15,854.02
166.8,-0.073,0.9973,12,27,1,0,128.51,554.62
151.84,-0.0559,0.9984,12,28,1,0,165.35,701.2
196.73,-0.0387,0.9993,12,29,1,0,149.79,589.5
256.68,-0.0215,0.9998,12,30,1,0,236.1,805.0
156.24,-0.0043,1.0,12,31,1,0,154.1,582.0
140.59,0.0172,0.9999,1,1,1,0,112.69,679.25
233.11,0.0344,0.9994,1,2,1,0,193.92,516.68
239.57,0.0516,0.9987,1,3,1,0,221.13,472.25
179.33,0.0688,0.9976,1,4,1,0,118.26,546.75
208.96,0.0859,0.9963,1,5,1,0,121.88,788.25
258.51,0.103,0.9947,1,6,1,0,192.14,565.75
226.55,0.1201,0.9928,1,7,1,0,148.25,845.15
254.55,0.1372,0.9905,1,8,1,0,135.77,968.0
377.61,0.1542,0.988,1,9,1,0,262.54,979.0
232.43,0.1712,0.9852,1,10,1,0,146.22,805.2
175.13,0.1881,0.9821,1,11,1,0,93.59,915.0
203.36,0.205,0.9788,1,12,1,0,198.28,351.25
215.69,0.2218,0.9751,1,13,1,0,210.06,412.25
153.77,0.2385,0.9711,1,14,1,0,170.89,335.25
98.57,0.2552,0.9669,1,15,1,0,97.09,423.75
143.33,0.2718,0.9624,1,16,1,0,131.44,582.0
152.32,0.2883,0.9575,1,17,1,0,167.19,593.0
191.89,0.3047,0.9524,1,18,1,0,203.4,818.25
198.04,0.3211,0.9471,1,19,1,0,198.56,609.88
91.12,0.3373,0.9414,1,20,1,0,56.01,458.5
210.88,0.3534,0.9355,1,21,1,0,164.5,931.1
248.86,0.3695,0.9292,1,22,1,0,279.16,593.75
168.8,0.3854,0.9227,1,23,1,0,185.13,697.65
86.73,0.4012,0.916,1,24,1,0,102.82,335.0
105.39,0.4169,0.9089,1,25,1,0,103.56,282.5
138.53,0.4325,0.9016,1,26,1,0,158.69,261.25
92.74,0.4479,0.8941,1,27,1,0,98.78,201.25
123.06,0.4633,0.8862,1,28,1,0,110.04,415.0
187.89,0.4784,0.8781,1,29,1,0,219.15,553.75
79.17,0.4935,0.8698,1,30,1,0,31.48,953.9
85.1,0.5084,0.8611,1,31,1,0,78.2,724.1
84.61,0.5231,0.8523,2,1,0,0,84.26,818.42
87.18,0.5377,0.8432,2,2,0,0,96.8,635.88
103.31,0.5521,0.8338,2,3,0,0,96.71,753.0
118.23,0.5664,0.8242,2,4,0,0,104.62,517.0
105.12,0.5805,0.8143,2,5,0,0,112.14,550.5
142.37,0.5944,0.8042,2,6,0,0,178.57,410.75
116.41,0.6081,0.7938,2,7,0,0,192.85,424.25
73.83,0.6217,0.7833,2,8,0,0,78.85,281.0
91.53,0.6351,0.7725,2,9,0,0,116.1,255.75
93.96,0.6483,0.7614,2,10,0,0,97.32,266.5
137.57,0.6613,0.7502,2,11,0,0,177.28,403.1
55.0,0.6741,0.7387,2,12,0,0,74.17,211.8
48.7,0.6867,0.727,2,13,0,0,52.97,261.9
63.39,0.6991,0.715,2,14,0,0,69.72,284.48
91.34,0.7113,0.7029,2,15,0,0,97.16,302.0
166.5,0.7233,0.6906,2,16,0,0,140.14,489.0
221.81,0.735,0.678,2,17,0,0,254.05,493.0
202.82,0.7466,0.6653,2,18,0,0,256.19,552.75
180.82,0.7579,0.6523,2,19,0,0,197.74,421.18
147.09,0.769,0.6392,2,20,0,0,204.27,375.5
125.63,0.7799,0.6259,2,21,0,0,121.27,656.0
137.12,0.7906,0.6124,2,22,0,0,142.42,598.33
82.06,0.801,0.5987,2,23,0,0,100.74,433.71
80.97,0.8112,0.5848,2,24,0,0,101.45,294.0
115.56,0.8211,0.5708,2,25,0,0,131.95,342.93
138.48,0.8308,0.5566,2,26,0,0,183.46,388.62
119.02,0.8402,0.5422,2,27,0,0,171.7,601.25
90.5,0.8495,0.5277,2,28,0,0,131.14,342.25
74.16,0.8584,0.513,3,1,0,0,60.12,336.12
91.36,0.8671,0.4981,3,2,0,0,122.77,494.45
61.71,0.8755,0.4831,3,3,0,0,80.19,223.43
54.64,0.8837,0.468,3,4,0,0,54.04,213.2
56.31,0.8916,0.4527,3,5,0,0,73.75,238.5
67.11,0.8993,0.4373,3,6,0,0,102.74,260.5
85.44,0.9067,0.4218,3,7,0,0,122.07,859.6
112.71,0.9138,0.4061,3,8,0,0,170.69,449.76
55.22,0.9207,0.3904,3,9,0,0,43.35,174.25
90.97,0.9272,0.3745,3,10,0,0,142.38,363.25
92.21,0.9335,0.3585,3,11,0,0,126.75,376.25
96.52,0.9396,0.3424,3,12,0,0,128.32,343.0
106.76,0.9453,0.3261,3,13,0,0,170.57,539.25
101.82,0.9508,0.3098,3,14,0,0,169.29,405.0
99.28,0.956,0.2934,3,15,0,0,144.25,493.0
103.45,0.9609,0.2769,3,16,0,0,169.42,311.0
95.66,0.9655,0.2604,3,17,0,0,126.99,277.0
68.73,0.9698,0.2437,3,18,0,0,68.92,246.33
81.25,0.9739,0.227,3,19,0,0,107.01,194.0
56.77,0.9777,0.2102,3,20,0,0,86.71,484.7
46.16,0.9811,0.1934,3,21,0,0,46.26,421.4
78.51,0.9843,0.1765,3,22,0,0,103.87,263.7
72.64,0.9872,0.1595,3,23,0,0,126.92,389.37
87.5,0.9898,0.1425,3,24,0,0,147.35,331.25
40.65,0.9921,0.1255,3,25,0,0,22.9,265.23
65.61,0.9941,0.1084,3,26,0,0,67.31,296.75
59.22,0.9958,0.0913,3,27,0,0,104.09,897.0
68.09,0.9972,0.0741,3,28,0,0,117.08,303.75
86.06,0.9984,0.057,3,29,0,0,147.88,297.25
71.1,0.9992,0.0398,3,30,0,0,110.89,393.2
30.7,0.9997,0.0226,3,31,0,0,33.22,368.03
45.0,1.0,0.0054,4,1,0,0,50.95,280.2
59.81,0.9999,-0.0118,4,2,0,0,80.84,224.28
72.19,0.9996,-0.029,4,3,0,0,121.82,333.0
45.44,0.9989,-0.0462,4,4,0,0,29.36,231.75
54.84,0.998,-0.0634,4,5,0,0,74.72,301.97
41.83,0.9968,-0.0805,4,6,0,0,38.85,274.75
50.13,0.9952,-0.0977,4,7,0,0,62.82,231.4
70.16,0.9934,-0.1148,4,8,0,0,112.22,310.8
104.17,0.9913,-0.1319,4,9,0,0,193.79,517.0
90.88,0.9889,-0.1489,4,10,0,0,162.06,345.5
125.55,0.9861,-0.1659,4,11,0,0,211.25,484.0
80.5,0.9831,-0.1828,4,12,0,0,109.18,301.75
91.21,0.9799,-0.1997,4,13,0,0,134.67,408.07
101.61,0.9763,-0.2165,4,14,0,0,180.79,637.98
102.14,0.9724,-0.2333,4,15,0,0,168.04,426.0
74.74,0.9683,-0.25,4,16,0,0,116.52,292.25
73.07,0.9638,-0.2666,4,17,0,0,100.08,843.0
77.58,0.9591,-0.2831,4,18,0,0,87.12,341.25
61.25,0.9541,-0.2996,4,19,0,0,60.06,355.0
43.08,0.9488,-0.316,4,20,0,0,46.28,257.25
42.14,0.9432,-0.3322,4,21,0,0,38.9,132.0
42.02,0.9373,-0.3484,4,22,0,0,47.82,285.6
27.04,0.9312,-0.3645,4,23,0,0,22.57,116.15
60.44,0.9248,-0.3804,4,24,0,0,93.49,284.25
57.03,0.9181,-0.3963,4,25,0,0,54.03,232.0
89.57,0.9112,-0.412,4,26,0,0,102.38,227.88
81.27,0.9039,-0.4276,4,27,0,0,126.06,347.77
69.6,0.8965,-0.4431,4,28,0,0,79.05,230.5
74.43,0.8887,-0.4585,4,29,0,0,104.95,512.24
51.31,0.8807,-0.4737,4,30,0,0,52.35,388.1
42.14,0.8724,-0.4888,5,1,0,0,40.18,123.7
40.17,0.8639,-0.5037,5,2,0,0,33.05,142.0
46.47,0.8551,-0.5185,5,3,0,0,61.87,161.0
61.21,0.846,-0.5331,5,4,0,0,69.35,212.75
81.37,0.8367,-0.5476,5,5,0,0,90.75,335.0
104.11,0.8272,-0.5619,5,6,0,0,196.28,426.25
65.47,0.8174,-0.5761,5,7,0,0,75.25,269.5
54.44,0.8074,-0.59,5,8,0,0,80.29,242.4
95.57,0.7971,-0.6038,5,9,0,0,166.97,316.75
91.05,0.7866,-0.6175,5,10,0,0,128.71,319.0
130.6,0.7759,-0.6309,5,11,0,0,209.36,393.0
91.49,0.7649,-0.6442,5,12,0,0,100.45,348.88
99.09,0.7537,-0.6572,5,13,0,0,109.57,485.68
98.57,0.7423,-0.6701,5,14,0,0,136.92,479.27
38.31,0.7306,-0.6828,5,15,0,0,29.97,302.67
136.34,0.7188,-0.6952,5,16,0,0,257.39,858.0
90.2,0.7067,-0.7075,5,17,0,0,128.36,439.2
41.38,0.6945,-0.7195,5,18,0,0,32.39,475.8
66.91,0.682,-0.7314,5,19,0,0,82.41,324.2
69.13,0.6693,-0.743,5,20,0,0,97.72,410.08
81.61,0.6564,-0.7544,5,21,0,0,112.52,418.88
62.36,0.6433,-0.7656,5,22,0,0,47.74,293.65
51.37,0.6301,-0.7765,5,23,0,0,39.71,426.07
30.2,0.6166,-0.7873,5,24,0,0,33.36,224.1
25.89,0.603,-0.7978,5,25,0,0,20.93,134.75
26.17,0.5892,-0.808,5,26,0,0,23.94,150.6
33.7,0.5752,-0.818,5,27,0,0,29.09,523.54
56.8,0.561,-0.8278,5,28,0,0,80.39,233.0
37.1,0.5467,-0.8373,5,29,0,0,30.3,130.5
40.46,0.5322,-0.8466,5,30,0,0,55.96,135.7
33.88,0.5176,-0.8556,5,31,0,0,31.72,143.0
46.64,0.5028,-0.8644,6,1,0,0,58.04,292.76
41.96,0.4878,-0.8729,6,2,0,0,45.19,187.5
53.0,0.4728,-0.8812,6,3,0,0,61.51,386.5
78.77,0.4575,-0.8892,6,4,0,0,80.91,325.5
62.55,0.4422,-0.8969,6,5,0,0,71.0,251.1
67.29,0.4267,-0.9044,6,6,0,0,33.7,572.5
68.05,0.4111,-0.9116,6,7,0,0,92.24,474.55
53.69,0.3953,-0.9185,6,8,0,0,69.34,233.88
43.43,0.3795,-0.9252,6,9,0,0,43.51,173.5
40.9,0.3635,-0.9316,6,10,0,0,41.88,253.85
39.92,0.3474,-0.9377,6,11,0,0,35.37,191.32
51.16,0.3312,-0.9436,6,12,0,0,50.58,183.13
58.07,0.3149,-0.9491,6,13,0,0,62.85,247.82
45.05,0.2986,-0.9544,6,14,0,0,47.56,165.3
36.9,0.2821,-0.9594,6,15,0,0,41.12,210.9
37.95,0.2656,-0.9641,6,16,0,0,48.17,185.82
42.72,0.2489,-0.9685,6,17,0,0,46.56,196.94
30.42,0.2322,-0.9727,6,18,0,0,37.76,95.27
26.76,0.2155,-0.9765,6,19,0,0,19.09,89.0
40.77,0.1986,-0.9801,6,20,0,0,53.19,135.0
37.05,0.1818,-0.9833,6,21,0,0,27.92,126.36
41.72,0.1648,-0.9863,6,22,0,0,35.46,199.0
49.84,0.1478,-0.989,6,23,0,0,32.79,132.8
53.71,0.1308,-0.9914,6,24,0,0,59.12,164.0
26.17,0.1137,-0.9935,6,25,0,0,10.57,213.9
45.76,0.0966,-0.9953,6,26,0,0,58.46,238.0
35.56,0.0795,-0.9968,6,27,0,0,22.2,134.5
33.49,0.0623,-0.9981,6,28,0,0,42.22,122.25
40.76,0.0451,-0.999,6,29,0,0,45.28,206.0
25.96,0.028,-0.9996,6,30,0,0,19.04,324.97
23.8,0.0108,-0.9999,7,1,0,0,26.41,96.0
34.21,-0.0065,-1.0,7,2,0,0,26.01,119.0
53.81,-0.0237,-0.9997,7,3,0,0,37.97,133.0
49.22,-0.0408,-0.9992,7,4,0,0,51.84,135.02
37.45,-0.058,-0.9983,7,5,0,0,41.64,86.0
28.22,-0.0752,-0.9972,7,6,0,0,45.88,88.58
33.63,-0.0923,-0.9957,7,7,0,0,33.24,155.48
27.02,-0.1094,-0.994,7,8,0,0,21.61,192.15
23.16,-0.1265,-0.992,7,9,0,0,29.5,102.5
27.0,-0.1436,-0.9896,7,10,0,0,34.64,127.0
33.59,-0.1606,-0.987,7,11,0,0,36.34,95.5
32.39,-0.1775,-0.9841,7,12,0,0,32.56,101.15
37.11,-0.1944,-0.9809,7,13,0,0,36.05,103.0
36.83,-0.2113,-0.9774,7,14,0,0,37.88,86.6
37.5,-0.2281,-0.9736,7,15,0,0,32.62,135.25
28.46,-0.2448,-0.9696,7,16,0,0,25.38,107.4
45.31,-0.2614,-0.9652,7,17,0,0,30.88,158.0
35.48,-0.278,-0.9606,7,18,0,0,38.27,74.89
32.01,-0.2945,-0.9557,7,19,0,0,28.76,70.43
43.29,-0.3109,-0.9505,7,20,0,0,44.02,244.25
53.1,-0.3272,-0.945,7,21,0,0,60.53,274.0
34.44,-0.3434,-0.9392,7,22,0,0,34.98,124.7
27.59,-0.3595,-0.9332,7,23,0,0,26.55,94.0
30.6,-0.3755,-0.9268,7,24,0,0,33.99,141.0
43.11,-0.3914,-0.9202,7,25,0,0,37.92,123.33
24.52,-0.4071,-0.9134,7,26,0,0,10.76,91.6
39.93,-0.4228,-0.9062,7,27,0,0,45.29,160.75
35.1,-0.4383,-0.8988,7,28,0,0,43.94,172.36
16.8,-0.4537,-0.8912,7,29,0,0,18.34,95.0
23.51,-0.469,-0.8832,7,30,0,0,21.03,138.43
45.49,-0.4841,-0.875,7,31,0,0,57.92,853.8
28.05,-0.4991,-0.8666,8,1,0,0,23.08,105.33
27.37,-0.5139,-0.8578,8,2,0,0,27.07,335.4
31.06,-0.5286,-0.8489,8,3,0,0,25.45,183.33
36.88,-0.5431,-0.8397,8,4,0,0,30.03,250.75
40.65,-0.5575,-0.8302,8,5,0,0,37.91,558.29
30.95,-0.5717,-0.8205,8,6,0,0,26.53,315.18
29.26,-0.5857,-0.8105,8,7,0,0,26.44,98.5
30.8,-0.5996,-0.8003,8,8,0,0,27.08,137.0
36.83,-0.6132,-0.7899,8,9,0,0,29.18,150.12
37.31,-0.6267,-0.7792,8,10,0,0,33.22,129.6
40.24,-0.64,-0.7683,8,11,0,0,35.46,237.7
35.54,-0.6532,-0.7572,8,12,0,0,31.69,172.82
30.13,-0.6661,-0.7459,8,13,0,0,26.24,177.0
36.36,-0.6788,-0.7343,8,14,0,0,35.75,161.0
46.34,-0.6914,-0.7225,8,15,0,0,49.85,262.0
47.54,-0.7037,-0.7105,8,16,0,0,49.9,166.25
41.3,-0.7158,-0.6983,8,17,0,0,39.35,117.0
45.5,-0.7277,-0.6859,8,18,0,0,38.4,223.76
45.16,-0.7394,-0.6733,8,19,0,0,23.41,160.25
38.0,-0.7509,-0.6605,8,20,0,0,45.6,180.0
39.39,-0.7621,-0.6474,8,21,0,0,38.68,118.25
37.83,-0.7731,-0.6342,8,22,0,0,42.07,167.0
24.4,-0.7839,-0.6208,8,23,0,0,25.96,129.0
31.87,-0.7945,-0.6073,8,24,0,0,25.48,625.79
35.18,-0.8048,-0.5935,8,25,0,0,29.15,122.33
45.15,-0.8149,-0.5796,8,26,0,0,39.47,163.97
53.2,-0.8248,-0.5655,8,27,0,0,65.29,151.2
48.16,-0.8344,-0.5512,8,28,0,0,46.22,196.04
44.85,-0.8437,-0.5368,8,29,0,0,31.69,135.5
48.19,-0.8528,-0.5222,8,30,0,0,45.46,289.6
48.55,-0.8617,-0.5074,8,31,0,0,56.61,188.69
41.84,-0.8703,-0.4925,9,1,0,0,47.03,117.0
41.91,-0.8786,-0.4775,9,2,0,0,42.76,425.9
40.67,-0.8867,-0.4623,9,3,0,0,41.45,167.62
39.55,-0.8945,-0.447,9,4,0,0,47.47,201.6
39.25,-0.9021,-0.4315,9,5,0,0,33.24,126.67
31.96,-0.9094,-0.4159,9,6,0,0,31.6,240.07
34.79,-0.9164,-0.4002,9,7,0,0,29.54,120.0
23.47,-0.9232,-0.3844,9,8,0,0,18.74,134.67
13.58,-0.9296,-0.3685,9,9,0,0,11.89,238.75
11.76,-0.9358,-0.3524,9,10,0,0,19.09,276.5
26.75,-0.9418,-0.3363,9,11,0,0,21.54,129.8
37.65,-0.9474,-0.32,9,12,0,0,35.75,132.4
51.37,-0.9528,-0.3037,9,13,0,0,42.36,155.33
57.35,-0.9579,-0.2873,9,14,0,0,57.39,183.8
35.66,-0.9627,-0.2707,9,15,0,0,32.14,119.3
31.21,-0.9672,-0.2541,9,16,0,0,36.63,587.47
25.16,-0.9714,-0.2375,9,17,0,0,25.36,129.0
18.76,-0.9753,-0.2207,9,18,0,0,21.04,147.5
27.1,-0.979,-0.2039,9,19,0,0,25.77,759.58
39.61,-0.9824,-0.187,9,20,0,0,45.44,246.0
40.36,-0.9854,-0.1701,9,21,0,0,40.94,282.0
51.72,-0.9882,-0.1531,9,22,0,0,57.98,134.35
47.3,-0.9907,-0.1361,9,23,0,0,44.72,563.34
60.51,-0.9929,-0.1191,9,24,0,0,87.9,237.75
63.7,-0.9948,-0.102,9,25,0,0,70.64,709.0
69.31,-0.9964,-0.0848,9,26,0,0,82.78,152.0
51.92,-0.9977,-0.0677,9,27,0,0,52.16,442.17
58.6,-0.9987,-0.0505,9,28,0,0,63.85,141.5
69.08,-0.9994,-0.0333,9,29,0,0,76.33,157.9
65.54,-0.9999,-0.0161,9,30,0,0,84.43,275.0
64.31,-1.0,0.0011,10,1,0,0,77.34,153.8
61.74,-0.9998,0.0183,10,2,0,0,71.87,269.05
64.71,-0.9994,0.0355,10,3,0,0,76.32,278.07
72.24,-0.9986,0.0527,10,4,0,0,87.17,179.1
83.87,-0.9976,0.0698,10,5,0,0,80.79,335.83
91.94,-0.9962,0.087,10,6,0,0,95.15,480.25
81.62,-0.9946,0.1041,10,7,0,0,92.96,329.0
65.44,-0.9926,0.1212,10,8,0,0,53.8,451.02
70.25,-0.9904,0.1383,10,9,0,0,49.29,422.12
69.95,-0.9879,0.1553,10,10,0,0,48.84,763.0
84.32,-0.9851,0.1722,10,11,0,0,101.64,250.0
107.82,-0.9819,0.1892,10,12,0,0,156.92,527.25
130.11,-0.9785,0.206,10,13,0,0,184.16,805.25
110.14,-0.9749,0.2228,10,14,0,0,146.24,452.2
89.09,-0.9709,0.2396,10,15,1,0,113.73,439.25
65.05,-0.9666,0.2562,10,16,1,0,98.0,189.5
42.19,-0.9621,0.2728,10,17,1,0,28.41,171.0
52.36,-0.9572,0.2893,10,18,1,0,63.07,180.0
55.38,-0.9521,0.3057,10,19,1,0,60.28,166.5
98.18,-0.9467,0.3221,10,20,1,1,145.11,425.42
139.65,-0.941,0.3383,10,21,1,1,189.46,458.48
153.79,-0.9351,0.3545,10,22,1,1,194.82,410.0
129.89,-0.9288,0.3705,10,23,1,1,228.84,407.75
101.39,-0.9223,0.3864,10,24,1,1,127.4,323.5
123.36,-0.9155,0.4022,10,25,1,1,152.14,404.0
117.31,-0.9085,0.4179,10,26,1,1,144.12,613.0
136.62,-0.9012,0.4335,10,27,1,1,153.67,534.5
162.96,-0.8936,0.4489,10,28,1,1,200.82,563.0
174.32,-0.8857,0.4642,10,29,1,1,219.06,400.0
184.86,-0.8776,0.4794,10,30,1,1,223.49,476.0
205.19,-0.8692,0.4944,10,31,1,1,231.99,443.5
185.71,-0.8606,0.5093,11,1,1,1,221.1,443.75
312.49,-0.8517,0.524,11,2,1,1,270.19,652.5
310.48,-0.8426,0.5386,11,3,1,1,428.5,646.75
334.72,-0.8332,0.553,11,4,1,1,328.77,637.25
333.91,-0.8235,0.5672,11,5,1,1,392.4,771.0
262.43,-0.8137,0.5813,11,6,1,1,335.16,621.75
266.06,-0.8035,0.5952,11,7,1,1,271.85,554.25
282.3,-0.7932,0.609,11,8,1,1,341.5,669.0
328.8,-0.7826,0.6225,11,9,1,1,368.02,608.0
123.09,-0.7718,0.6359,11,10,1,1,42.35,639.5
92.82,-0.7607,0.6491,11,11,1,1,89.57,245.17
136.56,-0.7494,0.6621,11,12,1,1,117.27,973.0
309.44,-0.7379,0.6749,11,13,1,1,337.28,997.0
233.61,-0.7262,0.6875,11,14,1,1,252.5,633.05
257.18,-0.7143,0.6998,11,15,1,1,349.19,527.75
325.3,-0.7021,0.712,11,16,1,1,364.68,632.75
235.51,-0.6898,0.724,11,17,1,1,335.7,633.0
158.45,-0.6772,0.7358,11,18,1,1,178.05,381.0
160.41,-0.6645,0.7473,11,19,1,1,171.08,544.0
201.14,-0.6515,0.7586,11,20,1,1,251.19,636.81
235.7,-0.6384,0.7697,11,21,1,0,257.44,404.0
239.69,-0.625,0.7806,11,22,1,0,276.53,514.0
247.62,-0.6115,0.7912,11,23,1,0,267.48,635.93
303.74,-0.5978,0.8016,11,24,1,0,346.38,910.5
254.87,-0.584,0.8118,11,25,1,0,305.8,508.25
270.39,-0.5699,0.8217,11,26,1,0,315.22,717.5
228.52,-0.5557,0.8314,11,27,1,0,267.01,471.5
136.84,-0.5413,0.8408,11,28,1,0,182.42,350.0
188.94,-0.5268,0.85,11,29,1,0,180.79,549.0
254.65,-0.5121,0.859,11,30,1,0,296.44,555.0
223.03,-0.4972,0.8676,12,1,1,0,224.22,552.0
161.3,-0.4822,0.8761,12,2,1,0,176.49,382.25
154.52,-0.4671,0.8842,12,3,1,0,184.0,542.0
154.1,-0.4518,0.8921,12,4,1,0,182.68,612.28
139.18,-0.4364,0.8998,12,5,1,0,173.96,394.75
139.58,-0.4208,0.9071,12,6,1,0,161.97,389.0
174.82,-0.4052,0.9142,12,7,1,0,197.11,578.0
161.49,-0.3894,0.9211,12,8,1,0,156.9,475.0
163.31,-0.3735,0.9276,12,9,1,0,175.44,427.5
156.68,-0.3575,0.9339,12,10,1,0,160.56,463.0
168.19,-0.3413,0.9399,12,11,1,0,182.37,561.0
227.63,-0.3251,0.9457,12,12,1,0,294.87,665.51
231.66,-0.3088,0.9511,12,13,1,0,294.47,719.0
169.19,-0.2924,0.9563,12,14,1,0,191.95,493.0
186.46,-0.2759,0.9612,12,15,1,0,220.69,482.0
219.33,-0.2593,0.9658,12,16,1,0,280.89,541.91
201.73,-0.2427,0.9701,12,17,1,0,245.12,608.0
154.57,-0.226,0.9741,12,18,1,0,174.45,365.5
131.33,-0.2092,0.9779,12,19,1,0,149.75,420.75
153.31,-0.1923,0.9813,12,20,1,0,140.51,486.06
231.12,-0.1754,0.9845,12,21,1,0,244.39,542.82
309.16,-0.1585,0.9874,12,22,1,0,272.04,634.0
316.03,-0.1414,0.9899,12,23,1,0,372.88,889.5
285.82,-0.1244,0.9922,12,24,1,0,359.89,656.25
216.32,-0.1073,0.9942,12,25,1,0,210.69,579.33
232.53,-0.0902,0.9959,12,26,1,0,227.58,572.75
261.75,-0.073,0.9973,12,27,1,0,187.44,613.75
188.87,-0.0559,0.9984,12,28,1,0,138.42,437.5
253.49,-0.0387,0.9993,12,29,1,0,197.63,560.75
248.19,-0.0215,0.9998,12,30,1,0,214.17,401.0
215.66,-0.0043,1.0,12,31,1,0,191.45,356.0
176.71,0.0172,0.9999,1,1,1,0,154.68,355.0
180.65,0.0344,0.9994,1,2,1,0,168.0,478.5
191.73,0.0516,0.9987,1,3,1,0,129.29,716.0
215.34,0.0688,0.9976,1,4,1,0,189.23,465.75
158.89,0.0859,0.9963,1,5,1,0,117.06,353.25
170.61,0.103,0.9947,1,6,1,0,129.12,473.67
167.25,0.1201,0.9928,1,7,1,0,134.64,473.25
227.1,0.1372,0.9905,1,8,1,0,166.1,737.75
131.42,0.1542,0.988,1,9,1,0,143.72,288.12
154.84,0.1712,0.9852,1,10,1,0,107.78,457.17
188.87,0.1881,0.9821,1,11,1,0,157.43,515.5
181.96,0.205,0.9788,1,12,1,0,127.27,881.0
353.96,0.2218,0.9751,1,13,1,0,224.6,958.0
322.05,0.2385,0.9711,1,14,1,0,237.24,919.0
185.48,0.2552,0.9669,1,15,1,0,135.55,704.75
241.48,0.2718,0.9624,1,16,1,0,211.13,522.5
204.75,0.2883,0.9575,1,17,1,0,183.05,478.75
171.02,0.3047,0.9524,1,18,1,0,102.78,445.0
180.88,0.3211,0.9471,1,19,1,0,144.48,352.0
185.5,0.3373,0.9414,1,20,1,0,138.15,534.0
170.0,0.3534,0.9355,1,21,1,0,135.9,377.75
206.04,0.3695,0.9292,1,22,1,0,144.34,701.0
219.24,0.3854,0.9227,1,23,1,0,142.07,487.0
246.43,0.4012,0.916,1,24,1,0,216.23,531.75
194.53,0.4169,0.9089,1,25,1,0,103.21,655.75
289.48,0.4325,0.9016,1,26,1,0,260.3,917.0
181.24,0.4479,0.8941,1,27,1,0,191.55,583.75
252.72,0.4633,0.8862,1,28,1,0,244.89,693.85
202.95,0.4784,0.8781,1,29,1,0,155.93,541.75
213.54,0.4935,0.8698,1,30,1,0,130.5,529.25
223.33,0.5084,0.8611,1,31,1,0,196.58,517.0
65.75,0.5231,0.8523,2,1,0,0,39.6,201.5
102.63,0.5377,0.8432,2,2,0,0,75.95,242.25
98.88,0.5521,0.8338,2,3,0,0,86.22,505.67
122.9,0.5664,0.8242,2,4,0,0,107.12,379.5
74.81,0.5805,0.8143,2,5,0,0,82.84,184.25
66.58,0.5944,0.8042,2,6,0,0,63.62,361.75
76.73,0.6081,0.7938,2,7,0,0,85.12,255.0
68.77,0.6217,0.7833,2,8,0,0,72.95,154.25
79.73,0.6351,0.7725,2,9,0,0,71.07,558.5
176.74,0.6483,0.7614,2,10,0,0,203.85,389.5
155.21,0.6613,0.7502,2,11,0,0,183.53,441.15
156.73,0.6741,0.7387,2,12,0,0,157.1,623.22
203.35,0.6867,0.727,2,13,0,0,210.56,458.74
167.1,0.6991,0.715,2,14,0,0,188.5,370.0
127.23,0.7113,0.7029,2,15,0,0,146.4,330.25
119.97,0.7233,0.6906,2,16,0,0,154.31,300.5
119.98,0.735,0.678,2,17,0,0,144.88,646.0
131.33,0.7466,0.6653,2,18,0,0,173.24,354.5
89.77,0.7579,0.6523,2,19,0,0,94.2,177.0
120.38,0.769,0.6392,2,20,0,0,118.12,384.67
89.5,0.7799,0.6259,2,21,0,0,92.84,263.0
61.85,0.7906,0.6124,2,22,0,0,89.15,268.68
61.04,0.801,0.5987,2,23,0,0,90.79,217.0
87.64,0.8112,0.5848,2,24,0,0,115.14,300.0
81.27,0.8211,0.5708,2,25,0,0,119.8,288.75
78.98,0.8308,0.5566,2,26,0,0,86.04,306.0
62.45,0.8402,0.5422,2,27,0,0,58.12,304.5
62.5,0.8495,0.5277,2,28,0,0,78.98,150.0
67.57,0.8584,0.513,2,29,0,0,85.39,255.67
91.52,0.8671,0.4981,3,1,0,0,134.08,369.75
33.53,0.8755,0.4831,3,2,0,0,30.69,331.1
48.58,0.8837,0.468,3,3,0,0,49.28,117.9
49.29,0.8916,0.4527,3,4,0,0,71.84,205.88
51.0,0.8993,0.4373,3,5,0,0,69.14,175.0
64.49,0.9067,0.4218,3,6,0,0,79.17,183.0
80.81,0.9138,0.4061,3,7,0,0,121.31,337.5
66.34,0.9207,0.3904,3,8,0,0,104.42,274.0
63.06,0.9272,0.3745,3,9,0,0,93.09,285.0
86.75,0.9335,0.3585,3,10,0,0,138.24,316.0
88.46,0.9396,0.3424,3,11,0,0,131.6,283.0
86.46,0.9453,0.3261,3,12,0,0,148.93,356.25
78.88,0.9508,0.3098,3,13,0,0,127.07,374.75
87.64,0.956,0.2934,3,14,0,0,146.29,340.25
47.12,0.9609,0.2769,3,15,0,0,61.55,523.84
77.67,0.9655,0.2604,3,16,0,0,97.76,272.5
91.12,0.9698,0.2437,3,17,0,0,140.8,319.25
93.32,0.9739,0.227,3,18,0,0,157.23,291.25
108.69,0.9777,0.2102,3,19,0,0,175.32,376.25
108.6,0.9811,0.1934,3,20,0,0,172.42,421.5
77.68,0.9843,0.1765,3,21,0,0,59.9,330.25
82.59,0.9872,0.1595,3,22,0,0,79.74,827.0
96.68,0.9898,0.1425,3,23,0,0,130.32,452.25
86.06,0.9921,0.1255,3,24,0,0,153.42,546.43
95.96,0.9941,0.1084,3,25,0,0,123.37,766.1
64.8,0.9958,0.0913,3,26,0,0,93.9,230.75
71.34,0.9972,0.0741,3,27,0,0,105.85,633.7
68.5,0.9984,0.057,3,28,0,0,91.49,426.88
85.28,0.9992,0.0398,3,29,0,0,117.0,568.35
86.72,0.9997,0.0226,3,30,0,0,102.6,518.72
94.3,1.0,0.0054,3,31,0,0,161.78,409.5
53.67,0.9999,-0.0118,4,1,0,0,88.33,567.9
64.78,0.9996,-0.029,4,2,0,0,118.59,542.43
75.55,0.9989,-0.0462,4,3,0,0,95.29,258.08
64.74,0.998,-0.0634,4,4,0,0,66.14,347.84
63.67,0.9968,-0.0805,4,5,0,0,84.65,237.42
69.6,0.9952,-0.0977,4,6,0,0,110.57,272.0
84.93,0.9934,-0.1148,4,7,0,0,177.41,398.0
88.75,0.9913,-0.1319,4,8,0,0,163.73,446.92
85.74,0.9889,-0.1489,4,9,0,0,124.7,331.43
98.3,0.9861,-0.1659,4,10,0,0,141.13,408.4
88.87,0.9831,-0.1828,4,11,0,0,143.02,483.95
105.11,0.9799,-0.1997,4,12,0,0,166.63,368.48
66.97,0.9763,-0.2165,4,13,0,0,76.5,438.28
64.63,0.9724,-0.2333,4,14,0,0,78.3,294.48
105.5,0.9683,-0.25,4,15,0,0,152.52,465.69
86.72,0.9638,-0.2666,4,16,0,0,153.98,448.0
43.9,0.9591,-0.2831,4,17,0,0,66.24,288.8
56.12,0.9541,-0.2996,4,18,0,0,92.33,375.4
63.15,0.9488,-0.316,4,19,0,0,82.74,302.02
65.01,0.9432,-0.3322,4,20,0,0,90.71,356.66
47.47,0.9373,-0.3484,4,21,0,0,64.36,311.12
40.97,0.9312,-0.3645,4,22,0,0,27.3,309.25
71.66,0.9248,-0.3804,4,23,0,0,92.4,332.25
70.77,0.9181,-0.3963,4,24,0,0,126.53,405.0
83.96,0.9112,-0.412,4,25,0,0,174.96,518.25
66.73,0.9039,-0.4276,4,26,0,0,92.69,260.0
57.75,0.8965,-0.4431,4,27,0,0,66.83,278.97
58.7,0.8887,-0.4585,4,28,0,0,67.53,340.22
80.76,0.8807,-0.4737,4,29,0,0,131.67,234.5
63.92,0.8724,-0.4888,4,30,0,0,91.66,325.5
65.65,0.8639,-0.5037,5,1,0,0,62.86,392.75
83.75,0.8551,-0.5185,5,2,0,0,120.49,362.0
134.28,0.846,-0.5331,5,3,0,0,202.24,468.98
142.52,0.8367,-0.5476,5,4,0,0,227.39,440.95
142.22,0.8272,-0.5619,5,5,0,0,264.3,575.75
114.38,0.8174,-0.5761,5,6,0,0,178.61,544.28
153.68,0.8074,-0.59,5,7,0,0,242.45,501.0
75.7,0.7971,-0.6038,5,8,0,0,65.79,381.71
57.38,0.7866,-0.6175,5,9,0,0,42.19,190.7
79.65,0.7759,-0.6309,5,10,0,0,69.38,942.14
72.03,0.7649,-0.6442,5,11,0,0,87.8,937.56
85.34,0.7537,-0.6572,5,12,0,0,93.66,416.0
96.45,0.7423,-0.6701,5,13,0,0,108.86,447.62
110.77,0.7306,-0.6828,5,14,0,0,184.72,942.06
125.21,0.7188,-0.6952,5,15,0,0,191.41,497.88
105.87,0.7067,-0.7075,5,16,0,0,103.27,336.32
91.4,0.6945,-0.7195,5,17,0,0,97.71,455.2
110.13,0.682,-0.7314,5,18,0,0,142.61,461.08
97.3,0.6693,-0.743,5,19,0,0,165.85,331.0
86.89,0.6564,-0.7544,5,20,0,0,133.35,942.44
82.25,0.6433,-0.7656,5,21,0,0,80.16,345.62
71.31,0.6301,-0.7765,5,22,0,0,73.7,199.0
54.6,0.6166,-0.7873,5,23,0,0,50.08,534.0
55.08,0.603,-0.7978,5,24,0,0,51.51,687.33
69.06,0.5892,-0.808,5,25,0,0,78.33,484.22
77.83,0.5752,-0.818,5,26,0,0,122.22,724.05
94.46,0.561,-0.8278,5,27,0,0,115.4,806.88
95.19,0.5467,-0.8373,5,28,0,0,109.84,503.78
72.41,0.5322,-0.8466,5,29,0,0,69.93,232.07
67.0,0.5176,-0.8556,5,30,0,0,75.42,530.0
71.57,0.5028,-0.8644,5,31,0,0,82.35,720.85
75.06,0.4878,-0.8729,6,1,0,0,88.07,484.68
47.07,0.4728,-0.8812,6,2,0,0,52.75,353.9
58.78,0.4575,-0.8892,6,3,0,0,55.73,830.8
77.2,0.4422,-0.8969,6,4,0,0,65.62,651.9
75.46,0.4267,-0.9044,6,5,0,0,61.75,960.04
56.97,0.4111,-0.9116,6,6,0,0,54.09,960.04
64.59,0.3953,-0.9185,6,7,0,0,88.6,826.68
62.7,0.3795,-0.9252,6,8,0,0,70.07,517.0
55.34,0.3635,-0.9316,6,9,0,0,76.61,783.42
54.09,0.3474,-0.9377,6,10,0,0,50.08,545.1
87.56,0.3312,-0.9436,6,11,0,0,145.0,958.38
69.53,0.3149,-0.9491,6,12,0,0,79.64,604.6
54.47,0.2986,-0.9544,6,13,0,0,40.91,555.92
47.73,0.2821,-0.9594,6,14,0,0,45.94,957.3
46.51,0.2656,-0.9641,6,15,0,0,40.34,366.6
57.05,0.2489,-0.9685,6,16,0,0,71.94,435.58
54.85,0.2322,-0.9727,6,17,0,0,63.44,257.74
72.03,0.2155,-0.9765,6,18,0,0,65.02,275.75
66.38,0.1986,-0.9801,6,19,0,0,46.3,505.3
45.45,0.1818,-0.9833,6,20,0,0,39.76,250.05
64.15,0.1648,-0.9863,6,21,0,0,65.06,222.48
90.97,0.1478,-0.989,6,22,0,0,143.47,530.9
62.9,0.1308,-0.9914,6,23,0,0,73.78,290.55
59.25,0.1137,-0.9935,6,24,0,0,73.91,214.62
67.44,0.0966,-0.9953,6,25,0,0,72.47,540.02
51.45,0.0795,-0.9968,6,26,0,0,72.43,247.49
30.98,0.0623,-0.9981,6,27,0,0,36.68,895.74
37.15,0.0451,-0.999,6,28,0,0,13.21,551.28
46.95,0.028,-0.9996,6,29,0,0,66.67,296.73
60.22,0.0108,-0.9999,6,30,0,0,62.81,210.0
35.88,-0.0065,-1.0,7,1,0,0,25.08,116.0
42.69,-0.0237,-0.9997,7,2,0,0,56.37,223.0
35.51,-0.0408,-0.9992,7,3,0,0,43.66,212.0
28.18,-0.058,-0.9983,7,4,0,0,24.9,942.06
28.51,-0.0752,-0.9972,7,5,0,0,41.37,111.0
23.94,-0.0923,-0.9957,7,6,0,0,28.39,74.0
11.97,-0.1094,-0.994,7,7,0,0,9.79,73.0
21.51,-0.1265,-0.992,7,8,0,0,22.95,102.0
45.17,-0.1436,-0.9896,7,9,0,0,45.34,957.7
61.77,-0.1606,-0.987,7,10,0,0,76.81,949.68
52.49,-0.1775,-0.9841,7,11,0,0,60.01,274.4
27.52,-0.1944,-0.9809,7,12,0,0,18.67,110.73
38.3,-0.2113,-0.9774,7,13,0,0,31.73,201.77
49.25,-0.2281,-0.9736,7,14,0,0,56.36,234.0
46.03,-0.2448,-0.9696,7,15,0,0,55.25,332.97
43.63,-0.2614,-0.9652,7,16,0,0,49.58,151.0
36.11,-0.278,-0.9606,7,17,0,0,32.5,206.0
43.18,-0.2945,-0.9557,7,18,0,0,49.19,185.0
65.17,-0.3109,-0.9505,7,19,0,0,68.39,176.0
49.09,-0.3272,-0.945,7,20,0,0,41.51,399.82
41.75,-0.3434,-0.9392,7,21,0,0,35.8,190.0
34.71,-0.3595,-0.9332,7,22,0,0,41.74,205.1
43.21,-0.3755,-0.9268,7,23,0,0,40.94,223.0
47.22,-0.3914,-0.9202,7,24,0,0,22.37,202.34
38.5,-0.4071,-0.9134,7,25,0,0,30.7,197.0
48.84,-0.4228,-0.9062,7,26,0,0,25.79,774.31
44.1,-0.4383,-0.8988,7,27,0,0,43.08,262.5
29.58,-0.4537,-0.8912,7,28,0,0,47.7,187.13
32.49,-0.469,-0.8832,7,29,0,0,29.25,213.83
40.78,-0.4841,-0.875,7,30,0,0,38.51,129.0
33.63,-0.4991,-0.8666,7,31,0,0,39.57,521.6
19.11,-0.5139,-0.8578,8,1,0,0,11.78,765.9
32.99,-0.5286,-0.8489,8,2,0,0,38.25,200.32
22.8,-0.5431,-0.8397,8,3,0,0,22.33,89.0
18.44,-0.5575,-0.8302,8,4,0,0,17.45,127.0
20.91,-0.5717,-0.8205,8,5,0,0,23.68,60.62
21.03,-0.5857,-0.8105,8,6,0,0,18.45,814.46
18.1,-0.5996,-0.8003,8,7,0,0,14.61,119.6
21.46,-0.6132,-0.7899,8,8,0,0,22.07,299.02
26.0,-0.6267,-0.7792,8,9,0,0,30.82,315.69
33.01,-0.64,-0.7683,8,10,0,0,37.3,127.0
27.23,-0.6532,-0.7572,8,11,0,0,31.07,135.42
28.42,-0.6661,-0.7459,8,12,0,0,28.91,137.84
24.7,-0.6788,-0.7343,8,13,0,0,21.54,906.46
35.64,-0.6914,-0.7225,8,14,0,0,46.9,175.0
27.01,-0.7037,-0.7105,8,15,0,0,27.51,105.0
21.76,-0.7158,-0.6983,8,16,0,0,33.58,93.0
30.57,-0.7277,-0.6859,8,17,0,0,28.92,164.99
30.02,-0.7394,-0.6733,8,18,0,0,28.36,120.15
28.04,-0.7509,-0.6605,8,19,0,0,30.16,120.68
22.69,-0.7621,-0.6474,8,20,0,0,14.25,85.0
29.39,-0.7731,-0.6342,8,21,0,0,25.67,104.0
28.88,-0.7839,-0.6208,8,22,0,0,23.59,256.58
27.7,-0.7945,-0.6073,8,23,0,0,27.96,123.0
48.1,-0.8048,-0.5935,8,24,0,0,66.55,166.0
26.58,-0.8149,-0.5796,8,25,0,0,24.75,165.54
28.36,-0.8248,-0.5655,8,26,0,0,29.9,183.48
20.53,-0.8344,-0.5512,8,27,0,0,22.85,105.96
22.52,-0.8437,-0.5368,8,28,0,0,17.79,83.42
26.93,-0.8528,-0.5222,8,29,0,0,15.53,210.0
47.51,-0.8617,-0.5074,8,30,0,0,60.65,315.0
38.74,-0.8703,-0.4925,8,31,0,0,40.85,186.02
40.45,-0.8786,-0.4775,9,1,0,0,39.96,136.12
32.7,-0.8867,-0.4623,9,2,0,0,34.62,202.36
33.86,-0.8945,-0.447,9,3,0,0,35.89,174.38
23.5,-0.9021,-0.4315,9,4,0,0,25.29,85.0
40.35,-0.9094,-0.4159,9,5,0,0,28.36,512.55
29.93,-0.9164,-0.4002,9,6,0,0,37.68,111.0
28.02,-0.9232,-0.3844,9,7,0,0,34.8,100.0
50.87,-0.9296,-0.3685,9,8,0,0,55.1,141.0
49.05,-0.9358,-0.3524,9,9,0,0,54.34,155.0
42.02,-0.9418,-0.3363,9,10,0,0,48.53,425.68
34.43,-0.9474,-0.32,9,11,0,0,40.96,156.0
16.94,-0.9528,-0.3037,9,12,0,0,11.26,218.7
18.27,-0.9579,-0.2873,9,13,0,0,11.48,80.02
29.35,-0.9627,-0.2707,9,14,0,0,23.69,143.0
41.16,-0.9672,-0.2541,9,15,0,0,33.19,210.75
50.98,-0.9714,-0.2375,9,16,0,0,44.48,256.77
57.66,-0.9753,-0.2207,9,17,0,0,55.58,262.0
36.81,-0.979,-0.2039,9,18,0,0,57.93,175.0
33.65,-0.9824,-0.187,9,19,0,0,22.22,526.78
33.73,-0.9854,-0.1701,9,20,0,0,33.23,251.0
46.57,-0.9882,-0.1531,9,21,0,0,42.56,450.0
73.74,-0.9907,-0.1361,9,22,0,0,83.29,402.0
81.05,-0.9929,-0.1191,9,23,0,0,81.48,693.05
96.32,-0.9948,-0.102,9,24,0,0,92.12,388.0
84.05,-0.9964,-0.0848,9,25,0,0,113.08,405.0
28.35,-0.9977,-0.0677,9,26,0,0,29.5,136.0
17.48,-0.9987,-0.0505,9,27,0,0,15.85,457.93
21.54,-0.9994,-0.0333,9,28,0,0,14.36,279.0
31.56,-0.9999,-0.0161,9,29,0,0,34.07,488.7
63.4,-1.0,0.0011,9,30,0,0,74.46,186.0
