school_id,timestamp,hour,day_of_week,is_school_window,is_commute_window,temp_2m,humidity_2m,wind_speed_10m,pbl_height,no2,co,pm10,pm2_5
dps_rohini,2026-09-19T00:00,0,5,0,0,26.0,88,2.1,40.0,50.0,947.0,102.9,55.6
dps_rohini,2026-09-19T01:00,1,5,0,0,25.6,90,3.2,40.0,45.7,905.0,112.2,64.5
dps_rohini,2026-09-19T02:00,2,5,0,0,26.5,87,3.3,65.0,39.5,895.0,102.0,66.1
dps_rohini,2026-09-19T03:00,3,5,0,0,28.4,75,2.6,245.0,32.7,854.0,90.3,49.0
dps_rohini,2026-09-19T04:00,4,5,0,0,29.9,62,3.5,920.0,24.8,740.0,75.9,39.6
dps_rohini,2026-09-19T05:00,5,5,0,0,30.7,58,4.0,1075.0,16.3,597.0,71.9,38.2
dps_rohini,2026-09-19T06:00,6,5,0,0,32.1,53,5.4,1530.0,10.0,490.0,72.6,39.2
dps_rohini,2026-09-19T07:00,7,5,1,1,32.6,50,6.1,1585.0,6.8,450.0,73.6,40.5
dps_rohini,2026-09-19T08:00,8,5,1,1,32.8,48,6.0,1590.0,5.8,447.0,75.4,41.3
dps_rohini,2026-09-19T09:00,9,5,1,1,33.0,45,5.6,1570.0,6.7,459.0,75.4,41.3
dps_rohini,2026-09-19T10:00,10,5,1,0,32.9,45,6.0,1545.0,8.3,448.0,74.5,41.3
dps_rohini,2026-09-19T11:00,11,5,1,0,32.5,47,5.3,1495.0,11.9,454.0,73.6,41.4
dps_rohini,2026-09-19T12:00,12,5,1,0,32.0,53,6.2,535.0,21.1,569.0,87.8,51.8
dps_rohini,2026-09-19T13:00,13,5,1,0,30.3,62,4.5,100.0,41.6,875.0,92.7,62.9
dps_rohini,2026-09-19T14:00,14,5,0,0,29.5,65,4.3,75.0,70.0,1292.0,102.7,75.2
dps_rohini,2026-09-19T15:00,15,5,0,0,28.7,69,3.5,55.0,92.0,1671.0,110.8,84.8
dps_rohini,2026-09-19T16:00,16,5,0,0,27.9,75,3.3,45.0,101.4,2001.0,120.6,94.8
dps_rohini,2026-09-19T17:00,17,5,0,0,27.6,77,2.7,35.0,104.4,2293.0,131.8,105.2
dps_rohini,2026-09-19T18:00,18,5,0,0,27.6,79,3.2,45.0,105.4,2435.0,143.4,115.0
dps_rohini,2026-09-19T19:00,19,5,0,0,26.8,80,3.1,45.0,105.7,2326.0,149.5,120.6
dps_rohini,2026-09-19T20:00,20,5,0,0,26.3,82,3.6,60.0,103.9,2067.0,151.8,123.4
dps_rohini,2026-09-19T21:00,21,5,0,0,26.1,83,3.1,50.0,100.4,1853.0,147.6,122.0
dps_rohini,2026-09-19T22:00,22,5,0,0,25.8,83,2.8,45.0,94.9,1757.0,142.5,118.7
dps_rohini,2026-09-19T23:00,23,5,0,0,25.4,85,2.9,55.0,87.8,1707.0,138.8,117.1
dps_rohini,2026-09-20T00:00,0,6,0,0,26.3,86,4.0,85.0,56.7,1676.0,98.3,85.0
dps_rohini,2026-09-20T01:00,1,6,0,0,25.8,87,2.7,45.0,50.8,1703.0,102.2,88.2
dps_rohini,2026-09-20T02:00,2,6,0,0,26.7,84,2.4,65.0,42.4,1750.0,101.5,89.2
dps_rohini,2026-09-20T03:00,3,6,0,0,28.5,77,1.8,130.0,33.7,1678.0,100.1,79.4
dps_rohini,2026-09-20T04:00,4,6,0,0,30.5,67,2.5,955.0,24.4,1368.0,98.7,65.4
dps_rohini,2026-09-20T05:00,5,6,0,0,31.7,57,3.9,1185.0,14.7,940.0,97.6,55.3
dps_rohini,2026-09-20T06:00,6,6,0,0,32.8,49,4.2,1715.0,7.7,614.0,93.6,52.2
dps_rohini,2026-09-20T07:00,7,6,0,0,33.3,46,4.0,1775.0,4.8,495.0,90.1,52.0
dps_rohini,2026-09-20T08:00,8,6,0,0,33.6,44,3.8,1795.0,4.5,477.0,88.9,52.3
dps_rohini,2026-09-20T09:00,9,6,0,0,33.8,43,3.7,1810.0,5.5,470.0,87.5,52.9
dps_rohini,2026-09-20T10:00,10,6,0,0,33.6,43,5.3,1785.0,7.5,426.0,87.1,53.4
dps_rohini,2026-09-20T11:00,11,6,0,0,32.9,45,7.5,1465.0,10.8,391.0,82.7,54.4
dps_rohini,2026-09-20T12:00,12,6,0,0,32.0,49,9.0,520.0,15.6,416.0,91.7,60.3
dps_rohini,2026-09-20T13:00,13,6,0,0,30.8,53,5.4,165.0,19.5,542.0,89.2,61.0
dps_rohini,2026-09-20T14:00,14,6,0,0,30.0,58,3.9,65.0,25.2,728.0,87.8,62.4
dps_rohini,2026-09-20T15:00,15,6,0,0,29.3,64,2.8,40.0,31.7,891.0,88.0,66.4
dps_rohini,2026-09-20T16:00,16,6,0,0,28.5,69,2.7,45.0,39.4,1010.0,91.5,71.9
dps_rohini,2026-09-20T17:00,17,6,0,0,28.2,71,0.9,20.0,47.8,1107.0,97.8,78.9
dps_rohini,2026-09-20T18:00,18,6,0,0,28.2,72,2.7,40.0,54.7,1169.0,105.2,85.9
dps_rohini,2026-09-20T19:00,19,6,0,0,27.3,74,3.5,55.0,58.8,1187.0,109.9,89.4
dps_rohini,2026-09-20T20:00,20,6,0,0,26.7,73,3.6,55.0,61.4,1171.0,112.9,92.0
dps_rohini,2026-09-20T21:00,21,6,0,0,26.4,72,3.8,55.0,63.5,1137.0,115.9,94.5
dps_rohini,2026-09-20T22:00,22,6,0,0,26.1,73,3.5,55.0,66.4,1066.0,119.7,97.6
dps_rohini,2026-09-20T23:00,23,6,0,0,25.7,75,3.3,55.0,68.9,977.0,123.4,101.0
dps_rohini,2026-09-21T00:00,0,0,0,0,26.5,79,3.1,45.0,43.4,943.0,84.1,67.8
dps_rohini,2026-09-21T01:00,1,0,0,0,26.1,80,2.8,55.0,43.5,1047.0,89.2,72.9
dps_rohini,2026-09-21T02:00,2,0,0,0,26.9,75,3.1,85.0,43.3,1206.0,91.0,79.2
dps_rohini,2026-09-21T03:00,3,0,0,0,28.5,68,1.5,140.0,40.1,1242.0,81.7,65.4
dps_rohini,2026-09-21T04:00,4,0,0,0,30.5,60,1.9,370.0,31.1,1027.0,75.9,51.8
dps_rohini,2026-09-21T05:00,5,0,0,0,32.0,51,2.5,1400.0,19.1,688.0,78.0,49.9
dps_rohini,2026-09-21T06:00,6,0,0,0,33.0,47,4.2,1590.0,10.0,433.0,83.4,51.6
dps_rohini,2026-09-21T07:00,7,0,1,1,33.3,46,4.8,1550.0,6.2,351.0,86.8,52.9
dps_rohini,2026-09-21T08:00,8,0,1,1,33.5,46,5.2,1685.0,5.3,352.0,88.7,53.8
dps_rohini,2026-09-21T09:00,9,0,1,1,33.4,46,5.9,1690.0,6.2,370.0,91.0,54.8
dps_rohini,2026-09-21T10:00,10,0,1,0,33.2,47,5.5,1590.0,8.6,358.0,94.3,55.9
dps_rohini,2026-09-21T11:00,11,0,1,0,32.9,47,6.1,1575.0,12.8,363.0,95.0,57.2
dps_rohini,2026-09-21T12:00,12,0,1,0,32.6,47,7.9,1315.0,19.5,463.0,90.8,60.1
dps_rohini,2026-09-21T13:00,13,0,1,0,31.2,56,6.5,215.0,27.9,761.0,93.6,66.8
dps_rohini,2026-09-21T14:00,14,0,0,0,30.2,62,4.2,110.0,39.7,1153.0,99.2,71.5
dps_rohini,2026-09-21T15:00,15,0,0,0,29.4,69,2.7,60.0,51.1,1412.0,105.5,75.0
dps_rohini,2026-09-21T16:00,16,0,0,0,28.8,73,2.3,45.0,61.3,1420.0,115.0,80.8
dps_rohini,2026-09-21T17:00,17,0,0,0,28.4,74,2.6,45.0,71.0,1293.0,129.5,89.6
dps_rohini,2026-09-21T18:00,18,0,0,0,28.8,73,3.3,40.0,78.0,1155.0,141.1,95.0
dps_rohini,2026-09-21T19:00,19,0,0,0,27.8,78,2.7,40.0,80.8,1032.0,150.9,97.8
dps_rohini,2026-09-21T20:00,20,0,0,0,27.3,78,3.1,45.0,80.9,897.0,159.3,100.4
dps_rohini,2026-09-21T21:00,21,0,0,0,26.9,79,3.1,45.0,80.9,789.0,166.2,102.4
dps_rohini,2026-09-21T22:00,22,0,0,0,26.6,79,3.2,50.0,83.0,713.0,172.3,103.1
dps_rohini,2026-09-21T23:00,23,0,0,0,26.2,81,2.8,55.0,84.9,665.0,178.8,103.8
dps_rohini,2026-09-22T00:00,0,1,0,0,26.6,83,1.8,40.0,83.9,670.0,163.9,107.8
dps_rohini,2026-09-22T01:00,1,1,0,0,26.2,84,1.9,40.0,72.2,786.0,161.6,102.7
dps_rohini,2026-09-22T02:00,2,1,0,0,27.2,79,1.5,60.0,55.8,954.0,146.2,95.0
dps_rohini,2026-09-22T03:00,3,1,0,0,29.5,66,1.4,205.0,40.7,1026.0,152.3,69.8
dps_rohini,2026-09-22T04:00,4,1,0,0,31.5,54,1.3,940.0,28.4,906.0,153.2,58.0
dps_rohini,2026-09-22T05:00,5,1,0,0,32.8,48,2.3,1140.0,17.5,690.0,133.2,52.0
dps_rohini,2026-09-22T06:00,6,1,0,0,34.1,45,4.2,1520.0,9.7,517.0,115.9,50.3
dps_rohini,2026-09-22T07:00,7,1,1,1,34.7,43,5.4,1625.0,6.0,440.0,104.1,49.2
dps_rohini,2026-09-22T08:00,8,1,1,1,35.3,40,6.8,1685.0,5.3,406.0,95.9,48.0
dps_rohini,2026-09-22T09:00,9,1,1,1,35.3,40,8.5,1645.0,6.2,389.0,90.8,46.0
dps_rohini,2026-09-22T10:00,10,1,1,0,35.0,42,9.3,1380.0,8.6,374.0,89.4,44.4
dps_rohini,2026-09-22T11:00,11,1,1,0,34.4,44,9.4,1300.0,12.5,376.0,93.4,44.0
dps_rohini,2026-09-22T12:00,12,1,1,0,33.8,50,7.9,1210.0,16.1,421.0,94.8,43.2
dps_rohini,2026-09-22T13:00,13,1,1,0,32.6,55,7.7,725.0,21.9,545.0,100.4,46.2
dps_rohini,2026-09-22T14:00,14,1,0,0,31.8,60,4.9,220.0,30.0,712.0,106.4,50.1
dps_rohini,2026-09-22T15:00,15,1,0,0,31.1,65,3.1,85.0,36.7,835.0,112.2,53.7
dps_rohini,2026-09-22T16:00,16,1,0,0,30.6,70,1.2,40.0,40.5,878.0,119.0,58.0
dps_rohini,2026-09-22T17:00,17,1,0,0,30.2,72,1.2,35.0,42.8,878.0,126.2,61.2
dps_rohini,2026-09-22T18:00,18,1,0,0,30.5,70,4.0,75.0,45.0,857.0,131.8,63.3
dps_rohini,2026-09-22T19:00,19,1,0,0,29.1,78,4.0,80.0,47.3,807.0,138.8,65.7
dps_rohini,2026-09-22T20:00,20,1,0,0,28.3,81,4.4,80.0,49.3,736.0,146.7,68.9
dps_rohini,2026-09-22T21:00,21,1,0,0,27.4,84,4.5,80.0,51.3,695.0,150.9,71.2
dps_rohini,2026-09-22T22:00,22,1,0,0,26.8,86,4.0,80.0,54.4,711.0,152.3,72.6
dps_rohini,2026-09-22T23:00,23,1,0,0,26.4,88,2.0,60.0,57.5,755.0,153.7,74.3
dps_rohini,2026-09-23T00:00,0,2,0,0,26.7,87,2.6,35.0,33.8,795.0,120.1,62.9
dps_rohini,2026-09-23T01:00,1,2,0,0,26.2,90,1.8,25.0,32.7,827.0,123.9,70.3
dps_rohini,2026-09-23T02:00,2,2,0,0,27.5,81,1.5,70.0,30.9,855.0,112.7,74.3
dps_rohini,2026-09-23T03:00,3,2,0,0,29.7,67,1.6,410.0,28.1,851.0,96.2,63.1
dps_rohini,2026-09-23T04:00,4,2,0,0,31.5,56,0.6,945.0,23.4,791.0,88.5,60.8
dps_rohini,2026-09-23T05:00,5,2,0,0,32.9,50,0.7,1060.0,17.6,700.0,82.7,57.7
dps_rohini,2026-09-23T06:00,6,2,0,0,34.4,48,3.4,1470.0,12.9,623.0,78.2,55.5
dps_rohini,2026-09-23T07:00,7,2,1,1,35.3,42,5.6,1655.0,9.8,577.0,73.8,54.0
dps_rohini,2026-09-23T08:00,8,2,1,1,35.7,39,7.3,1800.0,7.9,546.0,70.5,52.9
dps_rohini,2026-09-23T09:00,9,2,1,1,35.7,38,9.0,1760.0,7.8,523.0,68.9,52.2
dps_rohini,2026-09-23T10:00,10,2,1,0,35.3,39,10.1,1525.0,9.9,493.0,69.4,53.1
dps_rohini,2026-09-23T11:00,11,2,1,0,34.6,41,9.6,1250.0,13.9,472.0,71.2,56.0
dps_rohini,2026-09-23T12:00,12,2,1,0,33.6,43,9.2,855.0,21.5,500.0,76.4,62.9
dps_rohini,2026-09-23T13:00,13,2,1,0,32.3,49,5.2,230.0,27.5,619.0,84.8,69.6
dps_rohini,2026-09-23T14:00,14,2,0,0,31.4,55,5.3,200.0,36.0,786.0,95.2,79.4
dps_rohini,2026-09-23T15:00,15,2,0,0,30.5,60,4.9,135.0,43.8,920.0,102.9,87.5
dps_rohini,2026-09-23T16:00,16,2,0,0,29.8,64,3.1,85.0,51.3,993.0,111.8,97.8
dps_rohini,2026-09-23T17:00,17,2,0,0,29.3,66,3.1,80.0,58.0,1032.0,122.0,108.0
dps_rohini,2026-09-23T18:00,18,2,0,0,29.9,67,5.2,100.0,59.9,1032.0,126.2,109.7
dps_rohini,2026-09-23T19:00,19,2,0,0,29.1,71,4.9,115.0,53.1,976.0,122.0,102.7
dps_rohini,2026-09-23T20:00,20,2,0,0,28.7,73,4.3,110.0,41.4,881.0,116.9,91.3
dps_rohini,2026-09-23T21:00,21,2,0,0,27.9,77,5.2,120.0,31.9,793.0,112.7,76.1
dps_rohini,2026-09-23T22:00,22,2,0,0,27.5,77,6.7,210.0,27.5,722.0,110.4,66.4
dps_rohini,2026-09-23T23:00,23,2,0,0,27.0,77,6.9,270.0,25.2,658.0,102.4,58.3
dps_rohini,2026-09-24T00:00,0,3,0,0,27.5,78,4.8,185.0,34.6,623.0,91.3,65.9
dps_rohini,2026-09-24T01:00,1,3,0,0,27.0,82,3.2,125.0,33.9,646.0,83.6,63.6
dps_rohini,2026-09-24T02:00,2,3,0,0,27.2,82,9.6,375.0,32.8,697.0,77.5,61.7
dps_rohini,2026-09-24T03:00,3,3,0,0,28.3,79,8.6,470.0,29.9,711.0,63.8,50.8
dps_rohini,2026-09-24T04:00,4,3,0,0,29.7,72,10.2,670.0,23.8,645.0,48.8,39.5
dps_rohini,2026-09-24T05:00,5,3,0,0,30.9,65,8.3,870.0,16.0,541.0,45.6,37.1
dps_rohini,2026-09-24T06:00,6,3,0,0,32.5,49,7.3,1335.0,10.1,458.0,46.8,37.6
dps_rohini,2026-09-24T07:00,7,3,1,1,33.6,44,6.3,1605.0,7.3,420.0,48.0,38.2
dps_rohini,2026-09-24T08:00,8,3,1,1,34.2,41,4.1,1660.0,6.4,404.0,51.8,37.8
dps_rohini,2026-09-24T09:00,9,3,1,1,34.6,39,3.3,1755.0,7.6,398.0,51.7,39.6
dps_rohini,2026-09-24T10:00,10,3,1,0,34.8,37,5.8,1930.0,11.6,400.0,51.7,38.5
dps_rohini,2026-09-24T11:00,11,3,1,0,34.0,40,9.6,1765.0,17.6,413.0,49.1,38.4
dps_rohini,2026-09-24T12:00,12,3,1,0,33.7,42,7.9,1450.0,23.3,435.0,68.2,53.0
dps_rohini,2026-09-24T13:00,13,3,1,0,32.0,50,6.9,260.0,26.7,475.0,71.0,55.3
dps_rohini,2026-09-24T14:00,14,3,0,0,31.2,55,6.0,275.0,31.3,524.0,74.0,52.6
dps_rohini,2026-09-24T15:00,15,3,0,0,30.6,59,9.3,545.0,34.2,555.0,80.1,49.0
dps_rohini,2026-09-24T16:00,16,3,0,0,29.9,62,9.8,500.0,34.0,556.0,84.5,46.0
dps_rohini,2026-09-24T17:00,17,3,0,0,29.3,63,11.0,550.0,32.1,540.0,87.3,43.8
dps_rohini,2026-09-24T18:00,18,3,0,0,29.3,67,12.6,725.0,29.7,517.0,85.4,40.7
dps_rohini,2026-09-24T19:00,19,3,0,0,28.4,72,10.8,660.0,26.6,482.0,85.0,36.3
dps_rohini,2026-09-24T20:00,20,3,0,0,27.7,75,12.2,620.0,23.0,440.0,90.3,32.4
dps_rohini,2026-09-24T21:00,21,3,0,0,26.9,79,11.4,595.0,21.0,414.0,93.6,29.4
dps_rohini,2026-09-24T22:00,22,3,0,0,26.2,81,10.3,505.0,21.8,421.0,86.8,26.8
dps_rohini,2026-09-24T23:00,23,3,0,0,25.7,82,8.3,475.0,24.1,444.0,75.2,25.3
dps_rohini,2026-09-25T00:00,0,4,0,0,26.2,80,10.5,550.0,19.9,457.0,105.5,24.0
dps_rohini,2026-09-25T01:00,1,4,0,0,25.7,81,9.9,535.0,20.3,452.0,99.2,24.7
dps_rohini,2026-09-25T02:00,2,4,0,0,26.0,78,9.7,615.0,20.7,437.0,91.0,24.6
dps_rohini,2026-09-25T03:00,3,4,0,0,26.9,73,9.7,645.0,20.0,414.0,79.2,23.1
dps_rohini,2026-09-25T04:00,4,4,0,0,28.4,65,10.4,795.0,17.3,378.0,76.4,23.9
dps_rohini,2026-09-25T05:00,5,4,0,0,29.9,58,10.6,1040.0,13.6,334.0,74.7,24.1
dps_rohini,2026-09-25T06:00,6,4,0,0,31.2,52,12.2,1485.0,10.5,302.0,70.5,24.3
dps_rohini,2026-09-25T07:00,7,4,1,1,30.9,52,10.0,1495.0,8.3,289.0,65.9,23.4
dps_rohini,2026-09-25T08:00,8,4,1,1,31.8,48,6.9,1730.0,6.8,289.0,66.4,24.2
dps_rohini,2026-09-25T09:00,9,4,1,1,31.9,47,3.8,1600.0,7.1,302.0,53.8,23.2
dps_rohini,2026-09-25T10:00,10,4,1,0,31.8,47,4.2,1500.0,10.1,329.0,51.0,23.8
dps_rohini,2026-09-25T11:00,11,4,1,0,31.6,48,4.8,1430.0,14.8,370.0,55.6,24.8
dps_rohini,2026-09-25T12:00,12,4,1,0,31.2,52,4.2,1440.0,18.7,418.0,149.0,40.3
dps_rohini,2026-09-25T13:00,13,4,1,0,30.2,57,5.3,715.0,31.2,484.0,148.5,45.8
dps_rohini,2026-09-25T14:00,14,4,0,0,29.3,62,5.5,765.0,48.5,558.0,158.3,54.4
dps_rohini,2026-09-25T15:00,15,4,0,0,28.8,65,5.2,610.0,61.3,607.0,170.4,63.6
dps_rohini,2026-09-25T16:00,16,4,0,0,28.2,68,6.3,475.0,65.8,617.0,175.6,69.8
dps_rohini,2026-09-25T17:00,17,4,0,0,27.2,72,9.6,625.0,65.8,603.0,170.4,72.4
dps_rohini,2026-09-25T18:00,18,4,0,0,26.6,76,10.8,540.0,64.1,574.0,152.7,66.6
dps_rohini,2026-09-25T19:00,19,4,0,0,25.6,79,8.7,425.0,61.2,526.0,132.7,60.5
dps_rohini,2026-09-25T20:00,20,4,0,0,25.1,80,5.6,305.0,56.4,464.0,121.1,56.8
dps_rohini,2026-09-25T21:00,21,4,0,0,24.9,79,5.0,290.0,50.9,415.0,113.2,51.1
dps_rohini,2026-09-25T22:00,22,4,0,0,24.5,78,3.1,265.0,44.0,383.0,104.8,45.8
dps_rohini,2026-09-25T23:00,23,4,0,0,24.2,79,2.3,290.0,36.2,363.0,100.1,40.9
dps_rohini,2026-09-26T00:00,0,5,0,0,24.3,75,5.5,345.0,43.2,369.0,74.5,43.9
dps_rohini,2026-09-26T01:00,1,5,0,0,23.6,79,0.5,215.0,40.9,426.0,81.0,50.3
dps_rohini,2026-09-26T02:00,2,5,0,0,24.1,80,1.8,195.0,37.6,508.0,82.9,51.5
dps_rohini,2026-09-26T03:00,3,5,0,0,25.2,74,3.8,330.0,33.4,553.0,94.5,48.5
dps_rohini,2026-09-26T04:00,4,5,0,0,26.8,67,0.4,415.0,27.6,526.0,108.7,47.0
dps_rohini,2026-09-26T05:00,5,5,0,0,28.6,63,2.5,825.0,21.0,461.0,100.8,43.3
dps_rohini,2026-09-26T06:00,6,5,0,0,28.0,64,10.2,775.0,15.8,401.0,95.5,48.3
dps_rohini,2026-09-26T07:00,7,5,1,1,28.7,65,10.9,940.0,12.9,353.0,91.0,53.0
dps_rohini,2026-09-26T08:00,8,5,1,1,29.7,58,11.4,1295.0,11.4,309.0,84.5,55.2
dps_rohini,2026-09-26T09:00,9,5,1,1,29.5,52,12.7,1190.0,11.4,286.0,75.4,54.9
dps_rohini,2026-09-26T10:00,10,5,1,0,28.4,55,13.0,1020.0,12.7,298.0,62.9,50.2
dps_rohini,2026-09-26T11:00,11,5,1,0,27.4,58,9.8,765.0,15.5,331.0,58.1,47.4
dps_rohini,2026-09-26T12:00,12,5,1,0,24.5,75,12.0,750.0,22.8,363.0,75.4,64.3
dps_rohini,2026-09-26T13:00,13,5,1,0,23.7,82,10.5,755.0,23.9,378.0,55.6,53.2
dps_rohini,2026-09-26T14:00,14,5,0,0,23.2,85,9.2,410.0,25.5,391.0,51.3,49.9
dps_rohini,2026-09-26T15:00,15,5,0,0,23.3,81,10.2,510.0,27.0,424.0,49.4,48.2
dps_rohini,2026-09-26T16:00,16,5,0,0,23.0,83,8.3,270.0,28.1,499.0,47.6,46.9
dps_rohini,2026-09-26T17:00,17,5,0,0,22.7,86,7.7,320.0,29.2,594.0,46.4,45.8
dps_rohini,2026-09-26T18:00,18,5,0,0,22.5,90,9.1,410.0,31.0,660.0,46.1,45.2
dps_rohini,2026-09-26T19:00,19,5,0,0,22.8,88,7.4,275.0,34.1,675.0,45.1,44.1
dps_rohini,2026-09-26T20:00,20,5,0,0,22.8,86,7.1,250.0,37.8,661.0,44.6,43.8
dps_rohini,2026-09-26T21:00,21,5,0,0,22.9,86,2.4,95.0,41.1,639.0,45.3,44.4
dps_rohini,2026-09-26T22:00,22,5,0,0,22.9,87,2.1,35.0,44.2,614.0,46.8,45.5
dps_rohini,2026-09-26T23:00,23,5,0,0,22.9,88,3.4,55.0,46.8,581.0,48.7,46.9
dps_rohini,2026-09-27T00:00,0,6,0,0,22.6,91,2.5,135.0,17.7,549.0,22.8,22.2
dps_rohini,2026-09-27T01:00,1,6,0,0,22.5,92,8.9,250.0,18.2,522.0,24.0,23.7
dps_rohini,2026-09-27T02:00,2,6,0,0,23.0,90,5.5,275.0,18.9,496.0,24.4,24.1
dps_rohini,2026-09-27T03:00,3,6,0,0,24.0,85,1.9,295.0,18.7,472.0,24.3,24.0
dps_rohini,2026-09-27T04:00,4,6,0,0,25.5,79,1.8,325.0,17.1,454.0,21.3,20.8
dps_rohini,2026-09-27T05:00,5,6,0,0,27.0,69,3.4,535.0,14.8,439.0,19.5,18.6
dps_rohini,2026-09-27T06:00,6,6,0,0,28.4,64,7.0,1115.0,12.5,417.0,24.0,18.9
dps_rohini,2026-09-27T07:00,7,6,0,0,28.3,63,7.8,1000.0,10.1,377.0,32.4,19.4
dps_rohini,2026-09-27T08:00,8,6,0,0,28.5,61,9.3,1065.0,7.7,332.0,39.7,18.6
dps_rohini,2026-09-27T09:00,9,6,0,0,28.4,61,9.2,975.0,6.8,305.0,49.8,18.4
dps_rohini,2026-09-27T10:00,10,6,0,0,27.9,62,10.1,805.0,8.0,311.0,55.3,18.0
dps_rohini,2026-09-27T11:00,11,6,0,0,27.3,63,9.5,685.0,10.6,336.0,54.6,17.1
dps_rohini,2026-09-27T12:00,12,6,0,0,26.3,71,13.9,695.0,13.7,366.0,41.3,19.2
dps_rohini,2026-09-27T13:00,13,6,0,0,24.6,80,10.7,460.0,19.1,400.0,39.5,21.9
dps_rohini,2026-09-27T14:00,14,6,0,0,23.9,84,6.5,375.0,26.7,438.0,36.1,25.7
dps_rohini,2026-09-27T15:00,15,6,0,0,23.5,87,6.0,360.0,32.5,466.0,38.1,27.7
dps_rohini,2026-09-27T16:00,16,6,0,0,23.2,90,5.1,285.0,35.1,476.0,37.1,29.6
dps_rohini,2026-09-27T17:00,17,6,0,0,23.0,92,4.5,245.0,35.9,475.0,35.7,31.8
dps_rohini,2026-09-27T18:00,18,6,0,0,23.9,93,2.3,85.0,35.8,479.0,34.9,33.1
dps_rohini,2026-09-27T19:00,19,6,0,0,23.2,96,3.4,95.0,34.1,493.0,35.2,32.4
dps_rohini,2026-09-27T20:00,20,6,0,0,22.9,98,5.4,185.0,31.3,512.0,34.6,32.2
dps_rohini,2026-09-27T21:00,21,6,0,0,22.6,98,5.6,190.0,30.0,526.0,33.6,32.5
dps_rohini,2026-09-27T22:00,22,6,0,0,22.3,98,4.4,180.0,31.9,533.0,33.9,32.8
dps_rohini,2026-09-27T23:00,23,6,0,0,22.1,98,3.2,160.0,35.2,536.0,35.0,33.9
dps_rohini,2026-09-28T00:00,0,0,0,0,23.0,93,4.1,225.0,14.8,540.0,20.1,16.3
dps_rohini,2026-09-28T01:00,1,0,0,0,22.9,93,2.8,190.0,17.0,548.0,20.3,18.3
dps_rohini,2026-09-28T02:00,2,0,0,0,23.3,91,2.0,250.0,20.0,558.0,16.8,15.8
dps_rohini,2026-09-28T03:00,3,0,0,0,23.7,90,1.9,305.0,21.5,566.0,16.9,15.7
dps_rohini,2026-09-28T04:00,4,0,0,0,24.2,88,0.9,345.0,20.5,573.0,22.1,18.3
dps_rohini,2026-09-28T05:00,5,0,0,0,24.4,86,0.6,350.0,18.0,579.0,29.5,22.5
dps_rohini,2026-09-28T06:00,6,0,0,0,25.7,78,7.1,745.0,15.6,578.0,37.0,26.5
dps_rohini,2026-09-28T07:00,7,0,1,1,26.7,74,8.3,705.0,12.7,565.0,40.5,28.8
dps_rohini,2026-09-28T08:00,8,0,1,1,27.9,70,8.8,1045.0,9.7,546.0,40.6,29.2
dps_rohini,2026-09-28T09:00,9,0,1,1,27.2,71,12.0,830.0,9.5,527.0,39.0,28.7
dps_rohini,2026-09-28T10:00,10,0,1,0,26.1,75,12.6,620.0,13.9,497.0,36.6,27.5
dps_rohini,2026-09-28T11:00,11,0,1,0,25.1,80,15.8,710.0,21.1,468.0,35.4,27.1
dps_rohini,2026-09-28T12:00,12,0,1,0,24.1,86,7.9,490.0,20.7,486.0,31.7,28.3
dps_rohini,2026-09-28T13:00,13,0,1,0,23.7,88,3.3,460.0,30.6,606.0,35.2,32.7
dps_rohini,2026-09-28T14:00,14,0,0,0,23.6,89,3.9,180.0,44.2,773.0,42.1,40.2
dps_rohini,2026-09-28T15:00,15,0,0,0,23.2,91,4.9,160.0,53.6,865.0,48.9,47.1
dps_rohini,2026-09-28T16:00,16,0,0,0,22.9,93,7.2,205.0,55.4,811.0,52.9,51.3
dps_rohini,2026-09-28T17:00,17,0,0,0,22.6,93,7.4,230.0,53.0,681.0,55.5,53.8
dps_rohini,2026-09-28T18:00,18,0,0,0,23.0,93,6.6,200.0,48.9,568.0,55.1,53.0
dps_rohini,2026-09-28T19:00,19,0,0,0,22.6,94,6.6,160.0,42.5,500.0,53.7,51.3
dps_rohini,2026-09-28T20:00,20,0,0,0,22.4,94,5.2,145.0,34.4,448.0,53.2,50.5
dps_rohini,2026-09-28T21:00,21,0,0,0,22.1,95,5.5,135.0,28.4,414.0,53.2,50.2
dps_rohini,2026-09-28T22:00,22,0,0,0,22.0,95,5.7,140.0,26.6,396.0,65.4,51.3
dps_rohini,2026-09-28T23:00,23,0,0,0,21.9,95,5.7,135.0,26.9,397.0,60.8,51.6
dps_rohini,2026-09-29T00:00,0,1,0,0,22.0,96,5.8,135.0,26.2,423.0,65.7,50.3
dps_rohini,2026-09-29T01:00,1,1,0,0,21.9,96,5.7,135.0,25.7,505.0,65.7,51.9
dps_rohini,2026-09-29T02:00,2,1,0,0,22.7,93,5.1,200.0,24.9,613.0,64.5,50.4
dps_rohini,2026-09-29T03:00,3,1,0,0,24.1,86,5.0,335.0,22.8,662.0,55.9,39.1
dps_rohini,2026-09-29T04:00,4,1,0,0,25.8,77,5.7,590.0,18.5,595.0,54.5,30.0
dps_rohini,2026-09-29T05:00,5,1,0,0,27.3,70,7.2,785.0,13.0,469.0,56.9,26.3
dps_rohini,2026-09-29T06:00,6,1,0,0,29.2,60,9.2,1210.0,8.7,375.0,67.3,26.4
dps_rohini,2026-09-29T07:00,7,1,1,1,30.0,57,9.8,1295.0,6.2,348.0,92.0,28.8
dps_rohini,2026-09-29T08:00,8,1,1,1,30.6,55,11.1,1360.0,5.0,352.0,142.0,37.1
dps_rohini,2026-09-29T09:00,9,1,1,1,30.9,54,11.7,1425.0,5.7,378.0,198.4,45.2
dps_rohini,2026-09-29T10:00,10,1,1,0,30.8,54,11.9,1400.0,9.5,431.0,270.1,55.9
dps_rohini,2026-09-29T11:00,11,1,1,0,30.3,58,10.6,1320.0,15.4,505.0,311.1,65.9
dps_rohini,2026-09-29T12:00,12,1,1,0,29.5,61,9.9,1150.0,18.4,569.0,212.8,48.4
dps_rohini,2026-09-29T13:00,13,1,1,0,28.0,67,7.5,310.0,23.8,615.0,250.5,59.8
dps_rohini,2026-09-29T14:00,14,1,0,0,27.2,71,7.6,250.0,31.2,652.0,282.2,70.3
dps_rohini,2026-09-29T15:00,15,1,0,0,26.4,74,7.4,205.0,35.7,668.0,307.3,77.1
dps_rohini,2026-09-29T16:00,16,1,0,0,25.7,76,6.6,160.0,34.9,656.0,313.9,79.9
dps_rohini,2026-09-29T17:00,17,1,0,0,25.2,79,6.4,135.0,31.3,625.0,299.0,79.4
dps_rohini,2026-09-29T18:00,18,1,0,0,25.2,80,7.5,170.0,27.5,588.0,270.1,75.2
dps_rohini,2026-09-29T19:00,19,1,0,0,24.5,83,7.2,150.0,23.9,543.0,232.4,69.2
dps_rohini,2026-09-29T20:00,20,1,0,0,24.1,84,7.2,150.0,20.2,494.0,195.1,62.6
dps_rohini,2026-09-29T21:00,21,1,0,0,23.8,85,6.7,140.0,17.6,461.0,164.4,57.0
dps_rohini,2026-09-29T22:00,22,1,0,0,23.4,86,6.5,135.0,16.7,448.0,142.5,52.4
dps_rohini,2026-09-29T23:00,23,1,0,0,23.2,87,6.3,130.0,16.9,451.0,128.5,49.2
dps_rohini,2026-09-30T00:00,0,2,0,0,24.0,86,6.4,120.0,17.7,487.0,138.8,53.3
dps_rohini,2026-09-30T01:00,1,2,0,0,23.5,89,6.7,115.0,21.0,596.0,131.8,54.4
dps_rohini,2026-09-30T02:00,2,2,0,0,24.2,87,6.7,170.0,25.2,736.0,125.3,56.9
dps_rohini,2026-09-30T03:00,3,2,0,0,25.9,81,6.1,330.0,26.4,802.0,123.9,53.2
dps_rohini,2026-09-30T04:00,4,2,0,0,27.7,71,7.7,735.0,21.5,722.0,106.9,44.6
dps_rohini,2026-09-30T05:00,5,2,0,0,29.2,63,9.6,1025.0,13.6,568.0,100.6,39.0
dps_rohini,2026-09-30T06:00,6,2,0,0,31.2,55,11.8,1410.0,7.5,444.0,120.1,41.6
dps_rohini,2026-09-30T07:00,7,2,1,1,32.0,49,13.3,1490.0,4.8,381.0,156.5,48.1
dps_rohini,2026-09-30T08:00,8,2,1,1,32.4,45,13.4,1600.0,4.0,349.0,192.3,54.0
dps_rohini,2026-09-30T09:00,9,2,1,1,32.5,44,13.1,1625.0,5.5,357.0,227.7,58.8
dps_rohini,2026-09-30T10:00,10,2,1,0,32.2,45,12.6,1545.0,9.9,419.0,262.6,63.6
dps_rohini,2026-09-30T11:00,11,2,1,0,31.5,51,11.1,1280.0,16.6,520.0,280.3,68.0
dps_rohini,2026-09-30T12:00,12,2,1,0,30.4,56,8.6,650.0,20.2,633.0,374.4,72.9
dps_rohini,2026-09-30T13:00,13,2,1,0,28.7,65,5.4,165.0,28.8,773.0,392.1,83.6
dps_rohini,2026-09-30T14:00,14,2,0,0,27.7,69,5.5,115.0,40.7,923.0,431.2,95.2
dps_rohini,2026-09-30T15:00,15,2,0,0,27.0,71,7.1,140.0,49.2,1005.0,478.7,105.7
dps_rohini,2026-09-30T16:00,16,2,0,0,26.4,71,8.2,155.0,51.7,967.0,510.4,113.6
dps_rohini,2026-09-30T17:00,17,2,0,0,25.6,74,8.0,125.0,51.0,861.0,512.2,117.8
dps_rohini,2026-09-30T18:00,18,2,0,0,25.9,74,7.6,130.0,48.5,759.0,486.2,115.7
dps_rohini,2026-09-30T19:00,19,2,0,0,25.1,77,5.5,100.0,43.7,680.0,438.7,109.2
dps_rohini,2026-09-30T20:00,20,2,0,0,24.6,79,4.6,90.0,37.2,606.0,384.6,102.2
dps_rohini,2026-09-30T21:00,21,2,0,0,24.2,80,4.3,70.0,32.3,554.0,326.9,95.0
dps_rohini,2026-09-30T22:00,22,2,0,0,23.9,82,5.4,75.0,30.3,523.0,275.7,88.5
dps_rohini,2026-09-30T23:00,23,2,0,0,23.7,83,6.5,90.0,29.9,513.0,235.6,83.1
dps_rohini,2026-10-01T00:00,0,3,0,0,24.5,84,6.7,85.0,21.7,550.0,183.9,68.0
dps_rohini,2026-10-01T01:00,1,3,0,0,24.2,86,5.6,85.0,25.1,692.0,166.7,68.7
dps_rohini,2026-10-01T02:00,2,3,0,0,25.3,83,6.5,120.0,29.4,881.0,158.3,71.2
dps_rohini,2026-10-01T03:00,3,3,0,0,27.2,77,5.6,235.0,30.2,957.0,154.6,69.2
dps_rohini,2026-10-01T04:00,4,3,0,0,29.2,69,7.3,705.0,24.2,813.0,127.6,55.8
dps_rohini,2026-10-01T05:00,5,3,0,0,30.6,62,8.3,1025.0,14.7,558.0,119.0,48.8
dps_rohini,2026-10-01T06:00,6,3,0,0,32.5,51,11.5,1800.0,7.4,358.0,139.7,52.2
dps_rohini,2026-10-01T07:00,7,3,1,1,33.3,43,13.8,1820.0,4.4,270.0,164.4,56.1
dps_rohini,2026-10-01T08:00,8,3,1,1,33.7,38,14.0,1870.0,3.5,238.0,185.3,57.4
dps_rohini,2026-10-01T09:00,9,3,1,1,33.8,35,14.2,1960.0,4.8,257.0,206.8,58.9
dps_rohini,2026-10-01T10:00,10,3,1,0,33.4,37,11.4,1745.0,8.6,350.0,221.2,60.3
dps_rohini,2026-10-01T11:00,11,3,1,0,32.9,41,10.6,1585.0,14.4,494.0,245.9,63.6
dps_rohini,2026-10-01T12:00,12,3,1,0,31.9,48,9.1,665.0,19.8,614.0,345.5,73.1
dps_rohini,2026-10-01T13:00,13,3,1,0,30.0,56,7.7,240.0,26.6,689.0,375.3,84.1
dps_rohini,2026-10-01T14:00,14,3,0,0,29.0,59,8.9,245.0,35.8,739.0,401.4,93.6
dps_rohini,2026-10-01T15:00,15,3,0,0,28.2,61,8.3,165.0,41.9,754.0,416.3,100.1
dps_rohini,2026-10-01T16:00,16,3,0,0,27.5,63,9.6,170.0,42.0,713.0,407.9,102.2
dps_rohini,2026-10-01T17:00,17,3,0,0,27.0,64,8.4,120.0,39.0,637.0,375.3,100.6
dps_rohini,2026-10-01T18:00,18,3,0,0,26.8,70,6.7,105.0,35.6,569.0,327.8,95.2
dps_rohini,2026-10-01T19:00,19,3,0,0,25.8,76,4.4,70.0,32.3,527.0,278.5,88.5
dps_rohini,2026-10-01T20:00,20,3,0,0,25.3,79,3.1,45.0,28.7,493.0,234.2,82.2
dps_rohini,2026-10-01T21:00,21,3,0,0,24.8,81,6.1,65.0,26.4,466.0,199.3,77.1
dps_rohini,2026-10-01T22:00,22,3,0,0,24.5,81,4.9,70.0,25.9,426.0,170.9,72.6
dps_rohini,2026-10-01T23:00,23,3,0,0,24.1,82,5.7,75.0,26.7,392.0,148.1,68.2
dps_rohini,2026-10-02T00:00,0,4,0,0,24.4,82,5.2,65.0,23.6,419.0,183.5,75.9
dps_rohini,2026-10-02T01:00,1,4,0,0,24.0,84,5.4,70.0,27.3,587.0,161.1,75.2
dps_rohini,2026-10-02T02:00,2,4,0,0,25.1,80,6.7,110.0,31.9,816.0,150.4,76.6
dps_rohini,2026-10-02T03:00,3,4,0,0,27.2,73,5.0,210.0,32.8,918.0,147.6,74.7
dps_rohini,2026-10-02T04:00,4,4,0,0,29.6,63,6.3,560.0,26.1,767.0,143.4,67.5
dps_rohini,2026-10-02T05:00,5,4,0,0,31.4,53,7.5,1055.0,15.5,489.0,140.2,61.2
dps_rohini,2026-10-02T06:00,6,4,0,0,33.8,41,11.4,2000.0,7.5,276.0,143.4,57.9
dps_rohini,2026-10-02T07:00,7,4,1,1,34.6,35,12.7,2195.0,4.3,204.0,151.3,53.8
dps_rohini,2026-10-02T08:00,8,4,1,1,34.9,32,13.2,2335.0,3.7,198.0,162.5,50.2
dps_rohini,2026-10-02T09:00,9,4,1,1,34.9,32,13.4,2280.0,5.1,223.0,179.3,49.8
dps_rohini,2026-10-02T10:00,10,4,1,0,34.7,32,13.0,2055.0,8.6,276.0,199.8,51.5
dps_rohini,2026-10-02T11:00,11,4,1,0,33.8,36,12.3,1635.0,14.1,361.0,212.8,53.8
dps_rohini,2026-10-02T12:00,12,4,1,0,32.9,41,10.3,1425.0,20.2,451.0,297.1,62.4
dps_rohini,2026-10-02T13:00,13,4,1,0,31.4,46,7.8,275.0,27.1,549.0,329.7,73.3
dps_rohini,2026-10-02T14:00,14,4,0,0,30.2,50,6.7,140.0,36.8,653.0,366.9,84.1
dps_rohini,2026-10-02T15:00,15,4,0,0,29.2,54,5.6,90.0,45.0,730.0,396.7,93.1
dps_rohini,2026-10-02T16:00,16,4,0,0,28.1,59,3.7,50.0,50.3,767.0,421.9,100.8
dps_rohini,2026-10-02T17:00,17,4,0,0,27.3,63,3.6,45.0,54.0,777.0,437.7,107.1
dps_rohini,2026-10-02T18:00,18,4,0,0,27.6,67,4.5,45.0,55.9,764.0,431.2,109.4
dps_rohini,2026-10-02T19:00,19,4,0,0,26.5,72,4.2,45.0,55.4,719.0,401.4,107.3
dps_rohini,2026-10-02T20:00,20,4,0,0,26.2,74,2.7,40.0,53.1,651.0,365.1,104.3
dps_rohini,2026-10-02T21:00,21,4,0,0,25.7,74,7.8,105.0,50.6,592.0,320.4,99.7
dps_rohini,2026-10-02T22:00,22,4,0,0,25.6,72,5.6,85.0,48.0,536.0,280.3,94.1
dps_rohini,2026-10-02T23:00,23,4,0,0,25.2,72,6.0,85.0,45.2,488.0,243.1,88.2
dps_rohini,2026-10-03T00:00,0,5,0,0,25.5,72,5.8,70.0,43.1,496.0,217.0,83.1
dps_rohini,2026-10-03T01:00,1,5,0,0,24.9,74,4.7,65.0,43.7,628.0,200.2,80.3
dps_rohini,2026-10-03T02:00,2,5,0,0,25.8,71,4.9,80.0,45.1,815.0,184.4,80.3
dps_rohini,2026-10-03T03:00,3,5,0,0,27.6,65,2.8,140.0,42.6,898.0,190.5,78.9
dps_rohini,2026-10-03T04:00,4,5,0,0,29.8,56,3.6,295.0,32.3,775.0,210.9,72.6
dps_rohini,2026-10-03T05:00,5,5,0,0,31.8,47,4.5,690.0,18.1,548.0,197.0,62.2
dps_rohini,2026-10-03T06:00,6,5,0,0,33.2,41,5.8,1160.0,7.5,365.0,178.8,55.5
dps_rohini,2026-10-03T07:00,7,5,1,1,34.3,37,7.1,1525.0,3.7,275.0,171.8,53.0
dps_rohini,2026-10-03T08:00,8,5,1,1,35.0,34,8.5,1660.0,3.5,231.0,174.6,52.9
dps_rohini,2026-10-03T09:00,9,5,1,1,35.2,32,9.7,1650.0,5.1,233.0,186.3,54.2
dps_rohini,2026-10-03T10:00,10,5,1,0,35.0,32,10.5,1575.0,8.0,303.0,202.1,56.7
dps_rohini,2026-10-03T11:00,11,5,1,0,34.3,34,10.7,1400.0,12.8,420.0,215.1,59.8
dps_rohini,2026-10-03T12:00,12,5,1,0,33.0,41,7.1,535.0,19.1,528.0,227.7,65.0
dps_rohini,2026-10-03T13:00,13,5,1,0,31.1,50,5.6,165.0,28.3,591.0,241.2,73.3
dps_rohini,2026-10-03T14:00,14,5,0,0,29.9,56,4.6,80.0,39.1,644.0,253.3,80.3
dps_rohini,2026-10-03T15:00,15,5,0,0,29.0,62,3.9,50.0,47.0,738.0,270.1,85.9
dps_rohini,2026-10-03T16:00,16,5,0,0,28.4,65,4.5,50.0,49.6,936.0,296.2,91.3
dps_rohini,2026-10-03T17:00,17,5,0,0,28.1,66,4.7,50.0,49.3,1173.0,323.2,96.4
dps_rohini,2026-10-03T18:00,18,5,0,0,27.8,69,1.7,20.0,49.5,1310.0,344.6,100.4
dps_rohini,2026-10-03T19:00,19,5,0,0,27.2,69,5.1,65.0,51.4,1274.0,358.6,103.4
dps_rohini,2026-10-03T20:00,20,5,0,0,26.7,71,3.8,60.0,53.8,1136.0,361.4,105.2
dps_rohini,2026-10-03T21:00,21,5,0,0,26.3,73,3.2,50.0,55.6,972.0,352.0,106.4
dps_rohini,2026-10-03T22:00,22,5,0,0,25.9,71,5.3,75.0,57.1,775.0,340.9,106.4
dps_rohini,2026-10-03T23:00,23,5,0,0,25.6,68,7.0,115.0,58.1,551.0,329.7,105.0
dps_rohini,2026-10-04T00:00,0,6,0,0,25.0,66,7.7,145.0,56.8,391.0,314.8,103.1
dps_rohini,2026-10-04T01:00,1,6,0,0,24.9,58,8.2,180.0,52.1,355.0,299.9,101.7
dps_rohini,2026-10-04T02:00,2,6,0,0,25.6,51,8.5,230.0,45.0,384.0,255.2,97.8
dps_rohini,2026-10-04T03:00,3,6,0,0,27.3,46,7.2,345.0,37.0,392.0,241.2,88.9
dps_rohini,2026-10-04T04:00,4,6,0,0,29.3,40,7.9,460.0,27.4,337.0,233.3,80.8
dps_rohini,2026-10-04T05:00,5,6,0,0,31.2,36,9.0,590.0,16.9,260.0,219.3,72.9
dps_rohini,2026-10-04T06:00,6,6,0,0,32.7,33,8.4,735.0,9.0,207.0,210.5,66.6
dps_rohini,2026-10-04T07:00,7,6,0,0,33.9,32,8.0,905.0,5.3,193.0,204.4,60.1
dps_rohini,2026-10-04T08:00,8,6,0,0,34.5,32,8.3,1055.0,4.2,202.0,209.1,56.8
dps_rohini,2026-10-04T09:00,9,6,0,0,34.7,33,8.8,1225.0,4.9,226.0,221.2,55.9
dps_rohini,2026-10-04T10:00,10,6,0,0,34.6,34,9.0,1215.0,6.5,242.0,245.9,57.9
dps_rohini,2026-10-04T11:00,11,6,0,0,34.0,36,8.5,1040.0,9.8,273.0,258.0,61.2
dps_rohini,2026-10-04T12:00,12,6,0,0,32.9,42,6.4,525.0,16.2,376.0,267.3,67.5
dps_rohini,2026-10-04T13:00,13,6,0,0,31.2,53,3.2,85.0,27.6,624.0,289.6,79.2
dps_rohini,2026-10-04T14:00,14,6,0,0,30.2,60,3.1,50.0,42.0,944.0,316.6,92.2
dps_rohini,2026-10-04T15:00,15,6,0,0,29.5,65,1.9,25.0,55.7,1174.0,360.4,105.9
dps_rohini,2026-10-04T16:00,16,6,0,0,29.2,67,0.2,10.0,68.1,1221.0,389.3,119.2
dps_rohini,2026-10-04T17:00,17,6,0,0,28.9,69,1.7,20.0,79.7,1178.0,402.3,132.2
dps_rohini,2026-10-04T18:00,18,6,0,0,28.6,69,1.8,35.0,87.8,1156.0,406.1,139.7
dps_rohini,2026-10-04T19:00,19,6,0,0,28.3,70,1.0,35.0,90.7,1232.0,401.4,142.5
dps_rohini,2026-10-04T20:00,20,6,0,0,28.0,69,1.4,60.0,90.2,1329.0,391.2,144.4
dps_rohini,2026-10-04T21:00,21,6,0,0,27.2,69,3.4,85.0,89.0,1328.0,378.1,143.4
dps_rohini,2026-10-04T22:00,22,6,0,0,26.5,68,4.9,110.0,88.9,1134.0,362.3,141.6
dps_rohini,2026-10-04T23:00,23,6,0,0,25.9,59,7.4,150.0,88.3,843.0,346.5,138.3
dps_rohini,2026-10-05T00:00,0,0,0,0,25.5,51,9.0,165.0,84.6,621.0,326.0,133.2
dps_rohini,2026-10-05T01:00,1,0,0,0,25.4,49,10.1,195.0,76.5,556.0,301.7,127.1
dps_rohini,2026-10-05T02:00,2,0,0,0,26.2,47,10.1,245.0,65.5,560.0,240.3,118.0
dps_rohini,2026-10-05T03:00,3,0,0,0,27.8,45,8.3,365.0,53.2,537.0,210.0,96.9
dps_rohini,2026-10-05T04:00,4,0,0,0,29.7,41,9.3,545.0,38.4,435.0,196.5,76.4
dps_rohini,2026-10-05T05:00,5,0,0,0,31.4,40,10.1,760.0,22.4,306.0,201.2,66.6
dps_rohini,2026-10-05T06:00,6,0,0,0,32.8,39,10.0,985.0,10.7,213.0,217.5,63.6
dps_rohini,2026-10-05T07:00,7,0,1,1,33.8,39,9.7,1200.0,5.7,181.0,232.8,63.8
dps_rohini,2026-10-05T08:00,8,0,1,1,34.4,39,9.2,1350.0,5.1,184.0,243.1,65.2
dps_rohini,2026-10-05T09:00,9,0,1,1,34.7,39,8.7,1430.0,6.9,210.0,248.7,66.1
dps_rohini,2026-10-05T10:00,10,0,1,0,34.6,40,8.3,1490.0,10.8,256.0,253.3,66.4
dps_rohini,2026-10-05T11:00,11,0,1,0,34.2,41,7.3,1415.0,17.2,325.0,255.2,67.3
dps_rohini,2026-10-05T12:00,12,0,1,0,32.9,47,6.5,290.0,25.2,410.0,230.0,71.2
dps_rohini,2026-10-05T13:00,13,0,1,0,31.3,57,5.2,125.0,37.3,529.0,221.2,83.4
dps_rohini,2026-10-05T14:00,14,0,0,0,30.3,62,5.3,85.0,51.0,665.0,201.2,92.9
dps_rohini,2026-10-05T15:00,15,0,0,0,29.8,65,5.0,85.0,58.7,753.0,179.7,93.1
dps_rohini,2026-10-05T16:00,16,0,0,0,29.3,66,4.5,110.0,55.4,760.0,163.4,90.8
dps_rohini,2026-10-05T17:00,17,0,0,0,29.0,67,4.2,120.0,46.1,719.0,163.9,93.1
dps_rohini,2026-10-05T18:00,18,0,0,0,28.6,68,4.0,110.0,37.2,671.0,168.1,94.1
dps_rohini,2026-10-05T19:00,19,0,0,0,28.0,70,5.9,115.0,30.7,619.0,172.8,92.4
dps_rohini,2026-10-05T20:00,20,0,0,0,26.9,74,7.0,135.0,24.7,559.0,178.8,89.2
dps_rohini,2026-10-05T21:00,21,0,0,0,26.2,76,6.1,145.0,20.4,517.0,181.6,83.8
dps_rohini,2026-10-05T22:00,22,0,0,0,25.9,78,4.7,150.0,18.6,497.0,176.5,78.5
dps_rohini,2026-10-05T23:00,23,0,0,0,25.7,78,4.6,160.0,18.5,494.0,167.2,74.0
modern_barakhamba,2026-09-19T00:00,0,5,0,0,26.0,89,2.2,35.0,50.0,1470.0,102.9,55.6
modern_barakhamba,2026-09-19T01:00,1,5,0,0,25.7,89,3.0,45.0,45.7,1379.0,112.2,64.5
modern_barakhamba,2026-09-19T02:00,2,5,0,0,26.7,86,3.3,70.0,39.5,1267.0,102.0,66.1
modern_barakhamba,2026-09-19T03:00,3,5,0,0,28.5,75,2.9,295.0,32.7,1129.0,90.3,49.0
modern_barakhamba,2026-09-19T04:00,4,5,0,0,29.9,63,3.6,930.0,24.8,937.0,75.9,39.6
modern_barakhamba,2026-09-19T05:00,5,5,0,0,30.8,58,4.1,1080.0,16.3,719.0,71.9,38.2
modern_barakhamba,2026-09-19T06:00,6,5,0,0,32.2,53,5.5,1455.0,10.0,561.0,72.6,39.2
modern_barakhamba,2026-09-19T07:00,7,5,1,1,32.6,49,6.0,1545.0,6.8,493.0,73.6,40.5
modern_barakhamba,2026-09-19T08:00,8,5,1,1,33.0,46,5.6,1570.0,5.8,485.0,75.4,41.3
modern_barakhamba,2026-09-19T09:00,9,5,1,1,33.2,44,5.7,1560.0,6.7,527.0,75.4,41.3
modern_barakhamba,2026-09-19T10:00,10,5,1,0,33.1,43,5.6,1575.0,8.3,641.0,74.5,41.3
modern_barakhamba,2026-09-19T11:00,11,5,1,0,32.7,45,5.4,1550.0,11.9,806.0,73.6,41.4
modern_barakhamba,2026-09-19T12:00,12,5,1,0,32.5,47,3.8,1385.0,21.1,950.0,87.8,51.8
modern_barakhamba,2026-09-19T13:00,13,5,1,0,30.9,59,2.9,60.0,41.6,1027.0,92.7,62.9
modern_barakhamba,2026-09-19T14:00,14,5,0,0,29.9,66,2.8,60.0,70.0,1083.0,102.7,75.2
modern_barakhamba,2026-09-19T15:00,15,5,0,0,29.1,71,3.0,70.0,92.0,1181.0,110.8,84.8
modern_barakhamba,2026-09-19T16:00,16,5,0,0,28.3,75,3.1,60.0,101.4,1377.0,120.6,94.8
modern_barakhamba,2026-09-19T17:00,17,5,0,0,27.7,76,3.0,80.0,104.4,1614.0,131.8,105.2
modern_barakhamba,2026-09-19T18:00,18,5,0,0,27.7,78,2.6,70.0,105.4,1787.0,143.4,115.0
modern_barakhamba,2026-09-19T19:00,19,5,0,0,26.9,82,2.7,50.0,105.7,1840.0,149.5,120.6
modern_barakhamba,2026-09-19T20:00,20,5,0,0,26.6,83,2.6,50.0,103.9,1828.0,151.8,123.4
modern_barakhamba,2026-09-19T21:00,21,5,0,0,26.2,84,2.1,40.0,100.4,1816.0,147.6,122.0
modern_barakhamba,2026-09-19T22:00,22,5,0,0,25.8,87,0.8,20.0,94.9,1839.0,142.5,118.7
modern_barakhamba,2026-09-19T23:00,23,5,0,0,25.2,91,1.1,15.0,87.8,1862.0,138.8,117.1
modern_barakhamba,2026-09-20T00:00,0,6,0,0,26.2,90,2.7,50.0,56.7,1841.0,98.3,85.0
modern_barakhamba,2026-09-20T01:00,1,6,0,0,25.8,90,1.9,40.0,50.8,1767.0,102.2,88.2
modern_barakhamba,2026-09-20T02:00,2,6,0,0,26.7,86,1.8,65.0,42.4,1649.0,101.5,89.2
modern_barakhamba,2026-09-20T03:00,3,6,0,0,28.4,78,1.1,135.0,33.7,1474.0,100.1,79.4
modern_barakhamba,2026-09-20T04:00,4,6,0,0,30.5,68,2.0,935.0,24.4,1187.0,98.7,65.4
modern_barakhamba,2026-09-20T05:00,5,6,0,0,31.9,55,3.2,1200.0,14.7,843.0,97.6,55.3
modern_barakhamba,2026-09-20T06:00,6,6,0,0,32.9,48,3.6,1725.0,7.7,587.0,93.6,52.2
modern_barakhamba,2026-09-20T07:00,7,6,0,0,33.4,47,3.3,1740.0,4.8,499.0,90.1,52.0
modern_barakhamba,2026-09-20T08:00,8,6,0,0,33.8,44,3.2,1785.0,4.5,499.0,88.9,52.3
modern_barakhamba,2026-09-20T09:00,9,6,0,0,34.0,43,3.3,1830.0,5.5,502.0,87.5,52.9
modern_barakhamba,2026-09-20T10:00,10,6,0,0,33.7,43,4.6,1805.0,7.5,461.0,87.1,53.4
modern_barakhamba,2026-09-20T11:00,11,6,0,0,33.1,44,6.6,1315.0,10.8,422.0,82.7,54.4
modern_barakhamba,2026-09-20T12:00,12,6,0,0,32.5,48,8.9,575.0,15.6,434.0,91.7,60.3
modern_barakhamba,2026-09-20T13:00,13,6,0,0,31.1,52,7.0,265.0,19.5,511.0,89.2,61.0
modern_barakhamba,2026-09-20T14:00,14,6,0,0,30.4,56,4.1,125.0,25.2,639.0,87.8,62.4
modern_barakhamba,2026-09-20T15:00,15,6,0,0,29.9,61,2.6,65.0,31.7,820.0,88.0,66.4
modern_barakhamba,2026-09-20T16:00,16,6,0,0,29.3,64,2.2,50.0,39.4,1102.0,91.5,71.9
modern_barakhamba,2026-09-20T17:00,17,6,0,0,29.0,66,0.9,25.0,47.8,1436.0,97.8,78.9
modern_barakhamba,2026-09-20T18:00,18,6,0,0,28.7,69,2.7,60.0,54.7,1682.0,105.2,85.9
modern_barakhamba,2026-09-20T19:00,19,6,0,0,27.6,72,3.4,60.0,58.8,1787.0,109.9,89.4
modern_barakhamba,2026-09-20T20:00,20,6,0,0,26.9,75,3.1,55.0,61.4,1803.0,112.9,92.0
modern_barakhamba,2026-09-20T21:00,21,6,0,0,26.5,76,2.9,50.0,63.5,1742.0,115.9,94.5
modern_barakhamba,2026-09-20T22:00,22,6,0,0,26.2,77,2.5,50.0,66.4,1550.0,119.7,97.6
modern_barakhamba,2026-09-20T23:00,23,6,0,0,25.9,77,2.4,45.0,68.9,1280.0,123.4,101.0
modern_barakhamba,2026-09-21T00:00,0,0,0,0,26.5,82,2.5,45.0,43.4,1105.0,84.1,67.8
modern_barakhamba,2026-09-21T01:00,1,0,0,0,26.0,83,1.9,30.0,43.5,1151.0,89.2,72.9
modern_barakhamba,2026-09-21T02:00,2,0,0,0,26.8,79,1.9,65.0,43.3,1291.0,91.0,79.2
modern_barakhamba,2026-09-21T03:00,3,0,0,0,28.7,70,1.3,135.0,40.1,1316.0,81.7,65.4
modern_barakhamba,2026-09-21T04:00,4,0,0,0,30.8,58,1.8,420.0,31.1,1090.0,75.9,51.8
modern_barakhamba,2026-09-21T05:00,5,0,0,0,32.2,49,3.2,1390.0,19.1,749.0,78.0,49.9
modern_barakhamba,2026-09-21T06:00,6,0,0,0,33.2,46,4.8,1560.0,10.0,497.0,83.4,51.6
modern_barakhamba,2026-09-21T07:00,7,0,1,1,33.5,45,4.3,1590.0,6.2,425.0,86.8,52.9
modern_barakhamba,2026-09-21T08:00,8,0,1,1,33.8,44,4.4,1685.0,5.3,441.0,88.7,53.8
modern_barakhamba,2026-09-21T09:00,9,0,1,1,33.8,43,5.5,1775.0,6.2,470.0,91.0,54.8
modern_barakhamba,2026-09-21T10:00,10,0,1,0,33.4,44,6.3,1625.0,8.6,470.0,94.3,55.9
modern_barakhamba,2026-09-21T11:00,11,0,1,0,33.0,46,6.0,1560.0,12.8,483.0,95.0,57.2
modern_barakhamba,2026-09-21T12:00,12,0,1,0,32.8,46,8.1,1455.0,19.5,563.0,90.8,60.1
modern_barakhamba,2026-09-21T13:00,13,0,1,0,31.7,52,7.0,475.0,27.9,771.0,93.6,66.8
modern_barakhamba,2026-09-21T14:00,14,0,0,0,30.9,56,6.1,235.0,39.7,1046.0,99.2,71.5
modern_barakhamba,2026-09-21T15:00,15,0,0,0,30.1,61,3.5,90.0,51.1,1261.0,105.5,75.0
modern_barakhamba,2026-09-21T16:00,16,0,0,0,29.4,65,2.7,50.0,61.3,1375.0,115.0,80.8
modern_barakhamba,2026-09-21T17:00,17,0,0,0,28.8,68,2.7,45.0,71.0,1428.0,129.5,89.6
modern_barakhamba,2026-09-21T18:00,18,0,0,0,29.2,68,2.5,30.0,78.0,1419.0,141.1,95.0
modern_barakhamba,2026-09-21T19:00,19,0,0,0,28.2,73,2.2,40.0,80.8,1316.0,150.9,97.8
modern_barakhamba,2026-09-21T20:00,20,0,0,0,27.6,75,2.6,55.0,80.9,1150.0,159.3,100.4
modern_barakhamba,2026-09-21T21:00,21,0,0,0,27.2,77,2.7,55.0,80.9,1008.0,166.2,102.4
modern_barakhamba,2026-09-21T22:00,22,0,0,0,26.6,79,3.0,65.0,83.0,907.0,172.3,103.1
modern_barakhamba,2026-09-21T23:00,23,0,0,0,26.3,82,1.5,40.0,84.9,829.0,178.8,103.8
modern_barakhamba,2026-09-22T00:00,0,1,0,0,26.5,84,2.0,40.0,83.9,815.0,163.9,107.8
modern_barakhamba,2026-09-22T01:00,1,1,0,0,26.1,85,2.1,40.0,72.2,933.0,161.6,102.7
modern_barakhamba,2026-09-22T02:00,2,1,0,0,27.2,79,1.4,65.0,55.8,1113.0,146.2,95.0
modern_barakhamba,2026-09-22T03:00,3,1,0,0,29.7,65,1.3,190.0,40.7,1188.0,152.3,69.8
modern_barakhamba,2026-09-22T04:00,4,1,0,0,31.8,52,0.9,1040.0,28.4,1050.0,153.2,58.0
modern_barakhamba,2026-09-22T05:00,5,1,0,0,33.2,45,1.9,1250.0,17.5,806.0,133.2,52.0
modern_barakhamba,2026-09-22T06:00,6,1,0,0,34.7,42,3.5,1720.0,9.7,609.0,115.9,50.3
modern_barakhamba,2026-09-22T07:00,7,1,1,1,35.3,39,5.3,1835.0,6.0,520.0,104.1,49.2
modern_barakhamba,2026-09-22T08:00,8,1,1,1,35.9,37,7.4,1845.0,5.3,479.0,95.9,48.0
modern_barakhamba,2026-09-22T09:00,9,1,1,1,35.9,36,9.0,1925.0,6.2,458.0,90.8,46.0
modern_barakhamba,2026-09-22T10:00,10,1,1,0,35.5,37,9.8,1635.0,8.6,446.0,89.4,44.4
modern_barakhamba,2026-09-22T11:00,11,1,1,0,34.8,40,10.4,1345.0,12.5,454.0,93.4,44.0
modern_barakhamba,2026-09-22T12:00,12,1,1,0,34.0,48,9.1,1190.0,16.1,484.0,94.8,43.2
modern_barakhamba,2026-09-22T13:00,13,1,1,0,33.2,51,6.7,1095.0,21.9,546.0,100.4,46.2
modern_barakhamba,2026-09-22T14:00,14,1,0,0,32.4,55,5.3,925.0,30.0,631.0,106.4,50.1
modern_barakhamba,2026-09-22T15:00,15,1,0,0,31.7,60,3.1,275.0,36.7,716.0,112.2,53.7
modern_barakhamba,2026-09-22T16:00,16,1,0,0,31.1,64,1.8,125.0,40.5,802.0,119.0,58.0
modern_barakhamba,2026-09-22T17:00,17,1,0,0,30.7,68,1.4,85.0,42.8,888.0,126.2,61.2
modern_barakhamba,2026-09-22T18:00,18,1,0,0,31.3,63,3.8,270.0,45.0,948.0,131.8,63.3
modern_barakhamba,2026-09-22T19:00,19,1,0,0,29.8,72,3.1,85.0,47.3,967.0,138.8,65.7
modern_barakhamba,2026-09-22T20:00,20,1,0,0,28.9,77,3.8,120.0,49.3,960.0,146.7,68.9
modern_barakhamba,2026-09-22T21:00,21,1,0,0,27.9,81,3.8,115.0,51.3,950.0,150.9,71.2
modern_barakhamba,2026-09-22T22:00,22,1,0,0,27.1,84,3.1,90.0,54.4,941.0,152.3,72.6
modern_barakhamba,2026-09-22T23:00,23,1,0,0,26.7,87,1.9,70.0,57.5,928.0,153.7,74.3
modern_barakhamba,2026-09-23T00:00,0,2,0,0,27.0,85,1.9,55.0,33.8,923.0,120.1,62.9
modern_barakhamba,2026-09-23T01:00,1,2,0,0,26.5,87,1.3,50.0,32.7,944.0,123.9,70.3
modern_barakhamba,2026-09-23T02:00,2,2,0,0,27.8,79,0.6,100.0,30.9,972.0,112.7,74.3
modern_barakhamba,2026-09-23T03:00,3,2,0,0,29.9,65,1.3,415.0,28.1,961.0,96.2,63.1
modern_barakhamba,2026-09-23T04:00,4,2,0,0,31.8,54,0.4,980.0,23.4,874.0,88.5,60.8
modern_barakhamba,2026-09-23T05:00,5,2,0,0,33.2,47,1.3,1115.0,17.6,749.0,82.7,57.7
modern_barakhamba,2026-09-23T06:00,6,2,0,0,35.0,44,2.2,1530.0,12.9,650.0,78.2,55.5
modern_barakhamba,2026-09-23T07:00,7,2,1,1,36.2,38,3.6,1925.0,9.8,604.0,73.8,54.0
modern_barakhamba,2026-09-23T08:00,8,2,1,1,36.8,34,5.5,2170.0,7.9,584.0,70.5,52.9
modern_barakhamba,2026-09-23T09:00,9,2,1,1,36.6,33,8.1,2125.0,7.8,576.0,68.9,52.2
modern_barakhamba,2026-09-23T10:00,10,2,1,0,36.3,33,10.3,1925.0,9.9,579.0,69.4,53.1
modern_barakhamba,2026-09-23T11:00,11,2,1,0,35.4,35,11.0,1490.0,13.9,593.0,71.2,56.0
modern_barakhamba,2026-09-23T12:00,12,2,1,0,34.4,38,11.4,1030.0,21.5,609.0,76.4,62.9
modern_barakhamba,2026-09-23T13:00,13,2,1,0,32.9,42,7.4,625.0,27.5,606.0,84.8,69.6
modern_barakhamba,2026-09-23T14:00,14,2,0,0,32.2,48,3.4,355.0,36.0,604.0,95.2,79.4
modern_barakhamba,2026-09-23T15:00,15,2,0,0,31.5,53,3.6,205.0,43.8,651.0,102.9,87.5
modern_barakhamba,2026-09-23T16:00,16,2,0,0,30.7,57,3.2,145.0,51.3,811.0,111.8,97.8
modern_barakhamba,2026-09-23T17:00,17,2,0,0,30.1,62,3.7,120.0,58.0,1020.0,122.0,108.0
modern_barakhamba,2026-09-23T18:00,18,2,0,0,30.2,65,5.4,140.0,59.9,1134.0,126.2,109.7
modern_barakhamba,2026-09-23T19:00,19,2,0,0,29.0,72,4.2,95.0,53.1,1065.0,122.0,102.7
modern_barakhamba,2026-09-23T20:00,20,2,0,0,28.3,75,3.5,95.0,41.4,900.0,116.9,91.3
modern_barakhamba,2026-09-23T21:00,21,2,0,0,27.6,76,4.7,150.0,31.9,759.0,112.7,76.1
modern_barakhamba,2026-09-23T22:00,22,2,0,0,26.9,77,6.7,230.0,27.5,678.0,110.4,66.4
modern_barakhamba,2026-09-23T23:00,23,2,0,0,26.3,81,6.1,210.0,25.2,620.0,102.4,58.3
modern_barakhamba,2026-09-24T00:00,0,3,0,0,27.1,81,3.9,115.0,34.6,593.0,91.3,65.9
modern_barakhamba,2026-09-24T01:00,1,3,0,0,26.4,85,6.2,190.0,33.9,626.0,83.6,63.6
modern_barakhamba,2026-09-24T02:00,2,3,0,0,26.8,85,8.0,315.0,32.8,691.0,77.5,61.7
modern_barakhamba,2026-09-24T03:00,3,3,0,0,28.0,79,8.9,490.0,29.9,711.0,63.8,50.8
modern_barakhamba,2026-09-24T04:00,4,3,0,0,29.4,72,9.7,665.0,23.8,635.0,48.8,39.5
modern_barakhamba,2026-09-24T05:00,5,3,0,0,30.8,64,7.7,855.0,16.0,514.0,45.6,37.1
modern_barakhamba,2026-09-24T06:00,6,3,0,0,32.7,49,7.4,1425.0,10.1,423.0,46.8,37.6
modern_barakhamba,2026-09-24T07:00,7,3,1,1,33.7,44,6.1,1550.0,7.3,393.0,48.0,38.2
modern_barakhamba,2026-09-24T08:00,8,3,1,1,34.5,40,4.0,1665.0,6.4,393.0,51.8,37.8
modern_barakhamba,2026-09-24T09:00,9,3,1,1,34.8,38,4.1,1765.0,7.6,410.0,51.7,39.6
modern_barakhamba,2026-09-24T10:00,10,3,1,0,34.9,36,4.8,1950.0,11.6,447.0,51.7,38.5
modern_barakhamba,2026-09-24T11:00,11,3,1,0,34.1,39,7.5,1895.0,17.6,501.0,49.1,38.4
modern_barakhamba,2026-09-24T12:00,12,3,1,0,33.8,42,8.2,1650.0,23.3,546.0,68.2,53.0
modern_barakhamba,2026-09-24T13:00,13,3,1,0,32.5,48,8.0,860.0,26.7,576.0,71.0,55.3
modern_barakhamba,2026-09-24T14:00,14,3,0,0,31.5,55,9.8,570.0,31.3,597.0,74.0,52.6
modern_barakhamba,2026-09-24T15:00,15,3,0,0,30.1,62,10.7,480.0,34.2,605.0,80.1,49.0
modern_barakhamba,2026-09-24T16:00,16,3,0,0,29.3,65,9.2,445.0,34.0,598.0,84.5,46.0
modern_barakhamba,2026-09-24T17:00,17,3,0,0,28.7,67,10.5,500.0,32.1,579.0,87.3,43.8
modern_barakhamba,2026-09-24T18:00,18,3,0,0,28.9,70,11.1,675.0,29.7,551.0,85.4,40.7
modern_barakhamba,2026-09-24T19:00,19,3,0,0,27.9,75,10.8,630.0,26.6,507.0,85.0,36.3
modern_barakhamba,2026-09-24T20:00,20,3,0,0,27.1,79,11.6,595.0,23.0,455.0,90.3,32.4
modern_barakhamba,2026-09-24T21:00,21,3,0,0,26.3,82,10.4,520.0,21.0,423.0,93.6,29.4
modern_barakhamba,2026-09-24T22:00,22,3,0,0,25.8,83,9.3,485.0,21.8,429.0,86.8,26.8
modern_barakhamba,2026-09-24T23:00,23,3,0,0,25.3,84,7.9,470.0,24.1,455.0,75.2,25.3
modern_barakhamba,2026-09-25T00:00,0,4,0,0,25.8,82,9.6,560.0,19.9,470.0,105.5,24.0
modern_barakhamba,2026-09-25T01:00,1,4,0,0,25.3,83,10.2,545.0,20.3,465.0,99.2,24.7
modern_barakhamba,2026-09-25T02:00,2,4,0,0,25.7,79,9.0,615.0,20.7,451.0,91.0,24.6
modern_barakhamba,2026-09-25T03:00,3,4,0,0,26.8,73,10.0,640.0,20.0,425.0,79.2,23.1
modern_barakhamba,2026-09-25T04:00,4,4,0,0,28.2,66,10.4,775.0,17.3,379.0,76.4,23.9
modern_barakhamba,2026-09-25T05:00,5,4,0,0,29.7,59,10.6,935.0,13.6,322.0,74.7,24.1
modern_barakhamba,2026-09-25T06:00,6,4,0,0,30.7,54,12.1,1380.0,10.5,282.0,70.5,24.3
modern_barakhamba,2026-09-25T07:00,7,4,1,1,30.8,53,9.8,1450.0,8.3,268.0,65.9,23.4
modern_barakhamba,2026-09-25T08:00,8,4,1,1,31.6,49,6.6,1630.0,6.8,271.0,66.4,24.2
modern_barakhamba,2026-09-25T09:00,9,4,1,1,31.7,48,3.6,1515.0,7.1,290.0,53.8,23.2
modern_barakhamba,2026-09-25T10:00,10,4,1,0,31.6,48,2.9,1485.0,10.1,332.0,51.0,23.8
modern_barakhamba,2026-09-25T11:00,11,4,1,0,31.4,49,2.5,1380.0,14.8,389.0,55.6,24.8
modern_barakhamba,2026-09-25T12:00,12,4,1,0,30.7,55,5.6,1250.0,18.7,438.0,149.0,40.3
modern_barakhamba,2026-09-25T13:00,13,4,1,0,29.7,59,6.8,655.0,31.2,470.0,148.5,45.8
modern_barakhamba,2026-09-25T14:00,14,4,0,0,29.2,63,5.7,670.0,48.5,494.0,158.3,54.4
modern_barakhamba,2026-09-25T15:00,15,4,0,0,28.6,66,5.3,545.0,61.3,511.0,170.4,63.6
modern_barakhamba,2026-09-25T16:00,16,4,0,0,27.7,72,8.5,640.0,65.8,524.0,175.6,69.8
modern_barakhamba,2026-09-25T17:00,17,4,0,0,26.5,75,10.3,570.0,65.8,530.0,170.4,72.4
modern_barakhamba,2026-09-25T18:00,18,4,0,0,25.9,78,10.2,480.0,64.1,522.0,152.7,66.6
modern_barakhamba,2026-09-25T19:00,19,4,0,0,25.1,80,6.6,365.0,61.2,487.0,132.7,60.5
modern_barakhamba,2026-09-25T20:00,20,4,0,0,24.8,79,4.7,265.0,56.4,438.0,121.1,56.8
modern_barakhamba,2026-09-25T21:00,21,4,0,0,24.4,79,5.4,320.0,50.9,404.0,113.2,51.1
modern_barakhamba,2026-09-25T22:00,22,4,0,0,24.0,79,4.2,255.0,44.0,389.0,104.8,45.8
modern_barakhamba,2026-09-25T23:00,23,4,0,0,23.5,80,3.3,215.0,36.2,389.0,100.1,40.9
modern_barakhamba,2026-09-26T00:00,0,5,0,0,23.8,77,4.5,315.0,43.2,420.0,74.5,43.9
modern_barakhamba,2026-09-26T01:00,1,5,0,0,23.5,78,4.5,215.0,40.9,516.0,81.0,50.3
modern_barakhamba,2026-09-26T02:00,2,5,0,0,24.0,77,2.1,365.0,37.6,643.0,82.9,51.5
modern_barakhamba,2026-09-26T03:00,3,5,0,0,24.9,72,0.6,295.0,33.4,710.0,94.5,48.5
modern_barakhamba,2026-09-26T04:00,4,5,0,0,26.7,66,1.2,385.0,27.6,666.0,108.7,47.0
modern_barakhamba,2026-09-26T05:00,5,5,0,0,28.5,62,3.2,805.0,21.0,562.0,100.8,43.3
modern_barakhamba,2026-09-26T06:00,6,5,0,0,27.6,66,6.9,745.0,15.8,469.0,95.5,48.3
modern_barakhamba,2026-09-26T07:00,7,5,1,1,29.0,61,11.6,1250.0,12.9,403.0,91.0,53.0
modern_barakhamba,2026-09-26T08:00,8,5,1,1,29.6,55,11.8,1420.0,11.4,347.0,84.5,55.2
modern_barakhamba,2026-09-26T09:00,9,5,1,1,28.8,54,12.6,1065.0,11.4,318.0,75.4,54.9
modern_barakhamba,2026-09-26T10:00,10,5,1,0,27.2,58,12.6,950.0,12.7,327.0,62.9,50.2
modern_barakhamba,2026-09-26T11:00,11,5,1,0,25.8,66,10.2,765.0,15.5,363.0,58.1,47.4
modern_barakhamba,2026-09-26T12:00,12,5,1,0,24.5,75,13.8,830.0,22.8,404.0,75.4,64.3
modern_barakhamba,2026-09-26T13:00,13,5,1,0,23.2,87,10.3,700.0,23.9,440.0,55.6,53.2
modern_barakhamba,2026-09-26T14:00,14,5,0,0,23.1,89,8.7,430.0,25.5,481.0,51.3,49.9
modern_barakhamba,2026-09-26T15:00,15,5,0,0,23.2,86,9.8,520.0,27.0,534.0,49.4,48.2
modern_barakhamba,2026-09-26T16:00,16,5,0,0,22.9,86,7.9,365.0,28.1,618.0,47.6,46.9
modern_barakhamba,2026-09-26T17:00,17,5,0,0,22.5,88,7.3,335.0,29.2,714.0,46.4,45.8
modern_barakhamba,2026-09-26T18:00,18,5,0,0,22.7,89,8.8,475.0,31.0,774.0,46.1,45.2
modern_barakhamba,2026-09-26T19:00,19,5,0,0,22.5,90,8.6,320.0,34.1,766.0,45.1,44.1
modern_barakhamba,2026-09-26T20:00,20,5,0,0,22.7,87,6.4,255.0,37.8,722.0,44.6,43.8
modern_barakhamba,2026-09-26T21:00,21,5,0,0,22.9,87,3.7,130.0,41.1,688.0,45.3,44.4
modern_barakhamba,2026-09-26T22:00,22,5,0,0,23.1,89,0.3,15.0,44.2,689.0,46.8,45.5
modern_barakhamba,2026-09-26T23:00,23,5,0,0,23.2,90,3.1,80.0,46.8,701.0,48.7,46.9
modern_barakhamba,2026-09-27T00:00,0,6,0,0,22.7,91,3.4,175.0,17.7,695.0,22.8,22.2
modern_barakhamba,2026-09-27T01:00,1,6,0,0,22.7,92,7.6,250.0,18.2,656.0,24.0,23.7
modern_barakhamba,2026-09-27T02:00,2,6,0,0,23.1,90,2.5,285.0,18.9,600.0,24.4,24.1
modern_barakhamba,2026-09-27T03:00,3,6,0,0,24.1,85,2.4,265.0,18.7,545.0,24.3,24.0
modern_barakhamba,2026-09-27T04:00,4,6,0,0,25.6,78,4.2,435.0,17.1,498.0,21.3,20.8
modern_barakhamba,2026-09-27T05:00,5,6,0,0,27.0,70,5.6,840.0,14.8,452.0,19.5,18.6
modern_barakhamba,2026-09-27T06:00,6,6,0,0,28.0,63,7.4,1080.0,12.5,411.0,24.0,18.9
modern_barakhamba,2026-09-27T07:00,7,6,0,0,28.3,61,8.0,1100.0,10.1,368.0,32.4,19.4
modern_barakhamba,2026-09-27T08:00,8,6,0,0,28.5,60,8.5,1120.0,7.7,329.0,39.7,18.6
modern_barakhamba,2026-09-27T09:00,9,6,0,0,28.4,60,9.2,990.0,6.8,317.0,49.8,18.4
modern_barakhamba,2026-09-27T10:00,10,6,0,0,27.9,61,9.0,830.0,8.0,350.0,55.3,18.0
modern_barakhamba,2026-09-27T11:00,11,6,0,0,27.5,62,8.5,730.0,10.6,409.0,54.6,17.1
modern_barakhamba,2026-09-27T12:00,12,6,0,0,26.0,73,12.7,660.0,13.7,465.0,41.3,19.2
modern_barakhamba,2026-09-27T13:00,13,6,0,0,24.5,80,9.0,460.0,19.1,511.0,39.5,21.9
modern_barakhamba,2026-09-27T14:00,14,6,0,0,24.0,84,5.2,410.0,26.7,553.0,36.1,25.7
modern_barakhamba,2026-09-27T15:00,15,6,0,0,23.6,87,5.6,365.0,32.5,580.0,38.1,27.7
modern_barakhamba,2026-09-27T16:00,16,6,0,0,23.2,90,4.8,270.0,35.1,584.0,37.1,29.6
modern_barakhamba,2026-09-27T17:00,17,6,0,0,22.9,93,4.0,205.0,35.9,574.0,35.7,31.8
modern_barakhamba,2026-09-27T18:00,18,6,0,0,24.1,92,2.7,335.0,35.8,565.0,34.9,33.1
modern_barakhamba,2026-09-27T19:00,19,6,0,0,23.4,96,3.6,210.0,34.1,564.0,35.2,32.4
modern_barakhamba,2026-09-27T20:00,20,6,0,0,23.0,97,5.1,210.0,31.3,565.0,34.6,32.2
modern_barakhamba,2026-09-27T21:00,21,6,0,0,22.6,98,5.2,195.0,30.0,563.0,33.6,32.5
modern_barakhamba,2026-09-27T22:00,22,6,0,0,22.3,98,4.0,185.0,31.9,550.0,33.9,32.8
modern_barakhamba,2026-09-27T23:00,23,6,0,0,22.1,98,3.5,190.0,35.2,533.0,35.0,33.9
modern_barakhamba,2026-09-28T00:00,0,0,0,0,22.6,95,3.7,65.0,14.8,535.0,20.1,16.3
modern_barakhamba,2026-09-28T01:00,1,0,0,0,22.8,93,2.8,155.0,17.0,574.0,20.3,18.3
modern_barakhamba,2026-09-28T02:00,2,0,0,0,23.1,92,2.6,205.0,20.0,632.0,16.8,15.8
modern_barakhamba,2026-09-28T03:00,3,0,0,0,23.7,90,2.7,260.0,21.5,668.0,16.9,15.7
modern_barakhamba,2026-09-28T04:00,4,0,0,0,24.6,85,1.5,400.0,20.5,667.0,22.1,18.3
modern_barakhamba,2026-09-28T05:00,5,0,0,0,25.0,82,1.1,475.0,18.0,644.0,29.5,22.5
modern_barakhamba,2026-09-28T06:00,6,0,0,0,26.3,70,8.3,800.0,15.6,612.0,37.0,26.5
modern_barakhamba,2026-09-28T07:00,7,0,1,1,27.7,64,9.5,860.0,12.7,561.0,40.5,28.8
modern_barakhamba,2026-09-28T08:00,8,0,1,1,28.0,63,10.5,875.0,9.7,500.0,40.6,29.2
modern_barakhamba,2026-09-28T09:00,9,0,1,1,27.9,63,10.8,855.0,9.5,467.0,39.0,28.7
modern_barakhamba,2026-09-28T10:00,10,0,1,0,26.2,74,13.2,595.0,13.9,475.0,36.6,27.5
modern_barakhamba,2026-09-28T11:00,11,0,1,0,25.2,80,14.4,670.0,21.1,510.0,35.4,27.1
modern_barakhamba,2026-09-28T12:00,12,0,1,0,24.4,82,9.0,650.0,20.7,567.0,31.7,28.3
modern_barakhamba,2026-09-28T13:00,13,0,1,0,23.7,86,4.5,465.0,30.6,667.0,35.2,32.7
modern_barakhamba,2026-09-28T14:00,14,0,0,0,23.6,88,4.0,285.0,44.2,788.0,42.1,40.2
modern_barakhamba,2026-09-28T15:00,15,0,0,0,23.3,90,6.7,255.0,53.6,860.0,48.9,47.1
modern_barakhamba,2026-09-28T16:00,16,0,0,0,23.0,91,7.2,235.0,55.4,848.0,52.9,51.3
modern_barakhamba,2026-09-28T17:00,17,0,0,0,22.7,93,8.0,305.0,53.0,786.0,55.5,53.8
modern_barakhamba,2026-09-28T18:00,18,0,0,0,23.1,92,6.9,310.0,48.9,712.0,55.1,53.0
modern_barakhamba,2026-09-28T19:00,19,0,0,0,22.7,94,6.3,225.0,42.5,623.0,53.7,51.3
modern_barakhamba,2026-09-28T20:00,20,0,0,0,22.4,94,5.6,200.0,34.4,520.0,53.2,50.5
modern_barakhamba,2026-09-28T21:00,21,0,0,0,22.2,95,6.2,185.0,28.4,449.0,53.2,50.2
modern_barakhamba,2026-09-28T22:00,22,0,0,0,22.1,95,6.5,185.0,26.6,421.0,65.4,51.3
modern_barakhamba,2026-09-28T23:00,23,0,0,0,22.0,95,6.2,170.0,26.9,424.0,60.8,51.6
modern_barakhamba,2026-09-29T00:00,0,1,0,0,22.2,95,5.9,155.0,26.2,464.0,65.7,50.3
modern_barakhamba,2026-09-29T01:00,1,1,0,0,22.0,96,6.1,160.0,25.7,582.0,65.7,51.9
modern_barakhamba,2026-09-29T02:00,2,1,0,0,22.8,92,4.8,225.0,24.9,737.0,64.5,50.4
modern_barakhamba,2026-09-29T03:00,3,1,0,0,24.2,85,5.4,345.0,22.8,815.0,55.9,39.1
modern_barakhamba,2026-09-29T04:00,4,1,0,0,25.8,76,6.5,575.0,18.5,740.0,54.5,30.0
modern_barakhamba,2026-09-29T05:00,5,1,0,0,27.3,68,8.1,730.0,13.0,587.0,56.9,26.3
modern_barakhamba,2026-09-29T06:00,6,1,0,0,29.3,60,9.0,1195.0,8.7,468.0,67.3,26.4
modern_barakhamba,2026-09-29T07:00,7,1,1,1,30.1,55,10.1,1370.0,6.2,420.0,92.0,28.8
modern_barakhamba,2026-09-29T08:00,8,1,1,1,30.7,53,11.1,1415.0,5.0,406.0,142.0,37.1
modern_barakhamba,2026-09-29T09:00,9,1,1,1,31.0,52,11.4,1440.0,5.7,427.0,198.4,45.2
modern_barakhamba,2026-09-29T10:00,10,1,1,0,31.0,52,11.5,1440.0,9.5,498.0,270.1,55.9
modern_barakhamba,2026-09-29T11:00,11,1,1,0,30.5,55,10.9,1350.0,15.4,604.0,311.1,65.9
modern_barakhamba,2026-09-29T12:00,12,1,1,0,29.8,58,10.3,1190.0,18.4,695.0,212.8,48.4
modern_barakhamba,2026-09-29T13:00,13,1,1,0,28.4,64,7.2,385.0,23.8,760.0,250.5,59.8
modern_barakhamba,2026-09-29T14:00,14,1,0,0,27.5,69,6.9,305.0,31.2,811.0,282.2,70.3
modern_barakhamba,2026-09-29T15:00,15,1,0,0,26.8,72,6.8,250.0,35.7,830.0,307.3,77.1
modern_barakhamba,2026-09-29T16:00,16,1,0,0,26.1,75,6.0,185.0,34.9,803.0,313.9,79.9
modern_barakhamba,2026-09-29T17:00,17,1,0,0,25.5,77,6.1,165.0,31.3,744.0,299.0,79.4
modern_barakhamba,2026-09-29T18:00,18,1,0,0,25.6,78,7.5,255.0,27.5,681.0,270.1,75.2
modern_barakhamba,2026-09-29T19:00,19,1,0,0,24.8,82,7.1,185.0,23.9,613.0,232.4,69.2
modern_barakhamba,2026-09-29T20:00,20,1,0,0,24.3,83,6.6,175.0,20.2,541.0,195.1,62.6
modern_barakhamba,2026-09-29T21:00,21,1,0,0,23.9,85,6.1,160.0,17.6,493.0,164.4,57.0
modern_barakhamba,2026-09-29T22:00,22,1,0,0,23.5,86,5.8,150.0,16.7,470.0,142.5,52.4
modern_barakhamba,2026-09-29T23:00,23,1,0,0,23.3,87,6.0,150.0,16.9,472.0,128.5,49.2
modern_barakhamba,2026-09-30T00:00,0,2,0,0,24.2,85,5.9,150.0,17.7,522.0,138.8,53.3
modern_barakhamba,2026-09-30T01:00,1,2,0,0,23.7,87,6.3,135.0,21.0,682.0,131.8,54.4
modern_barakhamba,2026-09-30T02:00,2,2,0,0,24.5,85,6.1,200.0,25.2,891.0,125.3,56.9
modern_barakhamba,2026-09-30T03:00,3,2,0,0,26.0,80,5.8,370.0,26.4,991.0,123.9,53.2
modern_barakhamba,2026-09-30T04:00,4,2,0,0,27.8,70,7.2,760.0,21.5,880.0,106.9,44.6
modern_barakhamba,2026-09-30T05:00,5,2,0,0,29.4,61,9.3,1030.0,13.6,660.0,100.6,39.0
modern_barakhamba,2026-09-30T06:00,6,2,0,0,31.5,52,11.7,1440.0,7.5,486.0,120.1,41.6
modern_barakhamba,2026-09-30T07:00,7,2,1,1,32.4,45,13.0,1560.0,4.8,407.0,156.5,48.1
modern_barakhamba,2026-09-30T08:00,8,2,1,1,32.9,41,12.9,1680.0,4.0,375.0,192.3,54.0
modern_barakhamba,2026-09-30T09:00,9,2,1,1,33.1,39,12.9,1745.0,5.5,393.0,227.7,58.8
modern_barakhamba,2026-09-30T10:00,10,2,1,0,32.9,40,12.6,1680.0,9.9,479.0,262.6,63.6
modern_barakhamba,2026-09-30T11:00,11,2,1,0,32.2,43,11.7,1405.0,16.6,615.0,280.3,68.0
modern_barakhamba,2026-09-30T12:00,12,2,1,0,31.1,49,9.6,1100.0,20.2,759.0,374.4,72.9
modern_barakhamba,2026-09-30T13:00,13,2,1,0,29.6,56,5.2,285.0,28.8,926.0,392.1,83.6
modern_barakhamba,2026-09-30T14:00,14,2,0,0,28.7,61,5.5,195.0,40.7,1099.0,431.2,95.2
modern_barakhamba,2026-09-30T15:00,15,2,0,0,27.9,64,6.8,200.0,49.2,1186.0,478.7,105.7
modern_barakhamba,2026-09-30T16:00,16,2,0,0,27.2,66,7.8,195.0,51.7,1122.0,510.4,113.6
modern_barakhamba,2026-09-30T17:00,17,2,0,0,26.3,70,6.5,140.0,51.0,972.0,512.2,117.8
modern_barakhamba,2026-09-30T18:00,18,2,0,0,26.7,70,6.9,165.0,48.5,835.0,486.2,115.7
modern_barakhamba,2026-09-30T19:00,19,2,0,0,25.6,76,4.4,115.0,43.7,741.0,438.7,109.2
modern_barakhamba,2026-09-30T20:00,20,2,0,0,25.0,78,4.3,100.0,37.2,660.0,384.6,102.2
modern_barakhamba,2026-09-30T21:00,21,2,0,0,24.6,79,4.2,90.0,32.3,603.0,326.9,95.0
modern_barakhamba,2026-09-30T22:00,22,2,0,0,24.3,81,5.2,95.0,30.3,556.0,275.7,88.5
modern_barakhamba,2026-09-30T23:00,23,2,0,0,24.1,81,5.8,110.0,29.9,532.0,235.6,83.1
modern_barakhamba,2026-10-01T00:00,0,3,0,0,25.0,81,6.5,115.0,21.7,582.0,183.9,68.0
modern_barakhamba,2026-10-01T01:00,1,3,0,0,24.5,83,5.5,100.0,25.1,800.0,166.7,68.7
modern_barakhamba,2026-10-01T02:00,2,3,0,0,25.5,81,6.5,140.0,29.4,1091.0,158.3,71.2
modern_barakhamba,2026-10-01T03:00,3,3,0,0,27.4,74,5.4,270.0,30.2,1224.0,154.6,69.2
modern_barakhamba,2026-10-01T04:00,4,3,0,0,29.5,66,7.4,765.0,24.2,1042.0,127.6,55.8
modern_barakhamba,2026-10-01T05:00,5,3,0,0,31.0,59,8.6,1075.0,14.7,702.0,119.0,48.8
modern_barakhamba,2026-10-01T06:00,6,3,0,0,33.1,47,11.7,1890.0,7.4,435.0,139.7,52.2
modern_barakhamba,2026-10-01T07:00,7,3,1,1,34.0,40,14.2,2010.0,4.4,325.0,164.4,56.1
modern_barakhamba,2026-10-01T08:00,8,3,1,1,34.7,32,14.7,2040.0,3.5,289.0,185.3,57.4
modern_barakhamba,2026-10-01T09:00,9,3,1,1,34.8,30,14.5,2085.0,4.8,312.0,206.8,58.9
modern_barakhamba,2026-10-01T10:00,10,3,1,0,34.1,32,13.3,1900.0,8.6,413.0,221.2,60.3
modern_barakhamba,2026-10-01T11:00,11,3,1,0,33.8,34,11.7,1765.0,14.4,572.0,245.9,63.6
modern_barakhamba,2026-10-01T12:00,12,3,1,0,33.3,38,10.7,1360.0,19.8,714.0,345.5,73.1
modern_barakhamba,2026-10-01T13:00,13,3,1,0,31.8,45,8.5,720.0,26.6,828.0,375.3,84.1
modern_barakhamba,2026-10-01T14:00,14,3,0,0,30.8,49,9.3,485.0,35.8,926.0,401.4,93.6
modern_barakhamba,2026-10-01T15:00,15,3,0,0,29.8,52,8.5,330.0,41.9,964.0,416.3,100.1
modern_barakhamba,2026-10-01T16:00,16,3,0,0,29.0,55,9.0,260.0,42.0,905.0,407.9,102.2
modern_barakhamba,2026-10-01T17:00,17,3,0,0,28.3,57,7.4,175.0,39.0,788.0,375.3,100.6
modern_barakhamba,2026-10-01T18:00,18,3,0,0,28.2,62,6.6,175.0,35.6,683.0,327.8,95.2
modern_barakhamba,2026-10-01T19:00,19,3,0,0,26.9,71,3.9,110.0,32.3,616.0,278.5,88.5
modern_barakhamba,2026-10-01T20:00,20,3,0,0,26.2,74,3.4,75.0,28.7,561.0,234.2,82.2
modern_barakhamba,2026-10-01T21:00,21,3,0,0,25.7,76,5.4,85.0,26.4,518.0,199.3,77.1
modern_barakhamba,2026-10-01T22:00,22,3,0,0,25.4,77,5.6,95.0,25.9,462.0,170.9,72.6
modern_barakhamba,2026-10-01T23:00,23,3,0,0,24.9,78,5.9,100.0,26.7,417.0,148.1,68.2
modern_barakhamba,2026-10-02T00:00,0,4,0,0,25.4,77,5.5,95.0,23.6,455.0,183.5,75.9
modern_barakhamba,2026-10-02T01:00,1,4,0,0,24.7,80,5.6,95.0,27.3,681.0,161.1,75.2
modern_barakhamba,2026-10-02T02:00,2,4,0,0,25.7,77,7.0,135.0,31.9,990.0,150.4,76.6
modern_barakhamba,2026-10-02T03:00,3,4,0,0,27.7,69,5.1,255.0,32.8,1137.0,147.6,74.7
modern_barakhamba,2026-10-02T04:00,4,4,0,0,29.9,59,6.5,590.0,26.1,960.0,143.4,67.5
modern_barakhamba,2026-10-02T05:00,5,4,0,0,31.8,50,7.2,1095.0,15.5,621.0,140.2,61.2
modern_barakhamba,2026-10-02T06:00,6,4,0,0,34.4,36,11.5,2065.0,7.5,358.0,143.4,57.9
modern_barakhamba,2026-10-02T07:00,7,4,1,1,35.3,31,12.8,2260.0,4.3,263.0,151.3,53.8
modern_barakhamba,2026-10-02T08:00,8,4,1,1,35.6,28,13.1,2525.0,3.7,245.0,162.5,50.2
modern_barakhamba,2026-10-02T09:00,9,4,1,1,35.6,28,13.2,2540.0,5.1,269.0,179.3,49.8
modern_barakhamba,2026-10-02T10:00,10,4,1,0,35.3,28,13.1,2345.0,8.6,336.0,199.8,51.5
modern_barakhamba,2026-10-02T11:00,11,4,1,0,34.7,30,13.0,2025.0,14.1,445.0,212.8,53.8
modern_barakhamba,2026-10-02T12:00,12,4,1,0,33.9,34,12.1,1570.0,20.2,561.0,297.1,62.4
modern_barakhamba,2026-10-02T13:00,13,4,1,0,32.7,39,8.1,815.0,27.1,685.0,329.7,73.3
modern_barakhamba,2026-10-02T14:00,14,4,0,0,31.7,43,6.9,425.0,36.8,815.0,366.9,84.1
modern_barakhamba,2026-10-02T15:00,15,4,0,0,30.7,46,6.0,185.0,45.0,913.0,396.7,93.1
modern_barakhamba,2026-10-02T16:00,16,4,0,0,29.7,49,4.6,105.0,50.3,970.0,421.9,100.8
modern_barakhamba,2026-10-02T17:00,17,4,0,0,28.9,53,4.1,90.0,54.0,995.0,437.7,107.1
modern_barakhamba,2026-10-02T18:00,18,4,0,0,29.1,57,5.6,100.0,55.9,973.0,431.2,109.4
modern_barakhamba,2026-10-02T19:00,19,4,0,0,27.6,66,4.4,80.0,55.4,875.0,401.4,107.3
modern_barakhamba,2026-10-02T20:00,20,4,0,0,27.0,70,3.0,60.0,53.1,731.0,365.1,104.3
modern_barakhamba,2026-10-02T21:00,21,4,0,0,26.4,71,7.3,120.0,50.6,615.0,320.4,99.7
modern_barakhamba,2026-10-02T22:00,22,4,0,0,26.2,70,5.8,110.0,48.0,534.0,280.3,94.1
modern_barakhamba,2026-10-02T23:00,23,4,0,0,25.8,69,6.2,115.0,45.2,481.0,243.1,88.2
modern_barakhamba,2026-10-03T00:00,0,5,0,0,26.3,67,6.5,95.0,43.1,512.0,217.0,83.1
modern_barakhamba,2026-10-03T01:00,1,5,0,0,25.6,70,5.2,90.0,43.7,721.0,200.2,80.3
modern_barakhamba,2026-10-03T02:00,2,5,0,0,26.4,68,5.4,105.0,45.1,1014.0,184.4,80.3
modern_barakhamba,2026-10-03T03:00,3,5,0,0,28.1,62,3.1,160.0,42.6,1159.0,190.5,78.9
modern_barakhamba,2026-10-03T04:00,4,5,0,0,30.3,53,3.9,345.0,32.3,1013.0,210.9,72.6
modern_barakhamba,2026-10-03T05:00,5,5,0,0,32.2,44,4.9,815.0,18.1,719.0,197.0,62.2
modern_barakhamba,2026-10-03T06:00,6,5,0,0,33.7,39,6.0,1295.0,7.5,479.0,178.8,55.5
modern_barakhamba,2026-10-03T07:00,7,5,1,1,34.7,35,7.0,1645.0,3.7,353.0,171.8,53.0
modern_barakhamba,2026-10-03T08:00,8,5,1,1,35.6,31,8.0,1775.0,3.5,281.0,174.6,52.9
modern_barakhamba,2026-10-03T09:00,9,5,1,1,36.0,29,9.4,1820.0,5.1,279.0,186.3,54.2
modern_barakhamba,2026-10-03T10:00,10,5,1,0,35.8,29,10.5,1740.0,8.0,380.0,202.1,56.7
modern_barakhamba,2026-10-03T11:00,11,5,1,0,35.1,30,11.4,1605.0,12.8,550.0,215.1,59.8
modern_barakhamba,2026-10-03T12:00,12,5,1,0,34.0,33,9.3,1150.0,19.1,710.0,227.7,65.0
modern_barakhamba,2026-10-03T13:00,13,5,1,0,32.6,39,5.7,410.0,28.3,819.0,241.2,73.3
modern_barakhamba,2026-10-03T14:00,14,5,0,0,31.5,46,4.9,240.0,39.1,916.0,253.3,80.3
modern_barakhamba,2026-10-03T15:00,15,5,0,0,30.4,53,3.5,105.0,47.0,1041.0,270.1,85.9
modern_barakhamba,2026-10-03T16:00,16,5,0,0,29.6,57,4.0,85.0,49.6,1257.0,296.2,91.3
modern_barakhamba,2026-10-03T17:00,17,5,0,0,29.1,59,4.4,80.0,49.3,1500.0,323.2,96.4
modern_barakhamba,2026-10-03T18:00,18,5,0,0,28.8,61,1.7,30.0,49.5,1618.0,344.6,100.4
modern_barakhamba,2026-10-03T19:00,19,5,0,0,27.8,64,4.4,60.0,51.4,1523.0,358.6,103.4
modern_barakhamba,2026-10-03T20:00,20,5,0,0,27.5,65,3.5,70.0,53.8,1302.0,361.4,105.2
modern_barakhamba,2026-10-03T21:00,21,5,0,0,26.9,67,3.4,65.0,55.6,1067.0,352.0,106.4
modern_barakhamba,2026-10-03T22:00,22,5,0,0,26.5,67,4.5,75.0,57.1,818.0,340.9,106.4
modern_barakhamba,2026-10-03T23:00,23,5,0,0,26.1,65,6.8,125.0,58.1,555.0,329.7,105.0
modern_barakhamba,2026-10-04T00:00,0,6,0,0,25.6,62,7.5,155.0,56.8,382.0,314.8,103.1
modern_barakhamba,2026-10-04T01:00,1,6,0,0,25.4,56,8.2,195.0,52.1,380.0,299.9,101.7
modern_barakhamba,2026-10-04T02:00,2,6,0,0,26.2,50,9.0,260.0,45.0,468.0,255.2,97.8
modern_barakhamba,2026-10-04T03:00,3,6,0,0,27.8,44,7.8,365.0,37.0,511.0,241.2,88.9
modern_barakhamba,2026-10-04T04:00,4,6,0,0,29.8,37,8.0,465.0,27.4,439.0,233.3,80.8
modern_barakhamba,2026-10-04T05:00,5,6,0,0,31.8,33,8.6,615.0,16.9,323.0,219.3,72.9
modern_barakhamba,2026-10-04T06:00,6,6,0,0,33.4,30,8.3,810.0,9.0,239.0,210.5,66.6
modern_barakhamba,2026-10-04T07:00,7,6,0,0,34.6,28,7.7,1010.0,5.3,217.0,204.4,60.1
modern_barakhamba,2026-10-04T08:00,8,6,0,0,35.3,28,7.7,1410.0,4.2,227.0,209.1,56.8
modern_barakhamba,2026-10-04T09:00,9,6,0,0,35.6,29,8.5,1630.0,4.9,258.0,221.2,55.9
modern_barakhamba,2026-10-04T10:00,10,6,0,0,35.5,31,9.4,1605.0,6.5,289.0,245.9,57.9
modern_barakhamba,2026-10-04T11:00,11,6,0,0,34.9,32,9.4,1345.0,9.8,339.0,258.0,61.2
modern_barakhamba,2026-10-04T12:00,12,6,0,0,33.9,35,7.8,915.0,16.2,458.0,267.3,67.5
modern_barakhamba,2026-10-04T13:00,13,6,0,0,32.5,42,4.1,320.0,27.6,695.0,289.6,79.2
modern_barakhamba,2026-10-04T14:00,14,6,0,0,31.6,49,2.7,150.0,42.0,1001.0,316.6,92.2
modern_barakhamba,2026-10-04T15:00,15,6,0,0,31.0,54,0.9,70.0,55.7,1270.0,360.4,105.9
modern_barakhamba,2026-10-04T16:00,16,6,0,0,30.3,57,0.4,20.0,68.1,1502.0,389.3,119.2
modern_barakhamba,2026-10-04T17:00,17,6,0,0,29.4,60,2.2,40.0,79.7,1698.0,402.3,132.2
modern_barakhamba,2026-10-04T18:00,18,6,0,0,28.6,64,2.4,45.0,87.8,1758.0,406.1,139.7
modern_barakhamba,2026-10-04T19:00,19,6,0,0,27.8,69,2.3,45.0,90.7,1596.0,401.4,142.5
modern_barakhamba,2026-10-04T20:00,20,6,0,0,27.4,70,2.9,65.0,90.2,1298.0,391.2,144.4
modern_barakhamba,2026-10-04T21:00,21,6,0,0,27.0,70,3.7,75.0,89.0,1018.0,378.1,143.4
modern_barakhamba,2026-10-04T22:00,22,6,0,0,26.5,68,4.9,100.0,88.9,782.0,362.3,141.6
modern_barakhamba,2026-10-04T23:00,23,6,0,0,26.3,58,6.7,145.0,88.3,565.0,346.5,138.3
modern_barakhamba,2026-10-05T00:00,0,0,0,0,25.9,50,8.3,170.0,84.6,445.0,326.0,133.2
modern_barakhamba,2026-10-05T01:00,1,0,0,0,25.7,48,9.4,195.0,76.5,510.0,301.7,127.1
modern_barakhamba,2026-10-05T02:00,2,0,0,0,26.6,46,10.2,265.0,65.5,671.0,240.3,118.0
modern_barakhamba,2026-10-05T03:00,3,0,0,0,28.3,43,8.3,390.0,53.2,746.0,210.0,96.9
modern_barakhamba,2026-10-05T04:00,4,0,0,0,30.2,39,9.2,565.0,38.4,626.0,196.5,76.4
modern_barakhamba,2026-10-05T05:00,5,0,0,0,31.9,37,9.6,805.0,22.4,418.0,201.2,66.6
modern_barakhamba,2026-10-05T06:00,6,0,0,0,33.4,36,9.7,1055.0,10.7,263.0,217.5,63.6
modern_barakhamba,2026-10-05T07:00,7,0,1,1,34.4,36,9.5,1280.0,5.7,210.0,232.8,63.8
modern_barakhamba,2026-10-05T08:00,8,0,1,1,35.0,36,9.0,1455.0,5.1,210.0,243.1,65.2
modern_barakhamba,2026-10-05T09:00,9,0,1,1,35.3,36,8.4,1580.0,6.9,251.0,248.7,66.1
modern_barakhamba,2026-10-05T10:00,10,0,1,0,35.3,37,8.2,1660.0,10.8,352.0,253.3,66.4
modern_barakhamba,2026-10-05T11:00,11,0,1,0,34.8,38,7.3,1635.0,17.2,494.0,255.2,67.3
modern_barakhamba,2026-10-05T12:00,12,0,1,0,33.9,42,6.5,915.0,25.2,610.0,230.0,71.2
modern_barakhamba,2026-10-05T13:00,13,0,1,0,32.5,49,6.1,305.0,37.3,674.0,221.2,83.4
modern_barakhamba,2026-10-05T14:00,14,0,0,0,31.4,54,5.2,190.0,51.0,712.0,201.2,92.9
modern_barakhamba,2026-10-05T15:00,15,0,0,0,30.5,58,3.5,135.0,58.7,730.0,179.7,93.1
modern_barakhamba,2026-10-05T16:00,16,0,0,0,29.7,63,4.2,135.0,55.4,727.0,163.4,90.8
modern_barakhamba,2026-10-05T17:00,17,0,0,0,29.0,66,4.1,115.0,46.1,703.0,163.9,93.1
modern_barakhamba,2026-10-05T18:00,18,0,0,0,28.3,69,3.2,95.0,37.2,669.0,168.1,94.1
modern_barakhamba,2026-10-05T19:00,19,0,0,0,27.4,73,6.0,120.0,30.7,619.0,172.8,92.4
modern_barakhamba,2026-10-05T20:00,20,0,0,0,26.4,77,6.2,140.0,24.7,559.0,178.8,89.2
modern_barakhamba,2026-10-05T21:00,21,0,0,0,25.6,80,5.5,140.0,20.4,515.0,181.6,83.8
modern_barakhamba,2026-10-05T22:00,22,0,0,0,25.2,81,4.9,150.0,18.6,483.0,176.5,78.5
modern_barakhamba,2026-10-05T23:00,23,0,0,0,24.8,83,4.7,145.0,18.5,467.0,167.2,74.0
dav_shreshtha_vihar,2026-09-19T00:00,0,5,0,0,26.0,89,2.2,35.0,50.0,1256.0,102.9,55.6
dav_shreshtha_vihar,2026-09-19T01:00,1,5,0,0,25.7,89,3.0,45.0,45.7,1109.0,112.2,64.5
dav_shreshtha_vihar,2026-09-19T02:00,2,5,0,0,26.7,86,3.3,70.0,39.5,914.0,102.0,66.1
dav_shreshtha_vihar,2026-09-19T03:00,3,5,0,0,28.5,75,2.9,295.0,32.7,743.0,90.3,49.0
dav_shreshtha_vihar,2026-09-19T04:00,4,5,0,0,29.9,63,3.6,930.0,24.8,620.0,75.9,39.6
dav_shreshtha_vihar,2026-09-19T05:00,5,5,0,0,30.8,58,4.1,1080.0,16.3,522.0,71.9,38.2
dav_shreshtha_vihar,2026-09-19T06:00,6,5,0,0,32.2,53,5.5,1455.0,10.0,453.0,72.6,39.2
dav_shreshtha_vihar,2026-09-19T07:00,7,5,1,1,32.6,49,6.0,1545.0,6.8,421.0,73.6,40.5
dav_shreshtha_vihar,2026-09-19T08:00,8,5,1,1,33.0,46,5.6,1570.0,5.8,418.0,75.4,41.3
dav_shreshtha_vihar,2026-09-19T09:00,9,5,1,1,33.2,44,5.7,1560.0,6.7,422.0,75.4,41.3
dav_shreshtha_vihar,2026-09-19T10:00,10,5,1,0,33.1,43,5.6,1575.0,8.3,401.0,74.5,41.3
dav_shreshtha_vihar,2026-09-19T11:00,11,5,1,0,32.7,45,5.4,1550.0,11.9,387.0,73.6,41.4
dav_shreshtha_vihar,2026-09-19T12:00,12,5,1,0,32.5,47,3.8,1385.0,21.1,451.0,87.8,51.8
dav_shreshtha_vihar,2026-09-19T13:00,13,5,1,0,30.9,59,2.9,60.0,41.6,643.0,92.7,62.9
dav_shreshtha_vihar,2026-09-19T14:00,14,5,0,0,29.9,66,2.8,60.0,70.0,913.0,102.7,75.2
dav_shreshtha_vihar,2026-09-19T15:00,15,5,0,0,29.1,71,3.0,70.0,92.0,1181.0,110.8,84.8
dav_shreshtha_vihar,2026-09-19T16:00,16,5,0,0,28.3,75,3.1,60.0,101.4,1456.0,120.6,94.8
dav_shreshtha_vihar,2026-09-19T17:00,17,5,0,0,27.7,76,3.0,80.0,104.4,1729.0,131.8,105.2
dav_shreshtha_vihar,2026-09-19T18:00,18,5,0,0,27.7,78,2.6,70.0,105.4,1888.0,143.4,115.0
dav_shreshtha_vihar,2026-09-19T19:00,19,5,0,0,26.9,82,2.7,50.0,105.7,1860.0,149.5,120.6
dav_shreshtha_vihar,2026-09-19T20:00,20,5,0,0,26.6,83,2.6,50.0,103.9,1718.0,151.8,123.4
dav_shreshtha_vihar,2026-09-19T21:00,21,5,0,0,26.2,84,2.1,40.0,100.4,1576.0,147.6,122.0
dav_shreshtha_vihar,2026-09-19T22:00,22,5,0,0,25.8,87,0.8,20.0,94.9,1467.0,142.5,118.7
dav_shreshtha_vihar,2026-09-19T23:00,23,5,0,0,25.2,91,1.1,15.0,87.8,1358.0,138.8,117.1
dav_shreshtha_vihar,2026-09-20T00:00,0,6,0,0,26.2,90,2.7,50.0,56.7,1260.0,98.3,85.0
dav_shreshtha_vihar,2026-09-20T01:00,1,6,0,0,25.8,90,1.9,40.0,50.8,1197.0,102.2,88.2
dav_shreshtha_vihar,2026-09-20T02:00,2,6,0,0,26.7,86,1.8,65.0,42.4,1146.0,101.5,89.2
dav_shreshtha_vihar,2026-09-20T03:00,3,6,0,0,28.4,78,1.1,135.0,33.7,1051.0,100.1,79.4
dav_shreshtha_vihar,2026-09-20T04:00,4,6,0,0,30.5,68,2.0,935.0,24.4,861.0,98.7,65.4
dav_shreshtha_vihar,2026-09-20T05:00,5,6,0,0,31.9,55,3.2,1200.0,14.7,627.0,97.6,55.3
dav_shreshtha_vihar,2026-09-20T06:00,6,6,0,0,32.9,48,3.6,1725.0,7.7,450.0,93.6,52.2
dav_shreshtha_vihar,2026-09-20T07:00,7,6,0,0,33.4,47,3.3,1740.0,4.8,377.0,90.1,52.0
dav_shreshtha_vihar,2026-09-20T08:00,8,6,0,0,33.8,44,3.2,1785.0,4.5,361.0,88.9,52.3
dav_shreshtha_vihar,2026-09-20T09:00,9,6,0,0,34.0,43,3.3,1830.0,5.5,356.0,87.5,52.9
dav_shreshtha_vihar,2026-09-20T10:00,10,6,0,0,33.7,43,4.6,1805.0,7.5,337.0,87.1,53.4
dav_shreshtha_vihar,2026-09-20T11:00,11,6,0,0,33.1,44,6.6,1315.0,10.8,330.0,82.7,54.4
dav_shreshtha_vihar,2026-09-20T12:00,12,6,0,0,32.5,48,8.9,575.0,15.6,365.0,91.7,60.3
dav_shreshtha_vihar,2026-09-20T13:00,13,6,0,0,31.1,52,7.0,265.0,19.5,471.0,89.2,61.0
dav_shreshtha_vihar,2026-09-20T14:00,14,6,0,0,30.4,56,4.1,125.0,25.2,619.0,87.8,62.4
dav_shreshtha_vihar,2026-09-20T15:00,15,6,0,0,29.9,61,2.6,65.0,31.7,756.0,88.0,66.4
dav_shreshtha_vihar,2026-09-20T16:00,16,6,0,0,29.3,64,2.2,50.0,39.4,875.0,91.5,71.9
dav_shreshtha_vihar,2026-09-20T17:00,17,6,0,0,29.0,66,0.9,25.0,47.8,982.0,97.8,78.9
dav_shreshtha_vihar,2026-09-20T18:00,18,6,0,0,28.7,69,2.7,60.0,54.7,1044.0,105.2,85.9
dav_shreshtha_vihar,2026-09-20T19:00,19,6,0,0,27.6,72,3.4,60.0,58.8,1033.0,109.9,89.4
dav_shreshtha_vihar,2026-09-20T20:00,20,6,0,0,26.9,75,3.1,55.0,61.4,977.0,112.9,92.0
dav_shreshtha_vihar,2026-09-20T21:00,21,6,0,0,26.5,76,2.9,50.0,63.5,920.0,115.9,94.5
dav_shreshtha_vihar,2026-09-20T22:00,22,6,0,0,26.2,77,2.5,50.0,66.4,865.0,119.7,97.6
dav_shreshtha_vihar,2026-09-20T23:00,23,6,0,0,25.9,77,2.4,45.0,68.9,811.0,123.4,101.0
dav_shreshtha_vihar,2026-09-21T00:00,0,0,0,0,26.5,82,2.5,45.0,43.4,797.0,84.1,67.8
dav_shreshtha_vihar,2026-09-21T01:00,1,0,0,0,26.0,83,1.9,30.0,43.5,884.0,89.2,72.9
dav_shreshtha_vihar,2026-09-21T02:00,2,0,0,0,26.8,79,1.9,65.0,43.3,1012.0,91.0,79.2
dav_shreshtha_vihar,2026-09-21T03:00,3,0,0,0,28.7,70,1.3,135.0,40.1,1041.0,81.7,65.4
dav_shreshtha_vihar,2026-09-21T04:00,4,0,0,0,30.8,58,1.8,420.0,31.1,869.0,75.9,51.8
dav_shreshtha_vihar,2026-09-21T05:00,5,0,0,0,32.2,49,3.2,1390.0,19.1,599.0,78.0,49.9
dav_shreshtha_vihar,2026-09-21T06:00,6,0,0,0,33.2,46,4.8,1560.0,10.0,397.0,83.4,51.6
dav_shreshtha_vihar,2026-09-21T07:00,7,0,1,1,33.5,45,4.3,1590.0,6.2,338.0,86.8,52.9
dav_shreshtha_vihar,2026-09-21T08:00,8,0,1,1,33.8,44,4.4,1685.0,5.3,347.0,88.7,53.8
dav_shreshtha_vihar,2026-09-21T09:00,9,0,1,1,33.8,43,5.5,1775.0,6.2,370.0,91.0,54.8
dav_shreshtha_vihar,2026-09-21T10:00,10,0,1,0,33.4,44,6.3,1625.0,8.6,373.0,94.3,55.9
dav_shreshtha_vihar,2026-09-21T11:00,11,0,1,0,33.0,46,6.0,1560.0,12.8,390.0,95.0,57.2
dav_shreshtha_vihar,2026-09-21T12:00,12,0,1,0,32.8,46,8.1,1455.0,19.5,463.0,90.8,60.1
dav_shreshtha_vihar,2026-09-21T13:00,13,0,1,0,31.7,52,7.0,475.0,27.9,634.0,93.6,66.8
dav_shreshtha_vihar,2026-09-21T14:00,14,0,0,0,30.9,56,6.1,235.0,39.7,861.0,99.2,71.5
dav_shreshtha_vihar,2026-09-21T15:00,15,0,0,0,30.1,61,3.5,90.0,51.1,1060.0,105.5,75.0
dav_shreshtha_vihar,2026-09-21T16:00,16,0,0,0,29.4,65,2.7,50.0,61.3,1222.0,115.0,80.8
dav_shreshtha_vihar,2026-09-21T17:00,17,0,0,0,28.8,68,2.7,45.0,71.0,1357.0,129.5,89.6
dav_shreshtha_vihar,2026-09-21T18:00,18,0,0,0,29.2,68,2.5,30.0,78.0,1410.0,141.1,95.0
dav_shreshtha_vihar,2026-09-21T19:00,19,0,0,0,28.2,73,2.2,40.0,80.8,1332.0,150.9,97.8
dav_shreshtha_vihar,2026-09-21T20:00,20,0,0,0,27.6,75,2.6,55.0,80.9,1172.0,159.3,100.4
dav_shreshtha_vihar,2026-09-21T21:00,21,0,0,0,27.2,77,2.7,55.0,80.9,1026.0,166.2,102.4
dav_shreshtha_vihar,2026-09-21T22:00,22,0,0,0,26.6,79,3.0,65.0,83.0,917.0,172.3,103.1
dav_shreshtha_vihar,2026-09-21T23:00,23,0,0,0,26.3,82,1.5,40.0,84.9,822.0,178.8,103.8
dav_shreshtha_vihar,2026-09-22T00:00,0,1,0,0,26.5,84,2.0,40.0,83.9,770.0,163.9,107.8
dav_shreshtha_vihar,2026-09-22T01:00,1,1,0,0,26.1,85,2.1,40.0,72.2,804.0,161.6,102.7
dav_shreshtha_vihar,2026-09-22T02:00,2,1,0,0,27.2,79,1.4,65.0,55.8,880.0,146.2,95.0
dav_shreshtha_vihar,2026-09-22T03:00,3,1,0,0,29.7,65,1.3,190.0,40.7,899.0,152.3,69.8
dav_shreshtha_vihar,2026-09-22T04:00,4,1,0,0,31.8,52,0.9,1040.0,28.4,798.0,153.2,58.0
dav_shreshtha_vihar,2026-09-22T05:00,5,1,0,0,33.2,45,1.9,1250.0,17.5,639.0,133.2,52.0
dav_shreshtha_vihar,2026-09-22T06:00,6,1,0,0,34.7,42,3.5,1720.0,9.7,508.0,115.9,50.3
dav_shreshtha_vihar,2026-09-22T07:00,7,1,1,1,35.3,39,5.3,1835.0,6.0,435.0,104.1,49.2
dav_shreshtha_vihar,2026-09-22T08:00,8,1,1,1,35.9,37,7.4,1845.0,5.3,391.0,95.9,48.0
dav_shreshtha_vihar,2026-09-22T09:00,9,1,1,1,35.9,36,9.0,1925.0,6.2,371.0,90.8,46.0
dav_shreshtha_vihar,2026-09-22T10:00,10,1,1,0,35.5,37,9.8,1635.0,8.6,369.0,89.4,44.4
dav_shreshtha_vihar,2026-09-22T11:00,11,1,1,0,34.8,40,10.4,1345.0,12.5,391.0,93.4,44.0
dav_shreshtha_vihar,2026-09-22T12:00,12,1,1,0,34.0,48,9.1,1190.0,16.1,452.0,94.8,43.2
dav_shreshtha_vihar,2026-09-22T13:00,13,1,1,0,33.2,51,6.7,1095.0,21.9,587.0,100.4,46.2
dav_shreshtha_vihar,2026-09-22T14:00,14,1,0,0,32.4,55,5.3,925.0,30.0,762.0,106.4,50.1
dav_shreshtha_vihar,2026-09-22T15:00,15,1,0,0,31.7,60,3.1,275.0,36.7,885.0,112.2,53.7
dav_shreshtha_vihar,2026-09-22T16:00,16,1,0,0,31.1,64,1.8,125.0,40.5,913.0,119.0,58.0
dav_shreshtha_vihar,2026-09-22T17:00,17,1,0,0,30.7,68,1.4,85.0,42.8,889.0,126.2,61.2
dav_shreshtha_vihar,2026-09-22T18:00,18,1,0,0,31.3,63,3.8,270.0,45.0,857.0,131.8,63.3
dav_shreshtha_vihar,2026-09-22T19:00,19,1,0,0,29.8,72,3.1,85.0,47.3,820.0,138.8,65.7
dav_shreshtha_vihar,2026-09-22T20:00,20,1,0,0,28.9,77,3.8,120.0,49.3,774.0,146.7,68.9
dav_shreshtha_vihar,2026-09-22T21:00,21,1,0,0,27.9,81,3.8,115.0,51.3,749.0,150.9,71.2
dav_shreshtha_vihar,2026-09-22T22:00,22,1,0,0,27.1,84,3.1,90.0,54.4,767.0,152.3,72.6
dav_shreshtha_vihar,2026-09-22T23:00,23,1,0,0,26.7,87,1.9,70.0,57.5,806.0,153.7,74.3
dav_shreshtha_vihar,2026-09-23T00:00,0,2,0,0,27.0,85,1.9,55.0,33.8,831.0,120.1,62.9
dav_shreshtha_vihar,2026-09-23T01:00,1,2,0,0,26.5,87,1.3,50.0,32.7,831.0,123.9,70.3
dav_shreshtha_vihar,2026-09-23T02:00,2,2,0,0,27.8,79,0.6,100.0,30.9,816.0,112.7,74.3
dav_shreshtha_vihar,2026-09-23T03:00,3,2,0,0,29.9,65,1.3,415.0,28.1,787.0,96.2,63.1
dav_shreshtha_vihar,2026-09-23T04:00,4,2,0,0,31.8,54,0.4,980.0,23.4,734.0,88.5,60.8
dav_shreshtha_vihar,2026-09-23T05:00,5,2,0,0,33.2,47,1.3,1115.0,17.6,665.0,82.7,57.7
dav_shreshtha_vihar,2026-09-23T06:00,6,2,0,0,35.0,44,2.2,1530.0,12.9,607.0,78.2,55.5
dav_shreshtha_vihar,2026-09-23T07:00,7,2,1,1,36.2,38,3.6,1925.0,9.8,568.0,73.8,54.0
dav_shreshtha_vihar,2026-09-23T08:00,8,2,1,1,36.8,34,5.5,2170.0,7.9,540.0,70.5,52.9
dav_shreshtha_vihar,2026-09-23T09:00,9,2,1,1,36.6,33,8.1,2125.0,7.8,519.0,68.9,52.2
dav_shreshtha_vihar,2026-09-23T10:00,10,2,1,0,36.3,33,10.3,1925.0,9.9,494.0,69.4,53.1
dav_shreshtha_vihar,2026-09-23T11:00,11,2,1,0,35.4,35,11.0,1490.0,13.9,477.0,71.2,56.0
dav_shreshtha_vihar,2026-09-23T12:00,12,2,1,0,34.4,38,11.4,1030.0,21.5,504.0,76.4,62.9
dav_shreshtha_vihar,2026-09-23T13:00,13,2,1,0,32.9,42,7.4,625.0,27.5,610.0,84.8,69.6
dav_shreshtha_vihar,2026-09-23T14:00,14,2,0,0,32.2,48,3.4,355.0,36.0,759.0,95.2,79.4
dav_shreshtha_vihar,2026-09-23T15:00,15,2,0,0,31.5,53,3.6,205.0,43.8,883.0,102.9,87.5
dav_shreshtha_vihar,2026-09-23T16:00,16,2,0,0,30.7,57,3.2,145.0,51.3,966.0,111.8,97.8
dav_shreshtha_vihar,2026-09-23T17:00,17,2,0,0,30.1,62,3.7,120.0,58.0,1023.0,122.0,108.0
dav_shreshtha_vihar,2026-09-23T18:00,18,2,0,0,30.2,65,5.4,140.0,59.9,1029.0,126.2,109.7
dav_shreshtha_vihar,2026-09-23T19:00,19,2,0,0,29.0,72,4.2,95.0,53.1,950.0,122.0,102.7
dav_shreshtha_vihar,2026-09-23T20:00,20,2,0,0,28.3,75,3.5,95.0,41.4,820.0,116.9,91.3
dav_shreshtha_vihar,2026-09-23T21:00,21,2,0,0,27.6,76,4.7,150.0,31.9,711.0,112.7,76.1
dav_shreshtha_vihar,2026-09-23T22:00,22,2,0,0,26.9,77,6.7,230.0,27.5,654.0,110.4,66.4
dav_shreshtha_vihar,2026-09-23T23:00,23,2,0,0,26.3,81,6.1,210.0,25.2,618.0,102.4,58.3
dav_shreshtha_vihar,2026-09-24T00:00,0,3,0,0,27.1,81,3.9,115.0,34.6,588.0,91.3,65.9
dav_shreshtha_vihar,2026-09-24T01:00,1,3,0,0,26.4,85,6.2,190.0,33.9,562.0,83.6,63.6
dav_shreshtha_vihar,2026-09-24T02:00,2,3,0,0,26.8,85,8.0,315.0,32.8,541.0,77.5,61.7
dav_shreshtha_vihar,2026-09-24T03:00,3,3,0,0,28.0,79,8.9,490.0,29.9,513.0,63.8,50.8
dav_shreshtha_vihar,2026-09-24T04:00,4,3,0,0,29.4,72,9.7,665.0,23.8,466.0,48.8,39.5
dav_shreshtha_vihar,2026-09-24T05:00,5,3,0,0,30.8,64,7.7,855.0,16.0,412.0,45.6,37.1
dav_shreshtha_vihar,2026-09-24T06:00,6,3,0,0,32.7,49,7.4,1425.0,10.1,369.0,46.8,37.6
dav_shreshtha_vihar,2026-09-24T07:00,7,3,1,1,33.7,44,6.1,1550.0,7.3,343.0,48.0,38.2
dav_shreshtha_vihar,2026-09-24T08:00,8,3,1,1,34.5,40,4.0,1665.0,6.4,328.0,51.8,37.8
dav_shreshtha_vihar,2026-09-24T09:00,9,3,1,1,34.8,38,4.1,1765.0,7.6,323.0,51.7,39.6
dav_shreshtha_vihar,2026-09-24T10:00,10,3,1,0,34.9,36,4.8,1950.0,11.6,324.0,51.7,38.5
dav_shreshtha_vihar,2026-09-24T11:00,11,3,1,0,34.1,39,7.5,1895.0,17.6,335.0,49.1,38.4
dav_shreshtha_vihar,2026-09-24T12:00,12,3,1,0,33.8,42,8.2,1650.0,23.3,362.0,68.2,53.0
dav_shreshtha_vihar,2026-09-24T13:00,13,3,1,0,32.5,48,8.0,860.0,26.7,421.0,71.0,55.3
dav_shreshtha_vihar,2026-09-24T14:00,14,3,0,0,31.5,55,9.8,570.0,31.3,496.0,74.0,52.6
dav_shreshtha_vihar,2026-09-24T15:00,15,3,0,0,30.1,62,10.7,480.0,34.2,542.0,80.1,49.0
dav_shreshtha_vihar,2026-09-24T16:00,16,3,0,0,29.3,65,9.2,445.0,34.0,534.0,84.5,46.0
dav_shreshtha_vihar,2026-09-24T17:00,17,3,0,0,28.7,67,10.5,500.0,32.1,498.0,87.3,43.8
dav_shreshtha_vihar,2026-09-24T18:00,18,3,0,0,28.9,70,11.1,675.0,29.7,460.0,85.4,40.7
dav_shreshtha_vihar,2026-09-24T19:00,19,3,0,0,27.9,75,10.8,630.0,26.6,425.0,85.0,36.3
dav_shreshtha_vihar,2026-09-24T20:00,20,3,0,0,27.1,79,11.6,595.0,23.0,389.0,90.3,32.4
dav_shreshtha_vihar,2026-09-24T21:00,21,3,0,0,26.3,82,10.4,520.0,21.0,368.0,93.6,29.4
dav_shreshtha_vihar,2026-09-24T22:00,22,3,0,0,25.8,83,9.3,485.0,21.8,376.0,86.8,26.8
dav_shreshtha_vihar,2026-09-24T23:00,23,3,0,0,25.3,84,7.9,470.0,24.1,400.0,75.2,25.3
dav_shreshtha_vihar,2026-09-25T00:00,0,4,0,0,25.8,82,9.6,560.0,19.9,414.0,105.5,24.0
dav_shreshtha_vihar,2026-09-25T01:00,1,4,0,0,25.3,83,10.2,545.0,20.3,409.0,99.2,24.7
dav_shreshtha_vihar,2026-09-25T02:00,2,4,0,0,25.7,79,9.0,615.0,20.7,395.0,91.0,24.6
dav_shreshtha_vihar,2026-09-25T03:00,3,4,0,0,26.8,73,10.0,640.0,20.0,374.0,79.2,23.1
dav_shreshtha_vihar,2026-09-25T04:00,4,4,0,0,28.2,66,10.4,775.0,17.3,344.0,76.4,23.9
dav_shreshtha_vihar,2026-09-25T05:00,5,4,0,0,29.7,59,10.6,935.0,13.6,308.0,74.7,24.1
dav_shreshtha_vihar,2026-09-25T06:00,6,4,0,0,30.7,54,12.1,1380.0,10.5,279.0,70.5,24.3
dav_shreshtha_vihar,2026-09-25T07:00,7,4,1,1,30.8,53,9.8,1450.0,8.3,258.0,65.9,23.4
dav_shreshtha_vihar,2026-09-25T08:00,8,4,1,1,31.6,49,6.6,1630.0,6.8,243.0,66.4,24.2
dav_shreshtha_vihar,2026-09-25T09:00,9,4,1,1,31.7,48,3.6,1515.0,7.1,245.0,53.8,23.2
dav_shreshtha_vihar,2026-09-25T10:00,10,4,1,0,31.6,48,2.9,1485.0,10.1,270.0,51.0,23.8
dav_shreshtha_vihar,2026-09-25T11:00,11,4,1,0,31.4,49,2.5,1380.0,14.8,312.0,55.6,24.8
dav_shreshtha_vihar,2026-09-25T12:00,12,4,1,0,30.7,55,5.6,1250.0,18.7,358.0,149.0,40.3
dav_shreshtha_vihar,2026-09-25T13:00,13,4,1,0,29.7,59,6.8,655.0,31.2,412.0,148.5,45.8
dav_shreshtha_vihar,2026-09-25T14:00,14,4,0,0,29.2,63,5.7,670.0,48.5,472.0,158.3,54.4
dav_shreshtha_vihar,2026-09-25T15:00,15,4,0,0,28.6,66,5.3,545.0,61.3,516.0,170.4,63.6
dav_shreshtha_vihar,2026-09-25T16:00,16,4,0,0,27.7,72,8.5,640.0,65.8,538.0,175.6,69.8
dav_shreshtha_vihar,2026-09-25T17:00,17,4,0,0,26.5,75,10.3,570.0,65.8,545.0,170.4,72.4
dav_shreshtha_vihar,2026-09-25T18:00,18,4,0,0,25.9,78,10.2,480.0,64.1,538.0,152.7,66.6
dav_shreshtha_vihar,2026-09-25T19:00,19,4,0,0,25.1,80,6.6,365.0,61.2,507.0,132.7,60.5
dav_shreshtha_vihar,2026-09-25T20:00,20,4,0,0,24.8,79,4.7,265.0,56.4,462.0,121.1,56.8
dav_shreshtha_vihar,2026-09-25T21:00,21,4,0,0,24.4,79,5.4,320.0,50.9,433.0,113.2,51.1
dav_shreshtha_vihar,2026-09-25T22:00,22,4,0,0,24.0,79,4.2,255.0,44.0,436.0,104.8,45.8
dav_shreshtha_vihar,2026-09-25T23:00,23,4,0,0,23.5,80,3.3,215.0,36.2,456.0,100.1,40.9
dav_shreshtha_vihar,2026-09-26T00:00,0,5,0,0,23.8,77,4.5,315.0,43.2,476.0,74.5,43.9
dav_shreshtha_vihar,2026-09-26T01:00,1,5,0,0,23.5,78,4.5,215.0,40.9,501.0,81.0,50.3
dav_shreshtha_vihar,2026-09-26T02:00,2,5,0,0,24.0,77,2.1,365.0,37.6,527.0,82.9,51.5
dav_shreshtha_vihar,2026-09-26T03:00,3,5,0,0,24.9,72,0.6,295.0,33.4,525.0,94.5,48.5
dav_shreshtha_vihar,2026-09-26T04:00,4,5,0,0,26.7,66,1.2,385.0,27.6,473.0,108.7,47.0
dav_shreshtha_vihar,2026-09-26T05:00,5,5,0,0,28.5,62,3.2,805.0,21.0,393.0,100.8,43.3
dav_shreshtha_vihar,2026-09-26T06:00,6,5,0,0,27.6,66,6.9,745.0,15.8,328.0,95.5,48.3
dav_shreshtha_vihar,2026-09-26T07:00,7,5,1,1,29.0,61,11.6,1250.0,12.9,291.0,91.0,53.0
dav_shreshtha_vihar,2026-09-26T08:00,8,5,1,1,29.6,55,11.8,1420.0,11.4,268.0,84.5,55.2
dav_shreshtha_vihar,2026-09-26T09:00,9,5,1,1,28.8,54,12.6,1065.0,11.4,259.0,75.4,54.9
dav_shreshtha_vihar,2026-09-26T10:00,10,5,1,0,27.2,58,12.6,950.0,12.7,270.0,62.9,50.2
dav_shreshtha_vihar,2026-09-26T11:00,11,5,1,0,25.8,66,10.2,765.0,15.5,294.0,58.1,47.4
dav_shreshtha_vihar,2026-09-26T12:00,12,5,1,0,24.5,75,13.8,830.0,22.8,318.0,75.4,64.3
dav_shreshtha_vihar,2026-09-26T13:00,13,5,1,0,23.2,87,10.3,700.0,23.9,326.0,55.6,53.2
dav_shreshtha_vihar,2026-09-26T14:00,14,5,0,0,23.1,89,8.7,430.0,25.5,334.0,51.3,49.9
dav_shreshtha_vihar,2026-09-26T15:00,15,5,0,0,23.2,86,9.8,520.0,27.0,367.0,49.4,48.2
dav_shreshtha_vihar,2026-09-26T16:00,16,5,0,0,22.9,86,7.9,365.0,28.1,457.0,47.6,46.9
dav_shreshtha_vihar,2026-09-26T17:00,17,5,0,0,22.5,88,7.3,335.0,29.2,574.0,46.4,45.8
dav_shreshtha_vihar,2026-09-26T18:00,18,5,0,0,22.7,89,8.8,475.0,31.0,651.0,46.1,45.2
dav_shreshtha_vihar,2026-09-26T19:00,19,5,0,0,22.5,90,8.6,320.0,34.1,651.0,45.1,44.1
dav_shreshtha_vihar,2026-09-26T20:00,20,5,0,0,22.7,87,6.4,255.0,37.8,611.0,44.6,43.8
dav_shreshtha_vihar,2026-09-26T21:00,21,5,0,0,22.9,87,3.7,130.0,41.1,579.0,45.3,44.4
dav_shreshtha_vihar,2026-09-26T22:00,22,5,0,0,23.1,89,0.3,15.0,44.2,572.0,46.8,45.5
dav_shreshtha_vihar,2026-09-26T23:00,23,5,0,0,23.2,90,3.1,80.0,46.8,572.0,48.7,46.9
dav_shreshtha_vihar,2026-09-27T00:00,0,6,0,0,22.7,91,3.4,175.0,17.7,573.0,22.8,22.2
dav_shreshtha_vihar,2026-09-27T01:00,1,6,0,0,22.7,92,7.6,250.0,18.2,581.0,24.0,23.7
dav_shreshtha_vihar,2026-09-27T02:00,2,6,0,0,23.1,90,2.5,285.0,18.9,588.0,24.4,24.1
dav_shreshtha_vihar,2026-09-27T03:00,3,6,0,0,24.1,85,2.4,265.0,18.7,568.0,24.3,24.0
dav_shreshtha_vihar,2026-09-27T04:00,4,6,0,0,25.6,78,4.2,435.0,17.1,493.0,21.3,20.8
dav_shreshtha_vihar,2026-09-27T05:00,5,6,0,0,27.0,70,5.6,840.0,14.8,390.0,19.5,18.6
dav_shreshtha_vihar,2026-09-27T06:00,6,6,0,0,28.0,63,7.4,1080.0,12.5,310.0,24.0,18.9
dav_shreshtha_vihar,2026-09-27T07:00,7,6,0,0,28.3,61,8.0,1100.0,10.1,272.0,32.4,19.4
dav_shreshtha_vihar,2026-09-27T08:00,8,6,0,0,28.5,60,8.5,1120.0,7.7,256.0,39.7,18.6
dav_shreshtha_vihar,2026-09-27T09:00,9,6,0,0,28.4,60,9.2,990.0,6.8,255.0,49.8,18.4
dav_shreshtha_vihar,2026-09-27T10:00,10,6,0,0,27.9,61,9.0,830.0,8.0,273.0,55.3,18.0
dav_shreshtha_vihar,2026-09-27T11:00,11,6,0,0,27.5,62,8.5,730.0,10.6,306.0,54.6,17.1
dav_shreshtha_vihar,2026-09-27T12:00,12,6,0,0,26.0,73,12.7,660.0,13.7,337.0,41.3,19.2
dav_shreshtha_vihar,2026-09-27T13:00,13,6,0,0,24.5,80,9.0,460.0,19.1,360.0,39.5,21.9
dav_shreshtha_vihar,2026-09-27T14:00,14,6,0,0,24.0,84,5.2,410.0,26.7,381.0,36.1,25.7
dav_shreshtha_vihar,2026-09-27T15:00,15,6,0,0,23.6,87,5.6,365.0,32.5,403.0,38.1,27.7
dav_shreshtha_vihar,2026-09-27T16:00,16,6,0,0,23.2,90,4.8,270.0,35.1,428.0,37.1,29.6
dav_shreshtha_vihar,2026-09-27T17:00,17,6,0,0,22.9,93,4.0,205.0,35.9,453.0,35.7,31.8
dav_shreshtha_vihar,2026-09-27T18:00,18,6,0,0,24.1,92,2.7,335.0,35.8,473.0,34.9,33.1
dav_shreshtha_vihar,2026-09-27T19:00,19,6,0,0,23.4,96,3.6,210.0,34.1,484.0,35.2,32.4
dav_shreshtha_vihar,2026-09-27T20:00,20,6,0,0,23.0,97,5.1,210.0,31.3,490.0,34.6,32.2
dav_shreshtha_vihar,2026-09-27T21:00,21,6,0,0,22.6,98,5.2,195.0,30.0,492.0,33.6,32.5
dav_shreshtha_vihar,2026-09-27T22:00,22,6,0,0,22.3,98,4.0,185.0,31.9,487.0,33.9,32.8
dav_shreshtha_vihar,2026-09-27T23:00,23,6,0,0,22.1,98,3.5,190.0,35.2,479.0,35.0,33.9
dav_shreshtha_vihar,2026-09-28T00:00,0,0,0,0,22.6,95,3.7,65.0,14.8,482.0,20.1,16.3
dav_shreshtha_vihar,2026-09-28T01:00,1,0,0,0,22.8,93,2.8,155.0,17.0,507.0,20.3,18.3
dav_shreshtha_vihar,2026-09-28T02:00,2,0,0,0,23.1,92,2.6,205.0,20.0,544.0,16.8,15.8
dav_shreshtha_vihar,2026-09-28T03:00,3,0,0,0,23.7,90,2.7,260.0,21.5,576.0,16.9,15.7
dav_shreshtha_vihar,2026-09-28T04:00,4,0,0,0,24.6,85,1.5,400.0,20.5,598.0,22.1,18.3
dav_shreshtha_vihar,2026-09-28T05:00,5,0,0,0,25.0,82,1.1,475.0,18.0,615.0,29.5,22.5
dav_shreshtha_vihar,2026-09-28T06:00,6,0,0,0,26.3,70,8.3,800.0,15.6,622.0,37.0,26.5
dav_shreshtha_vihar,2026-09-28T07:00,7,0,1,1,27.7,64,9.5,860.0,12.7,620.0,40.5,28.8
dav_shreshtha_vihar,2026-09-28T08:00,8,0,1,1,28.0,63,10.5,875.0,9.7,608.0,40.6,29.2
dav_shreshtha_vihar,2026-09-28T09:00,9,0,1,1,27.9,63,10.8,855.0,9.5,579.0,39.0,28.7
dav_shreshtha_vihar,2026-09-28T10:00,10,0,1,0,26.2,74,13.2,595.0,13.9,509.0,36.6,27.5
dav_shreshtha_vihar,2026-09-28T11:00,11,0,1,0,25.2,80,14.4,670.0,21.1,421.0,35.4,27.1
dav_shreshtha_vihar,2026-09-28T12:00,12,0,1,0,24.4,82,9.0,650.0,20.7,377.0,31.7,28.3
dav_shreshtha_vihar,2026-09-28T13:00,13,0,1,0,23.7,86,4.5,465.0,30.6,419.0,35.2,32.7
dav_shreshtha_vihar,2026-09-28T14:00,14,0,0,0,23.6,88,4.0,285.0,44.2,506.0,42.1,40.2
dav_shreshtha_vihar,2026-09-28T15:00,15,0,0,0,23.3,90,6.7,255.0,53.6,575.0,48.9,47.1
dav_shreshtha_vihar,2026-09-28T16:00,16,0,0,0,23.0,91,7.2,235.0,55.4,606.0,52.9,51.3
dav_shreshtha_vihar,2026-09-28T17:00,17,0,0,0,22.7,93,8.0,305.0,53.0,620.0,55.5,53.8
dav_shreshtha_vihar,2026-09-28T18:00,18,0,0,0,23.1,92,6.9,310.0,48.9,615.0,55.1,53.0
dav_shreshtha_vihar,2026-09-28T19:00,19,0,0,0,22.7,94,6.3,225.0,42.5,581.0,53.7,51.3
dav_shreshtha_vihar,2026-09-28T20:00,20,0,0,0,22.4,94,5.6,200.0,34.4,528.0,53.2,50.5
dav_shreshtha_vihar,2026-09-28T21:00,21,0,0,0,22.2,95,6.2,185.0,28.4,489.0,53.2,50.2
dav_shreshtha_vihar,2026-09-28T22:00,22,0,0,0,22.1,95,6.5,185.0,26.6,473.0,65.4,51.3
dav_shreshtha_vihar,2026-09-28T23:00,23,0,0,0,22.0,95,6.2,170.0,26.9,470.0,60.8,51.6
dav_shreshtha_vihar,2026-09-29T00:00,0,1,0,0,22.2,95,5.9,155.0,26.2,484.0,65.7,50.3
dav_shreshtha_vihar,2026-09-29T01:00,1,1,0,0,22.0,96,6.1,160.0,25.7,537.0,65.7,51.9
dav_shreshtha_vihar,2026-09-29T02:00,2,1,0,0,22.8,92,4.8,225.0,24.9,608.0,64.5,50.4
dav_shreshtha_vihar,2026-09-29T03:00,3,1,0,0,24.2,85,5.4,345.0,22.8,633.0,55.9,39.1
dav_shreshtha_vihar,2026-09-29T04:00,4,1,0,0,25.8,76,6.5,575.0,18.5,566.0,54.5,30.0
dav_shreshtha_vihar,2026-09-29T05:00,5,1,0,0,27.3,68,8.1,730.0,13.0,454.0,56.9,26.3
dav_shreshtha_vihar,2026-09-29T06:00,6,1,0,0,29.3,60,9.0,1195.0,8.7,372.0,67.3,26.4
dav_shreshtha_vihar,2026-09-29T07:00,7,1,1,1,30.1,55,10.1,1370.0,6.2,349.0,92.0,28.8
dav_shreshtha_vihar,2026-09-29T08:00,8,1,1,1,30.7,53,11.1,1415.0,5.0,355.0,142.0,37.1
dav_shreshtha_vihar,2026-09-29T09:00,9,1,1,1,31.0,52,11.4,1440.0,5.7,378.0,198.4,45.2
dav_shreshtha_vihar,2026-09-29T10:00,10,1,1,0,31.0,52,11.5,1440.0,9.5,416.0,270.1,55.9
dav_shreshtha_vihar,2026-09-29T11:00,11,1,1,0,30.5,55,10.9,1350.0,15.4,470.0,311.1,65.9
dav_shreshtha_vihar,2026-09-29T12:00,12,1,1,0,29.8,58,10.3,1190.0,18.4,531.0,212.8,48.4
dav_shreshtha_vihar,2026-09-29T13:00,13,1,1,0,28.4,64,7.2,385.0,23.8,613.0,250.5,59.8
dav_shreshtha_vihar,2026-09-29T14:00,14,1,0,0,27.5,69,6.9,305.0,31.2,702.0,282.2,70.3
dav_shreshtha_vihar,2026-09-29T15:00,15,1,0,0,26.8,72,6.8,250.0,35.7,751.0,307.3,77.1
dav_shreshtha_vihar,2026-09-29T16:00,16,1,0,0,26.1,75,6.0,185.0,34.9,732.0,313.9,79.9
dav_shreshtha_vihar,2026-09-29T17:00,17,1,0,0,25.5,77,6.1,165.0,31.3,673.0,299.0,79.4
dav_shreshtha_vihar,2026-09-29T18:00,18,1,0,0,25.6,78,7.5,255.0,27.5,615.0,270.1,75.2
dav_shreshtha_vihar,2026-09-29T19:00,19,1,0,0,24.8,82,7.1,185.0,23.9,566.0,232.4,69.2
dav_shreshtha_vihar,2026-09-29T20:00,20,1,0,0,24.3,83,6.6,175.0,20.2,518.0,195.1,62.6
dav_shreshtha_vihar,2026-09-29T21:00,21,1,0,0,23.9,85,6.1,160.0,17.6,484.0,164.4,57.0
dav_shreshtha_vihar,2026-09-29T22:00,22,1,0,0,23.5,86,5.8,150.0,16.7,463.0,142.5,52.4
dav_shreshtha_vihar,2026-09-29T23:00,23,1,0,0,23.3,87,6.0,150.0,16.9,458.0,128.5,49.2
dav_shreshtha_vihar,2026-09-30T00:00,0,2,0,0,24.2,85,5.9,150.0,17.7,487.0,138.8,53.3
dav_shreshtha_vihar,2026-09-30T01:00,1,2,0,0,23.7,87,6.3,135.0,21.0,594.0,131.8,54.4
dav_shreshtha_vihar,2026-09-30T02:00,2,2,0,0,24.5,85,6.1,200.0,25.2,737.0,125.3,56.9
dav_shreshtha_vihar,2026-09-30T03:00,3,2,0,0,26.0,80,5.8,370.0,26.4,807.0,123.9,53.2
dav_shreshtha_vihar,2026-09-30T04:00,4,2,0,0,27.8,70,7.2,760.0,21.5,735.0,106.9,44.6
dav_shreshtha_vihar,2026-09-30T05:00,5,2,0,0,29.4,61,9.3,1030.0,13.6,590.0,100.6,39.0
dav_shreshtha_vihar,2026-09-30T06:00,6,2,0,0,31.5,52,11.7,1440.0,7.5,471.0,120.1,41.6
dav_shreshtha_vihar,2026-09-30T07:00,7,2,1,1,32.4,45,13.0,1560.0,4.8,409.0,156.5,48.1
dav_shreshtha_vihar,2026-09-30T08:00,8,2,1,1,32.9,41,12.9,1680.0,4.0,373.0,192.3,54.0
dav_shreshtha_vihar,2026-09-30T09:00,9,2,1,1,33.1,39,12.9,1745.0,5.5,366.0,227.7,58.8
dav_shreshtha_vihar,2026-09-30T10:00,10,2,1,0,32.9,40,12.6,1680.0,9.9,386.0,262.6,63.6
dav_shreshtha_vihar,2026-09-30T11:00,11,2,1,0,32.2,43,11.7,1405.0,16.6,436.0,280.3,68.0
dav_shreshtha_vihar,2026-09-30T12:00,12,2,1,0,31.1,49,9.6,1100.0,20.2,526.0,374.4,72.9
dav_shreshtha_vihar,2026-09-30T13:00,13,2,1,0,29.6,56,5.2,285.0,28.8,705.0,392.1,83.6
dav_shreshtha_vihar,2026-09-30T14:00,14,2,0,0,28.7,61,5.5,195.0,40.7,924.0,431.2,95.2
dav_shreshtha_vihar,2026-09-30T15:00,15,2,0,0,27.9,64,6.8,200.0,49.2,1050.0,478.7,105.7
dav_shreshtha_vihar,2026-09-30T16:00,16,2,0,0,27.2,66,7.8,195.0,51.7,1004.0,510.4,113.6
dav_shreshtha_vihar,2026-09-30T17:00,17,2,0,0,26.3,70,6.5,140.0,51.0,866.0,512.2,117.8
dav_shreshtha_vihar,2026-09-30T18:00,18,2,0,0,26.7,70,6.9,165.0,48.5,741.0,486.2,115.7
dav_shreshtha_vihar,2026-09-30T19:00,19,2,0,0,25.6,76,4.4,115.0,43.7,661.0,438.7,109.2
dav_shreshtha_vihar,2026-09-30T20:00,20,2,0,0,25.0,78,4.3,100.0,37.2,594.0,384.6,102.2
dav_shreshtha_vihar,2026-09-30T21:00,21,2,0,0,24.6,79,4.2,90.0,32.3,550.0,326.9,95.0
dav_shreshtha_vihar,2026-09-30T22:00,22,2,0,0,24.3,81,5.2,95.0,30.3,526.0,275.7,88.5
dav_shreshtha_vihar,2026-09-30T23:00,23,2,0,0,24.1,81,5.8,110.0,29.9,525.0,235.6,83.1
dav_shreshtha_vihar,2026-10-01T00:00,0,3,0,0,25.0,81,6.5,115.0,21.7,564.0,183.9,68.0
dav_shreshtha_vihar,2026-10-01T01:00,1,3,0,0,24.5,83,5.5,100.0,25.1,697.0,166.7,68.7
dav_shreshtha_vihar,2026-10-01T02:00,2,3,0,0,25.5,81,6.5,140.0,29.4,871.0,158.3,71.2
dav_shreshtha_vihar,2026-10-01T03:00,3,3,0,0,27.4,74,5.4,270.0,30.2,943.0,154.6,69.2
dav_shreshtha_vihar,2026-10-01T04:00,4,3,0,0,29.5,66,7.4,765.0,24.2,818.0,127.6,55.8
dav_shreshtha_vihar,2026-10-01T05:00,5,3,0,0,31.0,59,8.6,1075.0,14.7,592.0,119.0,48.8
dav_shreshtha_vihar,2026-10-01T06:00,6,3,0,0,33.1,47,11.7,1890.0,7.4,408.0,139.7,52.2
dav_shreshtha_vihar,2026-10-01T07:00,7,3,1,1,34.0,40,14.2,2010.0,4.4,314.0,164.4,56.1
dav_shreshtha_vihar,2026-10-01T08:00,8,3,1,1,34.7,32,14.7,2040.0,3.5,264.0,185.3,57.4
dav_shreshtha_vihar,2026-10-01T09:00,9,3,1,1,34.8,30,14.5,2085.0,4.8,257.0,206.8,58.9
dav_shreshtha_vihar,2026-10-01T10:00,10,3,1,0,34.1,32,13.3,1900.0,8.6,304.0,221.2,60.3
dav_shreshtha_vihar,2026-10-01T11:00,11,3,1,0,33.8,34,11.7,1765.0,14.4,396.0,245.9,63.6
dav_shreshtha_vihar,2026-10-01T12:00,12,3,1,0,33.3,38,10.7,1360.0,19.8,504.0,345.5,73.1
dav_shreshtha_vihar,2026-10-01T13:00,13,3,1,0,31.8,45,8.5,720.0,26.6,651.0,375.3,84.1
dav_shreshtha_vihar,2026-10-01T14:00,14,3,0,0,30.8,49,9.3,485.0,35.8,815.0,401.4,93.6
dav_shreshtha_vihar,2026-10-01T15:00,15,3,0,0,29.8,52,8.5,330.0,41.9,900.0,416.3,100.1
dav_shreshtha_vihar,2026-10-01T16:00,16,3,0,0,29.0,55,9.0,260.0,42.0,839.0,407.9,102.2
dav_shreshtha_vihar,2026-10-01T17:00,17,3,0,0,28.3,57,7.4,175.0,39.0,699.0,375.3,100.6
dav_shreshtha_vihar,2026-10-01T18:00,18,3,0,0,28.2,62,6.6,175.0,35.6,583.0,327.8,95.2
dav_shreshtha_vihar,2026-10-01T19:00,19,3,0,0,26.9,71,3.9,110.0,32.3,532.0,278.5,88.5
dav_shreshtha_vihar,2026-10-01T20:00,20,3,0,0,26.2,74,3.4,75.0,28.7,506.0,234.2,82.2
dav_shreshtha_vihar,2026-10-01T21:00,21,3,0,0,25.7,76,5.4,85.0,26.4,486.0,199.3,77.1
dav_shreshtha_vihar,2026-10-01T22:00,22,3,0,0,25.4,77,5.6,95.0,25.9,451.0,170.9,72.6
dav_shreshtha_vihar,2026-10-01T23:00,23,3,0,0,24.9,78,5.9,100.0,26.7,423.0,148.1,68.2
dav_shreshtha_vihar,2026-10-02T00:00,0,4,0,0,25.4,77,5.5,95.0,23.6,444.0,183.5,75.9
dav_shreshtha_vihar,2026-10-02T01:00,1,4,0,0,24.7,80,5.6,95.0,27.3,579.0,161.1,75.2
dav_shreshtha_vihar,2026-10-02T02:00,2,4,0,0,25.7,77,7.0,135.0,31.9,763.0,150.4,76.6
dav_shreshtha_vihar,2026-10-02T03:00,3,4,0,0,27.7,69,5.1,255.0,32.8,846.0,147.6,74.7
dav_shreshtha_vihar,2026-10-02T04:00,4,4,0,0,29.9,59,6.5,590.0,26.1,728.0,143.4,67.5
dav_shreshtha_vihar,2026-10-02T05:00,5,4,0,0,31.8,50,7.2,1095.0,15.5,509.0,140.2,61.2
dav_shreshtha_vihar,2026-10-02T06:00,6,4,0,0,34.4,36,11.5,2065.0,7.5,335.0,143.4,57.9
dav_shreshtha_vihar,2026-10-02T07:00,7,4,1,1,35.3,31,12.8,2260.0,4.3,264.0,151.3,53.8
dav_shreshtha_vihar,2026-10-02T08:00,8,4,1,1,35.6,28,13.1,2525.0,3.7,238.0,162.5,50.2
dav_shreshtha_vihar,2026-10-02T09:00,9,4,1,1,35.6,28,13.2,2540.0,5.1,237.0,179.3,49.8
dav_shreshtha_vihar,2026-10-02T10:00,10,4,1,0,35.3,28,13.1,2345.0,8.6,251.0,199.8,51.5
dav_shreshtha_vihar,2026-10-02T11:00,11,4,1,0,34.7,30,13.0,2025.0,14.1,289.0,212.8,53.8
dav_shreshtha_vihar,2026-10-02T12:00,12,4,1,0,33.9,34,12.1,1570.0,20.2,360.0,297.1,62.4
dav_shreshtha_vihar,2026-10-02T13:00,13,4,1,0,32.7,39,8.1,815.0,27.1,493.0,329.7,73.3
dav_shreshtha_vihar,2026-10-02T14:00,14,4,0,0,31.7,43,6.9,425.0,36.8,659.0,366.9,84.1
dav_shreshtha_vihar,2026-10-02T15:00,15,4,0,0,30.7,46,6.0,185.0,45.0,776.0,396.7,93.1
dav_shreshtha_vihar,2026-10-02T16:00,16,4,0,0,29.7,49,4.6,105.0,50.3,802.0,421.9,100.8
dav_shreshtha_vihar,2026-10-02T17:00,17,4,0,0,28.9,53,4.1,90.0,54.0,779.0,437.7,107.1
dav_shreshtha_vihar,2026-10-02T18:00,18,4,0,0,29.1,57,5.6,100.0,55.9,748.0,431.2,109.4
dav_shreshtha_vihar,2026-10-02T19:00,19,4,0,0,27.6,66,4.4,80.0,55.4,722.0,401.4,107.3
dav_shreshtha_vihar,2026-10-02T20:00,20,4,0,0,27.0,70,3.0,60.0,53.1,687.0,365.1,104.3
dav_shreshtha_vihar,2026-10-02T21:00,21,4,0,0,26.4,71,7.3,120.0,50.6,647.0,320.4,99.7
dav_shreshtha_vihar,2026-10-02T22:00,22,4,0,0,26.2,70,5.8,110.0,48.0,580.0,280.3,94.1
dav_shreshtha_vihar,2026-10-02T23:00,23,4,0,0,25.8,69,6.2,115.0,45.2,509.0,243.1,88.2
dav_shreshtha_vihar,2026-10-03T00:00,0,5,0,0,26.3,67,6.5,95.0,43.1,498.0,217.0,83.1
dav_shreshtha_vihar,2026-10-03T01:00,1,5,0,0,25.6,70,5.2,90.0,43.7,622.0,200.2,80.3
dav_shreshtha_vihar,2026-10-03T02:00,2,5,0,0,26.4,68,5.4,105.0,45.1,807.0,184.4,80.3
dav_shreshtha_vihar,2026-10-03T03:00,3,5,0,0,28.1,62,3.1,160.0,42.6,900.0,190.5,78.9
dav_shreshtha_vihar,2026-10-03T04:00,4,5,0,0,30.3,53,3.9,345.0,32.3,813.0,210.9,72.6
dav_shreshtha_vihar,2026-10-03T05:00,5,5,0,0,32.2,44,4.9,815.0,18.1,635.0,197.0,62.2
dav_shreshtha_vihar,2026-10-03T06:00,6,5,0,0,33.7,39,6.0,1295.0,7.5,479.0,178.8,55.5
dav_shreshtha_vihar,2026-10-03T07:00,7,5,1,1,34.7,35,7.0,1645.0,3.7,378.0,171.8,53.0
dav_shreshtha_vihar,2026-10-03T08:00,8,5,1,1,35.6,31,8.0,1775.0,3.5,300.0,174.6,52.9
dav_shreshtha_vihar,2026-10-03T09:00,9,5,1,1,36.0,29,9.4,1820.0,5.1,261.0,186.3,54.2
dav_shreshtha_vihar,2026-10-03T10:00,10,5,1,0,35.8,29,10.5,1740.0,8.0,264.0,202.1,56.7
dav_shreshtha_vihar,2026-10-03T11:00,11,5,1,0,35.1,30,11.4,1605.0,12.8,305.0,215.1,59.8
dav_shreshtha_vihar,2026-10-03T12:00,12,5,1,0,34.0,33,9.3,1150.0,19.1,391.0,227.7,65.0
dav_shreshtha_vihar,2026-10-03T13:00,13,5,1,0,32.6,39,5.7,410.0,28.3,545.0,241.2,73.3
dav_shreshtha_vihar,2026-10-03T14:00,14,5,0,0,31.5,46,4.9,240.0,39.1,744.0,253.3,80.3
dav_shreshtha_vihar,2026-10-03T15:00,15,5,0,0,30.4,53,3.5,105.0,47.0,923.0,270.1,85.9
dav_shreshtha_vihar,2026-10-03T16:00,16,5,0,0,29.6,57,4.0,85.0,49.6,1077.0,296.2,91.3
dav_shreshtha_vihar,2026-10-03T17:00,17,5,0,0,29.1,59,4.4,80.0,49.3,1212.0,323.2,96.4
dav_shreshtha_vihar,2026-10-03T18:00,18,5,0,0,28.8,61,1.7,30.0,49.5,1276.0,344.6,100.4
dav_shreshtha_vihar,2026-10-03T19:00,19,5,0,0,27.8,64,4.4,60.0,51.4,1233.0,358.6,103.4
dav_shreshtha_vihar,2026-10-03T20:00,20,5,0,0,27.5,65,3.5,70.0,53.8,1119.0,361.4,105.2
dav_shreshtha_vihar,2026-10-03T21:00,21,5,0,0,26.9,67,3.4,65.0,55.6,994.0,352.0,106.4
dav_shreshtha_vihar,2026-10-03T22:00,22,5,0,0,26.5,67,4.5,75.0,57.1,867.0,340.9,106.4
dav_shreshtha_vihar,2026-10-03T23:00,23,5,0,0,26.1,65,6.8,125.0,58.1,728.0,329.7,105.0
dav_shreshtha_vihar,2026-10-04T00:00,0,6,0,0,25.6,62,7.5,155.0,56.8,612.0,314.8,103.1
dav_shreshtha_vihar,2026-10-04T01:00,1,6,0,0,25.4,56,8.2,195.0,52.1,536.0,299.9,101.7
dav_shreshtha_vihar,2026-10-04T02:00,2,6,0,0,26.2,50,9.0,260.0,45.0,481.0,255.2,97.8
dav_shreshtha_vihar,2026-10-04T03:00,3,6,0,0,27.8,44,7.8,365.0,37.0,428.0,241.2,88.9
dav_shreshtha_vihar,2026-10-04T04:00,4,6,0,0,29.8,37,8.0,465.0,27.4,363.0,233.3,80.8
dav_shreshtha_vihar,2026-10-04T05:00,5,6,0,0,31.8,33,8.6,615.0,16.9,298.0,219.3,72.9
dav_shreshtha_vihar,2026-10-04T06:00,6,6,0,0,33.4,30,8.3,810.0,9.0,252.0,210.5,66.6
dav_shreshtha_vihar,2026-10-04T07:00,7,6,0,0,34.6,28,7.7,1010.0,5.3,231.0,204.4,60.1
dav_shreshtha_vihar,2026-10-04T08:00,8,6,0,0,35.3,28,7.7,1410.0,4.2,228.0,209.1,56.8
dav_shreshtha_vihar,2026-10-04T09:00,9,6,0,0,35.6,29,8.5,1630.0,4.9,240.0,221.2,55.9
dav_shreshtha_vihar,2026-10-04T10:00,10,6,0,0,35.5,31,9.4,1605.0,6.5,262.0,245.9,57.9
dav_shreshtha_vihar,2026-10-04T11:00,11,6,0,0,34.9,32,9.4,1345.0,9.8,299.0,258.0,61.2
dav_shreshtha_vihar,2026-10-04T12:00,12,6,0,0,33.9,35,7.8,915.0,16.2,358.0,267.3,67.5
dav_shreshtha_vihar,2026-10-04T13:00,13,6,0,0,32.5,42,4.1,320.0,27.6,450.0,289.6,79.2
dav_shreshtha_vihar,2026-10-04T14:00,14,6,0,0,31.6,49,2.7,150.0,42.0,566.0,316.6,92.2
dav_shreshtha_vihar,2026-10-04T15:00,15,6,0,0,31.0,54,0.9,70.0,55.7,682.0,360.4,105.9
dav_shreshtha_vihar,2026-10-04T16:00,16,6,0,0,30.3,57,0.4,20.0,68.1,795.0,389.3,119.2
dav_shreshtha_vihar,2026-10-04T17:00,17,6,0,0,29.4,60,2.2,40.0,79.7,910.0,402.3,132.2
dav_shreshtha_vihar,2026-10-04T18:00,18,6,0,0,28.6,64,2.4,45.0,87.8,1015.0,406.1,139.7
dav_shreshtha_vihar,2026-10-04T19:00,19,6,0,0,27.8,69,2.3,45.0,90.7,1130.0,401.4,142.5
dav_shreshtha_vihar,2026-10-04T20:00,20,6,0,0,27.4,70,2.9,65.0,90.2,1237.0,391.2,144.4
dav_shreshtha_vihar,2026-10-04T21:00,21,6,0,0,27.0,70,3.7,75.0,89.0,1269.0,378.1,143.4
dav_shreshtha_vihar,2026-10-04T22:00,22,6,0,0,26.5,68,4.9,100.0,88.9,1173.0,362.3,141.6
dav_shreshtha_vihar,2026-10-04T23:00,23,6,0,0,26.3,58,6.7,145.0,88.3,1002.0,346.5,138.3
dav_shreshtha_vihar,2026-10-05T00:00,0,0,0,0,25.9,50,8.3,170.0,84.6,851.0,326.0,133.2
dav_shreshtha_vihar,2026-10-05T01:00,1,0,0,0,25.7,48,9.4,195.0,76.5,761.0,301.7,127.1
dav_shreshtha_vihar,2026-10-05T02:00,2,0,0,0,26.6,46,10.2,265.0,65.5,691.0,240.3,118.0
dav_shreshtha_vihar,2026-10-05T03:00,3,0,0,0,28.3,43,8.3,390.0,53.2,607.0,210.0,96.9
dav_shreshtha_vihar,2026-10-05T04:00,4,0,0,0,30.2,39,9.2,565.0,38.4,483.0,196.5,76.4
dav_shreshtha_vihar,2026-10-05T05:00,5,0,0,0,31.9,37,9.6,805.0,22.4,345.0,201.2,66.6
dav_shreshtha_vihar,2026-10-05T06:00,6,0,0,0,33.4,36,9.7,1055.0,10.7,245.0,217.5,63.6
dav_shreshtha_vihar,2026-10-05T07:00,7,0,1,1,34.4,36,9.5,1280.0,5.7,205.0,232.8,63.8
dav_shreshtha_vihar,2026-10-05T08:00,8,0,1,1,35.0,36,9.0,1455.0,5.1,203.0,243.1,65.2
dav_shreshtha_vihar,2026-10-05T09:00,9,0,1,1,35.3,36,8.4,1580.0,6.9,219.0,248.7,66.1
dav_shreshtha_vihar,2026-10-05T10:00,10,0,1,0,35.3,37,8.2,1660.0,10.8,248.0,253.3,66.4
dav_shreshtha_vihar,2026-10-05T11:00,11,0,1,0,34.8,38,7.3,1635.0,17.2,295.0,255.2,67.3
dav_shreshtha_vihar,2026-10-05T12:00,12,0,1,0,33.9,42,6.5,915.0,25.2,360.0,230.0,71.2
dav_shreshtha_vihar,2026-10-05T13:00,13,0,1,0,32.5,49,6.1,305.0,37.3,466.0,221.2,83.4
dav_shreshtha_vihar,2026-10-05T14:00,14,0,0,0,31.4,54,5.2,190.0,51.0,590.0,201.2,92.9
dav_shreshtha_vihar,2026-10-05T15:00,15,0,0,0,30.5,58,3.5,135.0,58.7,666.0,179.7,93.1
dav_shreshtha_vihar,2026-10-05T16:00,16,0,0,0,29.7,63,4.2,135.0,55.4,655.0,163.4,90.8
dav_shreshtha_vihar,2026-10-05T17:00,17,0,0,0,29.0,66,4.1,115.0,46.1,595.0,163.9,93.1
dav_shreshtha_vihar,2026-10-05T18:00,18,0,0,0,28.3,69,3.2,95.0,37.2,539.0,168.1,94.1
dav_shreshtha_vihar,2026-10-05T19:00,19,0,0,0,27.4,73,6.0,120.0,30.7,500.0,172.8,92.4
dav_shreshtha_vihar,2026-10-05T20:00,20,0,0,0,26.4,77,6.2,140.0,24.7,465.0,178.8,89.2
dav_shreshtha_vihar,2026-10-05T21:00,21,0,0,0,25.6,80,5.5,140.0,20.4,442.0,181.6,83.8
dav_shreshtha_vihar,2026-10-05T22:00,22,0,0,0,25.2,81,4.9,150.0,18.6,432.0,176.5,78.5
dav_shreshtha_vihar,2026-10-05T23:00,23,0,0,0,24.8,83,4.7,145.0,18.5,435.0,167.2,74.0
iit_delhi,2026-09-19T00:00,0,5,0,0,25.2,89,2.8,25.0,79.9,1191.0,102.9,73.3
iit_delhi,2026-09-19T01:00,1,5,0,0,25.0,88,3.6,35.0,71.2,1215.0,114.1,83.6
iit_delhi,2026-09-19T02:00,2,5,0,0,26.2,83,4.0,65.0,58.9,1247.0,115.9,86.8
iit_delhi,2026-09-19T03:00,3,5,0,0,28.0,76,3.1,175.0,46.4,1206.0,110.4,66.8
iit_delhi,2026-09-19T04:00,4,5,0,0,29.5,66,3.6,830.0,33.9,1017.0,100.4,48.8
iit_delhi,2026-09-19T05:00,5,5,0,0,30.6,58,4.0,1060.0,21.3,753.0,90.8,45.5
iit_delhi,2026-09-19T06:00,6,5,0,0,32.0,53,4.9,1460.0,12.0,554.0,100.1,48.7
iit_delhi,2026-09-19T07:00,7,5,1,1,32.4,51,5.3,1540.0,7.3,465.0,104.3,51.8
iit_delhi,2026-09-19T08:00,8,5,1,1,32.6,49,5.8,1570.0,6.0,440.0,108.0,54.7
iit_delhi,2026-09-19T09:00,9,5,1,1,32.7,47,5.7,1555.0,7.8,479.0,105.9,55.4
iit_delhi,2026-09-19T10:00,10,5,1,0,32.8,45,4.9,1585.0,11.6,585.0,103.4,55.9
iit_delhi,2026-09-19T11:00,11,5,1,0,32.3,47,4.9,1510.0,18.5,754.0,99.0,56.6
iit_delhi,2026-09-19T12:00,12,5,1,0,31.7,54,5.7,210.0,29.8,980.0,125.7,70.5
iit_delhi,2026-09-19T13:00,13,5,1,0,30.2,61,3.5,45.0,53.8,1347.0,129.0,81.5
iit_delhi,2026-09-19T14:00,14,5,0,0,29.8,63,2.5,30.0,86.4,1769.0,138.3,94.5
iit_delhi,2026-09-19T15:00,15,5,0,0,29.1,66,3.2,55.0,107.8,1986.0,144.8,104.5
iit_delhi,2026-09-19T16:00,16,5,0,0,28.3,70,4.3,80.0,107.4,1803.0,150.4,112.2
iit_delhi,2026-09-19T17:00,17,5,0,0,27.7,74,2.8,70.0,95.8,1415.0,148.1,113.4
iit_delhi,2026-09-19T18:00,18,5,0,0,27.7,78,2.9,80.0,84.3,1139.0,136.0,106.6
iit_delhi,2026-09-19T19:00,19,5,0,0,27.1,80,1.4,30.0,75.8,1118.0,124.8,99.2
iit_delhi,2026-09-19T20:00,20,5,0,0,26.7,82,1.5,25.0,67.5,1210.0,117.6,94.8
iit_delhi,2026-09-19T21:00,21,5,0,0,26.2,84,1.6,35.0,62.4,1304.0,113.2,92.2
iit_delhi,2026-09-19T22:00,22,5,0,0,25.8,86,1.5,30.0,63.6,1385.0,113.4,92.7
iit_delhi,2026-09-19T23:00,23,5,0,0,25.4,88,0.6,15.0,68.0,1468.0,116.4,95.9
iit_delhi,2026-09-20T00:00,0,6,0,0,26.3,87,0.4,15.0,69.6,1486.0,107.1,92.0
iit_delhi,2026-09-20T01:00,1,6,0,0,25.8,90,1.5,35.0,60.3,1399.0,108.5,94.1
iit_delhi,2026-09-20T02:00,2,6,0,0,26.9,86,1.5,65.0,47.1,1247.0,104.5,92.7
iit_delhi,2026-09-20T03:00,3,6,0,0,28.6,79,1.5,150.0,34.8,1078.0,92.2,72.6
iit_delhi,2026-09-20T04:00,4,6,0,0,30.5,66,3.1,950.0,24.3,884.0,99.2,62.4
iit_delhi,2026-09-20T05:00,5,6,0,0,31.8,55,3.9,1260.0,14.7,673.0,97.1,56.2
iit_delhi,2026-09-20T06:00,6,6,0,0,32.9,47,3.7,1790.0,7.8,516.0,104.5,55.1
iit_delhi,2026-09-20T07:00,7,6,0,0,33.3,48,3.2,1825.0,4.6,450.0,99.0,55.5
iit_delhi,2026-09-20T08:00,8,6,0,0,33.6,47,2.7,1865.0,4.2,439.0,99.0,56.5
iit_delhi,2026-09-20T09:00,9,6,0,0,33.7,46,1.7,1895.0,5.6,447.0,103.8,56.9
iit_delhi,2026-09-20T10:00,10,6,0,0,33.6,45,2.6,1925.0,8.2,452.0,98.3,57.2
iit_delhi,2026-09-20T11:00,11,6,0,0,33.2,46,3.6,1865.0,12.7,477.0,93.6,57.4
iit_delhi,2026-09-20T12:00,12,6,0,0,32.8,48,6.1,1810.0,19.3,552.0,99.4,64.5
iit_delhi,2026-09-20T13:00,13,6,0,0,31.4,51,6.9,360.0,26.9,694.0,103.8,71.5
iit_delhi,2026-09-20T14:00,14,6,0,0,30.4,53,4.9,185.0,37.7,887.0,106.4,76.6
iit_delhi,2026-09-20T15:00,15,6,0,0,29.9,59,2.8,55.0,47.5,1112.0,104.8,78.9
iit_delhi,2026-09-20T16:00,16,6,0,0,29.5,61,2.6,50.0,54.9,1405.0,106.2,81.7
iit_delhi,2026-09-20T17:00,17,6,0,0,29.1,64,1.4,30.0,61.4,1729.0,113.9,89.2
iit_delhi,2026-09-20T18:00,18,6,0,0,29.0,70,2.5,60.0,67.0,1956.0,122.9,97.6
iit_delhi,2026-09-20T19:00,19,6,0,0,28.1,71,3.5,60.0,72.0,2032.0,130.4,103.6
iit_delhi,2026-09-20T20:00,20,6,0,0,27.3,74,3.7,80.0,76.1,2010.0,136.4,109.0
iit_delhi,2026-09-20T21:00,21,6,0,0,26.8,75,2.5,75.0,79.2,1925.0,140.6,112.7
iit_delhi,2026-09-20T22:00,22,6,0,0,26.5,74,2.2,55.0,82.2,1748.0,143.0,115.0
iit_delhi,2026-09-20T23:00,23,6,0,0,26.2,75,2.6,55.0,84.0,1507.0,144.8,117.3
iit_delhi,2026-09-21T00:00,0,0,0,0,27.0,77,0.6,35.0,30.8,1324.0,72.4,57.3
iit_delhi,2026-09-21T01:00,1,0,0,0,26.5,79,1.1,35.0,35.1,1280.0,75.2,60.5
iit_delhi,2026-09-21T02:00,2,0,0,0,27.6,73,2.2,85.0,40.7,1294.0,77.3,65.7
iit_delhi,2026-09-21T03:00,3,0,0,0,28.9,69,1.5,160.0,41.8,1237.0,75.9,63.1
iit_delhi,2026-09-21T04:00,4,0,0,0,30.7,59,2.4,915.0,34.3,1018.0,79.2,58.1
iit_delhi,2026-09-21T05:00,5,0,0,0,32.0,51,3.5,1395.0,22.3,728.0,92.7,58.8
iit_delhi,2026-09-21T06:00,6,0,0,0,33.0,46,4.5,1575.0,12.9,515.0,108.5,64.3
iit_delhi,2026-09-21T07:00,7,0,1,1,33.3,44,4.1,1695.0,8.2,446.0,116.9,66.4
iit_delhi,2026-09-21T08:00,8,0,1,1,33.6,43,4.2,1780.0,6.1,455.0,119.7,67.1
iit_delhi,2026-09-21T09:00,9,0,1,1,33.7,44,5.0,1865.0,7.2,489.0,114.6,66.8
iit_delhi,2026-09-21T10:00,10,0,1,0,33.2,45,6.3,1725.0,12.8,528.0,113.9,67.1
iit_delhi,2026-09-21T11:00,11,0,1,0,32.6,48,5.6,1550.0,21.6,592.0,109.4,69.2
iit_delhi,2026-09-21T12:00,12,0,1,0,32.6,48,7.1,1435.0,27.4,691.0,110.1,76.1
iit_delhi,2026-09-21T13:00,13,0,1,0,31.5,52,5.8,390.0,41.7,849.0,119.2,89.2
iit_delhi,2026-09-21T14:00,14,0,0,0,30.7,56,4.7,320.0,61.7,1041.0,128.1,99.0
iit_delhi,2026-09-21T15:00,15,0,0,0,29.8,63,3.6,150.0,79.0,1206.0,130.4,102.9
iit_delhi,2026-09-21T16:00,16,0,0,0,29.4,65,2.3,90.0,91.0,1338.0,134.6,108.5
iit_delhi,2026-09-21T17:00,17,0,0,0,29.0,67,2.2,75.0,100.3,1443.0,148.5,121.5
iit_delhi,2026-09-21T18:00,18,0,0,0,29.1,69,2.1,65.0,106.8,1474.0,160.7,131.8
iit_delhi,2026-09-21T19:00,19,0,0,0,28.4,71,1.2,25.0,109.7,1385.0,167.2,136.4
iit_delhi,2026-09-21T20:00,20,0,0,0,27.9,72,1.9,55.0,109.7,1223.0,170.0,137.8
iit_delhi,2026-09-21T21:00,21,0,0,0,27.3,74,2.6,65.0,108.6,1081.0,170.0,137.8
iit_delhi,2026-09-21T22:00,22,0,0,0,27.0,75,2.4,75.0,108.0,980.0,169.0,136.9
iit_delhi,2026-09-21T23:00,23,0,0,0,26.7,77,1.8,70.0,106.3,898.0,168.1,136.0
iit_delhi,2026-09-22T00:00,0,1,0,0,26.5,81,0.6,20.0,95.8,870.0,157.4,126.7
iit_delhi,2026-09-22T01:00,1,1,0,0,26.3,81,0.5,15.0,86.9,954.0,144.4,114.8
iit_delhi,2026-09-22T02:00,2,1,0,0,27.8,72,0.4,75.0,74.0,1091.0,139.2,108.0
iit_delhi,2026-09-22T03:00,3,1,0,0,29.9,62,1.3,230.0,59.7,1136.0,148.1,89.6
iit_delhi,2026-09-22T04:00,4,1,0,0,31.9,51,0.5,1060.0,42.6,992.0,148.5,70.8
iit_delhi,2026-09-22T05:00,5,1,0,0,33.2,45,2.8,1260.0,24.1,755.0,136.0,67.1
iit_delhi,2026-09-22T06:00,6,1,0,0,34.7,41,4.6,1890.0,10.7,572.0,120.6,64.3
iit_delhi,2026-09-22T07:00,7,1,1,1,34.9,41,5.0,1770.0,5.3,503.0,116.4,62.9
iit_delhi,2026-09-22T08:00,8,1,1,1,35.5,38,6.1,1855.0,5.0,488.0,110.4,61.0
iit_delhi,2026-09-22T09:00,9,1,1,1,35.8,36,7.7,1920.0,7.5,485.0,105.2,58.4
iit_delhi,2026-09-22T10:00,10,1,1,0,35.6,36,8.9,1860.0,12.8,471.0,121.1,57.3
iit_delhi,2026-09-22T11:00,11,1,1,0,34.9,39,10.1,1630.0,20.8,470.0,119.0,55.6
iit_delhi,2026-09-22T12:00,12,1,1,0,34.2,46,9.0,1300.0,25.5,512.0,101.7,55.4
iit_delhi,2026-09-22T13:00,13,1,1,0,33.0,51,7.2,1080.0,36.8,624.0,108.7,60.3
iit_delhi,2026-09-22T14:00,14,1,0,0,32.4,54,5.2,925.0,52.7,779.0,114.8,65.4
iit_delhi,2026-09-22T15:00,15,1,0,0,31.8,58,3.1,795.0,66.4,921.0,118.3,68.7
iit_delhi,2026-09-22T16:00,16,1,0,0,31.3,61,2.2,630.0,75.4,1042.0,120.1,72.6
iit_delhi,2026-09-22T17:00,17,1,0,0,30.9,64,0.7,180.0,82.3,1150.0,124.3,77.1
iit_delhi,2026-09-22T18:00,18,1,0,0,31.1,68,2.4,875.0,88.1,1213.0,132.2,83.6
iit_delhi,2026-09-22T19:00,19,1,0,0,29.9,70,2.9,135.0,93.7,1207.0,141.1,89.6
iit_delhi,2026-09-22T20:00,20,1,0,0,29.0,75,3.5,180.0,98.2,1156.0,150.4,96.9
iit_delhi,2026-09-22T21:00,21,1,0,0,28.3,78,3.5,195.0,100.0,1105.0,155.5,102.2
iit_delhi,2026-09-22T22:00,22,1,0,0,27.7,80,3.3,165.0,99.0,1068.0,156.9,105.2
iit_delhi,2026-09-22T23:00,23,1,0,0,27.0,83,2.7,125.0,95.4,1030.0,158.3,107.3
iit_delhi,2026-09-23T00:00,0,2,0,0,27.5,78,2.0,110.0,51.5,996.0,122.9,72.9
iit_delhi,2026-09-23T01:00,1,2,0,0,27.0,81,2.3,95.0,48.6,978.0,131.8,80.3
iit_delhi,2026-09-23T02:00,2,2,0,0,28.2,74,1.6,145.0,44.2,964.0,127.6,82.9
iit_delhi,2026-09-23T03:00,3,2,0,0,30.0,63,2.3,575.0,38.3,920.0,117.3,65.2
iit_delhi,2026-09-23T04:00,4,2,0,0,31.7,54,1.2,1035.0,29.5,815.0,119.7,58.0
iit_delhi,2026-09-23T05:00,5,2,0,0,33.1,48,1.7,1155.0,19.1,680.0,114.1,55.5
iit_delhi,2026-09-23T06:00,6,2,0,0,35.0,45,3.9,1530.0,11.3,575.0,105.7,53.6
iit_delhi,2026-09-23T07:00,7,2,1,1,36.0,38,4.7,1885.0,7.4,522.0,99.2,52.5
iit_delhi,2026-09-23T08:00,8,2,1,1,36.6,34,5.6,2160.0,6.1,498.0,90.3,50.8
iit_delhi,2026-09-23T09:00,9,2,1,1,36.9,33,5.9,2235.0,7.8,498.0,84.3,50.1
iit_delhi,2026-09-23T10:00,10,2,1,0,36.7,33,6.9,2180.0,11.5,515.0,82.7,51.2
iit_delhi,2026-09-23T11:00,11,2,1,0,35.9,35,9.1,2020.0,18.2,555.0,82.2,52.9
iit_delhi,2026-09-23T12:00,12,2,1,0,34.7,39,8.4,1635.0,30.3,636.0,79.6,56.7
iit_delhi,2026-09-23T13:00,13,2,1,0,32.8,45,7.6,795.0,50.6,795.0,94.1,71.9
iit_delhi,2026-09-23T14:00,14,2,0,0,31.7,52,3.6,525.0,78.0,994.0,111.5,88.2
iit_delhi,2026-09-23T15:00,15,2,0,0,31.1,54,3.9,315.0,94.2,1134.0,122.5,98.5
iit_delhi,2026-09-23T16:00,16,2,0,0,30.5,57,4.2,210.0,89.3,1178.0,129.0,101.0
iit_delhi,2026-09-23T17:00,17,2,0,0,29.9,61,3.9,170.0,73.3,1163.0,131.3,97.3
iit_delhi,2026-09-23T18:00,18,2,0,0,30.3,62,5.2,255.0,57.8,1105.0,130.9,90.3
iit_delhi,2026-09-23T19:00,19,2,0,0,28.6,71,4.5,135.0,46.0,985.0,132.2,83.1
iit_delhi,2026-09-23T20:00,20,2,0,0,28.1,74,3.6,105.0,34.8,822.0,170.9,79.6
iit_delhi,2026-09-23T21:00,21,2,0,0,27.6,75,4.8,170.0,26.6,693.0,202.1,77.5
iit_delhi,2026-09-23T22:00,22,2,0,0,27.0,77,6.8,240.0,23.3,630.0,171.8,68.2
iit_delhi,2026-09-23T23:00,23,2,0,0,26.2,81,5.6,215.0,23.0,600.0,136.0,59.4
iit_delhi,2026-09-24T00:00,0,3,0,0,26.5,84,2.9,115.0,37.3,582.0,106.6,68.5
iit_delhi,2026-09-24T01:00,1,3,0,0,26.2,86,2.6,95.0,34.7,580.0,106.9,72.6
iit_delhi,2026-09-24T02:00,2,3,0,0,26.9,84,9.6,355.0,30.9,591.0,119.0,71.0
iit_delhi,2026-09-24T03:00,3,3,0,0,28.1,80,9.1,495.0,26.2,577.0,164.4,60.1
iit_delhi,2026-09-24T04:00,4,3,0,0,29.4,74,10.6,685.0,19.8,511.0,59.6,36.0
iit_delhi,2026-09-24T05:00,5,3,0,0,30.6,67,8.4,815.0,12.4,422.0,41.0,29.8
iit_delhi,2026-09-24T06:00,6,3,0,0,32.4,52,7.5,1355.0,7.1,357.0,36.4,27.8
iit_delhi,2026-09-24T07:00,7,3,1,1,33.4,45,5.9,1575.0,4.7,337.0,36.6,28.3
iit_delhi,2026-09-24T08:00,8,3,1,1,33.9,43,3.3,1630.0,4.2,343.0,60.5,31.4
iit_delhi,2026-09-24T09:00,9,3,1,1,34.4,41,2.7,1750.0,6.1,363.0,70.3,33.1
iit_delhi,2026-09-24T10:00,10,3,1,0,34.6,38,2.7,1940.0,11.3,399.0,55.5,31.5
iit_delhi,2026-09-24T11:00,11,3,1,0,34.2,38,4.0,2030.0,18.7,450.0,50.5,32.0
iit_delhi,2026-09-24T12:00,12,3,1,0,33.5,42,7.1,1855.0,24.3,501.0,158.8,53.4
iit_delhi,2026-09-24T13:00,13,3,1,0,31.9,49,7.0,490.0,27.9,553.0,187.2,60.3
iit_delhi,2026-09-24T14:00,14,3,0,0,31.0,54,9.0,510.0,32.8,605.0,248.7,66.6
iit_delhi,2026-09-24T15:00,15,3,0,0,29.8,62,10.8,445.0,35.5,636.0,269.2,67.3
iit_delhi,2026-09-24T16:00,16,3,0,0,28.9,66,9.6,420.0,34.3,637.0,271.0,65.9
iit_delhi,2026-09-24T17:00,17,3,0,0,28.5,66,10.7,510.0,31.0,617.0,276.6,64.5
iit_delhi,2026-09-24T18:00,18,3,0,0,28.6,71,12.1,660.0,27.5,583.0,290.6,62.9
iit_delhi,2026-09-24T19:00,19,3,0,0,27.6,76,10.7,600.0,23.9,524.0,321.3,61.7
iit_delhi,2026-09-24T20:00,20,3,0,0,26.8,80,11.1,560.0,20.0,452.0,335.3,59.8
iit_delhi,2026-09-24T21:00,21,3,0,0,26.1,84,10.8,510.0,17.8,403.0,316.6,55.8
iit_delhi,2026-09-24T22:00,22,3,0,0,25.5,85,9.8,465.0,18.5,404.0,253.3,47.7
iit_delhi,2026-09-24T23:00,23,3,0,0,25.1,85,8.3,460.0,20.9,429.0,162.5,37.4
iit_delhi,2026-09-25T00:00,0,4,0,0,25.6,82,10.9,540.0,14.9,437.0,298.0,46.9
iit_delhi,2026-09-25T01:00,1,4,0,0,25.0,84,10.2,540.0,15.3,410.0,262.6,44.7
iit_delhi,2026-09-25T02:00,2,4,0,0,25.5,81,10.3,605.0,15.6,366.0,199.3,37.6
iit_delhi,2026-09-25T03:00,3,4,0,0,26.5,75,10.8,635.0,15.1,325.0,175.6,32.5
iit_delhi,2026-09-25T04:00,4,4,0,0,27.8,68,11.2,765.0,12.8,290.0,201.2,34.7
iit_delhi,2026-09-25T05:00,5,4,0,0,29.3,61,11.6,930.0,9.6,258.0,235.6,39.3
iit_delhi,2026-09-25T06:00,6,4,0,0,30.5,55,12.7,1360.0,7.1,238.0,244.0,41.2
iit_delhi,2026-09-25T07:00,7,4,1,1,30.5,55,10.4,1445.0,5.7,233.0,253.3,41.7
iit_delhi,2026-09-25T08:00,8,4,1,1,31.0,52,7.7,1615.0,5.0,240.0,113.6,27.1
iit_delhi,2026-09-25T09:00,9,4,1,1,31.2,51,4.2,1595.0,5.5,256.0,83.6,23.0
iit_delhi,2026-09-25T10:00,10,4,1,0,31.1,51,4.0,1380.0,7.3,282.0,83.8,22.8
iit_delhi,2026-09-25T11:00,11,4,1,0,30.9,52,4.1,1350.0,10.3,317.0,101.0,24.4
iit_delhi,2026-09-25T12:00,12,4,1,0,29.9,59,5.6,1120.0,13.9,358.0,362.3,53.4
iit_delhi,2026-09-25T13:00,13,4,1,0,28.6,68,6.7,365.0,19.8,412.0,279.4,53.1
iit_delhi,2026-09-25T14:00,14,4,0,0,27.9,73,5.8,275.0,28.1,473.0,298.0,59.0
iit_delhi,2026-09-25T15:00,15,4,0,0,27.3,74,5.8,230.0,35.1,514.0,280.3,59.4
iit_delhi,2026-09-25T16:00,16,4,0,0,26.7,76,7.2,345.0,39.8,526.0,210.9,53.9
iit_delhi,2026-09-25T17:00,17,4,0,0,26.0,77,9.4,515.0,43.3,520.0,155.5,50.5
iit_delhi,2026-09-25T18:00,18,4,0,0,25.7,80,10.4,465.0,44.6,499.0,142.0,50.6
iit_delhi,2026-09-25T19:00,19,4,0,0,24.8,82,8.0,370.0,42.7,454.0,117.8,49.2
iit_delhi,2026-09-25T20:00,20,4,0,0,24.4,82,5.1,265.0,38.8,395.0,108.5,44.8
iit_delhi,2026-09-25T21:00,21,4,0,0,24.0,82,5.0,275.0,34.8,356.0,126.2,43.7
iit_delhi,2026-09-25T22:00,22,4,0,0,23.7,84,2.6,220.0,31.1,348.0,153.7,44.4
iit_delhi,2026-09-25T23:00,23,4,0,0,23.3,86,2.4,230.0,27.5,361.0,232.4,50.6
iit_delhi,2026-09-26T00:00,0,5,0,0,23.7,80,5.7,310.0,41.6,393.0,67.5,39.5
iit_delhi,2026-09-26T01:00,1,5,0,0,23.2,82,3.4,230.0,41.7,465.0,70.1,43.4
iit_delhi,2026-09-26T02:00,2,5,0,0,23.8,79,1.2,190.0,41.6,557.0,64.0,41.7
iit_delhi,2026-09-26T03:00,3,5,0,0,24.9,74,2.4,335.0,40.5,611.0,62.6,40.3
iit_delhi,2026-09-26T04:00,4,5,0,0,26.5,70,0.6,385.0,37.5,598.0,89.9,42.0
iit_delhi,2026-09-26T05:00,5,5,0,0,28.3,65,3.6,800.0,33.5,547.0,75.9,39.8
iit_delhi,2026-09-26T06:00,6,5,0,0,27.4,68,7.8,760.0,29.6,492.0,76.8,45.3
iit_delhi,2026-09-26T07:00,7,5,1,1,29.0,59,11.6,1145.0,25.5,433.0,80.8,51.5
iit_delhi,2026-09-26T08:00,8,5,1,1,29.6,57,12.0,1380.0,21.5,370.0,80.6,54.5
iit_delhi,2026-09-26T09:00,9,5,1,1,29.2,55,12.7,1220.0,19.9,332.0,77.5,55.1
iit_delhi,2026-09-26T10:00,10,5,1,0,28.2,55,12.3,1100.0,21.7,333.0,72.4,54.0
iit_delhi,2026-09-26T11:00,11,5,1,0,27.2,59,9.9,945.0,25.7,361.0,66.8,52.0
iit_delhi,2026-09-26T12:00,12,5,1,0,24.5,72,13.6,840.0,31.5,404.0,100.4,67.5
iit_delhi,2026-09-26T13:00,13,5,1,0,23.4,81,10.9,785.0,34.5,467.0,54.7,51.8
iit_delhi,2026-09-26T14:00,14,5,0,0,23.0,85,8.5,430.0,38.8,547.0,51.0,49.6
iit_delhi,2026-09-26T15:00,15,5,0,0,23.2,79,10.0,545.0,42.4,620.0,49.8,48.8
iit_delhi,2026-09-26T16:00,16,5,0,0,23.0,80,8.7,325.0,44.8,691.0,50.4,49.1
iit_delhi,2026-09-26T17:00,17,5,0,0,22.7,81,7.8,360.0,46.5,755.0,52.2,50.1
iit_delhi,2026-09-26T18:00,18,5,0,0,22.1,91,9.7,510.0,47.6,781.0,52.0,49.7
iit_delhi,2026-09-26T19:00,19,5,0,0,22.3,90,7.9,320.0,48.1,737.0,48.9,47.3
iit_delhi,2026-09-26T20:00,20,5,0,0,22.7,86,6.2,270.0,48.0,655.0,48.3,47.1
iit_delhi,2026-09-26T21:00,21,5,0,0,22.9,84,4.0,210.0,47.4,597.0,50.9,49.7
iit_delhi,2026-09-26T22:00,22,5,0,0,23.1,84,0.9,65.0,46.8,600.0,54.2,52.3
iit_delhi,2026-09-26T23:00,23,5,0,0,23.1,84,3.0,110.0,45.8,629.0,58.1,54.5
iit_delhi,2026-09-27T00:00,0,6,0,0,22.4,94,2.6,175.0,24.8,636.0,24.3,23.9
iit_delhi,2026-09-27T01:00,1,6,0,0,22.2,94,9.5,235.0,25.0,597.0,28.9,28.5
iit_delhi,2026-09-27T02:00,2,6,0,0,22.8,89,5.6,255.0,25.2,538.0,27.6,27.4
iit_delhi,2026-09-27T03:00,3,6,0,0,23.9,85,2.0,240.0,24.3,489.0,26.5,26.3
iit_delhi,2026-09-27T04:00,4,6,0,0,25.5,78,3.4,305.0,21.7,469.0,23.3,22.8
iit_delhi,2026-09-27T05:00,5,6,0,0,27.1,68,5.7,650.0,18.0,459.0,25.0,21.0
iit_delhi,2026-09-27T06:00,6,6,0,0,28.4,62,7.5,1095.0,14.6,438.0,45.3,23.2
iit_delhi,2026-09-27T07:00,7,6,0,0,28.2,63,7.6,1015.0,11.4,383.0,97.1,30.2
iit_delhi,2026-09-27T08:00,8,6,0,0,28.5,61,7.9,1100.0,8.4,316.0,160.2,38.3
iit_delhi,2026-09-27T09:00,9,6,0,0,28.6,60,8.5,1065.0,7.3,285.0,245.9,45.6
iit_delhi,2026-09-27T10:00,10,6,0,0,28.3,61,9.4,915.0,8.6,316.0,311.1,50.1
iit_delhi,2026-09-27T11:00,11,6,0,0,27.5,63,8.8,720.0,11.7,383.0,329.7,50.1
iit_delhi,2026-09-27T12:00,12,6,0,0,26.4,71,12.7,755.0,18.8,457.0,207.7,47.7
iit_delhi,2026-09-27T13:00,13,6,0,0,24.7,80,10.8,480.0,25.2,544.0,184.4,48.8
iit_delhi,2026-09-27T14:00,14,6,0,0,24.0,83,7.2,410.0,34.1,638.0,163.9,49.1
iit_delhi,2026-09-27T15:00,15,6,0,0,23.5,86,5.7,365.0,40.6,689.0,149.5,47.5
iit_delhi,2026-09-27T16:00,16,6,0,0,23.1,89,4.0,330.0,42.5,664.0,133.6,45.4
iit_delhi,2026-09-27T17:00,17,6,0,0,22.8,92,4.3,290.0,42.2,598.0,89.9,41.4
iit_delhi,2026-09-27T18:00,18,6,0,0,23.9,92,2.4,435.0,41.8,542.0,59.4,38.1
iit_delhi,2026-09-27T19:00,19,6,0,0,23.2,95,2.3,265.0,41.9,516.0,51.0,37.1
iit_delhi,2026-09-27T20:00,20,6,0,0,23.1,96,4.9,300.0,42.1,502.0,47.3,39.1
iit_delhi,2026-09-27T21:00,21,6,0,0,22.9,96,5.5,285.0,43.1,492.0,46.7,41.3
iit_delhi,2026-09-27T22:00,22,6,0,0,22.6,97,4.2,250.0,46.8,485.0,48.9,44.1
iit_delhi,2026-09-27T23:00,23,6,0,0,22.2,97,2.8,220.0,51.3,484.0,51.5,47.1
iit_delhi,2026-09-28T00:00,0,0,0,0,23.1,95,3.6,215.0,31.2,487.0,57.9,33.4
iit_delhi,2026-09-28T01:00,1,0,0,0,22.9,95,1.9,150.0,30.7,500.0,52.4,37.6
iit_delhi,2026-09-28T02:00,2,0,0,0,23.6,90,1.1,260.0,29.9,518.0,42.6,36.3
iit_delhi,2026-09-28T03:00,3,0,0,0,24.3,86,3.3,325.0,27.8,526.0,32.4,28.1
iit_delhi,2026-09-28T04:00,4,0,0,0,25.1,81,4.3,505.0,23.5,515.0,38.6,30.5
iit_delhi,2026-09-28T05:00,5,0,0,0,25.7,77,5.4,600.0,18.0,494.0,47.1,33.9
iit_delhi,2026-09-28T06:00,6,0,0,0,26.7,68,9.0,885.0,13.5,471.0,53.2,37.3
iit_delhi,2026-09-28T07:00,7,0,1,1,27.4,65,10.7,895.0,10.1,440.0,55.9,39.1
iit_delhi,2026-09-28T08:00,8,0,1,1,27.8,65,11.2,890.0,7.7,409.0,56.9,40.5
iit_delhi,2026-09-28T09:00,9,0,1,1,28.2,63,12.5,950.0,8.6,405.0,56.8,40.6
iit_delhi,2026-09-28T10:00,10,0,1,0,27.6,65,14.3,940.0,13.1,442.0,54.8,39.9
iit_delhi,2026-09-28T11:00,11,0,1,0,25.9,76,14.3,660.0,20.9,507.0,53.3,39.3
iit_delhi,2026-09-28T12:00,12,0,1,0,24.4,82,9.4,640.0,31.1,591.0,35.6,32.7
iit_delhi,2026-09-28T13:00,13,0,1,0,23.7,85,4.9,440.0,43.7,721.0,41.2,38.4
iit_delhi,2026-09-28T14:00,14,0,0,0,23.4,87,3.5,340.0,60.8,869.0,52.0,49.6
iit_delhi,2026-09-28T15:00,15,0,0,0,23.2,89,5.7,275.0,71.7,951.0,58.7,56.6
iit_delhi,2026-09-28T16:00,16,0,0,0,22.9,91,6.8,235.0,70.9,915.0,59.8,57.6
iit_delhi,2026-09-28T17:00,17,0,0,0,22.6,93,7.5,275.0,64.0,811.0,60.5,56.1
iit_delhi,2026-09-28T18:00,18,0,0,0,23.1,91,7.0,350.0,56.4,706.0,61.9,54.0
iit_delhi,2026-09-28T19:00,19,0,0,0,22.5,93,7.1,285.0,49.3,611.0,62.4,52.5
iit_delhi,2026-09-28T20:00,20,0,0,0,22.3,93,6.1,235.0,41.6,514.0,62.4,51.8
iit_delhi,2026-09-28T21:00,21,0,0,0,22.1,94,5.4,195.0,35.6,445.0,61.7,51.3
iit_delhi,2026-09-28T22:00,22,0,0,0,22.0,94,5.9,195.0,32.4,412.0,67.8,51.8
iit_delhi,2026-09-28T23:00,23,0,0,0,22.0,93,5.9,185.0,31.0,406.0,64.7,52.3
iit_delhi,2026-09-29T00:00,0,1,0,0,22.3,94,5.4,170.0,33.2,438.0,70.5,54.4
iit_delhi,2026-09-29T01:00,1,1,0,0,22.0,95,5.4,155.0,32.3,544.0,71.7,57.2
iit_delhi,2026-09-29T02:00,2,1,0,0,22.9,92,5.4,220.0,30.8,686.0,68.7,54.0
iit_delhi,2026-09-29T03:00,3,1,0,0,24.2,86,5.9,350.0,28.0,762.0,60.1,44.1
iit_delhi,2026-09-29T04:00,4,1,0,0,25.7,77,6.7,585.0,22.7,706.0,57.2,34.3
iit_delhi,2026-09-29T05:00,5,1,0,0,27.0,71,8.0,715.0,16.0,584.0,257.0,52.6
iit_delhi,2026-09-29T06:00,6,1,0,0,29.0,62,8.8,1155.0,10.7,484.0,340.9,60.5
iit_delhi,2026-09-29T07:00,7,1,1,1,29.8,58,10.1,1275.0,7.4,431.0,383.7,65.0
iit_delhi,2026-09-29T08:00,8,1,1,1,30.4,55,11.1,1355.0,5.6,401.0,422.8,68.5
iit_delhi,2026-09-29T09:00,9,1,1,1,30.8,53,11.6,1445.0,6.3,409.0,455.4,72.2
iit_delhi,2026-09-29T10:00,10,1,1,0,30.7,54,11.6,1415.0,10.8,478.0,495.5,77.8
iit_delhi,2026-09-29T11:00,11,1,1,0,30.2,57,10.4,1310.0,17.7,585.0,551.3,89.4
iit_delhi,2026-09-29T12:00,12,1,1,0,29.3,61,9.8,1175.0,21.9,674.0,386.5,69.8
iit_delhi,2026-09-29T13:00,13,1,1,0,27.8,67,6.9,315.0,29.5,727.0,372.5,76.4
iit_delhi,2026-09-29T14:00,14,1,0,0,27.2,70,7.1,290.0,39.8,762.0,341.8,79.9
iit_delhi,2026-09-29T15:00,15,1,0,0,26.5,73,6.8,265.0,46.3,773.0,337.1,82.7
iit_delhi,2026-09-29T16:00,16,1,0,0,25.8,76,6.0,195.0,45.6,755.0,339.9,84.3
iit_delhi,2026-09-29T17:00,17,1,0,0,25.2,79,5.7,160.0,41.0,713.0,345.5,85.2
iit_delhi,2026-09-29T18:00,18,1,0,0,25.4,80,6.7,250.0,36.0,664.0,347.4,84.1
iit_delhi,2026-09-29T19:00,19,1,0,0,24.6,82,6.7,185.0,31.1,601.0,343.7,81.5
iit_delhi,2026-09-29T20:00,20,1,0,0,24.2,83,7.0,195.0,25.7,531.0,337.1,78.5
iit_delhi,2026-09-29T21:00,21,1,0,0,23.9,84,6.4,180.0,21.8,484.0,326.9,75.2
iit_delhi,2026-09-29T22:00,22,1,0,0,23.5,85,5.8,160.0,19.9,465.0,305.5,70.8
iit_delhi,2026-09-29T23:00,23,1,0,0,23.2,87,5.8,140.0,19.4,469.0,276.6,66.1
iit_delhi,2026-09-30T00:00,0,2,0,0,23.9,87,5.7,120.0,20.8,514.0,204.4,57.9
iit_delhi,2026-09-30T01:00,1,2,0,0,23.5,89,6.5,120.0,23.8,651.0,197.0,58.7
iit_delhi,2026-09-30T02:00,2,2,0,0,24.4,87,7.0,185.0,27.6,828.0,244.9,68.7
iit_delhi,2026-09-30T03:00,3,2,0,0,26.0,81,6.4,400.0,28.3,912.0,225.4,62.6
iit_delhi,2026-09-30T04:00,4,2,0,0,27.7,72,8.1,745.0,22.9,812.0,236.1,58.8
iit_delhi,2026-09-30T05:00,5,2,0,0,29.1,64,9.9,1040.0,14.4,617.0,275.7,62.2
iit_delhi,2026-09-30T06:00,6,2,0,0,31.2,54,13.2,1455.0,7.9,463.0,341.8,69.8
iit_delhi,2026-09-30T07:00,7,2,1,1,32.0,47,14.2,1530.0,4.8,388.0,415.4,78.5
iit_delhi,2026-09-30T08:00,8,2,1,1,32.4,44,13.9,1635.0,3.8,353.0,474.0,85.9
iit_delhi,2026-09-30T09:00,9,2,1,1,32.5,42,13.4,1705.0,5.7,375.0,510.4,89.9
iit_delhi,2026-09-30T10:00,10,2,1,0,32.2,44,12.9,1565.0,11.5,483.0,527.1,92.9
iit_delhi,2026-09-30T11:00,11,2,1,0,31.4,49,11.0,1275.0,20.3,648.0,521.5,96.9
iit_delhi,2026-09-30T12:00,12,2,1,0,30.3,53,9.3,850.0,26.7,800.0,529.0,95.0
iit_delhi,2026-09-30T13:00,13,2,1,0,28.4,62,5.6,205.0,37.6,933.0,452.6,95.2
iit_delhi,2026-09-30T14:00,14,2,0,0,27.8,66,5.6,180.0,52.7,1053.0,431.2,99.7
iit_delhi,2026-09-30T15:00,15,2,0,0,27.2,69,6.3,205.0,64.8,1104.0,404.2,102.0
iit_delhi,2026-09-30T16:00,16,2,0,0,26.7,70,6.4,230.0,71.9,1041.0,407.9,107.6
iit_delhi,2026-09-30T17:00,17,2,0,0,26.0,72,5.3,205.0,76.0,909.0,434.0,114.8
iit_delhi,2026-09-30T18:00,18,2,0,0,26.0,76,4.8,210.0,75.9,792.0,442.4,117.1
iit_delhi,2026-09-30T19:00,19,2,0,0,25.3,77,4.2,90.0,69.3,719.0,432.1,114.1
iit_delhi,2026-09-30T20:00,20,2,0,0,24.7,79,4.6,75.0,58.6,660.0,410.7,109.9
iit_delhi,2026-09-30T21:00,21,2,0,0,24.3,81,4.7,75.0,49.3,614.0,378.1,105.0
iit_delhi,2026-09-30T22:00,22,2,0,0,24.0,82,5.0,80.0,43.1,560.0,342.7,99.9
iit_delhi,2026-09-30T23:00,23,2,0,0,23.8,83,6.1,95.0,38.4,517.0,331.6,97.1
iit_delhi,2026-10-01T00:00,0,3,0,0,24.3,85,6.0,85.0,28.7,547.0,366.9,97.8
iit_delhi,2026-10-01T01:00,1,3,0,0,24.0,86,5.8,80.0,31.2,740.0,312.0,94.3
iit_delhi,2026-10-01T02:00,2,3,0,0,25.2,84,6.9,115.0,34.2,1005.0,328.8,99.4
iit_delhi,2026-10-01T03:00,3,3,0,0,26.9,79,5.5,225.0,33.7,1125.0,329.7,98.3
iit_delhi,2026-10-01T04:00,4,3,0,0,28.9,71,7.2,650.0,26.4,958.0,274.7,78.7
iit_delhi,2026-10-01T05:00,5,3,0,0,30.4,64,8.4,975.0,15.5,646.0,286.8,74.7
iit_delhi,2026-10-01T06:00,6,3,0,0,32.4,52,11.9,1795.0,7.4,399.0,328.8,78.2
iit_delhi,2026-10-01T07:00,7,3,1,1,33.0,46,14.0,1820.0,3.9,281.0,394.9,80.1
iit_delhi,2026-10-01T08:00,8,3,1,1,33.4,37,14.8,1840.0,3.0,228.0,448.9,81.5
iit_delhi,2026-10-01T09:00,9,3,1,1,33.3,36,14.0,1890.0,5.1,257.0,465.7,81.7
iit_delhi,2026-10-01T10:00,10,3,1,0,32.9,38,12.0,1710.0,11.0,419.0,493.6,86.1
iit_delhi,2026-10-01T11:00,11,3,1,0,32.5,41,9.6,1590.0,19.8,663.0,448.9,83.8
iit_delhi,2026-10-01T12:00,12,3,1,0,31.7,44,9.2,520.0,28.5,851.0,402.3,77.5
iit_delhi,2026-10-01T13:00,13,3,1,0,29.8,54,6.4,275.0,38.4,931.0,373.5,81.5
iit_delhi,2026-10-01T14:00,14,3,0,0,29.0,58,6.9,315.0,51.9,955.0,371.6,88.0
iit_delhi,2026-10-01T15:00,15,3,0,0,28.3,60,8.1,285.0,61.0,941.0,379.0,93.6
iit_delhi,2026-10-01T16:00,16,3,0,0,27.5,63,6.5,240.0,61.9,881.0,390.2,97.8
iit_delhi,2026-10-01T17:00,17,3,0,0,26.8,66,6.0,200.0,58.4,782.0,391.2,99.9
iit_delhi,2026-10-01T18:00,18,3,0,0,26.8,71,4.4,140.0,53.9,690.0,374.4,98.0
iit_delhi,2026-10-01T19:00,19,3,0,0,26.0,73,3.9,55.0,48.9,615.0,330.6,92.0
iit_delhi,2026-10-01T20:00,20,3,0,0,25.2,77,4.7,50.0,42.9,545.0,277.5,85.2
iit_delhi,2026-10-01T21:00,21,3,0,0,24.5,80,5.1,60.0,38.4,491.0,223.5,78.9
iit_delhi,2026-10-01T22:00,22,3,0,0,24.1,82,5.3,65.0,36.3,437.0,187.7,74.0
iit_delhi,2026-10-01T23:00,23,3,0,0,23.9,82,5.2,65.0,35.5,398.0,173.2,71.0
iit_delhi,2026-10-02T00:00,0,4,0,0,24.3,83,4.9,65.0,31.0,433.0,326.9,91.0
iit_delhi,2026-10-02T01:00,1,4,0,0,24.0,84,5.6,70.0,33.9,635.0,277.5,87.8
iit_delhi,2026-10-02T02:00,2,4,0,0,25.2,80,6.8,105.0,37.5,911.0,313.9,94.3
iit_delhi,2026-10-02T03:00,3,4,0,0,27.0,76,5.2,190.0,37.1,1040.0,341.8,99.9
iit_delhi,2026-10-02T04:00,4,4,0,0,29.0,67,5.9,470.0,28.8,878.0,285.9,82.4
iit_delhi,2026-10-02T05:00,5,4,0,0,30.8,58,7.4,880.0,16.5,570.0,293.4,76.1
iit_delhi,2026-10-02T06:00,6,4,0,0,33.5,40,11.9,1990.0,7.3,331.0,303.6,71.5
iit_delhi,2026-10-02T07:00,7,4,1,1,34.2,35,13.0,2190.0,3.5,234.0,338.1,66.6
iit_delhi,2026-10-02T08:00,8,4,1,1,34.5,33,12.9,2385.0,2.7,205.0,379.0,65.7
iit_delhi,2026-10-02T09:00,9,4,1,1,34.5,32,12.9,2505.0,5.1,242.0,387.4,65.0
iit_delhi,2026-10-02T10:00,10,4,1,0,34.2,33,12.7,2305.0,11.0,374.0,394.9,66.4
iit_delhi,2026-10-02T11:00,11,4,1,0,33.3,36,11.5,1765.0,20.0,572.0,366.0,67.8
iit_delhi,2026-10-02T12:00,12,4,1,0,32.4,40,10.6,945.0,29.1,739.0,317.6,61.9
iit_delhi,2026-10-02T13:00,13,4,1,0,30.3,49,6.1,230.0,39.9,843.0,286.8,66.8
iit_delhi,2026-10-02T14:00,14,4,0,0,29.4,54,5.6,170.0,55.1,918.0,284.1,74.0
iit_delhi,2026-10-02T15:00,15,4,0,0,28.9,56,5.7,135.0,68.4,963.0,289.6,80.8
iit_delhi,2026-10-02T16:00,16,4,0,0,28.0,59,5.6,110.0,78.4,982.0,312.0,89.6
iit_delhi,2026-10-02T17:00,17,4,0,0,27.5,61,4.6,70.0,86.6,973.0,339.0,99.0
iit_delhi,2026-10-02T18:00,18,4,0,0,27.4,66,5.2,90.0,91.2,928.0,359.5,105.9
iit_delhi,2026-10-02T19:00,19,4,0,0,26.9,69,3.2,60.0,91.3,823.0,369.7,108.3
iit_delhi,2026-10-02T20:00,20,4,0,0,25.9,72,6.5,60.0,87.8,682.0,359.5,108.5
iit_delhi,2026-10-02T21:00,21,4,0,0,25.3,72,6.1,85.0,81.6,576.0,322.2,104.5
iit_delhi,2026-10-02T22:00,22,4,0,0,24.9,72,6.2,85.0,71.1,518.0,285.9,95.0
iit_delhi,2026-10-02T23:00,23,4,0,0,24.6,71,5.6,75.0,58.0,495.0,260.8,86.8
iit_delhi,2026-10-03T00:00,0,5,0,0,24.7,74,5.2,60.0,47.9,535.0,244.0,81.0
iit_delhi,2026-10-03T01:00,1,5,0,0,24.3,74,5.2,60.0,44.9,713.0,230.5,78.2
iit_delhi,2026-10-03T02:00,2,5,0,0,25.6,71,6.1,80.0,44.9,955.0,236.1,80.8
iit_delhi,2026-10-03T03:00,3,5,0,0,27.3,68,4.0,130.0,41.7,1065.0,294.3,85.9
iit_delhi,2026-10-03T04:00,4,5,0,0,29.4,59,4.3,255.0,30.9,916.0,306.4,78.7
iit_delhi,2026-10-03T05:00,5,5,0,0,31.3,50,4.9,605.0,17.0,635.0,335.3,72.9
iit_delhi,2026-10-03T06:00,6,5,0,0,32.7,45,6.1,970.0,6.7,411.0,352.0,70.1
iit_delhi,2026-10-03T07:00,7,5,1,1,33.8,40,6.5,1385.0,2.7,295.0,359.5,70.1
iit_delhi,2026-10-03T08:00,8,5,1,1,34.7,35,8.1,1700.0,2.5,236.0,359.5,70.3
iit_delhi,2026-10-03T09:00,9,5,1,1,35.0,32,9.8,1735.0,5.1,265.0,364.1,71.2
iit_delhi,2026-10-03T10:00,10,5,1,0,34.8,32,10.3,1650.0,10.5,427.0,379.0,73.3
iit_delhi,2026-10-03T11:00,11,5,1,0,34.0,36,9.4,1480.0,18.8,678.0,363.2,75.0
iit_delhi,2026-10-03T12:00,12,5,1,0,32.1,45,6.1,270.0,29.0,920.0,302.7,74.7
iit_delhi,2026-10-03T13:00,13,5,1,0,30.5,51,5.1,110.0,42.3,1125.0,283.1,79.9
iit_delhi,2026-10-03T14:00,14,5,0,0,29.7,54,5.3,140.0,57.5,1321.0,271.0,84.3
iit_delhi,2026-10-03T15:00,15,5,0,0,29.1,57,4.8,100.0,69.9,1499.0,267.3,89.4
iit_delhi,2026-10-03T16:00,16,5,0,0,28.7,60,3.6,65.0,77.9,1697.0,275.7,95.5
iit_delhi,2026-10-03T17:00,17,5,0,0,28.3,64,1.7,40.0,83.1,1877.0,290.6,101.3
iit_delhi,2026-10-03T18:00,18,5,0,0,27.3,65,3.3,35.0,85.8,1917.0,303.6,105.2
iit_delhi,2026-10-03T19:00,19,5,0,0,26.3,69,4.8,40.0,85.5,1728.0,317.6,106.9
iit_delhi,2026-10-03T20:00,20,5,0,0,25.7,71,4.5,50.0,82.6,1398.0,326.0,107.3
iit_delhi,2026-10-03T21:00,21,5,0,0,25.3,73,3.8,40.0,78.5,1074.0,324.1,105.9
iit_delhi,2026-10-03T22:00,22,5,0,0,25.0,71,7.2,75.0,73.5,767.0,325.0,103.4
iit_delhi,2026-10-03T23:00,23,5,0,0,24.6,68,7.2,105.0,67.2,465.0,318.5,100.6
iit_delhi,2026-10-04T00:00,0,6,0,0,24.2,63,8.3,140.0,59.8,277.0,311.1,95.9
iit_delhi,2026-10-04T01:00,1,6,0,0,24.0,58,8.5,165.0,50.8,296.0,348.3,95.7
iit_delhi,2026-10-04T02:00,2,6,0,0,25.0,54,9.8,240.0,40.6,429.0,395.8,98.5
iit_delhi,2026-10-04T03:00,3,6,0,0,26.8,51,8.9,360.0,31.1,505.0,424.7,99.9
iit_delhi,2026-10-04T04:00,4,6,0,0,28.9,44,8.8,475.0,22.3,437.0,411.6,86.6
iit_delhi,2026-10-04T05:00,5,6,0,0,30.9,38,10.0,610.0,14.0,312.0,480.6,90.6
iit_delhi,2026-10-04T06:00,6,6,0,0,32.5,34,9.6,760.0,8.0,221.0,521.5,94.1
iit_delhi,2026-10-04T07:00,7,6,0,0,33.7,33,9.2,925.0,4.6,193.0,516.0,89.4
iit_delhi,2026-10-04T08:00,8,6,0,0,34.5,32,9.4,1140.0,3.4,200.0,495.5,83.8
iit_delhi,2026-10-04T09:00,9,6,0,0,34.9,33,9.8,1440.0,4.7,240.0,470.3,78.5
iit_delhi,2026-10-04T10:00,10,6,0,0,34.8,34,10.2,1430.0,8.1,296.0,443.3,74.3
iit_delhi,2026-10-04T11:00,11,6,0,0,34.1,36,9.4,1205.0,13.9,386.0,372.5,70.5
iit_delhi,2026-10-04T12:00,12,6,0,0,32.7,43,6.0,315.0,23.4,568.0,320.4,70.8
iit_delhi,2026-10-04T13:00,13,6,0,0,31.1,51,4.1,110.0,39.3,950.0,320.4,79.6
iit_delhi,2026-10-04T14:00,14,6,0,0,30.7,54,2.0,55.0,58.8,1424.0,322.2,90.6
iit_delhi,2026-10-04T15:00,15,6,0,0,30.5,57,0.3,10.0,75.3,1716.0,342.7,103.1
iit_delhi,2026-10-04T16:00,16,6,0,0,29.7,59,0.7,15.0,86.8,1672.0,360.4,116.2
iit_delhi,2026-10-04T17:00,17,6,0,0,28.9,61,1.5,25.0,95.2,1446.0,361.4,127.6
iit_delhi,2026-10-04T18:00,18,6,0,0,27.9,67,1.7,20.0,99.4,1229.0,351.1,132.7
iit_delhi,2026-10-04T19:00,19,6,0,0,26.8,71,3.4,30.0,98.3,1095.0,332.5,132.7
iit_delhi,2026-10-04T20:00,20,6,0,0,26.2,72,3.5,40.0,93.0,969.0,312.9,131.8
iit_delhi,2026-10-04T21:00,21,6,0,0,25.6,69,4.8,70.0,86.3,822.0,287.8,127.1
iit_delhi,2026-10-04T22:00,22,6,0,0,25.3,59,7.3,110.0,78.8,596.0,249.6,114.3
iit_delhi,2026-10-04T23:00,23,6,0,0,25.0,52,8.4,130.0,69.8,349.0,228.2,95.9
iit_delhi,2026-10-05T00:00,0,0,0,0,24.7,52,9.3,140.0,60.6,217.0,306.4,89.2
iit_delhi,2026-10-05T01:00,1,0,0,0,24.5,53,9.6,160.0,51.3,316.0,409.8,90.3
iit_delhi,2026-10-05T02:00,2,0,0,0,25.4,52,9.7,215.0,41.6,531.0,480.6,94.8
iit_delhi,2026-10-05T03:00,3,0,0,0,27.1,50,8.3,350.0,32.5,653.0,501.1,100.6
iit_delhi,2026-10-05T04:00,4,0,0,0,29.4,44,9.2,530.0,23.4,566.0,432.1,78.9
iit_delhi,2026-10-05T05:00,5,0,0,0,31.1,42,9.8,725.0,14.8,386.0,472.2,79.2
iit_delhi,2026-10-05T06:00,6,0,0,0,32.7,40,9.9,975.0,8.6,249.0,512.2,82.9
iit_delhi,2026-10-05T07:00,7,0,1,1,33.9,39,9.7,1230.0,4.9,197.0,516.0,84.5
iit_delhi,2026-10-05T08:00,8,0,1,1,34.6,38,9.4,1420.0,3.5,188.0,478.7,82.4
iit_delhi,2026-10-05T09:00,9,0,1,1,34.9,38,8.7,1555.0,6.1,233.0,423.8,78.0
iit_delhi,2026-10-05T10:00,10,0,1,0,34.9,39,8.4,1635.0,14.3,369.0,371.6,73.3
iit_delhi,2026-10-05T11:00,11,0,1,0,34.5,40,7.5,1650.0,26.4,558.0,293.4,69.4
iit_delhi,2026-10-05T12:00,12,0,1,0,33.6,45,4.5,1440.0,39.2,702.0,279.4,76.1
iit_delhi,2026-10-05T13:00,13,0,1,0,32.3,48,6.1,205.0,54.4,754.0,276.6,91.7
iit_delhi,2026-10-05T14:00,14,0,0,0,31.1,55,5.1,215.0,70.3,761.0,266.4,100.6
iit_delhi,2026-10-05T15:00,15,0,0,0,29.9,61,4.7,130.0,78.5,757.0,259.8,104.3
iit_delhi,2026-10-05T16:00,16,0,0,0,29.0,66,4.0,80.0,73.1,759.0,276.6,107.1
iit_delhi,2026-10-05T17:00,17,0,0,0,28.4,67,4.3,105.0,60.0,752.0,309.2,111.1
iit_delhi,2026-10-05T18:00,18,0,0,0,28.0,70,3.2,65.0,47.9,723.0,305.5,110.4
iit_delhi,2026-10-05T19:00,19,0,0,0,27.6,69,3.9,100.0,39.4,655.0,322.2,110.1
iit_delhi,2026-10-05T20:00,20,0,0,0,26.7,72,5.5,135.0,31.9,566.0,379.0,114.6
iit_delhi,2026-10-05T21:00,21,0,0,0,25.8,76,4.1,130.0,26.3,499.0,451.7,120.6
iit_delhi,2026-10-05T22:00,22,0,0,0,25.2,79,3.9,120.0,23.2,462.0,519.7,127.6
iit_delhi,2026-10-05T23:00,23,0,0,0,24.8,81,4.3,105.0,22.1,446.0,508.5,125.7
delhi_university_north,2026-09-19T00:00,0,5,0,0,25.9,91,2.0,35.0,50.0,1168.0,102.9,55.6
delhi_university_north,2026-09-19T01:00,1,5,0,0,25.5,93,4.7,40.0,45.7,1074.0,112.2,64.5
delhi_university_north,2026-09-19T02:00,2,5,0,0,26.7,88,3.5,70.0,39.5,981.0,102.0,66.1
delhi_university_north,2026-09-19T03:00,3,5,0,0,28.5,75,3.1,290.0,32.7,879.0,90.3,49.0
delhi_university_north,2026-09-19T04:00,4,5,0,0,29.8,63,4.0,905.0,24.8,751.0,75.9,39.6
delhi_university_north,2026-09-19T05:00,5,5,0,0,30.6,59,4.6,1035.0,16.3,615.0,71.9,38.2
delhi_university_north,2026-09-19T06:00,6,5,0,0,32.0,53,6.1,1410.0,10.0,515.0,72.6,39.2
delhi_university_north,2026-09-19T07:00,7,5,1,1,32.5,49,6.5,1540.0,6.8,472.0,73.6,40.5
delhi_university_north,2026-09-19T08:00,8,5,1,1,32.8,47,6.1,1560.0,5.8,465.0,75.4,41.3
delhi_university_north,2026-09-19T09:00,9,5,1,1,33.0,45,6.3,1540.0,6.7,475.0,75.4,41.3
delhi_university_north,2026-09-19T10:00,10,5,1,0,32.8,45,6.3,1520.0,8.3,485.0,74.5,41.3
delhi_university_north,2026-09-19T11:00,11,5,1,0,32.4,47,5.6,1450.0,11.9,512.0,73.6,41.4
delhi_university_north,2026-09-19T12:00,12,5,1,0,32.0,54,4.9,195.0,21.1,585.0,87.8,51.8
delhi_university_north,2026-09-19T13:00,13,5,1,0,30.2,63,5.7,75.0,41.6,715.0,92.7,62.9
delhi_university_north,2026-09-19T14:00,14,5,0,0,29.1,70,5.5,55.0,70.0,890.0,102.7,75.2
delhi_university_north,2026-09-19T15:00,15,5,0,0,28.2,75,5.1,45.0,92.0,1108.0,110.8,84.8
delhi_university_north,2026-09-19T16:00,16,5,0,0,27.7,77,5.4,40.0,101.4,1428.0,120.6,94.8
delhi_university_north,2026-09-19T17:00,17,5,0,0,27.2,77,4.7,45.0,104.4,1790.0,131.8,105.2
delhi_university_north,2026-09-19T18:00,18,5,0,0,27.3,78,3.5,40.0,105.4,2012.0,143.4,115.0
delhi_university_north,2026-09-19T19:00,19,5,0,0,26.4,82,4.5,40.0,105.7,1976.0,149.5,120.6
delhi_university_north,2026-09-19T20:00,20,5,0,0,26.0,83,4.5,45.0,103.9,1799.0,151.8,123.4
delhi_university_north,2026-09-19T21:00,21,5,0,0,25.8,83,3.9,35.0,100.4,1652.0,147.6,122.0
delhi_university_north,2026-09-19T22:00,22,5,0,0,25.4,85,3.1,30.0,94.9,1600.0,142.5,118.7
delhi_university_north,2026-09-19T23:00,23,5,0,0,24.9,88,3.9,35.0,87.8,1578.0,138.8,117.1
delhi_university_north,2026-09-20T00:00,0,6,0,0,25.8,86,4.4,70.0,56.7,1556.0,98.3,85.0
delhi_university_north,2026-09-20T01:00,1,6,0,0,25.5,87,3.4,30.0,50.8,1556.0,102.2,88.2
delhi_university_north,2026-09-20T02:00,2,6,0,0,26.4,85,2.7,65.0,42.4,1557.0,101.5,89.2
delhi_university_north,2026-09-20T03:00,3,6,0,0,28.2,79,1.3,120.0,33.7,1465.0,100.1,79.4
delhi_university_north,2026-09-20T04:00,4,6,0,0,30.3,69,1.9,915.0,24.4,1188.0,98.7,65.4
delhi_university_north,2026-09-20T05:00,5,6,0,0,31.7,56,3.4,1165.0,14.7,818.0,97.6,55.3
delhi_university_north,2026-09-20T06:00,6,6,0,0,32.7,50,3.8,1585.0,7.7,537.0,93.6,52.2
delhi_university_north,2026-09-20T07:00,7,6,0,0,33.1,46,3.7,1630.0,4.8,431.0,90.1,52.0
delhi_university_north,2026-09-20T08:00,8,6,0,0,33.5,45,4.0,1660.0,4.5,413.0,88.9,52.3
delhi_university_north,2026-09-20T09:00,9,6,0,0,33.6,44,4.7,1710.0,5.5,406.0,87.5,52.9
delhi_university_north,2026-09-20T10:00,10,6,0,0,33.3,45,5.4,1665.0,7.5,374.0,87.1,53.4
delhi_university_north,2026-09-20T11:00,11,6,0,0,32.7,47,7.0,1290.0,10.8,354.0,82.7,54.4
delhi_university_north,2026-09-20T12:00,12,6,0,0,31.8,51,9.9,400.0,15.6,375.0,91.7,60.3
delhi_university_north,2026-09-20T13:00,13,6,0,0,30.6,52,8.1,150.0,19.5,458.0,89.2,61.0
delhi_university_north,2026-09-20T14:00,14,6,0,0,29.8,59,5.7,55.0,25.2,582.0,87.8,62.4
delhi_university_north,2026-09-20T15:00,15,6,0,0,28.9,66,4.8,40.0,31.7,718.0,88.0,66.4
delhi_university_north,2026-09-20T16:00,16,6,0,0,28.1,72,3.8,30.0,39.4,875.0,91.5,71.9
delhi_university_north,2026-09-20T17:00,17,6,0,0,27.7,74,2.7,15.0,47.8,1043.0,97.8,78.9
delhi_university_north,2026-09-20T18:00,18,6,0,0,27.7,71,3.4,40.0,54.7,1167.0,105.2,85.9
delhi_university_north,2026-09-20T19:00,19,6,0,0,26.7,74,5.3,45.0,58.8,1226.0,109.9,89.4
delhi_university_north,2026-09-20T20:00,20,6,0,0,26.3,73,5.4,45.0,61.4,1241.0,112.9,92.0
delhi_university_north,2026-09-20T21:00,21,6,0,0,26.0,74,5.6,45.0,63.5,1213.0,115.9,94.5
delhi_university_north,2026-09-20T22:00,22,6,0,0,25.6,75,5.2,50.0,66.4,1108.0,119.7,97.6
delhi_university_north,2026-09-20T23:00,23,6,0,0,25.3,77,4.8,45.0,68.9,961.0,123.4,101.0
delhi_university_north,2026-09-21T00:00,0,0,0,0,26.0,81,4.2,40.0,43.4,882.0,84.1,67.8
delhi_university_north,2026-09-21T01:00,1,0,0,0,25.5,82,4.0,35.0,43.5,968.0,89.2,72.9
delhi_university_north,2026-09-21T02:00,2,0,0,0,26.5,77,2.9,70.0,43.3,1122.0,91.0,79.2
delhi_university_north,2026-09-21T03:00,3,0,0,0,28.4,69,1.4,125.0,40.1,1165.0,81.7,65.4
delhi_university_north,2026-09-21T04:00,4,0,0,0,30.5,60,2.0,340.0,31.1,974.0,75.9,51.8
delhi_university_north,2026-09-21T05:00,5,0,0,0,32.1,51,3.5,1395.0,19.1,671.0,78.0,49.9
delhi_university_north,2026-09-21T06:00,6,0,0,0,33.0,47,5.0,1535.0,10.0,442.0,83.4,51.6
delhi_university_north,2026-09-21T07:00,7,0,1,1,33.2,46,4.9,1590.0,6.2,369.0,86.8,52.9
delhi_university_north,2026-09-21T08:00,8,0,1,1,33.5,45,5.2,1705.0,5.3,371.0,88.7,53.8
delhi_university_north,2026-09-21T09:00,9,0,1,1,33.5,45,6.1,1690.0,6.2,388.0,91.0,54.8
delhi_university_north,2026-09-21T10:00,10,0,1,0,33.2,45,6.3,1560.0,8.6,375.0,94.3,55.9
delhi_university_north,2026-09-21T11:00,11,0,1,0,32.9,47,6.0,1545.0,12.8,377.0,95.0,57.2
delhi_university_north,2026-09-21T12:00,12,0,1,0,32.4,49,8.2,1095.0,19.5,472.0,90.8,60.1
delhi_university_north,2026-09-21T13:00,13,0,1,0,30.9,58,8.2,190.0,27.9,756.0,93.6,66.8
delhi_university_north,2026-09-21T14:00,14,0,0,0,30.2,60,7.2,110.0,39.7,1133.0,99.2,71.5
delhi_university_north,2026-09-21T15:00,15,0,0,0,29.4,64,5.1,45.0,51.1,1398.0,105.5,75.0
delhi_university_north,2026-09-21T16:00,16,0,0,0,28.7,68,4.7,35.0,61.3,1458.0,115.0,80.8
delhi_university_north,2026-09-21T17:00,17,0,0,0,28.1,71,4.7,35.0,71.0,1407.0,129.5,89.6
delhi_university_north,2026-09-21T18:00,18,0,0,0,28.4,72,3.8,30.0,78.0,1319.0,141.1,95.0
delhi_university_north,2026-09-21T19:00,19,0,0,0,27.3,78,5.1,40.0,80.8,1198.0,150.9,97.8
delhi_university_north,2026-09-21T20:00,20,0,0,0,26.9,79,5.1,35.0,80.9,1040.0,159.3,100.4
delhi_university_north,2026-09-21T21:00,21,0,0,0,26.5,80,5.1,45.0,80.9,908.0,166.2,102.4
delhi_university_north,2026-09-21T22:00,22,0,0,0,26.0,81,5.4,50.0,83.0,816.0,172.3,103.1
delhi_university_north,2026-09-21T23:00,23,0,0,0,25.6,85,3.8,35.0,84.9,750.0,178.8,103.8
delhi_university_north,2026-09-22T00:00,0,1,0,0,25.9,86,3.1,35.0,83.9,733.0,163.9,107.8
delhi_university_north,2026-09-22T01:00,1,1,0,0,25.6,87,3.4,35.0,72.2,817.0,161.6,102.7
delhi_university_north,2026-09-22T02:00,2,1,0,0,26.8,80,1.5,55.0,55.8,951.0,146.2,95.0
delhi_university_north,2026-09-22T03:00,3,1,0,0,29.3,67,1.4,165.0,40.7,1004.0,152.3,69.8
delhi_university_north,2026-09-22T04:00,4,1,0,0,31.4,55,1.7,940.0,28.4,896.0,153.2,58.0
delhi_university_north,2026-09-22T05:00,5,1,0,0,32.7,47,2.6,1150.0,17.5,709.0,133.2,52.0
delhi_university_north,2026-09-22T06:00,6,1,0,0,34.1,45,4.6,1505.0,9.7,554.0,115.9,50.3
delhi_university_north,2026-09-22T07:00,7,1,1,1,34.7,43,6.2,1635.0,6.0,474.0,104.1,49.2
delhi_university_north,2026-09-22T08:00,8,1,1,1,35.1,41,7.9,1610.0,5.3,428.0,95.9,48.0
delhi_university_north,2026-09-22T09:00,9,1,1,1,35.1,40,8.9,1370.0,6.2,403.0,90.8,46.0
delhi_university_north,2026-09-22T10:00,10,1,1,0,34.8,41,9.3,1260.0,8.6,387.0,89.4,44.4
delhi_university_north,2026-09-22T11:00,11,1,1,0,34.3,44,9.8,1255.0,12.5,393.0,93.4,44.0
delhi_university_north,2026-09-22T12:00,12,1,1,0,33.5,51,8.5,1160.0,16.1,448.0,94.8,43.2
delhi_university_north,2026-09-22T13:00,13,1,1,0,32.4,56,7.9,325.0,21.9,598.0,100.4,46.2
delhi_university_north,2026-09-22T14:00,14,1,0,0,31.5,61,6.0,170.0,30.0,797.0,106.4,50.1
delhi_university_north,2026-09-22T15:00,15,1,0,0,30.8,65,4.3,90.0,36.7,930.0,112.2,53.7
delhi_university_north,2026-09-22T16:00,16,1,0,0,30.3,68,2.7,40.0,40.5,938.0,119.0,58.0
delhi_university_north,2026-09-22T17:00,17,1,0,0,29.9,70,2.8,35.0,42.8,880.0,126.2,61.2
delhi_university_north,2026-09-22T18:00,18,1,0,0,30.2,70,4.5,50.0,45.0,821.0,131.8,63.3
delhi_university_north,2026-09-22T19:00,19,1,0,0,28.6,80,6.0,55.0,47.3,775.0,138.8,65.7
delhi_university_north,2026-09-22T20:00,20,1,0,0,27.7,84,6.4,70.0,49.3,729.0,146.7,68.9
delhi_university_north,2026-09-22T21:00,21,1,0,0,26.9,86,5.7,75.0,51.3,704.0,150.9,71.2
delhi_university_north,2026-09-22T22:00,22,1,0,0,26.3,88,4.4,60.0,54.4,718.0,152.3,72.6
delhi_university_north,2026-09-22T23:00,23,1,0,0,26.1,88,3.1,30.0,57.5,754.0,153.7,74.3
delhi_university_north,2026-09-23T00:00,0,2,0,0,26.3,89,2.9,20.0,33.8,786.0,120.1,62.9
delhi_university_north,2026-09-23T01:00,1,2,0,0,25.8,90,2.7,25.0,32.7,815.0,123.9,70.3
delhi_university_north,2026-09-23T02:00,2,2,0,0,27.2,81,1.0,65.0,30.9,840.0,112.7,74.3
delhi_university_north,2026-09-23T03:00,3,2,0,0,29.5,67,1.1,310.0,28.1,837.0,96.2,63.1
delhi_university_north,2026-09-23T04:00,4,2,0,0,31.4,55,0.6,975.0,23.4,782.0,88.5,60.8
delhi_university_north,2026-09-23T05:00,5,2,0,0,32.9,49,0.7,1060.0,17.6,698.0,82.7,57.7
delhi_university_north,2026-09-23T06:00,6,2,0,0,34.5,47,3.9,1445.0,12.9,630.0,78.2,55.5
delhi_university_north,2026-09-23T07:00,7,2,1,1,35.3,42,6.4,1670.0,9.8,596.0,73.8,54.0
delhi_university_north,2026-09-23T08:00,8,2,1,1,35.5,41,8.6,1805.0,7.9,577.0,70.5,52.9
delhi_university_north,2026-09-23T09:00,9,2,1,1,35.3,39,10.3,1695.0,7.8,562.0,68.9,52.2
delhi_university_north,2026-09-23T10:00,10,2,1,0,35.1,36,11.0,1110.0,9.9,541.0,69.4,53.1
delhi_university_north,2026-09-23T11:00,11,2,1,0,34.5,38,9.4,1015.0,13.9,525.0,71.2,56.0
delhi_university_north,2026-09-23T12:00,12,2,1,0,33.4,41,10.1,645.0,21.5,532.0,76.4,62.9
delhi_university_north,2026-09-23T13:00,13,2,1,0,32.3,47,6.5,195.0,27.5,574.0,84.8,69.6
delhi_university_north,2026-09-23T14:00,14,2,0,0,31.4,54,5.8,145.0,36.0,639.0,95.2,79.4
delhi_university_north,2026-09-23T15:00,15,2,0,0,30.4,59,5.4,110.0,43.8,710.0,102.9,87.5
delhi_university_north,2026-09-23T16:00,16,2,0,0,29.6,63,4.6,75.0,51.3,798.0,111.8,97.8
delhi_university_north,2026-09-23T17:00,17,2,0,0,29.1,67,4.5,45.0,58.0,892.0,122.0,108.0
delhi_university_north,2026-09-23T18:00,18,2,0,0,29.8,67,5.2,65.0,59.9,940.0,126.2,109.7
delhi_university_north,2026-09-23T19:00,19,2,0,0,28.8,72,6.9,85.0,53.1,910.0,122.0,102.7
delhi_university_north,2026-09-23T20:00,20,2,0,0,28.0,76,5.8,80.0,41.4,834.0,116.9,91.3
delhi_university_north,2026-09-23T21:00,21,2,0,0,27.3,78,6.7,110.0,31.9,761.0,112.7,76.1
delhi_university_north,2026-09-23T22:00,22,2,0,0,26.8,79,8.3,200.0,27.5,700.0,110.4,66.4
delhi_university_north,2026-09-23T23:00,23,2,0,0,26.4,80,7.7,220.0,25.2,642.0,102.4,58.3
delhi_university_north,2026-09-24T00:00,0,3,0,0,27.1,81,4.9,125.0,34.6,604.0,91.3,65.9
delhi_university_north,2026-09-24T01:00,1,3,0,0,26.4,85,7.7,175.0,33.9,606.0,83.6,63.6
delhi_university_north,2026-09-24T02:00,2,3,0,0,26.8,84,8.5,330.0,32.8,627.0,77.5,61.7
delhi_university_north,2026-09-24T03:00,3,3,0,0,28.0,78,9.6,480.0,29.9,624.0,63.8,50.8
delhi_university_north,2026-09-24T04:00,4,3,0,0,29.4,71,10.3,655.0,23.8,567.0,48.8,39.5
delhi_university_north,2026-09-24T05:00,5,3,0,0,30.8,65,8.1,855.0,16.0,486.0,45.6,37.1
delhi_university_north,2026-09-24T06:00,6,3,0,0,32.6,50,7.7,1365.0,10.1,421.0,46.8,37.6
delhi_university_north,2026-09-24T07:00,7,3,1,1,33.5,44,6.9,1485.0,7.3,388.0,48.0,38.2
delhi_university_north,2026-09-24T08:00,8,3,1,1,34.3,40,4.4,1635.0,6.4,372.0,51.8,37.8
delhi_university_north,2026-09-24T09:00,9,3,1,1,34.5,40,4.7,1670.0,7.6,365.0,51.7,39.6
delhi_university_north,2026-09-24T10:00,10,3,1,0,34.5,38,6.7,1850.0,11.6,363.0,51.7,38.5
delhi_university_north,2026-09-24T11:00,11,3,1,0,33.6,43,9.1,1615.0,17.6,371.0,49.1,38.4
delhi_university_north,2026-09-24T12:00,12,3,1,0,33.4,43,8.4,1275.0,23.3,389.0,68.2,53.0
delhi_university_north,2026-09-24T13:00,13,3,1,0,32.0,50,7.9,265.0,26.7,429.0,71.0,55.3
delhi_university_north,2026-09-24T14:00,14,3,0,0,31.1,56,9.3,385.0,31.3,480.0,74.0,52.6
delhi_university_north,2026-09-24T15:00,15,3,0,0,30.1,62,11.6,495.0,34.2,512.0,80.1,49.0
delhi_university_north,2026-09-24T16:00,16,3,0,0,29.5,64,10.7,455.0,34.0,511.0,84.5,46.0
delhi_university_north,2026-09-24T17:00,17,3,0,0,28.8,66,11.7,505.0,32.1,492.0,87.3,43.8
delhi_university_north,2026-09-24T18:00,18,3,0,0,28.9,70,12.0,670.0,29.7,469.0,85.4,40.7
delhi_university_north,2026-09-24T19:00,19,3,0,0,28.1,74,11.7,635.0,26.6,440.0,85.0,36.3
delhi_university_north,2026-09-24T20:00,20,3,0,0,27.3,77,12.9,615.0,23.0,407.0,90.3,32.4
delhi_university_north,2026-09-24T21:00,21,3,0,0,26.5,80,11.1,545.0,21.0,387.0,93.6,29.4
delhi_university_north,2026-09-24T22:00,22,3,0,0,25.9,82,9.9,485.0,21.8,391.0,86.8,26.8
delhi_university_north,2026-09-24T23:00,23,3,0,0,25.4,83,8.6,465.0,24.1,408.0,75.2,25.3
delhi_university_north,2026-09-25T00:00,0,4,0,0,25.9,82,10.2,555.0,19.9,420.0,105.5,24.0
delhi_university_north,2026-09-25T01:00,1,4,0,0,25.3,82,10.7,540.0,20.3,424.0,99.2,24.7
delhi_university_north,2026-09-25T02:00,2,4,0,0,25.7,79,9.7,610.0,20.7,424.0,91.0,24.6
delhi_university_north,2026-09-25T03:00,3,4,0,0,26.8,73,10.4,630.0,20.0,412.0,79.2,23.1
delhi_university_north,2026-09-25T04:00,4,4,0,0,28.2,65,10.7,765.0,17.3,378.0,76.4,23.9
delhi_university_north,2026-09-25T05:00,5,4,0,0,29.7,59,10.3,920.0,13.6,333.0,74.7,24.1
delhi_university_north,2026-09-25T06:00,6,4,0,0,30.8,53,12.5,1370.0,10.5,298.0,70.5,24.3
delhi_university_north,2026-09-25T07:00,7,4,1,1,30.8,52,10.3,1475.0,8.3,280.0,65.9,23.4
delhi_university_north,2026-09-25T08:00,8,4,1,1,31.6,49,7.3,1640.0,6.8,274.0,66.4,24.2
delhi_university_north,2026-09-25T09:00,9,4,1,1,31.6,49,3.8,1505.0,7.1,281.0,53.8,23.2
delhi_university_north,2026-09-25T10:00,10,4,1,0,31.5,49,2.9,1340.0,10.1,310.0,51.0,23.8
delhi_university_north,2026-09-25T11:00,11,4,1,0,31.4,49,2.2,1380.0,14.8,352.0,55.6,24.8
delhi_university_north,2026-09-25T12:00,12,4,1,0,31.0,53,5.4,1335.0,18.7,390.0,149.0,40.3
delhi_university_north,2026-09-25T13:00,13,4,1,0,29.9,57,7.2,515.0,31.2,415.0,148.5,45.8
delhi_university_north,2026-09-25T14:00,14,4,0,0,29.2,61,6.6,425.0,48.5,434.0,158.3,54.4
delhi_university_north,2026-09-25T15:00,15,4,0,0,28.8,64,6.2,530.0,61.3,457.0,170.4,63.6
delhi_university_north,2026-09-25T16:00,16,4,0,0,28.1,68,9.0,650.0,65.8,494.0,175.6,69.8
delhi_university_north,2026-09-25T17:00,17,4,0,0,26.8,73,11.3,605.0,65.8,534.0,170.4,72.4
delhi_university_north,2026-09-25T18:00,18,4,0,0,26.0,77,11.6,490.0,64.1,549.0,152.7,66.6
delhi_university_north,2026-09-25T19:00,19,4,0,0,25.1,80,8.0,365.0,61.2,514.0,132.7,60.5
delhi_university_north,2026-09-25T20:00,20,4,0,0,24.8,80,5.1,255.0,56.4,454.0,121.1,56.8
delhi_university_north,2026-09-25T21:00,21,4,0,0,24.5,79,6.0,305.0,50.9,411.0,113.2,51.1
delhi_university_north,2026-09-25T22:00,22,4,0,0,24.1,78,4.0,255.0,44.0,399.0,104.8,45.8
delhi_university_north,2026-09-25T23:00,23,4,0,0,23.7,79,3.5,255.0,36.2,405.0,100.1,40.9
delhi_university_north,2026-09-26T00:00,0,5,0,0,23.9,77,5.2,320.0,43.2,424.0,74.5,43.9
delhi_university_north,2026-09-26T01:00,1,5,0,0,23.5,80,3.3,200.0,40.9,473.0,81.0,50.3
delhi_university_north,2026-09-26T02:00,2,5,0,0,23.9,79,1.5,310.0,37.6,536.0,82.9,51.5
delhi_university_north,2026-09-26T03:00,3,5,0,0,24.9,72,1.1,290.0,33.4,565.0,94.5,48.5
delhi_university_north,2026-09-26T04:00,4,5,0,0,26.7,66,0.9,380.0,27.6,530.0,108.7,47.0
delhi_university_north,2026-09-26T05:00,5,5,0,0,28.7,62,3.1,825.0,21.0,460.0,100.8,43.3
delhi_university_north,2026-09-26T06:00,6,5,0,0,27.4,68,8.2,680.0,15.8,396.0,95.5,48.3
delhi_university_north,2026-09-26T07:00,7,5,1,1,28.6,64,11.8,1035.0,12.9,345.0,91.0,53.0
delhi_university_north,2026-09-26T08:00,8,5,1,1,29.5,57,12.7,1355.0,11.4,300.0,84.5,55.2
delhi_university_north,2026-09-26T09:00,9,5,1,1,28.6,55,13.0,1050.0,11.4,277.0,75.4,54.9
delhi_university_north,2026-09-26T10:00,10,5,1,0,27.1,60,13.2,900.0,12.7,291.0,62.9,50.2
delhi_university_north,2026-09-26T11:00,11,5,1,0,25.7,68,10.2,690.0,15.5,326.0,58.1,47.4
delhi_university_north,2026-09-26T12:00,12,5,1,0,24.4,76,13.2,835.0,22.8,354.0,75.4,64.3
delhi_university_north,2026-09-26T13:00,13,5,1,0,23.1,89,10.1,660.0,23.9,352.0,55.6,53.2
delhi_university_north,2026-09-26T14:00,14,5,0,0,22.9,90,10.0,405.0,25.5,342.0,51.3,49.9
delhi_university_north,2026-09-26T15:00,15,5,0,0,23.0,86,10.6,475.0,27.0,365.0,49.4,48.2
delhi_university_north,2026-09-26T16:00,16,5,0,0,22.6,87,8.1,325.0,28.1,454.0,47.6,46.9
delhi_university_north,2026-09-26T17:00,17,5,0,0,22.2,91,7.5,305.0,29.2,575.0,46.4,45.8
delhi_university_north,2026-09-26T18:00,18,5,0,0,22.7,89,8.5,420.0,31.0,665.0,46.1,45.2
delhi_university_north,2026-09-26T19:00,19,5,0,0,22.5,91,9.0,280.0,34.1,693.0,45.1,44.1
delhi_university_north,2026-09-26T20:00,20,5,0,0,22.6,88,8.0,220.0,37.8,690.0,44.6,43.8
delhi_university_north,2026-09-26T21:00,21,5,0,0,22.9,85,3.4,85.0,41.1,684.0,45.3,44.4
delhi_university_north,2026-09-26T22:00,22,5,0,0,22.9,89,1.4,30.0,44.2,688.0,46.8,45.5
delhi_university_north,2026-09-26T23:00,23,5,0,0,22.9,91,1.1,25.0,46.8,688.0,48.7,46.9
delhi_university_north,2026-09-27T00:00,0,6,0,0,22.6,90,4.0,150.0,17.7,672.0,22.8,22.2
delhi_university_north,2026-09-27T01:00,1,6,0,0,22.5,92,7.4,225.0,18.2,629.0,24.0,23.7
delhi_university_north,2026-09-27T02:00,2,6,0,0,23.0,90,2.6,265.0,18.9,570.0,24.4,24.1
delhi_university_north,2026-09-27T03:00,3,6,0,0,24.0,86,2.5,275.0,18.7,512.0,24.3,24.0
delhi_university_north,2026-09-27T04:00,4,6,0,0,25.4,79,3.8,400.0,17.1,458.0,21.3,20.8
delhi_university_north,2026-09-27T05:00,5,6,0,0,26.9,71,4.4,795.0,14.8,405.0,19.5,18.6
delhi_university_north,2026-09-27T06:00,6,6,0,0,27.9,64,7.3,1035.0,12.5,360.0,24.0,18.9
delhi_university_north,2026-09-27T07:00,7,6,0,0,28.2,61,8.6,1100.0,10.1,324.0,32.4,19.4
delhi_university_north,2026-09-27T08:00,8,6,0,0,28.4,59,9.4,1100.0,7.7,296.0,39.7,18.6
delhi_university_north,2026-09-27T09:00,9,6,0,0,28.1,60,9.8,945.0,6.8,285.0,49.8,18.4
delhi_university_north,2026-09-27T10:00,10,6,0,0,27.7,61,9.6,785.0,8.0,299.0,55.3,18.0
delhi_university_north,2026-09-27T11:00,11,6,0,0,27.1,64,10.1,670.0,10.6,330.0,54.6,17.1
delhi_university_north,2026-09-27T12:00,12,6,0,0,25.9,74,13.5,625.0,13.7,360.0,41.3,19.2
delhi_university_north,2026-09-27T13:00,13,6,0,0,24.4,80,9.4,460.0,19.1,383.0,39.5,21.9
delhi_university_north,2026-09-27T14:00,14,6,0,0,23.8,84,6.8,400.0,26.7,404.0,36.1,25.7
delhi_university_north,2026-09-27T15:00,15,6,0,0,23.4,87,6.6,310.0,32.5,423.0,38.1,27.7
delhi_university_north,2026-09-27T16:00,16,6,0,0,23.1,91,6.4,255.0,35.1,440.0,37.1,29.6
delhi_university_north,2026-09-27T17:00,17,6,0,0,22.8,93,5.4,190.0,35.9,455.0,35.7,31.8
delhi_university_north,2026-09-27T18:00,18,6,0,0,23.8,94,2.6,90.0,35.8,469.0,34.9,33.1
delhi_university_north,2026-09-27T19:00,19,6,0,0,23.1,97,5.3,130.0,34.1,481.0,35.2,32.4
delhi_university_north,2026-09-27T20:00,20,6,0,0,22.6,99,5.9,155.0,31.3,492.0,34.6,32.2
delhi_university_north,2026-09-27T21:00,21,6,0,0,22.3,98,6.2,155.0,30.0,500.0,33.6,32.5
delhi_university_north,2026-09-27T22:00,22,6,0,0,22.1,99,5.1,150.0,31.9,500.0,33.9,32.8
delhi_university_north,2026-09-27T23:00,23,6,0,0,21.9,99,4.7,150.0,35.2,497.0,35.0,33.9
delhi_university_north,2026-09-28T00:00,0,0,0,0,22.8,92,3.9,75.0,14.8,506.0,20.1,16.3
delhi_university_north,2026-09-28T01:00,1,0,0,0,22.7,94,3.5,170.0,17.0,537.0,20.3,18.3
delhi_university_north,2026-09-28T02:00,2,0,0,0,23.1,91,4.7,230.0,20.0,580.0,16.8,15.8
delhi_university_north,2026-09-28T03:00,3,0,0,0,23.2,94,4.4,230.0,21.5,620.0,16.9,15.7
delhi_university_north,2026-09-28T04:00,4,0,0,0,23.9,91,3.2,230.0,20.5,658.0,22.1,18.3
delhi_university_north,2026-09-28T05:00,5,0,0,0,24.2,89,1.8,230.0,18.0,694.0,29.5,22.5
delhi_university_north,2026-09-28T06:00,6,0,0,0,25.8,75,7.8,620.0,15.6,703.0,37.0,26.5
delhi_university_north,2026-09-28T07:00,7,0,1,1,26.7,73,8.8,680.0,12.7,669.0,40.5,28.8
delhi_university_north,2026-09-28T08:00,8,0,1,1,27.7,72,9.2,950.0,9.7,610.0,40.6,29.2
delhi_university_north,2026-09-28T09:00,9,0,1,1,27.2,68,10.6,710.0,9.5,556.0,39.0,28.7
delhi_university_north,2026-09-28T10:00,10,0,1,0,25.3,81,12.1,465.0,13.9,504.0,36.6,27.5
delhi_university_north,2026-09-28T11:00,11,0,1,0,24.4,85,15.4,660.0,21.1,458.0,35.4,27.1
delhi_university_north,2026-09-28T12:00,12,0,1,0,24.0,85,8.5,590.0,20.7,455.0,31.7,28.3
delhi_university_north,2026-09-28T13:00,13,0,1,0,23.6,88,4.9,445.0,30.6,538.0,35.2,32.7
delhi_university_north,2026-09-28T14:00,14,0,0,0,23.4,90,5.4,175.0,44.2,665.0,42.1,40.2
delhi_university_north,2026-09-28T15:00,15,0,0,0,23.1,91,7.0,195.0,53.6,746.0,48.9,47.1
delhi_university_north,2026-09-28T16:00,16,0,0,0,22.8,93,8.3,210.0,55.4,740.0,52.9,51.3
delhi_university_north,2026-09-28T17:00,17,0,0,0,22.6,94,8.7,265.0,53.0,689.0,55.5,53.8
delhi_university_north,2026-09-28T18:00,18,0,0,0,22.9,93,6.9,200.0,48.9,631.0,55.1,53.0
delhi_university_north,2026-09-28T19:00,19,0,0,0,22.5,95,7.1,160.0,42.5,569.0,53.7,51.3
delhi_university_north,2026-09-28T20:00,20,0,0,0,22.2,95,6.9,160.0,34.4,499.0,53.2,50.5
delhi_university_north,2026-09-28T21:00,21,0,0,0,22.0,96,7.5,160.0,28.4,450.0,53.2,50.2
delhi_university_north,2026-09-28T22:00,22,0,0,0,21.9,96,7.6,155.0,26.6,429.0,65.4,51.3
delhi_university_north,2026-09-28T23:00,23,0,0,0,21.7,96,7.4,145.0,26.9,428.0,60.8,51.6
delhi_university_north,2026-09-29T00:00,0,1,0,0,21.9,97,6.2,135.0,26.2,455.0,65.7,50.3
delhi_university_north,2026-09-29T01:00,1,1,0,0,21.8,97,7.1,145.0,25.7,542.0,65.7,51.9
delhi_university_north,2026-09-29T02:00,2,1,0,0,22.6,94,5.1,210.0,24.9,656.0,64.5,50.4
delhi_university_north,2026-09-29T03:00,3,1,0,0,24.1,86,5.5,335.0,22.8,707.0,55.9,39.1
delhi_university_north,2026-09-29T04:00,4,1,0,0,25.8,76,6.8,575.0,18.5,634.0,54.5,30.0
delhi_university_north,2026-09-29T05:00,5,1,0,0,27.3,68,8.4,755.0,13.0,498.0,56.9,26.3
delhi_university_north,2026-09-29T06:00,6,1,0,0,29.3,59,9.8,1215.0,8.7,396.0,67.3,26.4
delhi_university_north,2026-09-29T07:00,7,1,1,1,30.0,55,10.6,1345.0,6.2,365.0,92.0,28.8
delhi_university_north,2026-09-29T08:00,8,1,1,1,30.6,54,11.6,1375.0,5.0,368.0,142.0,37.1
delhi_university_north,2026-09-29T09:00,9,1,1,1,30.8,53,12.0,1370.0,5.7,395.0,198.4,45.2
delhi_university_north,2026-09-29T10:00,10,1,1,0,30.8,54,12.2,1385.0,9.5,451.0,270.1,55.9
delhi_university_north,2026-09-29T11:00,11,1,1,0,30.4,56,11.5,1320.0,15.4,530.0,311.1,65.9
delhi_university_north,2026-09-29T12:00,12,1,1,0,29.6,59,11.0,1155.0,18.4,602.0,212.8,48.4
delhi_university_north,2026-09-29T13:00,13,1,1,0,28.2,65,9.6,365.0,23.8,665.0,250.5,59.8
delhi_university_north,2026-09-29T14:00,14,1,0,0,27.3,69,9.2,255.0,31.2,721.0,282.2,70.3
delhi_university_north,2026-09-29T15:00,15,1,0,0,26.5,72,9.3,215.0,35.7,747.0,307.3,77.1
delhi_university_north,2026-09-29T16:00,16,1,0,0,25.9,75,8.6,170.0,34.9,724.0,313.9,79.9
delhi_university_north,2026-09-29T17:00,17,1,0,0,25.3,78,8.4,140.0,31.3,670.0,299.0,79.4
delhi_university_north,2026-09-29T18:00,18,1,0,0,25.3,79,8.5,205.0,27.5,615.0,270.1,75.2
delhi_university_north,2026-09-29T19:00,19,1,0,0,24.5,83,9.0,165.0,23.9,563.0,232.4,69.2
delhi_university_north,2026-09-29T20:00,20,1,0,0,24.0,84,8.6,150.0,20.2,510.0,195.1,62.6
delhi_university_north,2026-09-29T21:00,21,1,0,0,23.6,86,8.4,140.0,17.6,474.0,164.4,57.0
delhi_university_north,2026-09-29T22:00,22,1,0,0,23.2,87,8.0,135.0,16.7,453.0,142.5,52.4
delhi_university_north,2026-09-29T23:00,23,1,0,0,23.0,88,8.1,135.0,16.9,449.0,128.5,49.2
delhi_university_north,2026-09-30T00:00,0,2,0,0,23.9,86,7.2,130.0,17.7,486.0,138.8,53.3
delhi_university_north,2026-09-30T01:00,1,2,0,0,23.5,88,8.0,130.0,21.0,615.0,131.8,54.4
delhi_university_north,2026-09-30T02:00,2,2,0,0,24.3,86,6.5,195.0,25.2,784.0,125.3,56.9
delhi_university_north,2026-09-30T03:00,3,2,0,0,26.0,79,6.5,350.0,26.4,867.0,123.9,53.2
delhi_university_north,2026-09-30T04:00,4,2,0,0,27.8,70,7.8,755.0,21.5,780.0,106.9,44.6
delhi_university_north,2026-09-30T05:00,5,2,0,0,29.3,61,9.7,1010.0,13.6,606.0,100.6,39.0
delhi_university_north,2026-09-30T06:00,6,2,0,0,31.4,53,11.8,1390.0,7.5,466.0,120.1,41.6
delhi_university_north,2026-09-30T07:00,7,2,1,1,32.2,47,13.2,1500.0,4.8,399.0,156.5,48.1
delhi_university_north,2026-09-30T08:00,8,2,1,1,32.7,44,13.4,1585.0,4.0,367.0,192.3,54.0
delhi_university_north,2026-09-30T09:00,9,2,1,1,32.8,43,13.6,1650.0,5.5,375.0,227.7,58.8
delhi_university_north,2026-09-30T10:00,10,2,1,0,32.6,43,13.2,1580.0,9.9,429.0,262.6,63.6
delhi_university_north,2026-09-30T11:00,11,2,1,0,31.8,47,12.1,1310.0,16.6,524.0,280.3,68.0
delhi_university_north,2026-09-30T12:00,12,2,1,0,30.7,53,9.7,975.0,20.2,645.0,374.4,72.9
delhi_university_north,2026-09-30T13:00,13,2,1,0,29.4,58,8.4,235.0,28.8,829.0,392.1,83.6
delhi_university_north,2026-09-30T14:00,14,2,0,0,28.3,63,8.3,155.0,40.7,1039.0,431.2,95.2
delhi_university_north,2026-09-30T15:00,15,2,0,0,27.4,66,9.0,150.0,49.2,1152.0,478.7,105.7
delhi_university_north,2026-09-30T16:00,16,2,0,0,26.5,69,9.3,135.0,51.7,1090.0,510.4,113.6
delhi_university_north,2026-09-30T17:00,17,2,0,0,25.8,72,8.9,100.0,51.0,932.0,512.2,117.8
delhi_university_north,2026-09-30T18:00,18,2,0,0,26.1,72,8.6,125.0,48.5,790.0,486.2,115.7
delhi_university_north,2026-09-30T19:00,19,2,0,0,25.2,77,8.0,95.0,43.7,699.0,438.7,109.2
delhi_university_north,2026-09-30T20:00,20,2,0,0,24.7,78,7.8,100.0,37.2,623.0,384.6,102.2
delhi_university_north,2026-09-30T21:00,21,2,0,0,24.2,80,6.1,85.0,32.3,571.0,326.9,95.0
delhi_university_north,2026-09-30T22:00,22,2,0,0,24.0,82,7.6,85.0,30.3,536.0,275.7,88.5
delhi_university_north,2026-09-30T23:00,23,2,0,0,23.8,82,8.0,100.0,29.9,524.0,235.6,83.1
delhi_university_north,2026-10-01T00:00,0,3,0,0,24.8,81,7.6,110.0,21.7,562.0,183.9,68.0
delhi_university_north,2026-10-01T01:00,1,3,0,0,24.4,84,7.4,95.0,25.1,716.0,166.7,68.7
delhi_university_north,2026-10-01T02:00,2,3,0,0,25.4,81,6.9,140.0,29.4,921.0,158.3,71.2
delhi_university_north,2026-10-01T03:00,3,3,0,0,27.4,74,5.9,280.0,30.2,1008.0,154.6,69.2
delhi_university_north,2026-10-01T04:00,4,3,0,0,29.5,65,8.1,775.0,24.2,865.0,127.6,55.8
delhi_university_north,2026-10-01T05:00,5,3,0,0,31.0,59,9.5,1060.0,14.7,605.0,119.0,48.8
delhi_university_north,2026-10-01T06:00,6,3,0,0,33.0,48,12.3,1845.0,7.4,399.0,139.7,52.2
delhi_university_north,2026-10-01T07:00,7,3,1,1,33.8,40,14.7,1935.0,4.4,304.0,164.4,56.1
delhi_university_north,2026-10-01T08:00,8,3,1,1,34.3,35,15.3,2015.0,3.5,264.0,185.3,57.4
delhi_university_north,2026-10-01T09:00,9,3,1,1,34.5,33,15.4,2025.0,4.8,276.0,206.8,58.9
delhi_university_north,2026-10-01T10:00,10,3,1,0,33.9,34,13.4,1810.0,8.6,362.0,221.2,60.3
delhi_university_north,2026-10-01T11:00,11,3,1,0,33.4,38,12.0,1595.0,14.4,502.0,245.9,63.6
delhi_university_north,2026-10-01T12:00,12,3,1,0,32.4,45,10.8,1105.0,19.8,632.0,345.5,73.1
delhi_university_north,2026-10-01T13:00,13,3,1,0,30.8,51,10.1,385.0,26.6,751.0,375.3,84.1
delhi_university_north,2026-10-01T14:00,14,3,0,0,29.8,54,10.6,330.0,35.8,860.0,401.4,93.6
delhi_university_north,2026-10-01T15:00,15,3,0,0,28.9,57,9.5,205.0,41.9,905.0,416.3,100.1
delhi_university_north,2026-10-01T16:00,16,3,0,0,28.2,59,9.7,165.0,42.0,839.0,407.9,102.2
delhi_university_north,2026-10-01T17:00,17,3,0,0,27.5,61,9.2,110.0,39.0,708.0,375.3,100.6
delhi_university_north,2026-10-01T18:00,18,3,0,0,27.3,67,8.2,110.0,35.6,599.0,327.8,95.2
delhi_university_north,2026-10-01T19:00,19,3,0,0,26.3,73,7.5,85.0,32.3,544.0,278.5,88.5
delhi_university_north,2026-10-01T20:00,20,3,0,0,25.6,77,5.7,70.0,28.7,511.0,234.2,82.2
delhi_university_north,2026-10-01T21:00,21,3,0,0,25.3,79,7.0,80.0,26.4,484.0,199.3,77.1
delhi_university_north,2026-10-01T22:00,22,3,0,0,25.0,79,7.8,90.0,25.9,440.0,170.9,72.6
delhi_university_north,2026-10-01T23:00,23,3,0,0,24.7,80,7.9,95.0,26.7,404.0,148.1,68.2
delhi_university_north,2026-10-02T00:00,0,4,0,0,24.9,80,6.7,75.0,23.6,433.0,183.5,75.9
delhi_university_north,2026-10-02T01:00,1,4,0,0,24.4,82,8.0,85.0,27.3,614.0,161.1,75.2
delhi_university_north,2026-10-02T02:00,2,4,0,0,25.4,78,7.4,130.0,31.9,861.0,150.4,76.6
delhi_university_north,2026-10-02T03:00,3,4,0,0,27.6,69,5.6,245.0,32.8,975.0,147.6,74.7
delhi_university_north,2026-10-02T04:00,4,4,0,0,29.9,59,7.1,595.0,26.1,823.0,143.4,67.5
delhi_university_north,2026-10-02T05:00,5,4,0,0,31.7,51,7.9,1095.0,15.5,538.0,140.2,61.2
delhi_university_north,2026-10-02T06:00,6,4,0,0,34.1,40,11.8,2010.0,7.5,317.0,143.4,57.9
delhi_university_north,2026-10-02T07:00,7,4,1,1,34.9,34,13.3,2180.0,4.3,237.0,151.3,53.8
delhi_university_north,2026-10-02T08:00,8,4,1,1,35.2,31,13.9,2310.0,3.7,221.0,162.5,50.2
delhi_university_north,2026-10-02T09:00,9,4,1,1,35.2,31,13.9,2275.0,5.1,237.0,179.3,49.8
delhi_university_north,2026-10-02T10:00,10,4,1,0,34.8,32,13.5,2010.0,8.6,276.0,199.8,51.5
delhi_university_north,2026-10-02T11:00,11,4,1,0,34.0,35,12.9,1660.0,14.1,347.0,212.8,53.8
delhi_university_north,2026-10-02T12:00,12,4,1,0,33.1,40,11.5,1420.0,20.2,438.0,297.1,62.4
delhi_university_north,2026-10-02T13:00,13,4,1,0,31.8,45,9.7,400.0,27.1,568.0,329.7,73.3
delhi_university_north,2026-10-02T14:00,14,4,0,0,30.7,48,8.9,210.0,36.8,718.0,366.9,84.1
delhi_university_north,2026-10-02T15:00,15,4,0,0,29.7,51,7.4,105.0,45.0,821.0,396.7,93.1
delhi_university_north,2026-10-02T16:00,16,4,0,0,28.8,55,6.1,70.0,50.3,843.0,421.9,100.8
delhi_university_north,2026-10-02T17:00,17,4,0,0,28.0,58,5.9,60.0,54.0,819.0,437.7,107.1
delhi_university_north,2026-10-02T18:00,18,4,0,0,28.2,61,5.2,60.0,55.9,782.0,431.2,109.4
delhi_university_north,2026-10-02T19:00,19,4,0,0,26.6,71,6.4,55.0,55.4,741.0,401.4,107.3
delhi_university_north,2026-10-02T20:00,20,4,0,0,26.3,73,5.9,50.0,53.1,688.0,365.1,104.3
delhi_university_north,2026-10-02T21:00,21,4,0,0,25.9,76,8.8,100.0,50.6,636.0,320.4,99.7
delhi_university_north,2026-10-02T22:00,22,4,0,0,25.9,73,7.9,100.0,48.0,565.0,280.3,94.1
delhi_university_north,2026-10-02T23:00,23,4,0,0,25.6,73,8.1,110.0,45.2,495.0,243.1,88.2
delhi_university_north,2026-10-03T00:00,0,5,0,0,26.2,68,7.0,90.0,43.1,494.0,217.0,83.1
delhi_university_north,2026-10-03T01:00,1,5,0,0,25.6,70,7.5,80.0,43.7,645.0,200.2,80.3
delhi_university_north,2026-10-03T02:00,2,5,0,0,26.3,68,5.5,95.0,45.1,864.0,184.4,80.3
delhi_university_north,2026-10-03T03:00,3,5,0,0,28.2,61,3.1,160.0,42.6,972.0,190.5,78.9
delhi_university_north,2026-10-03T04:00,4,5,0,0,30.4,51,3.8,365.0,32.3,859.0,210.9,72.6
delhi_university_north,2026-10-03T05:00,5,5,0,0,32.3,42,5.0,825.0,18.1,635.0,197.0,62.2
delhi_university_north,2026-10-03T06:00,6,5,0,0,33.6,38,6.2,1240.0,7.5,447.0,178.8,55.5
delhi_university_north,2026-10-03T07:00,7,5,1,1,34.6,35,7.6,1560.0,3.7,343.0,171.8,53.0
delhi_university_north,2026-10-03T08:00,8,5,1,1,35.3,32,8.8,1685.0,3.5,275.0,174.6,52.9
delhi_university_north,2026-10-03T09:00,9,5,1,1,35.5,31,9.9,1680.0,5.1,251.0,186.3,54.2
delhi_university_north,2026-10-03T10:00,10,5,1,0,35.3,31,10.7,1605.0,8.0,277.0,202.1,56.7
delhi_university_north,2026-10-03T11:00,11,5,1,0,34.6,33,10.9,1445.0,12.8,346.0,215.1,59.8
delhi_university_north,2026-10-03T12:00,12,5,1,0,33.4,37,8.7,845.0,19.1,446.0,227.7,65.0
delhi_university_north,2026-10-03T13:00,13,5,1,0,31.9,46,7.8,210.0,28.3,584.0,241.2,73.3
delhi_university_north,2026-10-03T14:00,14,5,0,0,30.6,53,6.9,95.0,39.1,754.0,253.3,80.3
delhi_university_north,2026-10-03T15:00,15,5,0,0,29.5,58,6.6,60.0,47.0,923.0,270.1,85.9
delhi_university_north,2026-10-03T16:00,16,5,0,0,28.8,61,6.6,55.0,49.6,1116.0,296.2,91.3
delhi_university_north,2026-10-03T17:00,17,5,0,0,28.5,61,6.5,50.0,49.3,1310.0,323.2,96.4
delhi_university_north,2026-10-03T18:00,18,5,0,0,28.0,64,5.3,40.0,49.5,1399.0,344.6,100.4
delhi_university_north,2026-10-03T19:00,19,5,0,0,27.4,66,5.3,50.0,51.4,1314.0,358.6,103.4
delhi_university_north,2026-10-03T20:00,20,5,0,0,27.3,67,6.1,65.0,53.8,1126.0,361.4,105.2
delhi_university_north,2026-10-03T21:00,21,5,0,0,27.1,68,5.3,60.0,55.6,940.0,352.0,106.4
delhi_university_north,2026-10-03T22:00,22,5,0,0,26.7,68,6.1,70.0,57.1,780.0,340.9,106.4
delhi_university_north,2026-10-03T23:00,23,5,0,0,26.4,66,8.6,125.0,58.1,622.0,329.7,105.0
delhi_university_north,2026-10-04T00:00,0,6,0,0,25.9,64,8.7,145.0,56.8,505.0,314.8,103.1
delhi_university_north,2026-10-04T01:00,1,6,0,0,25.5,58,9.6,195.0,52.1,459.0,299.9,101.7
delhi_university_north,2026-10-04T02:00,2,6,0,0,26.2,51,9.1,255.0,45.0,454.0,255.2,97.8
delhi_university_north,2026-10-04T03:00,3,6,0,0,27.8,43,7.5,355.0,37.0,434.0,241.2,88.9
delhi_university_north,2026-10-04T04:00,4,6,0,0,29.6,37,7.9,440.0,27.4,369.0,233.3,80.8
delhi_university_north,2026-10-04T05:00,5,6,0,0,31.4,34,8.7,565.0,16.9,290.0,219.3,72.9
delhi_university_north,2026-10-04T06:00,6,6,0,0,32.9,32,8.3,725.0,9.0,234.0,210.5,66.6
delhi_university_north,2026-10-04T07:00,7,6,0,0,34.0,31,7.7,900.0,5.3,217.0,204.4,60.1
delhi_university_north,2026-10-04T08:00,8,6,0,0,34.6,31,7.6,1045.0,4.2,223.0,209.1,56.8
delhi_university_north,2026-10-04T09:00,9,6,0,0,34.8,32,8.4,1195.0,4.9,240.0,221.2,55.9
delhi_university_north,2026-10-04T10:00,10,6,0,0,34.6,34,8.7,1195.0,6.5,252.0,245.9,57.9
delhi_university_north,2026-10-04T11:00,11,6,0,0,34.0,36,8.3,995.0,9.8,276.0,258.0,61.2
delhi_university_north,2026-10-04T12:00,12,6,0,0,33.0,40,7.0,565.0,16.2,349.0,267.3,67.5
delhi_university_north,2026-10-04T13:00,13,6,0,0,31.5,48,5.8,110.0,27.6,521.0,289.6,79.2
delhi_university_north,2026-10-04T14:00,14,6,0,0,30.6,54,5.0,55.0,42.0,742.0,316.6,92.2
delhi_university_north,2026-10-04T15:00,15,6,0,0,29.7,59,4.3,30.0,55.7,900.0,360.4,105.9
delhi_university_north,2026-10-04T16:00,16,6,0,0,29.1,66,0.8,10.0,68.1,923.0,389.3,119.2
delhi_university_north,2026-10-04T17:00,17,6,0,0,28.7,66,2.9,20.0,79.7,882.0,402.3,132.2
delhi_university_north,2026-10-04T18:00,18,6,0,0,28.3,66,3.6,35.0,87.8,878.0,406.1,139.7
delhi_university_north,2026-10-04T19:00,19,6,0,0,27.9,68,3.8,30.0,90.7,983.0,401.4,142.5
delhi_university_north,2026-10-04T20:00,20,6,0,0,27.6,69,4.5,45.0,90.2,1124.0,391.2,144.4
delhi_university_north,2026-10-04T21:00,21,6,0,0,27.5,68,5.5,85.0,89.0,1183.0,378.1,143.4
delhi_university_north,2026-10-04T22:00,22,6,0,0,27.1,68,6.4,105.0,88.9,1083.0,362.3,141.6
delhi_university_north,2026-10-04T23:00,23,6,0,0,26.7,61,8.5,155.0,88.3,902.0,346.5,138.3
delhi_university_north,2026-10-05T00:00,0,0,0,0,26.3,50,10.0,190.0,84.6,753.0,326.0,133.2
delhi_university_north,2026-10-05T01:00,1,0,0,0,25.8,47,11.2,200.0,76.5,694.0,301.7,127.1
delhi_university_north,2026-10-05T02:00,2,0,0,0,26.6,46,11.0,265.0,65.5,667.0,240.3,118.0
delhi_university_north,2026-10-05T03:00,3,0,0,0,28.3,42,8.8,385.0,53.2,613.0,210.0,96.9
delhi_university_north,2026-10-05T04:00,4,0,0,0,30.1,39,9.4,550.0,38.4,490.0,196.5,76.4
delhi_university_north,2026-10-05T05:00,5,0,0,0,31.7,38,10.3,765.0,22.4,339.0,201.2,66.6
delhi_university_north,2026-10-05T06:00,6,0,0,0,32.9,38,10.1,990.0,10.7,231.0,217.5,63.6
delhi_university_north,2026-10-05T07:00,7,0,1,1,33.8,38,10.0,1185.0,5.7,196.0,232.8,63.8
delhi_university_north,2026-10-05T08:00,8,0,1,1,34.4,38,9.4,1335.0,5.1,204.0,243.1,65.2
delhi_university_north,2026-10-05T09:00,9,0,1,1,34.6,39,8.7,1415.0,6.9,228.0,248.7,66.1
delhi_university_north,2026-10-05T10:00,10,0,1,0,34.5,40,8.3,1435.0,10.8,260.0,253.3,66.4
delhi_university_north,2026-10-05T11:00,11,0,1,0,33.9,43,7.4,1260.0,17.2,309.0,255.2,67.3
delhi_university_north,2026-10-05T12:00,12,0,1,0,32.7,48,7.2,260.0,25.2,373.0,230.0,71.2
delhi_university_north,2026-10-05T13:00,13,0,1,0,31.2,57,6.7,120.0,37.3,470.0,221.2,83.4
delhi_university_north,2026-10-05T14:00,14,0,0,0,30.3,61,5.8,75.0,51.0,583.0,201.2,92.9
delhi_university_north,2026-10-05T15:00,15,0,0,0,29.6,63,6.5,85.0,58.7,657.0,179.7,93.1
delhi_university_north,2026-10-05T16:00,16,0,0,0,29.0,66,5.9,90.0,55.4,661.0,163.4,90.8
delhi_university_north,2026-10-05T17:00,17,0,0,0,28.6,67,6.2,90.0,46.1,625.0,163.9,93.1
delhi_university_north,2026-10-05T18:00,18,0,0,0,28.0,71,5.9,95.0,37.2,587.0,168.1,94.1
delhi_university_north,2026-10-05T19:00,19,0,0,0,27.0,74,7.7,115.0,30.7,553.0,172.8,92.4
delhi_university_north,2026-10-05T20:00,20,0,0,0,26.0,77,7.6,130.0,24.7,516.0,178.8,89.2
delhi_university_north,2026-10-05T21:00,21,0,0,0,25.5,79,6.4,135.0,20.4,490.0,181.6,83.8
delhi_university_north,2026-10-05T22:00,22,0,0,0,25.2,81,5.9,145.0,18.6,473.0,176.5,78.5
delhi_university_north,2026-10-05T23:00,23,0,0,0,24.9,83,6.2,155.0,18.5,467.0,167.2,74.0
amity_noida,2026-09-19T00:00,0,5,0,0,25.3,90,2.7,20.0,79.9,1804.0,102.9,73.3
amity_noida,2026-09-19T01:00,1,5,0,0,25.1,89,3.6,35.0,71.2,1731.0,114.1,83.6
amity_noida,2026-09-19T02:00,2,5,0,0,26.5,84,3.5,65.0,58.9,1599.0,115.9,86.8
amity_noida,2026-09-19T03:00,3,5,0,0,28.4,76,3.1,260.0,46.4,1420.0,110.4,66.8
amity_noida,2026-09-19T04:00,4,5,0,0,29.8,63,4.4,890.0,33.9,1155.0,100.4,48.8
amity_noida,2026-09-19T05:00,5,5,0,0,30.8,58,4.8,1100.0,21.3,844.0,90.8,45.5
amity_noida,2026-09-19T06:00,6,5,0,0,32.2,52,5.9,1465.0,12.0,616.0,100.1,48.7
amity_noida,2026-09-19T07:00,7,5,1,1,32.6,49,6.4,1530.0,7.3,524.0,104.3,51.8
amity_noida,2026-09-19T08:00,8,5,1,1,32.9,47,6.2,1525.0,6.0,517.0,108.0,54.7
amity_noida,2026-09-19T09:00,9,5,1,1,32.9,44,5.9,1515.0,7.8,566.0,105.9,55.4
amity_noida,2026-09-19T10:00,10,5,1,0,33.0,44,4.9,1560.0,11.6,669.0,103.4,55.9
amity_noida,2026-09-19T11:00,11,5,1,0,32.7,44,3.8,1685.0,18.5,829.0,99.0,56.6
amity_noida,2026-09-19T12:00,12,5,1,0,32.0,51,5.2,270.0,29.8,1030.0,125.7,70.5
amity_noida,2026-09-19T13:00,13,5,1,0,30.7,59,3.1,45.0,53.8,1320.0,129.0,81.5
amity_noida,2026-09-19T14:00,14,5,0,0,30.3,60,1.8,30.0,86.4,1651.0,138.3,94.5
amity_noida,2026-09-19T15:00,15,5,0,0,29.2,65,4.0,65.0,107.8,1856.0,144.8,104.5
amity_noida,2026-09-19T16:00,16,5,0,0,28.0,73,4.1,60.0,107.4,1803.0,150.4,112.2
amity_noida,2026-09-19T17:00,17,5,0,0,27.2,80,3.5,50.0,95.8,1624.0,148.1,113.4
amity_noida,2026-09-19T18:00,18,5,0,0,27.5,82,0.6,15.0,84.3,1554.0,136.0,106.6
amity_noida,2026-09-19T19:00,19,5,0,0,26.8,84,0.7,20.0,75.8,1732.0,124.8,99.2
amity_noida,2026-09-19T20:00,20,5,0,0,26.3,87,1.3,25.0,67.5,2019.0,117.6,94.8
amity_noida,2026-09-19T21:00,21,5,0,0,25.8,90,1.8,25.0,62.4,2232.0,113.2,92.2
amity_noida,2026-09-19T22:00,22,5,0,0,25.6,90,2.4,30.0,63.6,2319.0,113.4,92.7
amity_noida,2026-09-19T23:00,23,5,0,0,25.5,89,1.3,25.0,68.0,2332.0,116.4,95.9
amity_noida,2026-09-20T00:00,0,6,0,0,26.0,90,0.3,15.0,69.6,2251.0,107.1,92.0
amity_noida,2026-09-20T01:00,1,6,0,0,25.6,92,1.0,20.0,60.3,2039.0,108.5,94.1
amity_noida,2026-09-20T02:00,2,6,0,0,26.7,88,2.7,70.0,47.1,1733.0,104.5,92.7
amity_noida,2026-09-20T03:00,3,6,0,0,28.6,79,2.5,150.0,34.8,1414.0,92.2,72.6
amity_noida,2026-09-20T04:00,4,6,0,0,30.5,67,3.2,925.0,24.3,1075.0,99.2,62.4
amity_noida,2026-09-20T05:00,5,6,0,0,31.8,56,4.0,1215.0,14.7,724.0,97.1,56.2
amity_noida,2026-09-20T06:00,6,6,0,0,32.9,49,3.7,1745.0,7.8,468.0,104.5,55.1
amity_noida,2026-09-20T07:00,7,6,0,0,33.6,46,3.3,1815.0,4.6,368.0,99.0,55.5
amity_noida,2026-09-20T08:00,8,6,0,0,33.8,46,3.2,1830.0,4.2,362.0,99.0,56.5
amity_noida,2026-09-20T09:00,9,6,0,0,33.8,45,2.6,1860.0,5.6,378.0,103.8,56.9
amity_noida,2026-09-20T10:00,10,6,0,0,33.7,46,2.5,1865.0,8.2,383.0,98.3,57.2
amity_noida,2026-09-20T11:00,11,6,0,0,33.2,47,2.9,1775.0,12.7,410.0,93.6,57.4
amity_noida,2026-09-20T12:00,12,6,0,0,32.3,53,6.0,450.0,19.3,479.0,99.4,64.5
amity_noida,2026-09-20T13:00,13,6,0,0,31.1,58,3.7,125.0,26.9,596.0,103.8,71.5
amity_noida,2026-09-20T14:00,14,6,0,0,30.4,62,3.1,90.0,37.7,755.0,106.4,76.6
amity_noida,2026-09-20T15:00,15,6,0,0,29.8,65,2.8,55.0,47.5,966.0,104.8,78.9
amity_noida,2026-09-20T16:00,16,6,0,0,29.5,67,1.4,40.0,54.9,1277.0,106.2,81.7
amity_noida,2026-09-20T17:00,17,6,0,0,28.9,69,1.2,30.0,61.4,1640.0,113.9,89.2
amity_noida,2026-09-20T18:00,18,6,0,0,28.7,72,3.2,55.0,67.0,1917.0,122.9,97.6
amity_noida,2026-09-20T19:00,19,6,0,0,27.7,74,3.1,55.0,72.0,2061.0,130.4,103.6
amity_noida,2026-09-20T20:00,20,6,0,0,27.1,77,2.7,60.0,76.1,2119.0,136.4,109.0
amity_noida,2026-09-20T21:00,21,6,0,0,26.6,79,2.7,55.0,79.2,2091.0,140.6,112.7
amity_noida,2026-09-20T22:00,22,6,0,0,26.2,80,3.1,55.0,82.2,1924.0,143.0,115.0
amity_noida,2026-09-20T23:00,23,6,0,0,25.8,82,2.8,45.0,84.0,1671.0,144.8,117.3
amity_noida,2026-09-21T00:00,0,0,0,0,26.5,84,1.8,45.0,30.8,1488.0,72.4,57.3
amity_noida,2026-09-21T01:00,1,0,0,0,26.0,85,2.6,45.0,35.1,1488.0,75.2,60.5
amity_noida,2026-09-21T02:00,2,0,0,0,27.2,81,2.7,65.0,40.7,1559.0,77.3,65.7
amity_noida,2026-09-21T03:00,3,0,0,0,28.8,74,2.0,135.0,41.8,1514.0,75.9,63.1
amity_noida,2026-09-21T04:00,4,0,0,0,30.9,60,2.9,1075.0,34.3,1217.0,79.2,58.1
amity_noida,2026-09-21T05:00,5,0,0,0,32.1,51,4.6,1315.0,22.3,804.0,92.7,58.8
amity_noida,2026-09-21T06:00,6,0,0,0,33.0,47,5.1,1580.0,12.9,506.0,108.5,64.3
amity_noida,2026-09-21T07:00,7,0,1,1,33.3,45,3.9,1715.0,8.2,426.0,116.9,66.4
amity_noida,2026-09-21T08:00,8,0,1,1,33.7,43,3.5,1785.0,6.1,460.0,119.7,67.1
amity_noida,2026-09-21T09:00,9,0,1,1,33.8,43,3.7,1860.0,7.2,525.0,114.6,66.8
amity_noida,2026-09-21T10:00,10,0,1,0,33.5,44,5.3,1750.0,12.8,590.0,113.9,67.1
amity_noida,2026-09-21T11:00,11,0,1,0,32.9,46,7.0,1615.0,21.6,686.0,109.4,69.2
amity_noida,2026-09-21T12:00,12,0,1,0,32.6,49,7.7,580.0,27.4,818.0,110.1,76.1
amity_noida,2026-09-21T13:00,13,0,1,0,31.5,52,6.9,355.0,41.7,1013.0,119.2,89.2
amity_noida,2026-09-21T14:00,14,0,0,0,30.9,55,5.9,345.0,61.7,1244.0,128.1,99.0
amity_noida,2026-09-21T15:00,15,0,0,0,29.9,61,4.0,170.0,79.0,1434.0,130.4,102.9
amity_noida,2026-09-21T16:00,16,0,0,0,29.3,65,3.4,80.0,91.0,1567.0,134.6,108.5
amity_noida,2026-09-21T17:00,17,0,0,0,28.8,67,2.9,65.0,100.3,1659.0,148.5,121.5
amity_noida,2026-09-21T18:00,18,0,0,0,28.8,71,1.9,40.0,106.8,1684.0,160.7,131.8
amity_noida,2026-09-21T19:00,19,0,0,0,28.1,72,0.9,20.0,109.7,1610.0,167.2,136.4
amity_noida,2026-09-21T20:00,20,0,0,0,27.5,74,1.5,35.0,109.7,1470.0,170.0,137.8
amity_noida,2026-09-21T21:00,21,0,0,0,26.9,77,2.6,40.0,108.6,1336.0,170.0,137.8
amity_noida,2026-09-21T22:00,22,0,0,0,26.3,80,3.1,55.0,108.0,1209.0,169.0,136.9
amity_noida,2026-09-21T23:00,23,0,0,0,26.0,81,1.4,40.0,106.3,1087.0,168.1,136.0
amity_noida,2026-09-22T00:00,0,1,0,0,26.0,85,2.4,35.0,95.8,1039.0,157.4,126.7
amity_noida,2026-09-22T01:00,1,1,0,0,25.9,84,2.0,35.0,86.9,1156.0,144.4,114.8
amity_noida,2026-09-22T02:00,2,1,0,0,27.2,78,1.6,75.0,74.0,1347.0,139.2,108.0
amity_noida,2026-09-22T03:00,3,1,0,0,29.4,68,1.4,180.0,59.7,1409.0,148.1,89.6
amity_noida,2026-09-22T04:00,4,1,0,0,31.6,55,0.4,1065.0,42.6,1205.0,148.5,70.8
amity_noida,2026-09-22T05:00,5,1,0,0,33.0,48,1.7,1320.0,24.1,872.0,136.0,67.1
amity_noida,2026-09-22T06:00,6,1,0,0,34.4,42,2.1,1680.0,10.7,622.0,120.6,64.3
amity_noida,2026-09-22T07:00,7,1,1,1,35.2,40,2.9,1825.0,5.3,551.0,116.4,62.9
amity_noida,2026-09-22T08:00,8,1,1,1,35.8,37,4.3,1985.0,5.0,563.0,110.4,61.0
amity_noida,2026-09-22T09:00,9,1,1,1,36.1,35,7.0,2060.0,7.5,576.0,105.2,58.4
amity_noida,2026-09-22T10:00,10,1,1,0,35.9,34,8.9,2010.0,12.8,551.0,121.1,57.3
amity_noida,2026-09-22T11:00,11,1,1,0,35.3,35,10.0,1835.0,20.8,527.0,119.0,55.6
amity_noida,2026-09-22T12:00,12,1,1,0,34.1,45,9.6,1305.0,25.5,539.0,101.7,55.4
amity_noida,2026-09-22T13:00,13,1,1,0,32.8,51,6.7,430.0,36.8,604.0,108.7,60.3
amity_noida,2026-09-22T14:00,14,1,0,0,31.9,56,4.4,190.0,52.7,705.0,114.8,65.4
amity_noida,2026-09-22T15:00,15,1,0,0,31.1,62,3.1,105.0,66.4,825.0,118.3,68.7
amity_noida,2026-09-22T16:00,16,1,0,0,30.6,67,1.9,60.0,75.4,985.0,120.1,72.6
amity_noida,2026-09-22T17:00,17,1,0,0,30.2,70,0.2,15.0,82.3,1164.0,124.3,77.1
amity_noida,2026-09-22T18:00,18,1,0,0,30.1,74,1.9,45.0,88.1,1286.0,132.2,83.6
amity_noida,2026-09-22T19:00,19,1,0,0,29.3,75,1.3,30.0,93.7,1305.0,141.1,89.6
amity_noida,2026-09-22T20:00,20,1,0,0,28.8,77,1.6,40.0,98.2,1268.0,150.4,96.9
amity_noida,2026-09-22T21:00,21,1,0,0,27.9,81,3.7,85.0,100.0,1233.0,155.5,102.2
amity_noida,2026-09-22T22:00,22,1,0,0,27.2,84,3.7,105.0,99.0,1220.0,156.9,105.2
amity_noida,2026-09-22T23:00,23,1,0,0,26.5,87,2.8,75.0,95.4,1211.0,158.3,107.3
amity_noida,2026-09-23T00:00,0,2,0,0,26.5,85,2.2,45.0,51.5,1205.0,122.9,72.9
amity_noida,2026-09-23T01:00,1,2,0,0,26.1,86,2.3,30.0,48.6,1227.0,131.8,80.3
amity_noida,2026-09-23T02:00,2,2,0,0,27.6,79,2.0,65.0,44.2,1252.0,127.6,82.9
amity_noida,2026-09-23T03:00,3,2,0,0,29.8,66,2.4,360.0,38.3,1213.0,117.3,65.2
amity_noida,2026-09-23T04:00,4,2,0,0,31.5,56,2.0,985.0,29.5,1045.0,119.7,58.0
amity_noida,2026-09-23T05:00,5,2,0,0,32.9,51,1.0,1105.0,19.1,813.0,114.1,55.5
amity_noida,2026-09-23T06:00,6,2,0,0,34.4,48,0.9,1465.0,11.3,636.0,105.7,53.6
amity_noida,2026-09-23T07:00,7,2,1,1,35.8,40,0.4,1835.0,7.4,563.0,99.2,52.5
amity_noida,2026-09-23T08:00,8,2,1,1,36.4,36,1.1,2110.0,6.1,546.0,90.3,50.8
amity_noida,2026-09-23T09:00,9,2,1,1,36.6,33,0.9,2185.0,7.8,564.0,84.3,50.1
amity_noida,2026-09-23T10:00,10,2,1,0,36.4,32,2.5,2140.0,11.5,601.0,82.7,51.2
amity_noida,2026-09-23T11:00,11,2,1,0,35.8,34,5.4,2060.0,18.2,672.0,82.2,52.9
amity_noida,2026-09-23T12:00,12,2,1,0,34.7,39,6.8,1790.0,30.3,801.0,79.6,56.7
amity_noida,2026-09-23T13:00,13,2,1,0,32.5,50,8.2,450.0,50.6,1055.0,94.1,71.9
amity_noida,2026-09-23T14:00,14,2,0,0,31.8,50,5.3,275.0,78.0,1367.0,111.5,88.2
amity_noida,2026-09-23T15:00,15,2,0,0,31.1,52,4.5,150.0,94.2,1558.0,122.5,98.5
amity_noida,2026-09-23T16:00,16,2,0,0,30.4,55,5.1,90.0,89.3,1533.0,129.0,101.0
amity_noida,2026-09-23T17:00,17,2,0,0,29.4,61,5.1,95.0,73.3,1386.0,131.3,97.3
amity_noida,2026-09-23T18:00,18,2,0,0,29.2,66,6.1,85.0,57.8,1221.0,130.9,90.3
amity_noida,2026-09-23T19:00,19,2,0,0,27.7,76,3.8,60.0,46.0,1053.0,132.2,83.1
amity_noida,2026-09-23T20:00,20,2,0,0,27.3,78,4.3,80.0,34.8,867.0,170.9,79.6
amity_noida,2026-09-23T21:00,21,2,0,0,26.9,78,5.8,150.0,26.6,720.0,202.1,77.5
amity_noida,2026-09-23T22:00,22,2,0,0,26.3,80,6.8,185.0,23.3,638.0,171.8,68.2
amity_noida,2026-09-23T23:00,23,2,0,0,25.8,84,5.6,145.0,23.0,595.0,136.0,59.4
amity_noida,2026-09-24T00:00,0,3,0,0,26.6,85,1.9,75.0,37.3,570.0,106.6,68.5
amity_noida,2026-09-24T01:00,1,3,0,0,25.7,88,7.1,150.0,34.7,572.0,106.9,72.6
amity_noida,2026-09-24T02:00,2,3,0,0,26.6,86,6.9,275.0,30.9,591.0,119.0,71.0
amity_noida,2026-09-24T03:00,3,3,0,0,27.8,81,10.3,505.0,26.2,584.0,164.4,60.1
amity_noida,2026-09-24T04:00,4,3,0,0,29.0,74,10.4,640.0,19.8,517.0,59.6,36.0
amity_noida,2026-09-24T05:00,5,3,0,0,30.4,68,7.7,770.0,12.4,423.0,41.0,29.8
amity_noida,2026-09-24T06:00,6,3,0,0,32.1,55,7.5,1265.0,7.1,355.0,36.4,27.8
amity_noida,2026-09-24T07:00,7,3,1,1,33.1,48,6.7,1415.0,4.7,334.0,36.6,28.3
amity_noida,2026-09-24T08:00,8,3,1,1,33.7,44,5.0,1520.0,4.2,338.0,60.5,31.4
amity_noida,2026-09-24T09:00,9,3,1,1,33.9,43,5.8,1615.0,6.1,354.0,70.3,33.1
amity_noida,2026-09-24T10:00,10,3,1,0,33.8,43,6.7,1740.0,11.3,375.0,55.5,31.5
amity_noida,2026-09-24T11:00,11,3,1,0,32.6,49,9.3,1185.0,18.7,408.0,50.5,32.0
amity_noida,2026-09-24T12:00,12,3,1,0,33.0,45,7.9,1390.0,24.3,457.0,158.8,53.4
amity_noida,2026-09-24T13:00,13,3,1,0,31.4,53,7.8,310.0,27.9,542.0,187.2,60.3
amity_noida,2026-09-24T14:00,14,3,0,0,30.1,62,10.0,360.0,32.8,642.0,248.7,66.6
amity_noida,2026-09-24T15:00,15,3,0,0,29.0,66,10.0,340.0,35.5,706.0,269.2,67.3
amity_noida,2026-09-24T16:00,16,3,0,0,28.6,67,10.3,395.0,34.3,707.0,271.0,65.9
amity_noida,2026-09-24T17:00,17,3,0,0,28.1,68,11.0,455.0,31.0,670.0,276.6,64.5
amity_noida,2026-09-24T18:00,18,3,0,0,28.3,73,11.3,610.0,27.5,622.0,290.6,62.9
amity_noida,2026-09-24T19:00,19,3,0,0,27.3,78,10.8,565.0,23.9,556.0,321.3,61.7
amity_noida,2026-09-24T20:00,20,3,0,0,26.6,82,10.3,530.0,20.0,479.0,335.3,59.8
amity_noida,2026-09-24T21:00,21,3,0,0,25.9,85,9.8,480.0,17.8,428.0,316.6,55.8
amity_noida,2026-09-24T22:00,22,3,0,0,25.3,86,8.7,465.0,18.5,434.0,253.3,47.7
amity_noida,2026-09-24T23:00,23,3,0,0,24.8,87,6.8,455.0,20.9,467.0,162.5,37.4
amity_noida,2026-09-25T00:00,0,4,0,0,25.3,84,8.8,555.0,14.9,480.0,298.0,46.9
amity_noida,2026-09-25T01:00,1,4,0,0,24.8,85,9.0,560.0,15.3,450.0,262.6,44.7
amity_noida,2026-09-25T02:00,2,4,0,0,25.3,81,9.1,620.0,15.6,400.0,199.3,37.6
amity_noida,2026-09-25T03:00,3,4,0,0,26.4,75,10.7,650.0,15.1,352.0,175.6,32.5
amity_noida,2026-09-25T04:00,4,4,0,0,27.6,68,10.8,755.0,12.8,311.0,201.2,34.7
amity_noida,2026-09-25T05:00,5,4,0,0,29.1,62,12.0,940.0,9.6,273.0,235.6,39.3
amity_noida,2026-09-25T06:00,6,4,0,0,30.1,55,14.8,1325.0,7.1,247.0,244.0,41.2
amity_noida,2026-09-25T07:00,7,4,1,1,30.4,54,12.0,1415.0,5.7,236.0,253.3,41.7
amity_noida,2026-09-25T08:00,8,4,1,1,31.0,51,8.8,1565.0,5.0,236.0,113.6,27.1
amity_noida,2026-09-25T09:00,9,4,1,1,31.1,51,5.9,1510.0,5.5,251.0,83.6,23.0
amity_noida,2026-09-25T10:00,10,4,1,0,30.8,53,4.4,1230.0,7.3,284.0,83.8,22.8
amity_noida,2026-09-25T11:00,11,4,1,0,30.5,54,4.6,1110.0,10.3,330.0,101.0,24.4
amity_noida,2026-09-25T12:00,12,4,1,0,29.6,62,3.9,1050.0,13.9,379.0,362.3,53.4
amity_noida,2026-09-25T13:00,13,4,1,0,28.5,69,3.4,100.0,19.8,437.0,279.4,53.1
amity_noida,2026-09-25T14:00,14,4,0,0,27.8,73,5.6,235.0,28.1,498.0,298.0,59.0
amity_noida,2026-09-25T15:00,15,4,0,0,27.2,76,5.2,205.0,35.1,532.0,280.3,59.4
amity_noida,2026-09-25T16:00,16,4,0,0,26.5,78,8.8,560.0,39.8,519.0,210.9,53.9
amity_noida,2026-09-25T17:00,17,4,0,0,25.8,77,10.1,520.0,43.3,478.0,155.5,50.5
amity_noida,2026-09-25T18:00,18,4,0,0,25.2,81,10.3,425.0,44.6,438.0,142.0,50.6
amity_noida,2026-09-25T19:00,19,4,0,0,24.5,82,5.7,305.0,42.7,401.0,117.8,49.2
amity_noida,2026-09-25T20:00,20,4,0,0,24.2,82,3.3,265.0,38.8,365.0,108.5,44.8
amity_noida,2026-09-25T21:00,21,4,0,0,23.8,83,3.5,310.0,34.8,347.0,126.2,43.7
amity_noida,2026-09-25T22:00,22,4,0,0,23.4,83,3.4,260.0,31.1,353.0,153.7,44.4
amity_noida,2026-09-25T23:00,23,4,0,0,23.0,85,2.4,115.0,27.5,378.0,232.4,50.6
amity_noida,2026-09-26T00:00,0,5,0,0,23.4,79,4.6,275.0,41.6,422.0,67.5,39.5
amity_noida,2026-09-26T01:00,1,5,0,0,23.4,79,4.0,215.0,41.7,507.0,70.1,43.4
amity_noida,2026-09-26T02:00,2,5,0,0,23.7,78,2.6,390.0,41.6,610.0,64.0,41.7
amity_noida,2026-09-26T03:00,3,5,0,0,24.6,76,0.9,310.0,40.5,666.0,62.6,40.3
amity_noida,2026-09-26T04:00,4,5,0,0,26.4,70,2.8,370.0,37.5,636.0,89.9,42.0
amity_noida,2026-09-26T05:00,5,5,0,0,27.9,67,4.9,770.0,33.5,558.0,75.9,39.8
amity_noida,2026-09-26T06:00,6,5,0,0,27.2,66,7.1,740.0,29.6,483.0,76.8,45.3
amity_noida,2026-09-26T07:00,7,5,1,1,28.7,62,11.0,1285.0,25.5,417.0,80.8,51.5
amity_noida,2026-09-26T08:00,8,5,1,1,28.8,58,12.7,1420.0,21.5,353.0,80.6,54.5
amity_noida,2026-09-26T09:00,9,5,1,1,28.2,59,12.3,1070.0,19.9,322.0,77.5,55.1
amity_noida,2026-09-26T10:00,10,5,1,0,26.9,60,12.9,995.0,21.7,342.0,72.4,54.0
amity_noida,2026-09-26T11:00,11,5,1,0,25.5,68,11.6,830.0,25.7,395.0,66.8,52.0
amity_noida,2026-09-26T12:00,12,5,1,0,23.3,85,13.3,765.0,31.5,459.0,100.4,67.5
amity_noida,2026-09-26T13:00,13,5,1,0,22.7,90,10.4,705.0,34.5,529.0,54.7,51.8
amity_noida,2026-09-26T14:00,14,5,0,0,22.6,92,9.5,395.0,38.8,609.0,51.0,49.6
amity_noida,2026-09-26T15:00,15,5,0,0,22.8,87,11.5,560.0,42.4,689.0,49.8,48.8
amity_noida,2026-09-26T16:00,16,5,0,0,22.7,85,10.8,345.0,44.8,786.0,50.4,49.1
amity_noida,2026-09-26T17:00,17,5,0,0,22.2,87,10.5,325.0,46.5,883.0,52.2,50.1
amity_noida,2026-09-26T18:00,18,5,0,0,22.3,92,10.5,510.0,47.6,924.0,52.0,49.7
amity_noida,2026-09-26T19:00,19,5,0,0,22.1,93,8.5,300.0,48.1,860.0,48.9,47.3
amity_noida,2026-09-26T20:00,20,5,0,0,22.4,90,6.9,285.0,48.0,741.0,48.3,47.1
amity_noida,2026-09-26T21:00,21,5,0,0,22.5,88,6.1,180.0,47.4,656.0,50.9,49.7
amity_noida,2026-09-26T22:00,22,5,0,0,22.7,88,3.3,65.0,46.8,654.0,54.2,52.3
amity_noida,2026-09-26T23:00,23,5,0,0,22.8,87,5.5,115.0,45.8,687.0,58.1,54.5
amity_noida,2026-09-27T00:00,0,6,0,0,22.3,93,5.0,185.0,24.8,699.0,24.3,23.9
amity_noida,2026-09-27T01:00,1,6,0,0,22.2,93,10.0,230.0,25.0,664.0,28.9,28.5
amity_noida,2026-09-27T02:00,2,6,0,0,22.9,90,3.9,270.0,25.2,607.0,27.6,27.4
amity_noida,2026-09-27T03:00,3,6,0,0,24.0,85,4.1,260.0,24.3,552.0,26.5,26.3
amity_noida,2026-09-27T04:00,4,6,0,0,25.7,78,5.1,470.0,21.7,507.0,23.3,22.8
amity_noida,2026-09-27T05:00,5,6,0,0,27.1,70,7.2,845.0,18.0,464.0,25.0,21.0
amity_noida,2026-09-27T06:00,6,6,0,0,27.8,64,8.8,1060.0,14.6,420.0,45.3,23.2
amity_noida,2026-09-27T07:00,7,6,0,0,28.2,61,8.4,1075.0,11.4,362.0,97.1,30.2
amity_noida,2026-09-27T08:00,8,6,0,0,28.3,61,9.0,1105.0,8.4,302.0,160.2,38.3
amity_noida,2026-09-27T09:00,9,6,0,0,28.4,60,8.9,1005.0,7.3,276.0,245.9,45.6
amity_noida,2026-09-27T10:00,10,6,0,0,28.1,61,9.4,895.0,8.6,303.0,311.1,50.1
amity_noida,2026-09-27T11:00,11,6,0,0,27.3,63,8.5,735.0,11.7,362.0,329.7,50.1
amity_noida,2026-09-27T12:00,12,6,0,0,25.9,74,12.7,625.0,18.8,430.0,207.7,47.7
amity_noida,2026-09-27T13:00,13,6,0,0,24.5,81,9.7,435.0,25.2,511.0,184.4,48.8
amity_noida,2026-09-27T14:00,14,6,0,0,23.9,83,7.1,370.0,34.1,601.0,163.9,49.1
amity_noida,2026-09-27T15:00,15,6,0,0,23.3,87,6.1,295.0,40.6,655.0,149.5,47.5
amity_noida,2026-09-27T16:00,16,6,0,0,23.0,90,4.6,215.0,42.5,645.0,133.6,45.4
amity_noida,2026-09-27T17:00,17,6,0,0,22.6,93,5.2,190.0,42.2,600.0,89.9,41.4
amity_noida,2026-09-27T18:00,18,6,0,0,23.8,94,3.0,150.0,41.8,564.0,59.4,38.1
amity_noida,2026-09-27T19:00,19,6,0,0,23.1,96,3.1,110.0,41.9,556.0,51.0,37.1
amity_noida,2026-09-27T20:00,20,6,0,0,23.0,98,6.3,265.0,42.1,559.0,47.3,39.1
amity_noida,2026-09-27T21:00,21,6,0,0,22.8,98,6.0,225.0,43.1,560.0,46.7,41.3
amity_noida,2026-09-27T22:00,22,6,0,0,22.3,99,5.5,185.0,46.8,556.0,48.9,44.1
amity_noida,2026-09-27T23:00,23,6,0,0,22.0,98,4.0,165.0,51.3,552.0,51.5,47.1
amity_noida,2026-09-28T00:00,0,0,0,0,23.1,96,2.3,120.0,31.2,549.0,57.9,33.4
amity_noida,2026-09-28T01:00,1,0,0,0,23.0,95,1.9,120.0,30.7,548.0,52.4,37.6
amity_noida,2026-09-28T02:00,2,0,0,0,23.5,92,1.5,160.0,29.9,548.0,42.6,36.3
amity_noida,2026-09-28T03:00,3,0,0,0,24.1,89,3.5,325.0,27.8,548.0,32.4,28.1
amity_noida,2026-09-28T04:00,4,0,0,0,25.4,82,3.9,645.0,23.5,549.0,38.6,30.5
amity_noida,2026-09-28T05:00,5,0,0,0,26.6,75,4.4,810.0,18.0,550.0,47.1,33.9
amity_noida,2026-09-28T06:00,6,0,0,0,27.4,63,9.7,1010.0,13.5,544.0,53.2,37.3
amity_noida,2026-09-28T07:00,7,0,1,1,28.2,60,10.8,1080.0,10.1,519.0,55.9,39.1
amity_noida,2026-09-28T08:00,8,0,1,1,28.1,62,11.8,970.0,7.7,487.0,56.9,40.5
amity_noida,2026-09-28T09:00,9,0,1,1,28.7,58,12.6,960.0,8.6,484.0,56.8,40.6
amity_noida,2026-09-28T10:00,10,0,1,0,28.1,61,14.9,980.0,13.1,523.0,54.8,39.9
amity_noida,2026-09-28T11:00,11,0,1,0,26.3,74,12.5,685.0,20.9,590.0,53.3,39.3
amity_noida,2026-09-28T12:00,12,0,1,0,24.5,82,12.3,720.0,31.1,681.0,35.6,32.7
amity_noida,2026-09-28T13:00,13,0,1,0,24.0,84,4.9,500.0,43.7,829.0,41.2,38.4
amity_noida,2026-09-28T14:00,14,0,0,0,23.5,87,4.9,330.0,60.8,1002.0,52.0,49.6
amity_noida,2026-09-28T15:00,15,0,0,0,23.1,89,7.1,240.0,71.7,1097.0,58.7,56.6
amity_noida,2026-09-28T16:00,16,0,0,0,22.9,90,8.1,255.0,70.9,1058.0,59.8,57.6
amity_noida,2026-09-28T17:00,17,0,0,0,22.7,92,8.2,290.0,64.0,941.0,60.5,56.1
amity_noida,2026-09-28T18:00,18,0,0,0,23.1,90,8.4,355.0,56.4,819.0,61.9,54.0
amity_noida,2026-09-28T19:00,19,0,0,0,22.5,94,7.7,300.0,49.3,701.0,62.4,52.5
amity_noida,2026-09-28T20:00,20,0,0,0,22.3,94,7.2,265.0,41.6,577.0,62.4,51.8
amity_noida,2026-09-28T21:00,21,0,0,0,22.2,94,7.9,250.0,35.6,489.0,61.7,51.3
amity_noida,2026-09-28T22:00,22,0,0,0,22.1,94,8.0,255.0,32.4,449.0,67.8,51.8
amity_noida,2026-09-28T23:00,23,0,0,0,22.0,94,7.7,215.0,31.0,445.0,64.7,52.3
amity_noida,2026-09-29T00:00,0,1,0,0,22.3,94,6.6,170.0,33.2,485.0,70.5,54.4
amity_noida,2026-09-29T01:00,1,1,0,0,22.1,95,6.9,160.0,32.3,612.0,71.7,57.2
amity_noida,2026-09-29T02:00,2,1,0,0,23.0,91,6.0,230.0,30.8,782.0,68.7,54.0
amity_noida,2026-09-29T03:00,3,1,0,0,24.4,84,6.3,360.0,28.0,871.0,60.1,44.1
amity_noida,2026-09-29T04:00,4,1,0,0,25.9,76,7.6,605.0,22.7,801.0,57.2,34.3
amity_noida,2026-09-29T05:00,5,1,0,0,27.3,68,9.1,700.0,16.0,651.0,257.0,52.6
amity_noida,2026-09-29T06:00,6,1,0,0,29.2,62,9.8,1150.0,10.7,529.0,340.9,60.5
amity_noida,2026-09-29T07:00,7,1,1,1,29.9,57,10.3,1315.0,7.4,468.0,383.7,65.0
amity_noida,2026-09-29T08:00,8,1,1,1,30.5,54,11.5,1415.0,5.6,436.0,422.8,68.5
amity_noida,2026-09-29T09:00,9,1,1,1,30.9,52,11.8,1430.0,6.3,447.0,455.4,72.2
amity_noida,2026-09-29T10:00,10,1,1,0,30.9,52,11.8,1440.0,10.8,527.0,495.5,77.8
amity_noida,2026-09-29T11:00,11,1,1,0,30.4,55,10.4,1345.0,17.7,649.0,551.3,89.4
amity_noida,2026-09-29T12:00,12,1,1,0,29.5,59,10.6,1140.0,21.9,754.0,386.5,69.8
amity_noida,2026-09-29T13:00,13,1,1,0,28.0,66,7.1,245.0,29.5,827.0,372.5,76.4
amity_noida,2026-09-29T14:00,14,1,0,0,27.4,70,7.8,235.0,39.8,882.0,341.8,79.9
amity_noida,2026-09-29T15:00,15,1,0,0,26.8,72,7.9,230.0,46.3,899.0,337.1,82.7
amity_noida,2026-09-29T16:00,16,1,0,0,26.1,76,7.4,180.0,45.6,860.0,339.9,84.3
amity_noida,2026-09-29T17:00,17,1,0,0,25.5,78,7.1,145.0,41.0,785.0,345.5,85.2
amity_noida,2026-09-29T18:00,18,1,0,0,25.6,79,8.7,270.0,36.0,708.0,347.4,84.1
amity_noida,2026-09-29T19:00,19,1,0,0,24.8,82,8.4,200.0,31.1,635.0,343.7,81.5
amity_noida,2026-09-29T20:00,20,1,0,0,24.4,83,8.4,190.0,25.7,561.0,337.1,78.5
amity_noida,2026-09-29T21:00,21,1,0,0,24.0,84,8.0,180.0,21.8,511.0,326.9,75.2
amity_noida,2026-09-29T22:00,22,1,0,0,23.7,85,7.3,155.0,19.9,483.0,305.5,70.8
amity_noida,2026-09-29T23:00,23,1,0,0,23.3,87,7.1,140.0,19.4,478.0,276.6,66.1
amity_noida,2026-09-30T00:00,0,2,0,0,24.1,86,7.3,125.0,20.8,525.0,204.4,57.9
amity_noida,2026-09-30T01:00,1,2,0,0,23.7,88,7.6,125.0,23.8,685.0,197.0,58.7
amity_noida,2026-09-30T02:00,2,2,0,0,24.6,86,7.7,195.0,27.6,896.0,244.9,68.7
amity_noida,2026-09-30T03:00,3,2,0,0,26.3,79,6.7,425.0,28.3,1000.0,225.4,62.6
amity_noida,2026-09-30T04:00,4,2,0,0,27.9,71,8.3,765.0,22.9,896.0,236.1,58.8
amity_noida,2026-09-30T05:00,5,2,0,0,29.3,64,10.0,1045.0,14.4,686.0,275.7,62.2
amity_noida,2026-09-30T06:00,6,2,0,0,31.4,54,13.3,1465.0,7.9,516.0,341.8,69.8
amity_noida,2026-09-30T07:00,7,2,1,1,32.2,45,14.8,1525.0,4.8,429.0,415.4,78.5
amity_noida,2026-09-30T08:00,8,2,1,1,32.7,42,13.9,1615.0,3.8,382.0,474.0,85.9
amity_noida,2026-09-30T09:00,9,2,1,1,32.8,41,13.4,1710.0,5.7,398.0,510.4,89.9
amity_noida,2026-09-30T10:00,10,2,1,0,32.6,41,12.6,1635.0,11.5,502.0,527.1,92.9
amity_noida,2026-09-30T11:00,11,2,1,0,31.8,46,11.2,1335.0,20.3,669.0,521.5,96.9
amity_noida,2026-09-30T12:00,12,2,1,0,30.6,50,10.3,615.0,26.7,848.0,529.0,95.0
amity_noida,2026-09-30T13:00,13,2,1,0,29.0,58,6.9,185.0,37.6,1062.0,452.6,95.2
amity_noida,2026-09-30T14:00,14,2,0,0,28.1,63,6.2,125.0,52.7,1287.0,431.2,99.7
amity_noida,2026-09-30T15:00,15,2,0,0,27.5,67,7.6,160.0,64.8,1400.0,404.2,102.0
amity_noida,2026-09-30T16:00,16,2,0,0,26.9,69,7.3,175.0,71.9,1317.0,407.9,107.6
amity_noida,2026-09-30T17:00,17,2,0,0,26.2,72,6.3,145.0,76.0,1122.0,434.0,114.8
amity_noida,2026-09-30T18:00,18,2,0,0,26.3,73,6.0,110.0,75.9,945.0,442.4,117.1
amity_noida,2026-09-30T19:00,19,2,0,0,25.5,76,5.4,80.0,69.3,827.0,432.1,114.1
amity_noida,2026-09-30T20:00,20,2,0,0,25.0,78,5.3,75.0,58.6,726.0,410.7,109.9
amity_noida,2026-09-30T21:00,21,2,0,0,24.6,79,6.2,80.0,49.3,647.0,378.1,105.0
amity_noida,2026-09-30T22:00,22,2,0,0,24.3,81,7.3,90.0,43.1,571.0,342.7,99.9
amity_noida,2026-09-30T23:00,23,2,0,0,23.8,83,8.0,95.0,38.4,517.0,331.6,97.1
amity_noida,2026-10-01T00:00,0,3,0,0,24.4,84,7.9,90.0,28.7,549.0,366.9,97.8
amity_noida,2026-10-01T01:00,1,3,0,0,24.2,85,7.2,80.0,31.2,769.0,312.0,94.3
amity_noida,2026-10-01T02:00,2,3,0,0,25.3,83,7.6,115.0,34.2,1074.0,328.8,99.4
amity_noida,2026-10-01T03:00,3,3,0,0,27.3,78,6.3,260.0,33.7,1221.0,329.7,98.3
amity_noida,2026-10-01T04:00,4,3,0,0,29.2,69,8.1,720.0,26.4,1052.0,274.7,78.7
amity_noida,2026-10-01T05:00,5,3,0,0,30.5,62,9.3,995.0,15.5,725.0,286.8,74.7
amity_noida,2026-10-01T06:00,6,3,0,0,32.5,50,12.2,1725.0,7.4,467.0,328.8,78.2
amity_noida,2026-10-01T07:00,7,3,1,1,33.3,44,13.5,1865.0,3.9,347.0,394.9,80.1
amity_noida,2026-10-01T08:00,8,3,1,1,33.7,37,14.5,1850.0,3.0,295.0,448.9,81.5
amity_noida,2026-10-01T09:00,9,3,1,1,33.7,34,14.1,1865.0,5.1,330.0,465.7,81.7
amity_noida,2026-10-01T10:00,10,3,1,0,33.3,35,13.3,1750.0,11.0,503.0,493.6,86.1
amity_noida,2026-10-01T11:00,11,3,1,0,32.6,40,9.4,1490.0,19.8,762.0,448.9,83.8
amity_noida,2026-10-01T12:00,12,3,1,0,32.0,41,10.0,350.0,28.5,969.0,402.3,77.5
amity_noida,2026-10-01T13:00,13,3,1,0,30.5,48,9.0,215.0,38.4,1077.0,373.5,81.5
amity_noida,2026-10-01T14:00,14,3,0,0,29.8,53,9.7,325.0,51.9,1133.0,371.6,88.0
amity_noida,2026-10-01T15:00,15,3,0,0,29.1,56,10.9,315.0,61.0,1133.0,379.0,93.6
amity_noida,2026-10-01T16:00,16,3,0,0,28.3,58,9.1,230.0,61.9,1056.0,390.2,97.8
amity_noida,2026-10-01T17:00,17,3,0,0,27.5,62,8.2,170.0,58.4,925.0,391.2,99.9
amity_noida,2026-10-01T18:00,18,3,0,0,27.3,67,5.0,100.0,53.9,800.0,374.4,98.0
amity_noida,2026-10-01T19:00,19,3,0,0,26.3,73,4.2,55.0,48.9,699.0,330.6,92.0
amity_noida,2026-10-01T20:00,20,3,0,0,25.7,76,4.9,50.0,42.9,606.0,277.5,85.2
amity_noida,2026-10-01T21:00,21,3,0,0,25.0,79,6.7,60.0,38.4,530.0,223.5,78.9
amity_noida,2026-10-01T22:00,22,3,0,0,24.5,81,7.6,70.0,36.3,449.0,187.7,74.0
amity_noida,2026-10-01T23:00,23,3,0,0,24.2,81,7.7,75.0,35.5,386.0,173.2,71.0
amity_noida,2026-10-02T00:00,0,4,0,0,24.5,82,7.6,75.0,31.0,421.0,326.9,91.0
amity_noida,2026-10-02T01:00,1,4,0,0,24.3,83,7.7,80.0,33.9,670.0,277.5,87.8
amity_noida,2026-10-02T02:00,2,4,0,0,25.4,80,8.3,110.0,37.5,1018.0,313.9,94.3
amity_noida,2026-10-02T03:00,3,4,0,0,27.2,75,6.0,210.0,37.1,1192.0,341.8,99.9
amity_noida,2026-10-02T04:00,4,4,0,0,29.3,66,6.7,495.0,28.8,1022.0,285.9,82.4
amity_noida,2026-10-02T05:00,5,4,0,0,30.9,57,7.7,870.0,16.5,679.0,293.4,76.1
amity_noida,2026-10-02T06:00,6,4,0,0,33.5,42,11.9,1860.0,7.3,408.0,303.6,71.5
amity_noida,2026-10-02T07:00,7,4,1,1,34.3,34,12.9,2140.0,3.5,289.0,338.1,66.6
amity_noida,2026-10-02T08:00,8,4,1,1,34.6,33,12.6,2360.0,2.7,241.0,379.0,65.7
amity_noida,2026-10-02T09:00,9,4,1,1,34.7,31,12.2,2495.0,5.1,274.0,387.4,65.0
amity_noida,2026-10-02T10:00,10,4,1,0,34.4,31,12.1,2385.0,11.0,424.0,394.9,66.4
amity_noida,2026-10-02T11:00,11,4,1,0,33.5,36,10.8,1675.0,20.0,654.0,366.0,67.8
amity_noida,2026-10-02T12:00,12,4,1,0,32.6,39,10.7,470.0,29.1,857.0,317.6,61.9
amity_noida,2026-10-02T13:00,13,4,1,0,30.7,47,6.6,135.0,39.9,1005.0,286.8,66.8
amity_noida,2026-10-02T14:00,14,4,0,0,29.7,52,5.7,85.0,55.1,1127.0,284.1,74.0
amity_noida,2026-10-02T15:00,15,4,0,0,29.3,54,6.0,135.0,68.4,1195.0,289.6,80.8
amity_noida,2026-10-02T16:00,16,4,0,0,28.8,54,7.2,120.0,78.4,1195.0,312.0,89.6
amity_noida,2026-10-02T17:00,17,4,0,0,27.8,58,6.6,85.0,86.6,1142.0,339.0,99.0
amity_noida,2026-10-02T18:00,18,4,0,0,27.6,63,6.7,75.0,91.2,1058.0,359.5,105.9
amity_noida,2026-10-02T19:00,19,4,0,0,26.8,69,4.4,55.0,91.3,930.0,369.7,108.3
amity_noida,2026-10-02T20:00,20,4,0,0,26.0,71,5.4,45.0,87.8,772.0,359.5,108.5
amity_noida,2026-10-02T21:00,21,4,0,0,25.5,72,8.0,80.0,81.6,642.0,322.2,104.5
amity_noida,2026-10-02T22:00,22,4,0,0,25.1,71,8.5,85.0,71.1,536.0,285.9,95.0
amity_noida,2026-10-02T23:00,23,4,0,0,24.8,69,8.5,80.0,58.0,458.0,260.8,86.8
amity_noida,2026-10-03T00:00,0,5,0,0,24.9,72,8.2,60.0,47.9,485.0,244.0,81.0
amity_noida,2026-10-03T01:00,1,5,0,0,24.5,73,7.4,65.0,44.9,733.0,230.5,78.2
amity_noida,2026-10-03T02:00,2,5,0,0,25.6,71,7.6,75.0,44.9,1086.0,236.1,80.8
amity_noida,2026-10-03T03:00,3,5,0,0,27.6,67,4.4,125.0,41.7,1268.0,294.3,85.9
amity_noida,2026-10-03T04:00,4,5,0,0,29.9,57,4.3,290.0,30.9,1109.0,306.4,78.7
amity_noida,2026-10-03T05:00,5,5,0,0,31.8,47,5.2,710.0,17.0,780.0,335.3,72.9
amity_noida,2026-10-03T06:00,6,5,0,0,33.0,42,6.3,1040.0,6.7,511.0,352.0,70.1
amity_noida,2026-10-03T07:00,7,5,1,1,33.8,39,7.0,1335.0,2.7,371.0,359.5,70.1
amity_noida,2026-10-03T08:00,8,5,1,1,34.6,36,7.5,1615.0,2.5,292.0,359.5,70.3
amity_noida,2026-10-03T09:00,9,5,1,1,35.1,32,9.0,1745.0,5.1,302.0,364.1,71.2
amity_noida,2026-10-03T10:00,10,5,1,0,35.0,31,10.4,1700.0,10.5,428.0,379.0,73.3
amity_noida,2026-10-03T11:00,11,5,1,0,34.2,34,9.9,1455.0,18.8,643.0,363.2,75.0
amity_noida,2026-10-03T12:00,12,5,1,0,32.4,43,6.9,230.0,29.0,893.0,302.7,74.7
amity_noida,2026-10-03T13:00,13,5,1,0,30.6,50,5.0,75.0,42.3,1195.0,283.1,79.9
amity_noida,2026-10-03T14:00,14,5,0,0,29.9,52,5.1,80.0,57.5,1531.0,271.0,84.3
amity_noida,2026-10-03T15:00,15,5,0,0,29.2,56,4.8,70.0,69.9,1794.0,267.3,89.4
amity_noida,2026-10-03T16:00,16,5,0,0,28.6,60,4.1,50.0,77.9,1966.0,275.7,95.5
amity_noida,2026-10-03T17:00,17,5,0,0,27.9,66,1.8,25.0,83.1,2065.0,290.6,101.3
amity_noida,2026-10-03T18:00,18,5,0,0,27.0,66,3.1,25.0,85.8,2040.0,303.6,105.2
amity_noida,2026-10-03T19:00,19,5,0,0,26.0,72,4.7,30.0,85.5,1831.0,317.6,106.9
amity_noida,2026-10-03T20:00,20,5,0,0,25.6,73,5.2,40.0,82.6,1497.0,326.0,107.3
amity_noida,2026-10-03T21:00,21,5,0,0,25.2,74,4.0,35.0,78.5,1165.0,324.1,105.9
amity_noida,2026-10-03T22:00,22,5,0,0,25.0,73,7.1,55.0,73.5,838.0,325.0,103.4
amity_noida,2026-10-03T23:00,23,5,0,0,24.9,67,8.1,90.0,67.2,514.0,318.5,100.6
amity_noida,2026-10-04T00:00,0,6,0,0,24.6,60,9.8,140.0,59.8,311.0,311.1,95.9
amity_noida,2026-10-04T01:00,1,6,0,0,24.4,55,10.5,170.0,50.8,331.0,348.3,95.7
amity_noida,2026-10-04T02:00,2,6,0,0,25.2,52,11.4,235.0,40.6,474.0,395.8,98.5
amity_noida,2026-10-04T03:00,3,6,0,0,27.0,50,9.0,360.0,31.1,555.0,424.7,99.9
amity_noida,2026-10-04T04:00,4,6,0,0,29.1,43,9.7,460.0,22.3,483.0,411.6,86.6
amity_noida,2026-10-04T05:00,5,6,0,0,31.0,38,10.1,590.0,14.0,350.0,480.6,90.6
amity_noida,2026-10-04T06:00,6,6,0,0,32.5,34,9.4,750.0,8.0,252.0,521.5,94.1
amity_noida,2026-10-04T07:00,7,6,0,0,33.8,32,8.5,940.0,4.6,224.0,516.0,89.4
amity_noida,2026-10-04T08:00,8,6,0,0,34.6,31,8.4,1140.0,3.4,230.0,495.5,83.8
amity_noida,2026-10-04T09:00,9,6,0,0,34.9,32,8.9,1450.0,4.7,263.0,470.3,78.5
amity_noida,2026-10-04T10:00,10,6,0,0,34.8,33,9.3,1490.0,8.1,293.0,443.3,74.3
amity_noida,2026-10-04T11:00,11,6,0,0,34.4,34,9.4,1315.0,13.9,351.0,372.5,70.5
amity_noida,2026-10-04T12:00,12,6,0,0,33.2,41,5.6,500.0,23.4,513.0,320.4,70.8
amity_noida,2026-10-04T13:00,13,6,0,0,31.7,49,3.5,55.0,39.3,906.0,320.4,79.6
amity_noida,2026-10-04T14:00,14,6,0,0,30.3,52,3.9,45.0,58.8,1405.0,322.2,90.6
amity_noida,2026-10-04T15:00,15,6,0,0,29.0,61,2.1,20.0,75.3,1712.0,342.7,103.1
amity_noida,2026-10-04T16:00,16,6,0,0,27.8,67,2.7,25.0,86.8,1657.0,360.4,116.2
amity_noida,2026-10-04T17:00,17,6,0,0,26.9,73,2.8,30.0,95.2,1411.0,361.4,127.6
amity_noida,2026-10-04T18:00,18,6,0,0,26.2,78,2.2,20.0,99.4,1188.0,351.1,132.7
amity_noida,2026-10-04T19:00,19,6,0,0,25.7,79,3.8,40.0,98.3,1074.0,332.5,132.7
amity_noida,2026-10-04T20:00,20,6,0,0,25.4,80,3.1,30.0,93.0,983.0,312.9,131.8
amity_noida,2026-10-04T21:00,21,6,0,0,25.1,77,4.0,40.0,86.3,868.0,287.8,127.1
amity_noida,2026-10-04T22:00,22,6,0,0,25.4,62,7.3,105.0,78.8,671.0,249.6,114.3
amity_noida,2026-10-04T23:00,23,6,0,0,25.6,49,10.3,150.0,69.8,450.0,228.2,95.9
amity_noida,2026-10-05T00:00,0,0,0,0,25.4,48,11.5,170.0,60.6,336.0,306.4,89.2
amity_noida,2026-10-05T01:00,1,0,0,0,25.2,49,12.3,200.0,51.3,440.0,409.8,90.3
amity_noida,2026-10-05T02:00,2,0,0,0,25.9,49,11.9,250.0,41.6,650.0,480.6,94.8
amity_noida,2026-10-05T03:00,3,0,0,0,27.4,48,9.0,355.0,32.5,761.0,501.1,100.6
amity_noida,2026-10-05T04:00,4,0,0,0,29.5,43,9.9,515.0,23.4,654.0,432.1,78.9
amity_noida,2026-10-05T05:00,5,0,0,0,31.2,41,10.0,705.0,14.8,447.0,472.2,79.2
amity_noida,2026-10-05T06:00,6,0,0,0,32.7,40,9.6,970.0,8.6,290.0,512.2,82.9
amity_noida,2026-10-05T07:00,7,0,1,1,33.9,38,9.3,1240.0,4.9,229.0,516.0,84.5
amity_noida,2026-10-05T08:00,8,0,1,1,34.7,37,8.9,1465.0,3.5,218.0,478.7,82.4
amity_noida,2026-10-05T09:00,9,0,1,1,35.1,37,8.1,1625.0,6.1,265.0,423.8,78.0
amity_noida,2026-10-05T10:00,10,0,1,0,35.0,37,7.7,1730.0,14.3,407.0,371.6,73.3
amity_noida,2026-10-05T11:00,11,0,1,0,34.7,38,6.9,1725.0,26.4,608.0,293.4,69.4
amity_noida,2026-10-05T12:00,12,0,1,0,33.9,43,2.8,75.0,39.2,761.0,279.4,76.1
amity_noida,2026-10-05T13:00,13,0,1,0,31.7,50,5.4,95.0,54.4,827.0,276.6,91.7
amity_noida,2026-10-05T14:00,14,0,0,0,30.0,59,6.9,125.0,70.3,846.0,266.4,100.6
amity_noida,2026-10-05T15:00,15,0,0,0,28.9,65,4.4,55.0,78.5,832.0,259.8,104.3
amity_noida,2026-10-05T16:00,16,0,0,0,28.3,67,5.5,65.0,73.1,778.0,276.6,107.1
amity_noida,2026-10-05T17:00,17,0,0,0,27.7,70,3.1,45.0,60.0,691.0,309.2,111.1
amity_noida,2026-10-05T18:00,18,0,0,0,27.3,72,2.7,35.0,47.9,612.0,305.5,110.4
amity_noida,2026-10-05T19:00,19,0,0,0,26.6,73,5.4,80.0,39.4,551.0,322.2,110.1
amity_noida,2026-10-05T20:00,20,0,0,0,25.6,77,6.7,120.0,31.9,498.0,379.0,114.6
amity_noida,2026-10-05T21:00,21,0,0,0,24.9,81,4.6,110.0,26.3,465.0,451.7,120.6
amity_noida,2026-10-05T22:00,22,0,0,0,24.6,83,3.7,95.0,23.2,450.0,519.7,127.6
amity_noida,2026-10-05T23:00,23,0,0,0,24.4,84,3.6,95.0,22.1,456.0,508.5,125.7
dps_rk_puram,2026-09-19T00:00,0,5,0,0,25.2,89,2.8,25.0,79.9,1470.0,102.9,73.3
dps_rk_puram,2026-09-19T01:00,1,5,0,0,25.0,88,3.6,35.0,71.2,1379.0,114.1,83.6
dps_rk_puram,2026-09-19T02:00,2,5,0,0,26.2,83,4.0,65.0,58.9,1267.0,115.9,86.8
dps_rk_puram,2026-09-19T03:00,3,5,0,0,28.0,76,3.1,175.0,46.4,1129.0,110.4,66.8
dps_rk_puram,2026-09-19T04:00,4,5,0,0,29.5,66,3.6,830.0,33.9,937.0,100.4,48.8
dps_rk_puram,2026-09-19T05:00,5,5,0,0,30.6,58,4.0,1060.0,21.3,719.0,90.8,45.5
dps_rk_puram,2026-09-19T06:00,6,5,0,0,32.0,53,4.9,1460.0,12.0,561.0,100.1,48.7
dps_rk_puram,2026-09-19T07:00,7,5,1,1,32.4,51,5.3,1540.0,7.3,493.0,104.3,51.8
dps_rk_puram,2026-09-19T08:00,8,5,1,1,32.6,49,5.8,1570.0,6.0,485.0,108.0,54.7
dps_rk_puram,2026-09-19T09:00,9,5,1,1,32.7,47,5.7,1555.0,7.8,527.0,105.9,55.4
dps_rk_puram,2026-09-19T10:00,10,5,1,0,32.8,45,4.9,1585.0,11.6,641.0,103.4,55.9
dps_rk_puram,2026-09-19T11:00,11,5,1,0,32.3,47,4.9,1510.0,18.5,806.0,99.0,56.6
dps_rk_puram,2026-09-19T12:00,12,5,1,0,31.7,54,5.7,210.0,29.8,950.0,125.7,70.5
dps_rk_puram,2026-09-19T13:00,13,5,1,0,30.2,61,3.5,45.0,53.8,1027.0,129.0,81.5
dps_rk_puram,2026-09-19T14:00,14,5,0,0,29.8,63,2.5,30.0,86.4,1083.0,138.3,94.5
dps_rk_puram,2026-09-19T15:00,15,5,0,0,29.1,66,3.2,55.0,107.8,1181.0,144.8,104.5
dps_rk_puram,2026-09-19T16:00,16,5,0,0,28.3,70,4.3,80.0,107.4,1377.0,150.4,112.2
dps_rk_puram,2026-09-19T17:00,17,5,0,0,27.7,74,2.8,70.0,95.8,1614.0,148.1,113.4
dps_rk_puram,2026-09-19T18:00,18,5,0,0,27.7,78,2.9,80.0,84.3,1787.0,136.0,106.6
dps_rk_puram,2026-09-19T19:00,19,5,0,0,27.1,80,1.4,30.0,75.8,1840.0,124.8,99.2
dps_rk_puram,2026-09-19T20:00,20,5,0,0,26.7,82,1.5,25.0,67.5,1828.0,117.6,94.8
dps_rk_puram,2026-09-19T21:00,21,5,0,0,26.2,84,1.6,35.0,62.4,1816.0,113.2,92.2
dps_rk_puram,2026-09-19T22:00,22,5,0,0,25.8,86,1.5,30.0,63.6,1839.0,113.4,92.7
dps_rk_puram,2026-09-19T23:00,23,5,0,0,25.4,88,0.6,15.0,68.0,1862.0,116.4,95.9
dps_rk_puram,2026-09-20T00:00,0,6,0,0,26.3,87,0.4,15.0,69.6,1841.0,107.1,92.0
dps_rk_puram,2026-09-20T01:00,1,6,0,0,25.8,90,1.5,35.0,60.3,1767.0,108.5,94.1
dps_rk_puram,2026-09-20T02:00,2,6,0,0,26.9,86,1.5,65.0,47.1,1649.0,104.5,92.7
dps_rk_puram,2026-09-20T03:00,3,6,0,0,28.6,79,1.5,150.0,34.8,1474.0,92.2,72.6
dps_rk_puram,2026-09-20T04:00,4,6,0,0,30.5,66,3.1,950.0,24.3,1187.0,99.2,62.4
dps_rk_puram,2026-09-20T05:00,5,6,0,0,31.8,55,3.9,1260.0,14.7,843.0,97.1,56.2
dps_rk_puram,2026-09-20T06:00,6,6,0,0,32.9,47,3.7,1790.0,7.8,587.0,104.5,55.1
dps_rk_puram,2026-09-20T07:00,7,6,0,0,33.3,48,3.2,1825.0,4.6,499.0,99.0,55.5
dps_rk_puram,2026-09-20T08:00,8,6,0,0,33.6,47,2.7,1865.0,4.2,499.0,99.0,56.5
dps_rk_puram,2026-09-20T09:00,9,6,0,0,33.7,46,1.7,1895.0,5.6,502.0,103.8,56.9
dps_rk_puram,2026-09-20T10:00,10,6,0,0,33.6,45,2.6,1925.0,8.2,461.0,98.3,57.2
dps_rk_puram,2026-09-20T11:00,11,6,0,0,33.2,46,3.6,1865.0,12.7,422.0,93.6,57.4
dps_rk_puram,2026-09-20T12:00,12,6,0,0,32.8,48,6.1,1810.0,19.3,434.0,99.4,64.5
dps_rk_puram,2026-09-20T13:00,13,6,0,0,31.4,51,6.9,360.0,26.9,511.0,103.8,71.5
dps_rk_puram,2026-09-20T14:00,14,6,0,0,30.4,53,4.9,185.0,37.7,639.0,106.4,76.6
dps_rk_puram,2026-09-20T15:00,15,6,0,0,29.9,59,2.8,55.0,47.5,820.0,104.8,78.9
dps_rk_puram,2026-09-20T16:00,16,6,0,0,29.5,61,2.6,50.0,54.9,1102.0,106.2,81.7
dps_rk_puram,2026-09-20T17:00,17,6,0,0,29.1,64,1.4,30.0,61.4,1436.0,113.9,89.2
dps_rk_puram,2026-09-20T18:00,18,6,0,0,29.0,70,2.5,60.0,67.0,1682.0,122.9,97.6
dps_rk_puram,2026-09-20T19:00,19,6,0,0,28.1,71,3.5,60.0,72.0,1787.0,130.4,103.6
dps_rk_puram,2026-09-20T20:00,20,6,0,0,27.3,74,3.7,80.0,76.1,1803.0,136.4,109.0
dps_rk_puram,2026-09-20T21:00,21,6,0,0,26.8,75,2.5,75.0,79.2,1742.0,140.6,112.7
dps_rk_puram,2026-09-20T22:00,22,6,0,0,26.5,74,2.2,55.0,82.2,1550.0,143.0,115.0
dps_rk_puram,2026-09-20T23:00,23,6,0,0,26.2,75,2.6,55.0,84.0,1280.0,144.8,117.3
dps_rk_puram,2026-09-21T00:00,0,0,0,0,27.0,77,0.6,35.0,30.8,1105.0,72.4,57.3
dps_rk_puram,2026-09-21T01:00,1,0,0,0,26.5,79,1.1,35.0,35.1,1151.0,75.2,60.5
dps_rk_puram,2026-09-21T02:00,2,0,0,0,27.6,73,2.2,85.0,40.7,1291.0,77.3,65.7
dps_rk_puram,2026-09-21T03:00,3,0,0,0,28.9,69,1.5,160.0,41.8,1316.0,75.9,63.1
dps_rk_puram,2026-09-21T04:00,4,0,0,0,30.7,59,2.4,915.0,34.3,1090.0,79.2,58.1
dps_rk_puram,2026-09-21T05:00,5,0,0,0,32.0,51,3.5,1395.0,22.3,749.0,92.7,58.8
dps_rk_puram,2026-09-21T06:00,6,0,0,0,33.0,46,4.5,1575.0,12.9,497.0,108.5,64.3
dps_rk_puram,2026-09-21T07:00,7,0,1,1,33.3,44,4.1,1695.0,8.2,425.0,116.9,66.4
dps_rk_puram,2026-09-21T08:00,8,0,1,1,33.6,43,4.2,1780.0,6.1,441.0,119.7,67.1
dps_rk_puram,2026-09-21T09:00,9,0,1,1,33.7,44,5.0,1865.0,7.2,470.0,114.6,66.8
dps_rk_puram,2026-09-21T10:00,10,0,1,0,33.2,45,6.3,1725.0,12.8,470.0,113.9,67.1
dps_rk_puram,2026-09-21T11:00,11,0,1,0,32.6,48,5.6,1550.0,21.6,483.0,109.4,69.2
dps_rk_puram,2026-09-21T12:00,12,0,1,0,32.6,48,7.1,1435.0,27.4,563.0,110.1,76.1
dps_rk_puram,2026-09-21T13:00,13,0,1,0,31.5,52,5.8,390.0,41.7,771.0,119.2,89.2
dps_rk_puram,2026-09-21T14:00,14,0,0,0,30.7,56,4.7,320.0,61.7,1046.0,128.1,99.0
dps_rk_puram,2026-09-21T15:00,15,0,0,0,29.8,63,3.6,150.0,79.0,1261.0,130.4,102.9
dps_rk_puram,2026-09-21T16:00,16,0,0,0,29.4,65,2.3,90.0,91.0,1375.0,134.6,108.5
dps_rk_puram,2026-09-21T17:00,17,0,0,0,29.0,67,2.2,75.0,100.3,1428.0,148.5,121.5
dps_rk_puram,2026-09-21T18:00,18,0,0,0,29.1,69,2.1,65.0,106.8,1419.0,160.7,131.8
dps_rk_puram,2026-09-21T19:00,19,0,0,0,28.4,71,1.2,25.0,109.7,1316.0,167.2,136.4
dps_rk_puram,2026-09-21T20:00,20,0,0,0,27.9,72,1.9,55.0,109.7,1150.0,170.0,137.8
dps_rk_puram,2026-09-21T21:00,21,0,0,0,27.3,74,2.6,65.0,108.6,1008.0,170.0,137.8
dps_rk_puram,2026-09-21T22:00,22,0,0,0,27.0,75,2.4,75.0,108.0,907.0,169.0,136.9
dps_rk_puram,2026-09-21T23:00,23,0,0,0,26.7,77,1.8,70.0,106.3,829.0,168.1,136.0
dps_rk_puram,2026-09-22T00:00,0,1,0,0,26.5,81,0.6,20.0,95.8,815.0,157.4,126.7
dps_rk_puram,2026-09-22T01:00,1,1,0,0,26.3,81,0.5,15.0,86.9,933.0,144.4,114.8
dps_rk_puram,2026-09-22T02:00,2,1,0,0,27.8,72,0.4,75.0,74.0,1113.0,139.2,108.0
dps_rk_puram,2026-09-22T03:00,3,1,0,0,29.9,62,1.3,230.0,59.7,1188.0,148.1,89.6
dps_rk_puram,2026-09-22T04:00,4,1,0,0,31.9,51,0.5,1060.0,42.6,1050.0,148.5,70.8
dps_rk_puram,2026-09-22T05:00,5,1,0,0,33.2,45,2.8,1260.0,24.1,806.0,136.0,67.1
dps_rk_puram,2026-09-22T06:00,6,1,0,0,34.7,41,4.6,1890.0,10.7,609.0,120.6,64.3
dps_rk_puram,2026-09-22T07:00,7,1,1,1,34.9,41,5.0,1770.0,5.3,520.0,116.4,62.9
dps_rk_puram,2026-09-22T08:00,8,1,1,1,35.5,38,6.1,1855.0,5.0,479.0,110.4,61.0
dps_rk_puram,2026-09-22T09:00,9,1,1,1,35.8,36,7.7,1920.0,7.5,458.0,105.2,58.4
dps_rk_puram,2026-09-22T10:00,10,1,1,0,35.6,36,8.9,1860.0,12.8,446.0,121.1,57.3
dps_rk_puram,2026-09-22T11:00,11,1,1,0,34.9,39,10.1,1630.0,20.8,454.0,119.0,55.6
dps_rk_puram,2026-09-22T12:00,12,1,1,0,34.2,46,9.0,1300.0,25.5,484.0,101.7,55.4
dps_rk_puram,2026-09-22T13:00,13,1,1,0,33.0,51,7.2,1080.0,36.8,546.0,108.7,60.3
dps_rk_puram,2026-09-22T14:00,14,1,0,0,32.4,54,5.2,925.0,52.7,631.0,114.8,65.4
dps_rk_puram,2026-09-22T15:00,15,1,0,0,31.8,58,3.1,795.0,66.4,716.0,118.3,68.7
dps_rk_puram,2026-09-22T16:00,16,1,0,0,31.3,61,2.2,630.0,75.4,802.0,120.1,72.6
dps_rk_puram,2026-09-22T17:00,17,1,0,0,30.9,64,0.7,180.0,82.3,888.0,124.3,77.1
dps_rk_puram,2026-09-22T18:00,18,1,0,0,31.1,68,2.4,875.0,88.1,948.0,132.2,83.6
dps_rk_puram,2026-09-22T19:00,19,1,0,0,29.9,70,2.9,135.0,93.7,967.0,141.1,89.6
dps_rk_puram,2026-09-22T20:00,20,1,0,0,29.0,75,3.5,180.0,98.2,960.0,150.4,96.9
dps_rk_puram,2026-09-22T21:00,21,1,0,0,28.3,78,3.5,195.0,100.0,950.0,155.5,102.2
dps_rk_puram,2026-09-22T22:00,22,1,0,0,27.7,80,3.3,165.0,99.0,941.0,156.9,105.2
dps_rk_puram,2026-09-22T23:00,23,1,0,0,27.0,83,2.7,125.0,95.4,928.0,158.3,107.3
dps_rk_puram,2026-09-23T00:00,0,2,0,0,27.5,78,2.0,110.0,51.5,923.0,122.9,72.9
dps_rk_puram,2026-09-23T01:00,1,2,0,0,27.0,81,2.3,95.0,48.6,944.0,131.8,80.3
dps_rk_puram,2026-09-23T02:00,2,2,0,0,28.2,74,1.6,145.0,44.2,972.0,127.6,82.9
dps_rk_puram,2026-09-23T03:00,3,2,0,0,30.0,63,2.3,575.0,38.3,961.0,117.3,65.2
dps_rk_puram,2026-09-23T04:00,4,2,0,0,31.7,54,1.2,1035.0,29.5,874.0,119.7,58.0
dps_rk_puram,2026-09-23T05:00,5,2,0,0,33.1,48,1.7,1155.0,19.1,749.0,114.1,55.5
dps_rk_puram,2026-09-23T06:00,6,2,0,0,35.0,45,3.9,1530.0,11.3,650.0,105.7,53.6
dps_rk_puram,2026-09-23T07:00,7,2,1,1,36.0,38,4.7,1885.0,7.4,604.0,99.2,52.5
dps_rk_puram,2026-09-23T08:00,8,2,1,1,36.6,34,5.6,2160.0,6.1,584.0,90.3,50.8
dps_rk_puram,2026-09-23T09:00,9,2,1,1,36.9,33,5.9,2235.0,7.8,576.0,84.3,50.1
dps_rk_puram,2026-09-23T10:00,10,2,1,0,36.7,33,6.9,2180.0,11.5,579.0,82.7,51.2
dps_rk_puram,2026-09-23T11:00,11,2,1,0,35.9,35,9.1,2020.0,18.2,593.0,82.2,52.9
dps_rk_puram,2026-09-23T12:00,12,2,1,0,34.7,39,8.4,1635.0,30.3,609.0,79.6,56.7
dps_rk_puram,2026-09-23T13:00,13,2,1,0,32.8,45,7.6,795.0,50.6,606.0,94.1,71.9
dps_rk_puram,2026-09-23T14:00,14,2,0,0,31.7,52,3.6,525.0,78.0,604.0,111.5,88.2
dps_rk_puram,2026-09-23T15:00,15,2,0,0,31.1,54,3.9,315.0,94.2,651.0,122.5,98.5
dps_rk_puram,2026-09-23T16:00,16,2,0,0,30.5,57,4.2,210.0,89.3,811.0,129.0,101.0
dps_rk_puram,2026-09-23T17:00,17,2,0,0,29.9,61,3.9,170.0,73.3,1020.0,131.3,97.3
dps_rk_puram,2026-09-23T18:00,18,2,0,0,30.3,62,5.2,255.0,57.8,1134.0,130.9,90.3
dps_rk_puram,2026-09-23T19:00,19,2,0,0,28.6,71,4.5,135.0,46.0,1065.0,132.2,83.1
dps_rk_puram,2026-09-23T20:00,20,2,0,0,28.1,74,3.6,105.0,34.8,900.0,170.9,79.6
dps_rk_puram,2026-09-23T21:00,21,2,0,0,27.6,75,4.8,170.0,26.6,759.0,202.1,77.5
dps_rk_puram,2026-09-23T22:00,22,2,0,0,27.0,77,6.8,240.0,23.3,678.0,171.8,68.2
dps_rk_puram,2026-09-23T23:00,23,2,0,0,26.2,81,5.6,215.0,23.0,620.0,136.0,59.4
dps_rk_puram,2026-09-24T00:00,0,3,0,0,26.5,84,2.9,115.0,37.3,593.0,106.6,68.5
dps_rk_puram,2026-09-24T01:00,1,3,0,0,26.2,86,2.6,95.0,34.7,626.0,106.9,72.6
dps_rk_puram,2026-09-24T02:00,2,3,0,0,26.9,84,9.6,355.0,30.9,691.0,119.0,71.0
dps_rk_puram,2026-09-24T03:00,3,3,0,0,28.1,80,9.1,495.0,26.2,711.0,164.4,60.1
dps_rk_puram,2026-09-24T04:00,4,3,0,0,29.4,74,10.6,685.0,19.8,635.0,59.6,36.0
dps_rk_puram,2026-09-24T05:00,5,3,0,0,30.6,67,8.4,815.0,12.4,514.0,41.0,29.8
dps_rk_puram,2026-09-24T06:00,6,3,0,0,32.4,52,7.5,1355.0,7.1,423.0,36.4,27.8
dps_rk_puram,2026-09-24T07:00,7,3,1,1,33.4,45,5.9,1575.0,4.7,393.0,36.6,28.3
dps_rk_puram,2026-09-24T08:00,8,3,1,1,33.9,43,3.3,1630.0,4.2,393.0,60.5,31.4
dps_rk_puram,2026-09-24T09:00,9,3,1,1,34.4,41,2.7,1750.0,6.1,410.0,70.3,33.1
dps_rk_puram,2026-09-24T10:00,10,3,1,0,34.6,38,2.7,1940.0,11.3,447.0,55.5,31.5
dps_rk_puram,2026-09-24T11:00,11,3,1,0,34.2,38,4.0,2030.0,18.7,501.0,50.5,32.0
dps_rk_puram,2026-09-24T12:00,12,3,1,0,33.5,42,7.1,1855.0,24.3,546.0,158.8,53.4
dps_rk_puram,2026-09-24T13:00,13,3,1,0,31.9,49,7.0,490.0,27.9,576.0,187.2,60.3
dps_rk_puram,2026-09-24T14:00,14,3,0,0,31.0,54,9.0,510.0,32.8,597.0,248.7,66.6
dps_rk_puram,2026-09-24T15:00,15,3,0,0,29.8,62,10.8,445.0,35.5,605.0,269.2,67.3
dps_rk_puram,2026-09-24T16:00,16,3,0,0,28.9,66,9.6,420.0,34.3,598.0,271.0,65.9
dps_rk_puram,2026-09-24T17:00,17,3,0,0,28.5,66,10.7,510.0,31.0,579.0,276.6,64.5
dps_rk_puram,2026-09-24T18:00,18,3,0,0,28.6,71,12.1,660.0,27.5,551.0,290.6,62.9
dps_rk_puram,2026-09-24T19:00,19,3,0,0,27.6,76,10.7,600.0,23.9,507.0,321.3,61.7
dps_rk_puram,2026-09-24T20:00,20,3,0,0,26.8,80,11.1,560.0,20.0,455.0,335.3,59.8
dps_rk_puram,2026-09-24T21:00,21,3,0,0,26.1,84,10.8,510.0,17.8,423.0,316.6,55.8
dps_rk_puram,2026-09-24T22:00,22,3,0,0,25.5,85,9.8,465.0,18.5,429.0,253.3,47.7
dps_rk_puram,2026-09-24T23:00,23,3,0,0,25.1,85,8.3,460.0,20.9,455.0,162.5,37.4
dps_rk_puram,2026-09-25T00:00,0,4,0,0,25.6,82,10.9,540.0,14.9,470.0,298.0,46.9
dps_rk_puram,2026-09-25T01:00,1,4,0,0,25.0,84,10.2,540.0,15.3,465.0,262.6,44.7
dps_rk_puram,2026-09-25T02:00,2,4,0,0,25.5,81,10.3,605.0,15.6,451.0,199.3,37.6
dps_rk_puram,2026-09-25T03:00,3,4,0,0,26.5,75,10.8,635.0,15.1,425.0,175.6,32.5
dps_rk_puram,2026-09-25T04:00,4,4,0,0,27.8,68,11.2,765.0,12.8,379.0,201.2,34.7
dps_rk_puram,2026-09-25T05:00,5,4,0,0,29.3,61,11.6,930.0,9.6,322.0,235.6,39.3
dps_rk_puram,2026-09-25T06:00,6,4,0,0,30.5,55,12.7,1360.0,7.1,282.0,244.0,41.2
dps_rk_puram,2026-09-25T07:00,7,4,1,1,30.5,55,10.4,1445.0,5.7,268.0,253.3,41.7
dps_rk_puram,2026-09-25T08:00,8,4,1,1,31.0,52,7.7,1615.0,5.0,271.0,113.6,27.1
dps_rk_puram,2026-09-25T09:00,9,4,1,1,31.2,51,4.2,1595.0,5.5,290.0,83.6,23.0
dps_rk_puram,2026-09-25T10:00,10,4,1,0,31.1,51,4.0,1380.0,7.3,332.0,83.8,22.8
dps_rk_puram,2026-09-25T11:00,11,4,1,0,30.9,52,4.1,1350.0,10.3,389.0,101.0,24.4
dps_rk_puram,2026-09-25T12:00,12,4,1,0,29.9,59,5.6,1120.0,13.9,438.0,362.3,53.4
dps_rk_puram,2026-09-25T13:00,13,4,1,0,28.6,68,6.7,365.0,19.8,470.0,279.4,53.1
dps_rk_puram,2026-09-25T14:00,14,4,0,0,27.9,73,5.8,275.0,28.1,494.0,298.0,59.0
dps_rk_puram,2026-09-25T15:00,15,4,0,0,27.3,74,5.8,230.0,35.1,511.0,280.3,59.4
dps_rk_puram,2026-09-25T16:00,16,4,0,0,26.7,76,7.2,345.0,39.8,524.0,210.9,53.9
dps_rk_puram,2026-09-25T17:00,17,4,0,0,26.0,77,9.4,515.0,43.3,530.0,155.5,50.5
dps_rk_puram,2026-09-25T18:00,18,4,0,0,25.7,80,10.4,465.0,44.6,522.0,142.0,50.6
dps_rk_puram,2026-09-25T19:00,19,4,0,0,24.8,82,8.0,370.0,42.7,487.0,117.8,49.2
dps_rk_puram,2026-09-25T20:00,20,4,0,0,24.4,82,5.1,265.0,38.8,438.0,108.5,44.8
dps_rk_puram,2026-09-25T21:00,21,4,0,0,24.0,82,5.0,275.0,34.8,404.0,126.2,43.7
dps_rk_puram,2026-09-25T22:00,22,4,0,0,23.7,84,2.6,220.0,31.1,389.0,153.7,44.4
dps_rk_puram,2026-09-25T23:00,23,4,0,0,23.3,86,2.4,230.0,27.5,389.0,232.4,50.6
dps_rk_puram,2026-09-26T00:00,0,5,0,0,23.7,80,5.7,310.0,41.6,420.0,67.5,39.5
dps_rk_puram,2026-09-26T01:00,1,5,0,0,23.2,82,3.4,230.0,41.7,516.0,70.1,43.4
dps_rk_puram,2026-09-26T02:00,2,5,0,0,23.8,79,1.2,190.0,41.6,643.0,64.0,41.7
dps_rk_puram,2026-09-26T03:00,3,5,0,0,24.9,74,2.4,335.0,40.5,710.0,62.6,40.3
dps_rk_puram,2026-09-26T04:00,4,5,0,0,26.5,70,0.6,385.0,37.5,666.0,89.9,42.0
dps_rk_puram,2026-09-26T05:00,5,5,0,0,28.3,65,3.6,800.0,33.5,562.0,75.9,39.8
dps_rk_puram,2026-09-26T06:00,6,5,0,0,27.4,68,7.8,760.0,29.6,469.0,76.8,45.3
dps_rk_puram,2026-09-26T07:00,7,5,1,1,29.0,59,11.6,1145.0,25.5,403.0,80.8,51.5
dps_rk_puram,2026-09-26T08:00,8,5,1,1,29.6,57,12.0,1380.0,21.5,347.0,80.6,54.5
dps_rk_puram,2026-09-26T09:00,9,5,1,1,29.2,55,12.7,1220.0,19.9,318.0,77.5,55.1
dps_rk_puram,2026-09-26T10:00,10,5,1,0,28.2,55,12.3,1100.0,21.7,327.0,72.4,54.0
dps_rk_puram,2026-09-26T11:00,11,5,1,0,27.2,59,9.9,945.0,25.7,363.0,66.8,52.0
dps_rk_puram,2026-09-26T12:00,12,5,1,0,24.5,72,13.6,840.0,31.5,404.0,100.4,67.5
dps_rk_puram,2026-09-26T13:00,13,5,1,0,23.4,81,10.9,785.0,34.5,440.0,54.7,51.8
dps_rk_puram,2026-09-26T14:00,14,5,0,0,23.0,85,8.5,430.0,38.8,481.0,51.0,49.6
dps_rk_puram,2026-09-26T15:00,15,5,0,0,23.2,79,10.0,545.0,42.4,534.0,49.8,48.8
dps_rk_puram,2026-09-26T16:00,16,5,0,0,23.0,80,8.7,325.0,44.8,618.0,50.4,49.1
dps_rk_puram,2026-09-26T17:00,17,5,0,0,22.7,81,7.8,360.0,46.5,714.0,52.2,50.1
dps_rk_puram,2026-09-26T18:00,18,5,0,0,22.1,91,9.7,510.0,47.6,774.0,52.0,49.7
dps_rk_puram,2026-09-26T19:00,19,5,0,0,22.3,90,7.9,320.0,48.1,766.0,48.9,47.3
dps_rk_puram,2026-09-26T20:00,20,5,0,0,22.7,86,6.2,270.0,48.0,722.0,48.3,47.1
dps_rk_puram,2026-09-26T21:00,21,5,0,0,22.9,84,4.0,210.0,47.4,688.0,50.9,49.7
dps_rk_puram,2026-09-26T22:00,22,5,0,0,23.1,84,0.9,65.0,46.8,689.0,54.2,52.3
dps_rk_puram,2026-09-26T23:00,23,5,0,0,23.1,84,3.0,110.0,45.8,701.0,58.1,54.5
dps_rk_puram,2026-09-27T00:00,0,6,0,0,22.4,94,2.6,175.0,24.8,695.0,24.3,23.9
dps_rk_puram,2026-09-27T01:00,1,6,0,0,22.2,94,9.5,235.0,25.0,656.0,28.9,28.5
dps_rk_puram,2026-09-27T02:00,2,6,0,0,22.8,89,5.6,255.0,25.2,600.0,27.6,27.4
dps_rk_puram,2026-09-27T03:00,3,6,0,0,23.9,85,2.0,240.0,24.3,545.0,26.5,26.3
dps_rk_puram,2026-09-27T04:00,4,6,0,0,25.5,78,3.4,305.0,21.7,498.0,23.3,22.8
dps_rk_puram,2026-09-27T05:00,5,6,0,0,27.1,68,5.7,650.0,18.0,452.0,25.0,21.0
dps_rk_puram,2026-09-27T06:00,6,6,0,0,28.4,62,7.5,1095.0,14.6,411.0,45.3,23.2
dps_rk_puram,2026-09-27T07:00,7,6,0,0,28.2,63,7.6,1015.0,11.4,368.0,97.1,30.2
dps_rk_puram,2026-09-27T08:00,8,6,0,0,28.5,61,7.9,1100.0,8.4,329.0,160.2,38.3
dps_rk_puram,2026-09-27T09:00,9,6,0,0,28.6,60,8.5,1065.0,7.3,317.0,245.9,45.6
dps_rk_puram,2026-09-27T10:00,10,6,0,0,28.3,61,9.4,915.0,8.6,350.0,311.1,50.1
dps_rk_puram,2026-09-27T11:00,11,6,0,0,27.5,63,8.8,720.0,11.7,409.0,329.7,50.1
dps_rk_puram,2026-09-27T12:00,12,6,0,0,26.4,71,12.7,755.0,18.8,465.0,207.7,47.7
dps_rk_puram,2026-09-27T13:00,13,6,0,0,24.7,80,10.8,480.0,25.2,511.0,184.4,48.8
dps_rk_puram,2026-09-27T14:00,14,6,0,0,24.0,83,7.2,410.0,34.1,553.0,163.9,49.1
dps_rk_puram,2026-09-27T15:00,15,6,0,0,23.5,86,5.7,365.0,40.6,580.0,149.5,47.5
dps_rk_puram,2026-09-27T16:00,16,6,0,0,23.1,89,4.0,330.0,42.5,584.0,133.6,45.4
dps_rk_puram,2026-09-27T17:00,17,6,0,0,22.8,92,4.3,290.0,42.2,574.0,89.9,41.4
dps_rk_puram,2026-09-27T18:00,18,6,0,0,23.9,92,2.4,435.0,41.8,565.0,59.4,38.1
dps_rk_puram,2026-09-27T19:00,19,6,0,0,23.2,95,2.3,265.0,41.9,564.0,51.0,37.1
dps_rk_puram,2026-09-27T20:00,20,6,0,0,23.1,96,4.9,300.0,42.1,565.0,47.3,39.1
dps_rk_puram,2026-09-27T21:00,21,6,0,0,22.9,96,5.5,285.0,43.1,563.0,46.7,41.3
dps_rk_puram,2026-09-27T22:00,22,6,0,0,22.6,97,4.2,250.0,46.8,550.0,48.9,44.1
dps_rk_puram,2026-09-27T23:00,23,6,0,0,22.2,97,2.8,220.0,51.3,533.0,51.5,47.1
dps_rk_puram,2026-09-28T00:00,0,0,0,0,23.1,95,3.6,215.0,31.2,535.0,57.9,33.4
dps_rk_puram,2026-09-28T01:00,1,0,0,0,22.9,95,1.9,150.0,30.7,574.0,52.4,37.6
dps_rk_puram,2026-09-28T02:00,2,0,0,0,23.6,90,1.1,260.0,29.9,632.0,42.6,36.3
dps_rk_puram,2026-09-28T03:00,3,0,0,0,24.3,86,3.3,325.0,27.8,668.0,32.4,28.1
dps_rk_puram,2026-09-28T04:00,4,0,0,0,25.1,81,4.3,505.0,23.5,667.0,38.6,30.5
dps_rk_puram,2026-09-28T05:00,5,0,0,0,25.7,77,5.4,600.0,18.0,644.0,47.1,33.9
dps_rk_puram,2026-09-28T06:00,6,0,0,0,26.7,68,9.0,885.0,13.5,612.0,53.2,37.3
dps_rk_puram,2026-09-28T07:00,7,0,1,1,27.4,65,10.7,895.0,10.1,561.0,55.9,39.1
dps_rk_puram,2026-09-28T08:00,8,0,1,1,27.8,65,11.2,890.0,7.7,500.0,56.9,40.5
dps_rk_puram,2026-09-28T09:00,9,0,1,1,28.2,63,12.5,950.0,8.6,467.0,56.8,40.6
dps_rk_puram,2026-09-28T10:00,10,0,1,0,27.6,65,14.3,940.0,13.1,475.0,54.8,39.9
dps_rk_puram,2026-09-28T11:00,11,0,1,0,25.9,76,14.3,660.0,20.9,510.0,53.3,39.3
dps_rk_puram,2026-09-28T12:00,12,0,1,0,24.4,82,9.4,640.0,31.1,567.0,35.6,32.7
dps_rk_puram,2026-09-28T13:00,13,0,1,0,23.7,85,4.9,440.0,43.7,667.0,41.2,38.4
dps_rk_puram,2026-09-28T14:00,14,0,0,0,23.4,87,3.5,340.0,60.8,788.0,52.0,49.6
dps_rk_puram,2026-09-28T15:00,15,0,0,0,23.2,89,5.7,275.0,71.7,860.0,58.7,56.6
dps_rk_puram,2026-09-28T16:00,16,0,0,0,22.9,91,6.8,235.0,70.9,848.0,59.8,57.6
dps_rk_puram,2026-09-28T17:00,17,0,0,0,22.6,93,7.5,275.0,64.0,786.0,60.5,56.1
dps_rk_puram,2026-09-28T18:00,18,0,0,0,23.1,91,7.0,350.0,56.4,712.0,61.9,54.0
dps_rk_puram,2026-09-28T19:00,19,0,0,0,22.5,93,7.1,285.0,49.3,623.0,62.4,52.5
dps_rk_puram,2026-09-28T20:00,20,0,0,0,22.3,93,6.1,235.0,41.6,520.0,62.4,51.8
dps_rk_puram,2026-09-28T21:00,21,0,0,0,22.1,94,5.4,195.0,35.6,449.0,61.7,51.3
dps_rk_puram,2026-09-28T22:00,22,0,0,0,22.0,94,5.9,195.0,32.4,421.0,67.8,51.8
dps_rk_puram,2026-09-28T23:00,23,0,0,0,22.0,93,5.9,185.0,31.0,424.0,64.7,52.3
dps_rk_puram,2026-09-29T00:00,0,1,0,0,22.3,94,5.4,170.0,33.2,464.0,70.5,54.4
dps_rk_puram,2026-09-29T01:00,1,1,0,0,22.0,95,5.4,155.0,32.3,582.0,71.7,57.2
dps_rk_puram,2026-09-29T02:00,2,1,0,0,22.9,92,5.4,220.0,30.8,737.0,68.7,54.0
dps_rk_puram,2026-09-29T03:00,3,1,0,0,24.2,86,5.9,350.0,28.0,815.0,60.1,44.1
dps_rk_puram,2026-09-29T04:00,4,1,0,0,25.7,77,6.7,585.0,22.7,740.0,57.2,34.3
dps_rk_puram,2026-09-29T05:00,5,1,0,0,27.0,71,8.0,715.0,16.0,587.0,257.0,52.6
dps_rk_puram,2026-09-29T06:00,6,1,0,0,29.0,62,8.8,1155.0,10.7,468.0,340.9,60.5
dps_rk_puram,2026-09-29T07:00,7,1,1,1,29.8,58,10.1,1275.0,7.4,420.0,383.7,65.0
dps_rk_puram,2026-09-29T08:00,8,1,1,1,30.4,55,11.1,1355.0,5.6,406.0,422.8,68.5
dps_rk_puram,2026-09-29T09:00,9,1,1,1,30.8,53,11.6,1445.0,6.3,427.0,455.4,72.2
dps_rk_puram,2026-09-29T10:00,10,1,1,0,30.7,54,11.6,1415.0,10.8,498.0,495.5,77.8
dps_rk_puram,2026-09-29T11:00,11,1,1,0,30.2,57,10.4,1310.0,17.7,604.0,551.3,89.4
dps_rk_puram,2026-09-29T12:00,12,1,1,0,29.3,61,9.8,1175.0,21.9,695.0,386.5,69.8
dps_rk_puram,2026-09-29T13:00,13,1,1,0,27.8,67,6.9,315.0,29.5,760.0,372.5,76.4
dps_rk_puram,2026-09-29T14:00,14,1,0,0,27.2,70,7.1,290.0,39.8,811.0,341.8,79.9
dps_rk_puram,2026-09-29T15:00,15,1,0,0,26.5,73,6.8,265.0,46.3,830.0,337.1,82.7
dps_rk_puram,2026-09-29T16:00,16,1,0,0,25.8,76,6.0,195.0,45.6,803.0,339.9,84.3
dps_rk_puram,2026-09-29T17:00,17,1,0,0,25.2,79,5.7,160.0,41.0,744.0,345.5,85.2
dps_rk_puram,2026-09-29T18:00,18,1,0,0,25.4,80,6.7,250.0,36.0,681.0,347.4,84.1
dps_rk_puram,2026-09-29T19:00,19,1,0,0,24.6,82,6.7,185.0,31.1,613.0,343.7,81.5
dps_rk_puram,2026-09-29T20:00,20,1,0,0,24.2,83,7.0,195.0,25.7,541.0,337.1,78.5
dps_rk_puram,2026-09-29T21:00,21,1,0,0,23.9,84,6.4,180.0,21.8,493.0,326.9,75.2
dps_rk_puram,2026-09-29T22:00,22,1,0,0,23.5,85,5.8,160.0,19.9,470.0,305.5,70.8
dps_rk_puram,2026-09-29T23:00,23,1,0,0,23.2,87,5.8,140.0,19.4,472.0,276.6,66.1
dps_rk_puram,2026-09-30T00:00,0,2,0,0,23.9,87,5.7,120.0,20.8,522.0,204.4,57.9
dps_rk_puram,2026-09-30T01:00,1,2,0,0,23.5,89,6.5,120.0,23.8,682.0,197.0,58.7
dps_rk_puram,2026-09-30T02:00,2,2,0,0,24.4,87,7.0,185.0,27.6,891.0,244.9,68.7
dps_rk_puram,2026-09-30T03:00,3,2,0,0,26.0,81,6.4,400.0,28.3,991.0,225.4,62.6
dps_rk_puram,2026-09-30T04:00,4,2,0,0,27.7,72,8.1,745.0,22.9,880.0,236.1,58.8
dps_rk_puram,2026-09-30T05:00,5,2,0,0,29.1,64,9.9,1040.0,14.4,660.0,275.7,62.2
dps_rk_puram,2026-09-30T06:00,6,2,0,0,31.2,54,13.2,1455.0,7.9,486.0,341.8,69.8
dps_rk_puram,2026-09-30T07:00,7,2,1,1,32.0,47,14.2,1530.0,4.8,407.0,415.4,78.5
dps_rk_puram,2026-09-30T08:00,8,2,1,1,32.4,44,13.9,1635.0,3.8,375.0,474.0,85.9
dps_rk_puram,2026-09-30T09:00,9,2,1,1,32.5,42,13.4,1705.0,5.7,393.0,510.4,89.9
dps_rk_puram,2026-09-30T10:00,10,2,1,0,32.2,44,12.9,1565.0,11.5,479.0,527.1,92.9
dps_rk_puram,2026-09-30T11:00,11,2,1,0,31.4,49,11.0,1275.0,20.3,615.0,521.5,96.9
dps_rk_puram,2026-09-30T12:00,12,2,1,0,30.3,53,9.3,850.0,26.7,759.0,529.0,95.0
dps_rk_puram,2026-09-30T13:00,13,2,1,0,28.4,62,5.6,205.0,37.6,926.0,452.6,95.2
dps_rk_puram,2026-09-30T14:00,14,2,0,0,27.8,66,5.6,180.0,52.7,1099.0,431.2,99.7
dps_rk_puram,2026-09-30T15:00,15,2,0,0,27.2,69,6.3,205.0,64.8,1186.0,404.2,102.0
dps_rk_puram,2026-09-30T16:00,16,2,0,0,26.7,70,6.4,230.0,71.9,1122.0,407.9,107.6
dps_rk_puram,2026-09-30T17:00,17,2,0,0,26.0,72,5.3,205.0,76.0,972.0,434.0,114.8
dps_rk_puram,2026-09-30T18:00,18,2,0,0,26.0,76,4.8,210.0,75.9,835.0,442.4,117.1
dps_rk_puram,2026-09-30T19:00,19,2,0,0,25.3,77,4.2,90.0,69.3,741.0,432.1,114.1
dps_rk_puram,2026-09-30T20:00,20,2,0,0,24.7,79,4.6,75.0,58.6,660.0,410.7,109.9
dps_rk_puram,2026-09-30T21:00,21,2,0,0,24.3,81,4.7,75.0,49.3,603.0,378.1,105.0
dps_rk_puram,2026-09-30T22:00,22,2,0,0,24.0,82,5.0,80.0,43.1,556.0,342.7,99.9
dps_rk_puram,2026-09-30T23:00,23,2,0,0,23.8,83,6.1,95.0,38.4,532.0,331.6,97.1
dps_rk_puram,2026-10-01T00:00,0,3,0,0,24.3,85,6.0,85.0,28.7,582.0,366.9,97.8
dps_rk_puram,2026-10-01T01:00,1,3,0,0,24.0,86,5.8,80.0,31.2,800.0,312.0,94.3
dps_rk_puram,2026-10-01T02:00,2,3,0,0,25.2,84,6.9,115.0,34.2,1091.0,328.8,99.4
dps_rk_puram,2026-10-01T03:00,3,3,0,0,26.9,79,5.5,225.0,33.7,1224.0,329.7,98.3
dps_rk_puram,2026-10-01T04:00,4,3,0,0,28.9,71,7.2,650.0,26.4,1042.0,274.7,78.7
dps_rk_puram,2026-10-01T05:00,5,3,0,0,30.4,64,8.4,975.0,15.5,702.0,286.8,74.7
dps_rk_puram,2026-10-01T06:00,6,3,0,0,32.4,52,11.9,1795.0,7.4,435.0,328.8,78.2
dps_rk_puram,2026-10-01T07:00,7,3,1,1,33.0,46,14.0,1820.0,3.9,325.0,394.9,80.1
dps_rk_puram,2026-10-01T08:00,8,3,1,1,33.4,37,14.8,1840.0,3.0,289.0,448.9,81.5
dps_rk_puram,2026-10-01T09:00,9,3,1,1,33.3,36,14.0,1890.0,5.1,312.0,465.7,81.7
dps_rk_puram,2026-10-01T10:00,10,3,1,0,32.9,38,12.0,1710.0,11.0,413.0,493.6,86.1
dps_rk_puram,2026-10-01T11:00,11,3,1,0,32.5,41,9.6,1590.0,19.8,572.0,448.9,83.8
dps_rk_puram,2026-10-01T12:00,12,3,1,0,31.7,44,9.2,520.0,28.5,714.0,402.3,77.5
dps_rk_puram,2026-10-01T13:00,13,3,1,0,29.8,54,6.4,275.0,38.4,828.0,373.5,81.5
dps_rk_puram,2026-10-01T14:00,14,3,0,0,29.0,58,6.9,315.0,51.9,926.0,371.6,88.0
dps_rk_puram,2026-10-01T15:00,15,3,0,0,28.3,60,8.1,285.0,61.0,964.0,379.0,93.6
dps_rk_puram,2026-10-01T16:00,16,3,0,0,27.5,63,6.5,240.0,61.9,905.0,390.2,97.8
dps_rk_puram,2026-10-01T17:00,17,3,0,0,26.8,66,6.0,200.0,58.4,788.0,391.2,99.9
dps_rk_puram,2026-10-01T18:00,18,3,0,0,26.8,71,4.4,140.0,53.9,683.0,374.4,98.0
dps_rk_puram,2026-10-01T19:00,19,3,0,0,26.0,73,3.9,55.0,48.9,616.0,330.6,92.0
dps_rk_puram,2026-10-01T20:00,20,3,0,0,25.2,77,4.7,50.0,42.9,561.0,277.5,85.2
dps_rk_puram,2026-10-01T21:00,21,3,0,0,24.5,80,5.1,60.0,38.4,518.0,223.5,78.9
dps_rk_puram,2026-10-01T22:00,22,3,0,0,24.1,82,5.3,65.0,36.3,462.0,187.7,74.0
dps_rk_puram,2026-10-01T23:00,23,3,0,0,23.9,82,5.2,65.0,35.5,417.0,173.2,71.0
dps_rk_puram,2026-10-02T00:00,0,4,0,0,24.3,83,4.9,65.0,31.0,455.0,326.9,91.0
dps_rk_puram,2026-10-02T01:00,1,4,0,0,24.0,84,5.6,70.0,33.9,681.0,277.5,87.8
dps_rk_puram,2026-10-02T02:00,2,4,0,0,25.2,80,6.8,105.0,37.5,990.0,313.9,94.3
dps_rk_puram,2026-10-02T03:00,3,4,0,0,27.0,76,5.2,190.0,37.1,1137.0,341.8,99.9
dps_rk_puram,2026-10-02T04:00,4,4,0,0,29.0,67,5.9,470.0,28.8,960.0,285.9,82.4
dps_rk_puram,2026-10-02T05:00,5,4,0,0,30.8,58,7.4,880.0,16.5,621.0,293.4,76.1
dps_rk_puram,2026-10-02T06:00,6,4,0,0,33.5,40,11.9,1990.0,7.3,358.0,303.6,71.5
dps_rk_puram,2026-10-02T07:00,7,4,1,1,34.2,35,13.0,2190.0,3.5,263.0,338.1,66.6
dps_rk_puram,2026-10-02T08:00,8,4,1,1,34.5,33,12.9,2385.0,2.7,245.0,379.0,65.7
dps_rk_puram,2026-10-02T09:00,9,4,1,1,34.5,32,12.9,2505.0,5.1,269.0,387.4,65.0
dps_rk_puram,2026-10-02T10:00,10,4,1,0,34.2,33,12.7,2305.0,11.0,336.0,394.9,66.4
dps_rk_puram,2026-10-02T11:00,11,4,1,0,33.3,36,11.5,1765.0,20.0,445.0,366.0,67.8
dps_rk_puram,2026-10-02T12:00,12,4,1,0,32.4,40,10.6,945.0,29.1,561.0,317.6,61.9
dps_rk_puram,2026-10-02T13:00,13,4,1,0,30.3,49,6.1,230.0,39.9,685.0,286.8,66.8
dps_rk_puram,2026-10-02T14:00,14,4,0,0,29.4,54,5.6,170.0,55.1,815.0,284.1,74.0
dps_rk_puram,2026-10-02T15:00,15,4,0,0,28.9,56,5.7,135.0,68.4,913.0,289.6,80.8
dps_rk_puram,2026-10-02T16:00,16,4,0,0,28.0,59,5.6,110.0,78.4,970.0,312.0,89.6
dps_rk_puram,2026-10-02T17:00,17,4,0,0,27.5,61,4.6,70.0,86.6,995.0,339.0,99.0
dps_rk_puram,2026-10-02T18:00,18,4,0,0,27.4,66,5.2,90.0,91.2,973.0,359.5,105.9
dps_rk_puram,2026-10-02T19:00,19,4,0,0,26.9,69,3.2,60.0,91.3,875.0,369.7,108.3
dps_rk_puram,2026-10-02T20:00,20,4,0,0,25.9,72,6.5,60.0,87.8,731.0,359.5,108.5
dps_rk_puram,2026-10-02T21:00,21,4,0,0,25.3,72,6.1,85.0,81.6,615.0,322.2,104.5
dps_rk_puram,2026-10-02T22:00,22,4,0,0,24.9,72,6.2,85.0,71.1,534.0,285.9,95.0
dps_rk_puram,2026-10-02T23:00,23,4,0,0,24.6,71,5.6,75.0,58.0,481.0,260.8,86.8
dps_rk_puram,2026-10-03T00:00,0,5,0,0,24.7,74,5.2,60.0,47.9,512.0,244.0,81.0
dps_rk_puram,2026-10-03T01:00,1,5,0,0,24.3,74,5.2,60.0,44.9,721.0,230.5,78.2
dps_rk_puram,2026-10-03T02:00,2,5,0,0,25.6,71,6.1,80.0,44.9,1014.0,236.1,80.8
dps_rk_puram,2026-10-03T03:00,3,5,0,0,27.3,68,4.0,130.0,41.7,1159.0,294.3,85.9
dps_rk_puram,2026-10-03T04:00,4,5,0,0,29.4,59,4.3,255.0,30.9,1013.0,306.4,78.7
dps_rk_puram,2026-10-03T05:00,5,5,0,0,31.3,50,4.9,605.0,17.0,719.0,335.3,72.9
dps_rk_puram,2026-10-03T06:00,6,5,0,0,32.7,45,6.1,970.0,6.7,479.0,352.0,70.1
dps_rk_puram,2026-10-03T07:00,7,5,1,1,33.8,40,6.5,1385.0,2.7,353.0,359.5,70.1
dps_rk_puram,2026-10-03T08:00,8,5,1,1,34.7,35,8.1,1700.0,2.5,281.0,359.5,70.3
dps_rk_puram,2026-10-03T09:00,9,5,1,1,35.0,32,9.8,1735.0,5.1,279.0,364.1,71.2
dps_rk_puram,2026-10-03T10:00,10,5,1,0,34.8,32,10.3,1650.0,10.5,380.0,379.0,73.3
dps_rk_puram,2026-10-03T11:00,11,5,1,0,34.0,36,9.4,1480.0,18.8,550.0,363.2,75.0
dps_rk_puram,2026-10-03T12:00,12,5,1,0,32.1,45,6.1,270.0,29.0,710.0,302.7,74.7
dps_rk_puram,2026-10-03T13:00,13,5,1,0,30.5,51,5.1,110.0,42.3,819.0,283.1,79.9
dps_rk_puram,2026-10-03T14:00,14,5,0,0,29.7,54,5.3,140.0,57.5,916.0,271.0,84.3
dps_rk_puram,2026-10-03T15:00,15,5,0,0,29.1,57,4.8,100.0,69.9,1041.0,267.3,89.4
dps_rk_puram,2026-10-03T16:00,16,5,0,0,28.7,60,3.6,65.0,77.9,1257.0,275.7,95.5
dps_rk_puram,2026-10-03T17:00,17,5,0,0,28.3,64,1.7,40.0,83.1,1500.0,290.6,101.3
dps_rk_puram,2026-10-03T18:00,18,5,0,0,27.3,65,3.3,35.0,85.8,1618.0,303.6,105.2
dps_rk_puram,2026-10-03T19:00,19,5,0,0,26.3,69,4.8,40.0,85.5,1523.0,317.6,106.9
dps_rk_puram,2026-10-03T20:00,20,5,0,0,25.7,71,4.5,50.0,82.6,1302.0,326.0,107.3
dps_rk_puram,2026-10-03T21:00,21,5,0,0,25.3,73,3.8,40.0,78.5,1067.0,324.1,105.9
dps_rk_puram,2026-10-03T22:00,22,5,0,0,25.0,71,7.2,75.0,73.5,818.0,325.0,103.4
dps_rk_puram,2026-10-03T23:00,23,5,0,0,24.6,68,7.2,105.0,67.2,555.0,318.5,100.6
dps_rk_puram,2026-10-04T00:00,0,6,0,0,24.2,63,8.3,140.0,59.8,382.0,311.1,95.9
dps_rk_puram,2026-10-04T01:00,1,6,0,0,24.0,58,8.5,165.0,50.8,380.0,348.3,95.7
dps_rk_puram,2026-10-04T02:00,2,6,0,0,25.0,54,9.8,240.0,40.6,468.0,395.8,98.5
dps_rk_puram,2026-10-04T03:00,3,6,0,0,26.8,51,8.9,360.0,31.1,511.0,424.7,99.9
dps_rk_puram,2026-10-04T04:00,4,6,0,0,28.9,44,8.8,475.0,22.3,439.0,411.6,86.6
dps_rk_puram,2026-10-04T05:00,5,6,0,0,30.9,38,10.0,610.0,14.0,323.0,480.6,90.6
dps_rk_puram,2026-10-04T06:00,6,6,0,0,32.5,34,9.6,760.0,8.0,239.0,521.5,94.1
dps_rk_puram,2026-10-04T07:00,7,6,0,0,33.7,33,9.2,925.0,4.6,217.0,516.0,89.4
dps_rk_puram,2026-10-04T08:00,8,6,0,0,34.5,32,9.4,1140.0,3.4,227.0,495.5,83.8
dps_rk_puram,2026-10-04T09:00,9,6,0,0,34.9,33,9.8,1440.0,4.7,258.0,470.3,78.5
dps_rk_puram,2026-10-04T10:00,10,6,0,0,34.8,34,10.2,1430.0,8.1,289.0,443.3,74.3
dps_rk_puram,2026-10-04T11:00,11,6,0,0,34.1,36,9.4,1205.0,13.9,339.0,372.5,70.5
dps_rk_puram,2026-10-04T12:00,12,6,0,0,32.7,43,6.0,315.0,23.4,458.0,320.4,70.8
dps_rk_puram,2026-10-04T13:00,13,6,0,0,31.1,51,4.1,110.0,39.3,695.0,320.4,79.6
dps_rk_puram,2026-10-04T14:00,14,6,0,0,30.7,54,2.0,55.0,58.8,1001.0,322.2,90.6
dps_rk_puram,2026-10-04T15:00,15,6,0,0,30.5,57,0.3,10.0,75.3,1270.0,342.7,103.1
dps_rk_puram,2026-10-04T16:00,16,6,0,0,29.7,59,0.7,15.0,86.8,1502.0,360.4,116.2
dps_rk_puram,2026-10-04T17:00,17,6,0,0,28.9,61,1.5,25.0,95.2,1698.0,361.4,127.6
dps_rk_puram,2026-10-04T18:00,18,6,0,0,27.9,67,1.7,20.0,99.4,1758.0,351.1,132.7
dps_rk_puram,2026-10-04T19:00,19,6,0,0,26.8,71,3.4,30.0,98.3,1596.0,332.5,132.7
dps_rk_puram,2026-10-04T20:00,20,6,0,0,26.2,72,3.5,40.0,93.0,1298.0,312.9,131.8
dps_rk_puram,2026-10-04T21:00,21,6,0,0,25.6,69,4.8,70.0,86.3,1018.0,287.8,127.1
dps_rk_puram,2026-10-04T22:00,22,6,0,0,25.3,59,7.3,110.0,78.8,782.0,249.6,114.3
dps_rk_puram,2026-10-04T23:00,23,6,0,0,25.0,52,8.4,130.0,69.8,565.0,228.2,95.9
dps_rk_puram,2026-10-05T00:00,0,0,0,0,24.7,52,9.3,140.0,60.6,445.0,306.4,89.2
dps_rk_puram,2026-10-05T01:00,1,0,0,0,24.5,53,9.6,160.0,51.3,510.0,409.8,90.3
dps_rk_puram,2026-10-05T02:00,2,0,0,0,25.4,52,9.7,215.0,41.6,671.0,480.6,94.8
dps_rk_puram,2026-10-05T03:00,3,0,0,0,27.1,50,8.3,350.0,32.5,746.0,501.1,100.6
dps_rk_puram,2026-10-05T04:00,4,0,0,0,29.4,44,9.2,530.0,23.4,626.0,432.1,78.9
dps_rk_puram,2026-10-05T05:00,5,0,0,0,31.1,42,9.8,725.0,14.8,418.0,472.2,79.2
dps_rk_puram,2026-10-05T06:00,6,0,0,0,32.7,40,9.9,975.0,8.6,263.0,512.2,82.9
dps_rk_puram,2026-10-05T07:00,7,0,1,1,33.9,39,9.7,1230.0,4.9,210.0,516.0,84.5
dps_rk_puram,2026-10-05T08:00,8,0,1,1,34.6,38,9.4,1420.0,3.5,210.0,478.7,82.4
dps_rk_puram,2026-10-05T09:00,9,0,1,1,34.9,38,8.7,1555.0,6.1,251.0,423.8,78.0
dps_rk_puram,2026-10-05T10:00,10,0,1,0,34.9,39,8.4,1635.0,14.3,352.0,371.6,73.3
dps_rk_puram,2026-10-05T11:00,11,0,1,0,34.5,40,7.5,1650.0,26.4,494.0,293.4,69.4
dps_rk_puram,2026-10-05T12:00,12,0,1,0,33.6,45,4.5,1440.0,39.2,610.0,279.4,76.1
dps_rk_puram,2026-10-05T13:00,13,0,1,0,32.3,48,6.1,205.0,54.4,674.0,276.6,91.7
dps_rk_puram,2026-10-05T14:00,14,0,0,0,31.1,55,5.1,215.0,70.3,712.0,266.4,100.6
dps_rk_puram,2026-10-05T15:00,15,0,0,0,29.9,61,4.7,130.0,78.5,730.0,259.8,104.3
dps_rk_puram,2026-10-05T16:00,16,0,0,0,29.0,66,4.0,80.0,73.1,727.0,276.6,107.1
dps_rk_puram,2026-10-05T17:00,17,0,0,0,28.4,67,4.3,105.0,60.0,703.0,309.2,111.1
dps_rk_puram,2026-10-05T18:00,18,0,0,0,28.0,70,3.2,65.0,47.9,669.0,305.5,110.4
dps_rk_puram,2026-10-05T19:00,19,0,0,0,27.6,69,3.9,100.0,39.4,619.0,322.2,110.1
dps_rk_puram,2026-10-05T20:00,20,0,0,0,26.7,72,5.5,135.0,31.9,559.0,379.0,114.6
dps_rk_puram,2026-10-05T21:00,21,0,0,0,25.8,76,4.1,130.0,26.3,515.0,451.7,120.6
dps_rk_puram,2026-10-05T22:00,22,0,0,0,25.2,79,3.9,120.0,23.2,483.0,519.7,127.6
dps_rk_puram,2026-10-05T23:00,23,0,0,0,24.8,81,4.3,105.0,22.1,467.0,508.5,125.7
kendriya_vidyalaya_ina,2026-09-19T00:00,0,5,0,0,25.2,89,2.8,25.0,79.9,1470.0,102.9,73.3
kendriya_vidyalaya_ina,2026-09-19T01:00,1,5,0,0,25.0,88,3.6,35.0,71.2,1379.0,114.1,83.6
kendriya_vidyalaya_ina,2026-09-19T02:00,2,5,0,0,26.2,83,4.0,65.0,58.9,1267.0,115.9,86.8
kendriya_vidyalaya_ina,2026-09-19T03:00,3,5,0,0,28.0,76,3.1,175.0,46.4,1129.0,110.4,66.8
kendriya_vidyalaya_ina,2026-09-19T04:00,4,5,0,0,29.5,66,3.6,830.0,33.9,937.0,100.4,48.8
kendriya_vidyalaya_ina,2026-09-19T05:00,5,5,0,0,30.6,58,4.0,1060.0,21.3,719.0,90.8,45.5
kendriya_vidyalaya_ina,2026-09-19T06:00,6,5,0,0,32.0,53,4.9,1460.0,12.0,561.0,100.1,48.7
kendriya_vidyalaya_ina,2026-09-19T07:00,7,5,1,1,32.4,51,5.3,1540.0,7.3,493.0,104.3,51.8
kendriya_vidyalaya_ina,2026-09-19T08:00,8,5,1,1,32.6,49,5.8,1570.0,6.0,485.0,108.0,54.7
kendriya_vidyalaya_ina,2026-09-19T09:00,9,5,1,1,32.7,47,5.7,1555.0,7.8,527.0,105.9,55.4
kendriya_vidyalaya_ina,2026-09-19T10:00,10,5,1,0,32.8,45,4.9,1585.0,11.6,641.0,103.4,55.9
kendriya_vidyalaya_ina,2026-09-19T11:00,11,5,1,0,32.3,47,4.9,1510.0,18.5,806.0,99.0,56.6
kendriya_vidyalaya_ina,2026-09-19T12:00,12,5,1,0,31.7,54,5.7,210.0,29.8,950.0,125.7,70.5
kendriya_vidyalaya_ina,2026-09-19T13:00,13,5,1,0,30.2,61,3.5,45.0,53.8,1027.0,129.0,81.5
kendriya_vidyalaya_ina,2026-09-19T14:00,14,5,0,0,29.8,63,2.5,30.0,86.4,1083.0,138.3,94.5
kendriya_vidyalaya_ina,2026-09-19T15:00,15,5,0,0,29.1,66,3.2,55.0,107.8,1181.0,144.8,104.5
kendriya_vidyalaya_ina,2026-09-19T16:00,16,5,0,0,28.3,70,4.3,80.0,107.4,1377.0,150.4,112.2
kendriya_vidyalaya_ina,2026-09-19T17:00,17,5,0,0,27.7,74,2.8,70.0,95.8,1614.0,148.1,113.4
kendriya_vidyalaya_ina,2026-09-19T18:00,18,5,0,0,27.7,78,2.9,80.0,84.3,1787.0,136.0,106.6
kendriya_vidyalaya_ina,2026-09-19T19:00,19,5,0,0,27.1,80,1.4,30.0,75.8,1840.0,124.8,99.2
kendriya_vidyalaya_ina,2026-09-19T20:00,20,5,0,0,26.7,82,1.5,25.0,67.5,1828.0,117.6,94.8
kendriya_vidyalaya_ina,2026-09-19T21:00,21,5,0,0,26.2,84,1.6,35.0,62.4,1816.0,113.2,92.2
kendriya_vidyalaya_ina,2026-09-19T22:00,22,5,0,0,25.8,86,1.5,30.0,63.6,1839.0,113.4,92.7
kendriya_vidyalaya_ina,2026-09-19T23:00,23,5,0,0,25.4,88,0.6,15.0,68.0,1862.0,116.4,95.9
kendriya_vidyalaya_ina,2026-09-20T00:00,0,6,0,0,26.3,87,0.4,15.0,69.6,1841.0,107.1,92.0
kendriya_vidyalaya_ina,2026-09-20T01:00,1,6,0,0,25.8,90,1.5,35.0,60.3,1767.0,108.5,94.1
kendriya_vidyalaya_ina,2026-09-20T02:00,2,6,0,0,26.9,86,1.5,65.0,47.1,1649.0,104.5,92.7
kendriya_vidyalaya_ina,2026-09-20T03:00,3,6,0,0,28.6,79,1.5,150.0,34.8,1474.0,92.2,72.6
kendriya_vidyalaya_ina,2026-09-20T04:00,4,6,0,0,30.5,66,3.1,950.0,24.3,1187.0,99.2,62.4
kendriya_vidyalaya_ina,2026-09-20T05:00,5,6,0,0,31.8,55,3.9,1260.0,14.7,843.0,97.1,56.2
kendriya_vidyalaya_ina,2026-09-20T06:00,6,6,0,0,32.9,47,3.7,1790.0,7.8,587.0,104.5,55.1
kendriya_vidyalaya_ina,2026-09-20T07:00,7,6,0,0,33.3,48,3.2,1825.0,4.6,499.0,99.0,55.5
kendriya_vidyalaya_ina,2026-09-20T08:00,8,6,0,0,33.6,47,2.7,1865.0,4.2,499.0,99.0,56.5
kendriya_vidyalaya_ina,2026-09-20T09:00,9,6,0,0,33.7,46,1.7,1895.0,5.6,502.0,103.8,56.9
kendriya_vidyalaya_ina,2026-09-20T10:00,10,6,0,0,33.6,45,2.6,1925.0,8.2,461.0,98.3,57.2
kendriya_vidyalaya_ina,2026-09-20T11:00,11,6,0,0,33.2,46,3.6,1865.0,12.7,422.0,93.6,57.4
kendriya_vidyalaya_ina,2026-09-20T12:00,12,6,0,0,32.8,48,6.1,1810.0,19.3,434.0,99.4,64.5
kendriya_vidyalaya_ina,2026-09-20T13:00,13,6,0,0,31.4,51,6.9,360.0,26.9,511.0,103.8,71.5
kendriya_vidyalaya_ina,2026-09-20T14:00,14,6,0,0,30.4,53,4.9,185.0,37.7,639.0,106.4,76.6
kendriya_vidyalaya_ina,2026-09-20T15:00,15,6,0,0,29.9,59,2.8,55.0,47.5,820.0,104.8,78.9
kendriya_vidyalaya_ina,2026-09-20T16:00,16,6,0,0,29.5,61,2.6,50.0,54.9,1102.0,106.2,81.7
kendriya_vidyalaya_ina,2026-09-20T17:00,17,6,0,0,29.1,64,1.4,30.0,61.4,1436.0,113.9,89.2
kendriya_vidyalaya_ina,2026-09-20T18:00,18,6,0,0,29.0,70,2.5,60.0,67.0,1682.0,122.9,97.6
kendriya_vidyalaya_ina,2026-09-20T19:00,19,6,0,0,28.1,71,3.5,60.0,72.0,1787.0,130.4,103.6
kendriya_vidyalaya_ina,2026-09-20T20:00,20,6,0,0,27.3,74,3.7,80.0,76.1,1803.0,136.4,109.0
kendriya_vidyalaya_ina,2026-09-20T21:00,21,6,0,0,26.8,75,2.5,75.0,79.2,1742.0,140.6,112.7
kendriya_vidyalaya_ina,2026-09-20T22:00,22,6,0,0,26.5,74,2.2,55.0,82.2,1550.0,143.0,115.0
kendriya_vidyalaya_ina,2026-09-20T23:00,23,6,0,0,26.2,75,2.6,55.0,84.0,1280.0,144.8,117.3
kendriya_vidyalaya_ina,2026-09-21T00:00,0,0,0,0,27.0,77,0.6,35.0,30.8,1105.0,72.4,57.3
kendriya_vidyalaya_ina,2026-09-21T01:00,1,0,0,0,26.5,79,1.1,35.0,35.1,1151.0,75.2,60.5
kendriya_vidyalaya_ina,2026-09-21T02:00,2,0,0,0,27.6,73,2.2,85.0,40.7,1291.0,77.3,65.7
kendriya_vidyalaya_ina,2026-09-21T03:00,3,0,0,0,28.9,69,1.5,160.0,41.8,1316.0,75.9,63.1
kendriya_vidyalaya_ina,2026-09-21T04:00,4,0,0,0,30.7,59,2.4,915.0,34.3,1090.0,79.2,58.1
kendriya_vidyalaya_ina,2026-09-21T05:00,5,0,0,0,32.0,51,3.5,1395.0,22.3,749.0,92.7,58.8
kendriya_vidyalaya_ina,2026-09-21T06:00,6,0,0,0,33.0,46,4.5,1575.0,12.9,497.0,108.5,64.3
kendriya_vidyalaya_ina,2026-09-21T07:00,7,0,1,1,33.3,44,4.1,1695.0,8.2,425.0,116.9,66.4
kendriya_vidyalaya_ina,2026-09-21T08:00,8,0,1,1,33.6,43,4.2,1780.0,6.1,441.0,119.7,67.1
kendriya_vidyalaya_ina,2026-09-21T09:00,9,0,1,1,33.7,44,5.0,1865.0,7.2,470.0,114.6,66.8
kendriya_vidyalaya_ina,2026-09-21T10:00,10,0,1,0,33.2,45,6.3,1725.0,12.8,470.0,113.9,67.1
kendriya_vidyalaya_ina,2026-09-21T11:00,11,0,1,0,32.6,48,5.6,1550.0,21.6,483.0,109.4,69.2
kendriya_vidyalaya_ina,2026-09-21T12:00,12,0,1,0,32.6,48,7.1,1435.0,27.4,563.0,110.1,76.1
kendriya_vidyalaya_ina,2026-09-21T13:00,13,0,1,0,31.5,52,5.8,390.0,41.7,771.0,119.2,89.2
kendriya_vidyalaya_ina,2026-09-21T14:00,14,0,0,0,30.7,56,4.7,320.0,61.7,1046.0,128.1,99.0
kendriya_vidyalaya_ina,2026-09-21T15:00,15,0,0,0,29.8,63,3.6,150.0,79.0,1261.0,130.4,102.9
kendriya_vidyalaya_ina,2026-09-21T16:00,16,0,0,0,29.4,65,2.3,90.0,91.0,1375.0,134.6,108.5
kendriya_vidyalaya_ina,2026-09-21T17:00,17,0,0,0,29.0,67,2.2,75.0,100.3,1428.0,148.5,121.5
kendriya_vidyalaya_ina,2026-09-21T18:00,18,0,0,0,29.1,69,2.1,65.0,106.8,1419.0,160.7,131.8
kendriya_vidyalaya_ina,2026-09-21T19:00,19,0,0,0,28.4,71,1.2,25.0,109.7,1316.0,167.2,136.4
kendriya_vidyalaya_ina,2026-09-21T20:00,20,0,0,0,27.9,72,1.9,55.0,109.7,1150.0,170.0,137.8
kendriya_vidyalaya_ina,2026-09-21T21:00,21,0,0,0,27.3,74,2.6,65.0,108.6,1008.0,170.0,137.8
kendriya_vidyalaya_ina,2026-09-21T22:00,22,0,0,0,27.0,75,2.4,75.0,108.0,907.0,169.0,136.9
kendriya_vidyalaya_ina,2026-09-21T23:00,23,0,0,0,26.7,77,1.8,70.0,106.3,829.0,168.1,136.0
kendriya_vidyalaya_ina,2026-09-22T00:00,0,1,0,0,26.5,81,0.6,20.0,95.8,815.0,157.4,126.7
kendriya_vidyalaya_ina,2026-09-22T01:00,1,1,0,0,26.3,81,0.5,15.0,86.9,933.0,144.4,114.8
kendriya_vidyalaya_ina,2026-09-22T02:00,2,1,0,0,27.8,72,0.4,75.0,74.0,1113.0,139.2,108.0
kendriya_vidyalaya_ina,2026-09-22T03:00,3,1,0,0,29.9,62,1.3,230.0,59.7,1188.0,148.1,89.6
kendriya_vidyalaya_ina,2026-09-22T04:00,4,1,0,0,31.9,51,0.5,1060.0,42.6,1050.0,148.5,70.8
kendriya_vidyalaya_ina,2026-09-22T05:00,5,1,0,0,33.2,45,2.8,1260.0,24.1,806.0,136.0,67.1
kendriya_vidyalaya_ina,2026-09-22T06:00,6,1,0,0,34.7,41,4.6,1890.0,10.7,609.0,120.6,64.3
kendriya_vidyalaya_ina,2026-09-22T07:00,7,1,1,1,34.9,41,5.0,1770.0,5.3,520.0,116.4,62.9
kendriya_vidyalaya_ina,2026-09-22T08:00,8,1,1,1,35.5,38,6.1,1855.0,5.0,479.0,110.4,61.0
kendriya_vidyalaya_ina,2026-09-22T09:00,9,1,1,1,35.8,36,7.7,1920.0,7.5,458.0,105.2,58.4
kendriya_vidyalaya_ina,2026-09-22T10:00,10,1,1,0,35.6,36,8.9,1860.0,12.8,446.0,121.1,57.3
kendriya_vidyalaya_ina,2026-09-22T11:00,11,1,1,0,34.9,39,10.1,1630.0,20.8,454.0,119.0,55.6
kendriya_vidyalaya_ina,2026-09-22T12:00,12,1,1,0,34.2,46,9.0,1300.0,25.5,484.0,101.7,55.4
kendriya_vidyalaya_ina,2026-09-22T13:00,13,1,1,0,33.0,51,7.2,1080.0,36.8,546.0,108.7,60.3
kendriya_vidyalaya_ina,2026-09-22T14:00,14,1,0,0,32.4,54,5.2,925.0,52.7,631.0,114.8,65.4
kendriya_vidyalaya_ina,2026-09-22T15:00,15,1,0,0,31.8,58,3.1,795.0,66.4,716.0,118.3,68.7
kendriya_vidyalaya_ina,2026-09-22T16:00,16,1,0,0,31.3,61,2.2,630.0,75.4,802.0,120.1,72.6
kendriya_vidyalaya_ina,2026-09-22T17:00,17,1,0,0,30.9,64,0.7,180.0,82.3,888.0,124.3,77.1
kendriya_vidyalaya_ina,2026-09-22T18:00,18,1,0,0,31.1,68,2.4,875.0,88.1,948.0,132.2,83.6
kendriya_vidyalaya_ina,2026-09-22T19:00,19,1,0,0,29.9,70,2.9,135.0,93.7,967.0,141.1,89.6
kendriya_vidyalaya_ina,2026-09-22T20:00,20,1,0,0,29.0,75,3.5,180.0,98.2,960.0,150.4,96.9
kendriya_vidyalaya_ina,2026-09-22T21:00,21,1,0,0,28.3,78,3.5,195.0,100.0,950.0,155.5,102.2
kendriya_vidyalaya_ina,2026-09-22T22:00,22,1,0,0,27.7,80,3.3,165.0,99.0,941.0,156.9,105.2
kendriya_vidyalaya_ina,2026-09-22T23:00,23,1,0,0,27.0,83,2.7,125.0,95.4,928.0,158.3,107.3
kendriya_vidyalaya_ina,2026-09-23T00:00,0,2,0,0,27.5,78,2.0,110.0,51.5,923.0,122.9,72.9
kendriya_vidyalaya_ina,2026-09-23T01:00,1,2,0,0,27.0,81,2.3,95.0,48.6,944.0,131.8,80.3
kendriya_vidyalaya_ina,2026-09-23T02:00,2,2,0,0,28.2,74,1.6,145.0,44.2,972.0,127.6,82.9
kendriya_vidyalaya_ina,2026-09-23T03:00,3,2,0,0,30.0,63,2.3,575.0,38.3,961.0,117.3,65.2
kendriya_vidyalaya_ina,2026-09-23T04:00,4,2,0,0,31.7,54,1.2,1035.0,29.5,874.0,119.7,58.0
kendriya_vidyalaya_ina,2026-09-23T05:00,5,2,0,0,33.1,48,1.7,1155.0,19.1,749.0,114.1,55.5
kendriya_vidyalaya_ina,2026-09-23T06:00,6,2,0,0,35.0,45,3.9,1530.0,11.3,650.0,105.7,53.6
kendriya_vidyalaya_ina,2026-09-23T07:00,7,2,1,1,36.0,38,4.7,1885.0,7.4,604.0,99.2,52.5
kendriya_vidyalaya_ina,2026-09-23T08:00,8,2,1,1,36.6,34,5.6,2160.0,6.1,584.0,90.3,50.8
kendriya_vidyalaya_ina,2026-09-23T09:00,9,2,1,1,36.9,33,5.9,2235.0,7.8,576.0,84.3,50.1
kendriya_vidyalaya_ina,2026-09-23T10:00,10,2,1,0,36.7,33,6.9,2180.0,11.5,579.0,82.7,51.2
kendriya_vidyalaya_ina,2026-09-23T11:00,11,2,1,0,35.9,35,9.1,2020.0,18.2,593.0,82.2,52.9
kendriya_vidyalaya_ina,2026-09-23T12:00,12,2,1,0,34.7,39,8.4,1635.0,30.3,609.0,79.6,56.7
kendriya_vidyalaya_ina,2026-09-23T13:00,13,2,1,0,32.8,45,7.6,795.0,50.6,606.0,94.1,71.9
kendriya_vidyalaya_ina,2026-09-23T14:00,14,2,0,0,31.7,52,3.6,525.0,78.0,604.0,111.5,88.2
kendriya_vidyalaya_ina,2026-09-23T15:00,15,2,0,0,31.1,54,3.9,315.0,94.2,651.0,122.5,98.5
kendriya_vidyalaya_ina,2026-09-23T16:00,16,2,0,0,30.5,57,4.2,210.0,89.3,811.0,129.0,101.0
kendriya_vidyalaya_ina,2026-09-23T17:00,17,2,0,0,29.9,61,3.9,170.0,73.3,1020.0,131.3,97.3
kendriya_vidyalaya_ina,2026-09-23T18:00,18,2,0,0,30.3,62,5.2,255.0,57.8,1134.0,130.9,90.3
kendriya_vidyalaya_ina,2026-09-23T19:00,19,2,0,0,28.6,71,4.5,135.0,46.0,1065.0,132.2,83.1
kendriya_vidyalaya_ina,2026-09-23T20:00,20,2,0,0,28.1,74,3.6,105.0,34.8,900.0,170.9,79.6
kendriya_vidyalaya_ina,2026-09-23T21:00,21,2,0,0,27.6,75,4.8,170.0,26.6,759.0,202.1,77.5
kendriya_vidyalaya_ina,2026-09-23T22:00,22,2,0,0,27.0,77,6.8,240.0,23.3,678.0,171.8,68.2
kendriya_vidyalaya_ina,2026-09-23T23:00,23,2,0,0,26.2,81,5.6,215.0,23.0,620.0,136.0,59.4
kendriya_vidyalaya_ina,2026-09-24T00:00,0,3,0,0,26.5,84,2.9,115.0,37.3,593.0,106.6,68.5
kendriya_vidyalaya_ina,2026-09-24T01:00,1,3,0,0,26.2,86,2.6,95.0,34.7,626.0,106.9,72.6
kendriya_vidyalaya_ina,2026-09-24T02:00,2,3,0,0,26.9,84,9.6,355.0,30.9,691.0,119.0,71.0
kendriya_vidyalaya_ina,2026-09-24T03:00,3,3,0,0,28.1,80,9.1,495.0,26.2,711.0,164.4,60.1
kendriya_vidyalaya_ina,2026-09-24T04:00,4,3,0,0,29.4,74,10.6,685.0,19.8,635.0,59.6,36.0
kendriya_vidyalaya_ina,2026-09-24T05:00,5,3,0,0,30.6,67,8.4,815.0,12.4,514.0,41.0,29.8
kendriya_vidyalaya_ina,2026-09-24T06:00,6,3,0,0,32.4,52,7.5,1355.0,7.1,423.0,36.4,27.8
kendriya_vidyalaya_ina,2026-09-24T07:00,7,3,1,1,33.4,45,5.9,1575.0,4.7,393.0,36.6,28.3
kendriya_vidyalaya_ina,2026-09-24T08:00,8,3,1,1,33.9,43,3.3,1630.0,4.2,393.0,60.5,31.4
kendriya_vidyalaya_ina,2026-09-24T09:00,9,3,1,1,34.4,41,2.7,1750.0,6.1,410.0,70.3,33.1
kendriya_vidyalaya_ina,2026-09-24T10:00,10,3,1,0,34.6,38,2.7,1940.0,11.3,447.0,55.5,31.5
kendriya_vidyalaya_ina,2026-09-24T11:00,11,3,1,0,34.2,38,4.0,2030.0,18.7,501.0,50.5,32.0
kendriya_vidyalaya_ina,2026-09-24T12:00,12,3,1,0,33.5,42,7.1,1855.0,24.3,546.0,158.8,53.4
kendriya_vidyalaya_ina,2026-09-24T13:00,13,3,1,0,31.9,49,7.0,490.0,27.9,576.0,187.2,60.3
kendriya_vidyalaya_ina,2026-09-24T14:00,14,3,0,0,31.0,54,9.0,510.0,32.8,597.0,248.7,66.6
kendriya_vidyalaya_ina,2026-09-24T15:00,15,3,0,0,29.8,62,10.8,445.0,35.5,605.0,269.2,67.3
kendriya_vidyalaya_ina,2026-09-24T16:00,16,3,0,0,28.9,66,9.6,420.0,34.3,598.0,271.0,65.9
kendriya_vidyalaya_ina,2026-09-24T17:00,17,3,0,0,28.5,66,10.7,510.0,31.0,579.0,276.6,64.5
kendriya_vidyalaya_ina,2026-09-24T18:00,18,3,0,0,28.6,71,12.1,660.0,27.5,551.0,290.6,62.9
kendriya_vidyalaya_ina,2026-09-24T19:00,19,3,0,0,27.6,76,10.7,600.0,23.9,507.0,321.3,61.7
kendriya_vidyalaya_ina,2026-09-24T20:00,20,3,0,0,26.8,80,11.1,560.0,20.0,455.0,335.3,59.8
kendriya_vidyalaya_ina,2026-09-24T21:00,21,3,0,0,26.1,84,10.8,510.0,17.8,423.0,316.6,55.8
kendriya_vidyalaya_ina,2026-09-24T22:00,22,3,0,0,25.5,85,9.8,465.0,18.5,429.0,253.3,47.7
kendriya_vidyalaya_ina,2026-09-24T23:00,23,3,0,0,25.1,85,8.3,460.0,20.9,455.0,162.5,37.4
kendriya_vidyalaya_ina,2026-09-25T00:00,0,4,0,0,25.6,82,10.9,540.0,14.9,470.0,298.0,46.9
kendriya_vidyalaya_ina,2026-09-25T01:00,1,4,0,0,25.0,84,10.2,540.0,15.3,465.0,262.6,44.7
kendriya_vidyalaya_ina,2026-09-25T02:00,2,4,0,0,25.5,81,10.3,605.0,15.6,451.0,199.3,37.6
kendriya_vidyalaya_ina,2026-09-25T03:00,3,4,0,0,26.5,75,10.8,635.0,15.1,425.0,175.6,32.5
kendriya_vidyalaya_ina,2026-09-25T04:00,4,4,0,0,27.8,68,11.2,765.0,12.8,379.0,201.2,34.7
kendriya_vidyalaya_ina,2026-09-25T05:00,5,4,0,0,29.3,61,11.6,930.0,9.6,322.0,235.6,39.3
kendriya_vidyalaya_ina,2026-09-25T06:00,6,4,0,0,30.5,55,12.7,1360.0,7.1,282.0,244.0,41.2
kendriya_vidyalaya_ina,2026-09-25T07:00,7,4,1,1,30.5,55,10.4,1445.0,5.7,268.0,253.3,41.7
kendriya_vidyalaya_ina,2026-09-25T08:00,8,4,1,1,31.0,52,7.7,1615.0,5.0,271.0,113.6,27.1
kendriya_vidyalaya_ina,2026-09-25T09:00,9,4,1,1,31.2,51,4.2,1595.0,5.5,290.0,83.6,23.0
kendriya_vidyalaya_ina,2026-09-25T10:00,10,4,1,0,31.1,51,4.0,1380.0,7.3,332.0,83.8,22.8
kendriya_vidyalaya_ina,2026-09-25T11:00,11,4,1,0,30.9,52,4.1,1350.0,10.3,389.0,101.0,24.4
kendriya_vidyalaya_ina,2026-09-25T12:00,12,4,1,0,29.9,59,5.6,1120.0,13.9,438.0,362.3,53.4
kendriya_vidyalaya_ina,2026-09-25T13:00,13,4,1,0,28.6,68,6.7,365.0,19.8,470.0,279.4,53.1
kendriya_vidyalaya_ina,2026-09-25T14:00,14,4,0,0,27.9,73,5.8,275.0,28.1,494.0,298.0,59.0
kendriya_vidyalaya_ina,2026-09-25T15:00,15,4,0,0,27.3,74,5.8,230.0,35.1,511.0,280.3,59.4
kendriya_vidyalaya_ina,2026-09-25T16:00,16,4,0,0,26.7,76,7.2,345.0,39.8,524.0,210.9,53.9
kendriya_vidyalaya_ina,2026-09-25T17:00,17,4,0,0,26.0,77,9.4,515.0,43.3,530.0,155.5,50.5
kendriya_vidyalaya_ina,2026-09-25T18:00,18,4,0,0,25.7,80,10.4,465.0,44.6,522.0,142.0,50.6
kendriya_vidyalaya_ina,2026-09-25T19:00,19,4,0,0,24.8,82,8.0,370.0,42.7,487.0,117.8,49.2
kendriya_vidyalaya_ina,2026-09-25T20:00,20,4,0,0,24.4,82,5.1,265.0,38.8,438.0,108.5,44.8
kendriya_vidyalaya_ina,2026-09-25T21:00,21,4,0,0,24.0,82,5.0,275.0,34.8,404.0,126.2,43.7
kendriya_vidyalaya_ina,2026-09-25T22:00,22,4,0,0,23.7,84,2.6,220.0,31.1,389.0,153.7,44.4
kendriya_vidyalaya_ina,2026-09-25T23:00,23,4,0,0,23.3,86,2.4,230.0,27.5,389.0,232.4,50.6
kendriya_vidyalaya_ina,2026-09-26T00:00,0,5,0,0,23.7,80,5.7,310.0,41.6,420.0,67.5,39.5
kendriya_vidyalaya_ina,2026-09-26T01:00,1,5,0,0,23.2,82,3.4,230.0,41.7,516.0,70.1,43.4
kendriya_vidyalaya_ina,2026-09-26T02:00,2,5,0,0,23.8,79,1.2,190.0,41.6,643.0,64.0,41.7
kendriya_vidyalaya_ina,2026-09-26T03:00,3,5,0,0,24.9,74,2.4,335.0,40.5,710.0,62.6,40.3
kendriya_vidyalaya_ina,2026-09-26T04:00,4,5,0,0,26.5,70,0.6,385.0,37.5,666.0,89.9,42.0
kendriya_vidyalaya_ina,2026-09-26T05:00,5,5,0,0,28.3,65,3.6,800.0,33.5,562.0,75.9,39.8
kendriya_vidyalaya_ina,2026-09-26T06:00,6,5,0,0,27.4,68,7.8,760.0,29.6,469.0,76.8,45.3
kendriya_vidyalaya_ina,2026-09-26T07:00,7,5,1,1,29.0,59,11.6,1145.0,25.5,403.0,80.8,51.5
kendriya_vidyalaya_ina,2026-09-26T08:00,8,5,1,1,29.6,57,12.0,1380.0,21.5,347.0,80.6,54.5
kendriya_vidyalaya_ina,2026-09-26T09:00,9,5,1,1,29.2,55,12.7,1220.0,19.9,318.0,77.5,55.1
kendriya_vidyalaya_ina,2026-09-26T10:00,10,5,1,0,28.2,55,12.3,1100.0,21.7,327.0,72.4,54.0
kendriya_vidyalaya_ina,2026-09-26T11:00,11,5,1,0,27.2,59,9.9,945.0,25.7,363.0,66.8,52.0
kendriya_vidyalaya_ina,2026-09-26T12:00,12,5,1,0,24.5,72,13.6,840.0,31.5,404.0,100.4,67.5
kendriya_vidyalaya_ina,2026-09-26T13:00,13,5,1,0,23.4,81,10.9,785.0,34.5,440.0,54.7,51.8
kendriya_vidyalaya_ina,2026-09-26T14:00,14,5,0,0,23.0,85,8.5,430.0,38.8,481.0,51.0,49.6
kendriya_vidyalaya_ina,2026-09-26T15:00,15,5,0,0,23.2,79,10.0,545.0,42.4,534.0,49.8,48.8
kendriya_vidyalaya_ina,2026-09-26T16:00,16,5,0,0,23.0,80,8.7,325.0,44.8,618.0,50.4,49.1
kendriya_vidyalaya_ina,2026-09-26T17:00,17,5,0,0,22.7,81,7.8,360.0,46.5,714.0,52.2,50.1
kendriya_vidyalaya_ina,2026-09-26T18:00,18,5,0,0,22.1,91,9.7,510.0,47.6,774.0,52.0,49.7
kendriya_vidyalaya_ina,2026-09-26T19:00,19,5,0,0,22.3,90,7.9,320.0,48.1,766.0,48.9,47.3
kendriya_vidyalaya_ina,2026-09-26T20:00,20,5,0,0,22.7,86,6.2,270.0,48.0,722.0,48.3,47.1
kendriya_vidyalaya_ina,2026-09-26T21:00,21,5,0,0,22.9,84,4.0,210.0,47.4,688.0,50.9,49.7
kendriya_vidyalaya_ina,2026-09-26T22:00,22,5,0,0,23.1,84,0.9,65.0,46.8,689.0,54.2,52.3
kendriya_vidyalaya_ina,2026-09-26T23:00,23,5,0,0,23.1,84,3.0,110.0,45.8,701.0,58.1,54.5
kendriya_vidyalaya_ina,2026-09-27T00:00,0,6,0,0,22.4,94,2.6,175.0,24.8,695.0,24.3,23.9
kendriya_vidyalaya_ina,2026-09-27T01:00,1,6,0,0,22.2,94,9.5,235.0,25.0,656.0,28.9,28.5
kendriya_vidyalaya_ina,2026-09-27T02:00,2,6,0,0,22.8,89,5.6,255.0,25.2,600.0,27.6,27.4
kendriya_vidyalaya_ina,2026-09-27T03:00,3,6,0,0,23.9,85,2.0,240.0,24.3,545.0,26.5,26.3
kendriya_vidyalaya_ina,2026-09-27T04:00,4,6,0,0,25.5,78,3.4,305.0,21.7,498.0,23.3,22.8
kendriya_vidyalaya_ina,2026-09-27T05:00,5,6,0,0,27.1,68,5.7,650.0,18.0,452.0,25.0,21.0
kendriya_vidyalaya_ina,2026-09-27T06:00,6,6,0,0,28.4,62,7.5,1095.0,14.6,411.0,45.3,23.2
kendriya_vidyalaya_ina,2026-09-27T07:00,7,6,0,0,28.2,63,7.6,1015.0,11.4,368.0,97.1,30.2
kendriya_vidyalaya_ina,2026-09-27T08:00,8,6,0,0,28.5,61,7.9,1100.0,8.4,329.0,160.2,38.3
kendriya_vidyalaya_ina,2026-09-27T09:00,9,6,0,0,28.6,60,8.5,1065.0,7.3,317.0,245.9,45.6
kendriya_vidyalaya_ina,2026-09-27T10:00,10,6,0,0,28.3,61,9.4,915.0,8.6,350.0,311.1,50.1
kendriya_vidyalaya_ina,2026-09-27T11:00,11,6,0,0,27.5,63,8.8,720.0,11.7,409.0,329.7,50.1
kendriya_vidyalaya_ina,2026-09-27T12:00,12,6,0,0,26.4,71,12.7,755.0,18.8,465.0,207.7,47.7
kendriya_vidyalaya_ina,2026-09-27T13:00,13,6,0,0,24.7,80,10.8,480.0,25.2,511.0,184.4,48.8
kendriya_vidyalaya_ina,2026-09-27T14:00,14,6,0,0,24.0,83,7.2,410.0,34.1,553.0,163.9,49.1
kendriya_vidyalaya_ina,2026-09-27T15:00,15,6,0,0,23.5,86,5.7,365.0,40.6,580.0,149.5,47.5
kendriya_vidyalaya_ina,2026-09-27T16:00,16,6,0,0,23.1,89,4.0,330.0,42.5,584.0,133.6,45.4
kendriya_vidyalaya_ina,2026-09-27T17:00,17,6,0,0,22.8,92,4.3,290.0,42.2,574.0,89.9,41.4
kendriya_vidyalaya_ina,2026-09-27T18:00,18,6,0,0,23.9,92,2.4,435.0,41.8,565.0,59.4,38.1
kendriya_vidyalaya_ina,2026-09-27T19:00,19,6,0,0,23.2,95,2.3,265.0,41.9,564.0,51.0,37.1
kendriya_vidyalaya_ina,2026-09-27T20:00,20,6,0,0,23.1,96,4.9,300.0,42.1,565.0,47.3,39.1
kendriya_vidyalaya_ina,2026-09-27T21:00,21,6,0,0,22.9,96,5.5,285.0,43.1,563.0,46.7,41.3
kendriya_vidyalaya_ina,2026-09-27T22:00,22,6,0,0,22.6,97,4.2,250.0,46.8,550.0,48.9,44.1
kendriya_vidyalaya_ina,2026-09-27T23:00,23,6,0,0,22.2,97,2.8,220.0,51.3,533.0,51.5,47.1
kendriya_vidyalaya_ina,2026-09-28T00:00,0,0,0,0,23.1,95,3.6,215.0,31.2,535.0,57.9,33.4
kendriya_vidyalaya_ina,2026-09-28T01:00,1,0,0,0,22.9,95,1.9,150.0,30.7,574.0,52.4,37.6
kendriya_vidyalaya_ina,2026-09-28T02:00,2,0,0,0,23.6,90,1.1,260.0,29.9,632.0,42.6,36.3
kendriya_vidyalaya_ina,2026-09-28T03:00,3,0,0,0,24.3,86,3.3,325.0,27.8,668.0,32.4,28.1
kendriya_vidyalaya_ina,2026-09-28T04:00,4,0,0,0,25.1,81,4.3,505.0,23.5,667.0,38.6,30.5
kendriya_vidyalaya_ina,2026-09-28T05:00,5,0,0,0,25.7,77,5.4,600.0,18.0,644.0,47.1,33.9
kendriya_vidyalaya_ina,2026-09-28T06:00,6,0,0,0,26.7,68,9.0,885.0,13.5,612.0,53.2,37.3
kendriya_vidyalaya_ina,2026-09-28T07:00,7,0,1,1,27.4,65,10.7,895.0,10.1,561.0,55.9,39.1
kendriya_vidyalaya_ina,2026-09-28T08:00,8,0,1,1,27.8,65,11.2,890.0,7.7,500.0,56.9,40.5
kendriya_vidyalaya_ina,2026-09-28T09:00,9,0,1,1,28.2,63,12.5,950.0,8.6,467.0,56.8,40.6
kendriya_vidyalaya_ina,2026-09-28T10:00,10,0,1,0,27.6,65,14.3,940.0,13.1,475.0,54.8,39.9
kendriya_vidyalaya_ina,2026-09-28T11:00,11,0,1,0,25.9,76,14.3,660.0,20.9,510.0,53.3,39.3
kendriya_vidyalaya_ina,2026-09-28T12:00,12,0,1,0,24.4,82,9.4,640.0,31.1,567.0,35.6,32.7
kendriya_vidyalaya_ina,2026-09-28T13:00,13,0,1,0,23.7,85,4.9,440.0,43.7,667.0,41.2,38.4
kendriya_vidyalaya_ina,2026-09-28T14:00,14,0,0,0,23.4,87,3.5,340.0,60.8,788.0,52.0,49.6
kendriya_vidyalaya_ina,2026-09-28T15:00,15,0,0,0,23.2,89,5.7,275.0,71.7,860.0,58.7,56.6
kendriya_vidyalaya_ina,2026-09-28T16:00,16,0,0,0,22.9,91,6.8,235.0,70.9,848.0,59.8,57.6
kendriya_vidyalaya_ina,2026-09-28T17:00,17,0,0,0,22.6,93,7.5,275.0,64.0,786.0,60.5,56.1
kendriya_vidyalaya_ina,2026-09-28T18:00,18,0,0,0,23.1,91,7.0,350.0,56.4,712.0,61.9,54.0
kendriya_vidyalaya_ina,2026-09-28T19:00,19,0,0,0,22.5,93,7.1,285.0,49.3,623.0,62.4,52.5
kendriya_vidyalaya_ina,2026-09-28T20:00,20,0,0,0,22.3,93,6.1,235.0,41.6,520.0,62.4,51.8
kendriya_vidyalaya_ina,2026-09-28T21:00,21,0,0,0,22.1,94,5.4,195.0,35.6,449.0,61.7,51.3
kendriya_vidyalaya_ina,2026-09-28T22:00,22,0,0,0,22.0,94,5.9,195.0,32.4,421.0,67.8,51.8
kendriya_vidyalaya_ina,2026-09-28T23:00,23,0,0,0,22.0,93,5.9,185.0,31.0,424.0,64.7,52.3
kendriya_vidyalaya_ina,2026-09-29T00:00,0,1,0,0,22.3,94,5.4,170.0,33.2,464.0,70.5,54.4
kendriya_vidyalaya_ina,2026-09-29T01:00,1,1,0,0,22.0,95,5.4,155.0,32.3,582.0,71.7,57.2
kendriya_vidyalaya_ina,2026-09-29T02:00,2,1,0,0,22.9,92,5.4,220.0,30.8,737.0,68.7,54.0
kendriya_vidyalaya_ina,2026-09-29T03:00,3,1,0,0,24.2,86,5.9,350.0,28.0,815.0,60.1,44.1
kendriya_vidyalaya_ina,2026-09-29T04:00,4,1,0,0,25.7,77,6.7,585.0,22.7,740.0,57.2,34.3
kendriya_vidyalaya_ina,2026-09-29T05:00,5,1,0,0,27.0,71,8.0,715.0,16.0,587.0,257.0,52.6
kendriya_vidyalaya_ina,2026-09-29T06:00,6,1,0,0,29.0,62,8.8,1155.0,10.7,468.0,340.9,60.5
kendriya_vidyalaya_ina,2026-09-29T07:00,7,1,1,1,29.8,58,10.1,1275.0,7.4,420.0,383.7,65.0
kendriya_vidyalaya_ina,2026-09-29T08:00,8,1,1,1,30.4,55,11.1,1355.0,5.6,406.0,422.8,68.5
kendriya_vidyalaya_ina,2026-09-29T09:00,9,1,1,1,30.8,53,11.6,1445.0,6.3,427.0,455.4,72.2
kendriya_vidyalaya_ina,2026-09-29T10:00,10,1,1,0,30.7,54,11.6,1415.0,10.8,498.0,495.5,77.8
kendriya_vidyalaya_ina,2026-09-29T11:00,11,1,1,0,30.2,57,10.4,1310.0,17.7,604.0,551.3,89.4
kendriya_vidyalaya_ina,2026-09-29T12:00,12,1,1,0,29.3,61,9.8,1175.0,21.9,695.0,386.5,69.8
kendriya_vidyalaya_ina,2026-09-29T13:00,13,1,1,0,27.8,67,6.9,315.0,29.5,760.0,372.5,76.4
kendriya_vidyalaya_ina,2026-09-29T14:00,14,1,0,0,27.2,70,7.1,290.0,39.8,811.0,341.8,79.9
kendriya_vidyalaya_ina,2026-09-29T15:00,15,1,0,0,26.5,73,6.8,265.0,46.3,830.0,337.1,82.7
kendriya_vidyalaya_ina,2026-09-29T16:00,16,1,0,0,25.8,76,6.0,195.0,45.6,803.0,339.9,84.3
kendriya_vidyalaya_ina,2026-09-29T17:00,17,1,0,0,25.2,79,5.7,160.0,41.0,744.0,345.5,85.2
kendriya_vidyalaya_ina,2026-09-29T18:00,18,1,0,0,25.4,80,6.7,250.0,36.0,681.0,347.4,84.1
kendriya_vidyalaya_ina,2026-09-29T19:00,19,1,0,0,24.6,82,6.7,185.0,31.1,613.0,343.7,81.5
kendriya_vidyalaya_ina,2026-09-29T20:00,20,1,0,0,24.2,83,7.0,195.0,25.7,541.0,337.1,78.5
kendriya_vidyalaya_ina,2026-09-29T21:00,21,1,0,0,23.9,84,6.4,180.0,21.8,493.0,326.9,75.2
kendriya_vidyalaya_ina,2026-09-29T22:00,22,1,0,0,23.5,85,5.8,160.0,19.9,470.0,305.5,70.8
kendriya_vidyalaya_ina,2026-09-29T23:00,23,1,0,0,23.2,87,5.8,140.0,19.4,472.0,276.6,66.1
kendriya_vidyalaya_ina,2026-09-30T00:00,0,2,0,0,23.9,87,5.7,120.0,20.8,522.0,204.4,57.9
kendriya_vidyalaya_ina,2026-09-30T01:00,1,2,0,0,23.5,89,6.5,120.0,23.8,682.0,197.0,58.7
kendriya_vidyalaya_ina,2026-09-30T02:00,2,2,0,0,24.4,87,7.0,185.0,27.6,891.0,244.9,68.7
kendriya_vidyalaya_ina,2026-09-30T03:00,3,2,0,0,26.0,81,6.4,400.0,28.3,991.0,225.4,62.6
kendriya_vidyalaya_ina,2026-09-30T04:00,4,2,0,0,27.7,72,8.1,745.0,22.9,880.0,236.1,58.8
kendriya_vidyalaya_ina,2026-09-30T05:00,5,2,0,0,29.1,64,9.9,1040.0,14.4,660.0,275.7,62.2
kendriya_vidyalaya_ina,2026-09-30T06:00,6,2,0,0,31.2,54,13.2,1455.0,7.9,486.0,341.8,69.8
kendriya_vidyalaya_ina,2026-09-30T07:00,7,2,1,1,32.0,47,14.2,1530.0,4.8,407.0,415.4,78.5
kendriya_vidyalaya_ina,2026-09-30T08:00,8,2,1,1,32.4,44,13.9,1635.0,3.8,375.0,474.0,85.9
kendriya_vidyalaya_ina,2026-09-30T09:00,9,2,1,1,32.5,42,13.4,1705.0,5.7,393.0,510.4,89.9
kendriya_vidyalaya_ina,2026-09-30T10:00,10,2,1,0,32.2,44,12.9,1565.0,11.5,479.0,527.1,92.9
kendriya_vidyalaya_ina,2026-09-30T11:00,11,2,1,0,31.4,49,11.0,1275.0,20.3,615.0,521.5,96.9
kendriya_vidyalaya_ina,2026-09-30T12:00,12,2,1,0,30.3,53,9.3,850.0,26.7,759.0,529.0,95.0
kendriya_vidyalaya_ina,2026-09-30T13:00,13,2,1,0,28.4,62,5.6,205.0,37.6,926.0,452.6,95.2
kendriya_vidyalaya_ina,2026-09-30T14:00,14,2,0,0,27.8,66,5.6,180.0,52.7,1099.0,431.2,99.7
kendriya_vidyalaya_ina,2026-09-30T15:00,15,2,0,0,27.2,69,6.3,205.0,64.8,1186.0,404.2,102.0
kendriya_vidyalaya_ina,2026-09-30T16:00,16,2,0,0,26.7,70,6.4,230.0,71.9,1122.0,407.9,107.6
kendriya_vidyalaya_ina,2026-09-30T17:00,17,2,0,0,26.0,72,5.3,205.0,76.0,972.0,434.0,114.8
kendriya_vidyalaya_ina,2026-09-30T18:00,18,2,0,0,26.0,76,4.8,210.0,75.9,835.0,442.4,117.1
kendriya_vidyalaya_ina,2026-09-30T19:00,19,2,0,0,25.3,77,4.2,90.0,69.3,741.0,432.1,114.1
kendriya_vidyalaya_ina,2026-09-30T20:00,20,2,0,0,24.7,79,4.6,75.0,58.6,660.0,410.7,109.9
kendriya_vidyalaya_ina,2026-09-30T21:00,21,2,0,0,24.3,81,4.7,75.0,49.3,603.0,378.1,105.0
kendriya_vidyalaya_ina,2026-09-30T22:00,22,2,0,0,24.0,82,5.0,80.0,43.1,556.0,342.7,99.9
kendriya_vidyalaya_ina,2026-09-30T23:00,23,2,0,0,23.8,83,6.1,95.0,38.4,532.0,331.6,97.1
kendriya_vidyalaya_ina,2026-10-01T00:00,0,3,0,0,24.3,85,6.0,85.0,28.7,582.0,366.9,97.8
kendriya_vidyalaya_ina,2026-10-01T01:00,1,3,0,0,24.0,86,5.8,80.0,31.2,800.0,312.0,94.3
kendriya_vidyalaya_ina,2026-10-01T02:00,2,3,0,0,25.2,84,6.9,115.0,34.2,1091.0,328.8,99.4
kendriya_vidyalaya_ina,2026-10-01T03:00,3,3,0,0,26.9,79,5.5,225.0,33.7,1224.0,329.7,98.3
kendriya_vidyalaya_ina,2026-10-01T04:00,4,3,0,0,28.9,71,7.2,650.0,26.4,1042.0,274.7,78.7
kendriya_vidyalaya_ina,2026-10-01T05:00,5,3,0,0,30.4,64,8.4,975.0,15.5,702.0,286.8,74.7
kendriya_vidyalaya_ina,2026-10-01T06:00,6,3,0,0,32.4,52,11.9,1795.0,7.4,435.0,328.8,78.2
kendriya_vidyalaya_ina,2026-10-01T07:00,7,3,1,1,33.0,46,14.0,1820.0,3.9,325.0,394.9,80.1
kendriya_vidyalaya_ina,2026-10-01T08:00,8,3,1,1,33.4,37,14.8,1840.0,3.0,289.0,448.9,81.5
kendriya_vidyalaya_ina,2026-10-01T09:00,9,3,1,1,33.3,36,14.0,1890.0,5.1,312.0,465.7,81.7
kendriya_vidyalaya_ina,2026-10-01T10:00,10,3,1,0,32.9,38,12.0,1710.0,11.0,413.0,493.6,86.1
kendriya_vidyalaya_ina,2026-10-01T11:00,11,3,1,0,32.5,41,9.6,1590.0,19.8,572.0,448.9,83.8
kendriya_vidyalaya_ina,2026-10-01T12:00,12,3,1,0,31.7,44,9.2,520.0,28.5,714.0,402.3,77.5
kendriya_vidyalaya_ina,2026-10-01T13:00,13,3,1,0,29.8,54,6.4,275.0,38.4,828.0,373.5,81.5
kendriya_vidyalaya_ina,2026-10-01T14:00,14,3,0,0,29.0,58,6.9,315.0,51.9,926.0,371.6,88.0
kendriya_vidyalaya_ina,2026-10-01T15:00,15,3,0,0,28.3,60,8.1,285.0,61.0,964.0,379.0,93.6
kendriya_vidyalaya_ina,2026-10-01T16:00,16,3,0,0,27.5,63,6.5,240.0,61.9,905.0,390.2,97.8
kendriya_vidyalaya_ina,2026-10-01T17:00,17,3,0,0,26.8,66,6.0,200.0,58.4,788.0,391.2,99.9
kendriya_vidyalaya_ina,2026-10-01T18:00,18,3,0,0,26.8,71,4.4,140.0,53.9,683.0,374.4,98.0
kendriya_vidyalaya_ina,2026-10-01T19:00,19,3,0,0,26.0,73,3.9,55.0,48.9,616.0,330.6,92.0
kendriya_vidyalaya_ina,2026-10-01T20:00,20,3,0,0,25.2,77,4.7,50.0,42.9,561.0,277.5,85.2
kendriya_vidyalaya_ina,2026-10-01T21:00,21,3,0,0,24.5,80,5.1,60.0,38.4,518.0,223.5,78.9
kendriya_vidyalaya_ina,2026-10-01T22:00,22,3,0,0,24.1,82,5.3,65.0,36.3,462.0,187.7,74.0
kendriya_vidyalaya_ina,2026-10-01T23:00,23,3,0,0,23.9,82,5.2,65.0,35.5,417.0,173.2,71.0
kendriya_vidyalaya_ina,2026-10-02T00:00,0,4,0,0,24.3,83,4.9,65.0,31.0,455.0,326.9,91.0
kendriya_vidyalaya_ina,2026-10-02T01:00,1,4,0,0,24.0,84,5.6,70.0,33.9,681.0,277.5,87.8
kendriya_vidyalaya_ina,2026-10-02T02:00,2,4,0,0,25.2,80,6.8,105.0,37.5,990.0,313.9,94.3
kendriya_vidyalaya_ina,2026-10-02T03:00,3,4,0,0,27.0,76,5.2,190.0,37.1,1137.0,341.8,99.9
kendriya_vidyalaya_ina,2026-10-02T04:00,4,4,0,0,29.0,67,5.9,470.0,28.8,960.0,285.9,82.4
kendriya_vidyalaya_ina,2026-10-02T05:00,5,4,0,0,30.8,58,7.4,880.0,16.5,621.0,293.4,76.1
kendriya_vidyalaya_ina,2026-10-02T06:00,6,4,0,0,33.5,40,11.9,1990.0,7.3,358.0,303.6,71.5
kendriya_vidyalaya_ina,2026-10-02T07:00,7,4,1,1,34.2,35,13.0,2190.0,3.5,263.0,338.1,66.6
kendriya_vidyalaya_ina,2026-10-02T08:00,8,4,1,1,34.5,33,12.9,2385.0,2.7,245.0,379.0,65.7
kendriya_vidyalaya_ina,2026-10-02T09:00,9,4,1,1,34.5,32,12.9,2505.0,5.1,269.0,387.4,65.0
kendriya_vidyalaya_ina,2026-10-02T10:00,10,4,1,0,34.2,33,12.7,2305.0,11.0,336.0,394.9,66.4
kendriya_vidyalaya_ina,2026-10-02T11:00,11,4,1,0,33.3,36,11.5,1765.0,20.0,445.0,366.0,67.8
kendriya_vidyalaya_ina,2026-10-02T12:00,12,4,1,0,32.4,40,10.6,945.0,29.1,561.0,317.6,61.9
kendriya_vidyalaya_ina,2026-10-02T13:00,13,4,1,0,30.3,49,6.1,230.0,39.9,685.0,286.8,66.8
kendriya_vidyalaya_ina,2026-10-02T14:00,14,4,0,0,29.4,54,5.6,170.0,55.1,815.0,284.1,74.0
kendriya_vidyalaya_ina,2026-10-02T15:00,15,4,0,0,28.9,56,5.7,135.0,68.4,913.0,289.6,80.8
kendriya_vidyalaya_ina,2026-10-02T16:00,16,4,0,0,28.0,59,5.6,110.0,78.4,970.0,312.0,89.6
kendriya_vidyalaya_ina,2026-10-02T17:00,17,4,0,0,27.5,61,4.6,70.0,86.6,995.0,339.0,99.0
kendriya_vidyalaya_ina,2026-10-02T18:00,18,4,0,0,27.4,66,5.2,90.0,91.2,973.0,359.5,105.9
kendriya_vidyalaya_ina,2026-10-02T19:00,19,4,0,0,26.9,69,3.2,60.0,91.3,875.0,369.7,108.3
kendriya_vidyalaya_ina,2026-10-02T20:00,20,4,0,0,25.9,72,6.5,60.0,87.8,731.0,359.5,108.5
kendriya_vidyalaya_ina,2026-10-02T21:00,21,4,0,0,25.3,72,6.1,85.0,81.6,615.0,322.2,104.5
kendriya_vidyalaya_ina,2026-10-02T22:00,22,4,0,0,24.9,72,6.2,85.0,71.1,534.0,285.9,95.0
kendriya_vidyalaya_ina,2026-10-02T23:00,23,4,0,0,24.6,71,5.6,75.0,58.0,481.0,260.8,86.8
kendriya_vidyalaya_ina,2026-10-03T00:00,0,5,0,0,24.7,74,5.2,60.0,47.9,512.0,244.0,81.0
kendriya_vidyalaya_ina,2026-10-03T01:00,1,5,0,0,24.3,74,5.2,60.0,44.9,721.0,230.5,78.2
kendriya_vidyalaya_ina,2026-10-03T02:00,2,5,0,0,25.6,71,6.1,80.0,44.9,1014.0,236.1,80.8
kendriya_vidyalaya_ina,2026-10-03T03:00,3,5,0,0,27.3,68,4.0,130.0,41.7,1159.0,294.3,85.9
kendriya_vidyalaya_ina,2026-10-03T04:00,4,5,0,0,29.4,59,4.3,255.0,30.9,1013.0,306.4,78.7
kendriya_vidyalaya_ina,2026-10-03T05:00,5,5,0,0,31.3,50,4.9,605.0,17.0,719.0,335.3,72.9
kendriya_vidyalaya_ina,2026-10-03T06:00,6,5,0,0,32.7,45,6.1,970.0,6.7,479.0,352.0,70.1
kendriya_vidyalaya_ina,2026-10-03T07:00,7,5,1,1,33.8,40,6.5,1385.0,2.7,353.0,359.5,70.1
kendriya_vidyalaya_ina,2026-10-03T08:00,8,5,1,1,34.7,35,8.1,1700.0,2.5,281.0,359.5,70.3
kendriya_vidyalaya_ina,2026-10-03T09:00,9,5,1,1,35.0,32,9.8,1735.0,5.1,279.0,364.1,71.2
kendriya_vidyalaya_ina,2026-10-03T10:00,10,5,1,0,34.8,32,10.3,1650.0,10.5,380.0,379.0,73.3
kendriya_vidyalaya_ina,2026-10-03T11:00,11,5,1,0,34.0,36,9.4,1480.0,18.8,550.0,363.2,75.0
kendriya_vidyalaya_ina,2026-10-03T12:00,12,5,1,0,32.1,45,6.1,270.0,29.0,710.0,302.7,74.7
kendriya_vidyalaya_ina,2026-10-03T13:00,13,5,1,0,30.5,51,5.1,110.0,42.3,819.0,283.1,79.9
kendriya_vidyalaya_ina,2026-10-03T14:00,14,5,0,0,29.7,54,5.3,140.0,57.5,916.0,271.0,84.3
kendriya_vidyalaya_ina,2026-10-03T15:00,15,5,0,0,29.1,57,4.8,100.0,69.9,1041.0,267.3,89.4
kendriya_vidyalaya_ina,2026-10-03T16:00,16,5,0,0,28.7,60,3.6,65.0,77.9,1257.0,275.7,95.5
kendriya_vidyalaya_ina,2026-10-03T17:00,17,5,0,0,28.3,64,1.7,40.0,83.1,1500.0,290.6,101.3
kendriya_vidyalaya_ina,2026-10-03T18:00,18,5,0,0,27.3,65,3.3,35.0,85.8,1618.0,303.6,105.2
kendriya_vidyalaya_ina,2026-10-03T19:00,19,5,0,0,26.3,69,4.8,40.0,85.5,1523.0,317.6,106.9
kendriya_vidyalaya_ina,2026-10-03T20:00,20,5,0,0,25.7,71,4.5,50.0,82.6,1302.0,326.0,107.3
kendriya_vidyalaya_ina,2026-10-03T21:00,21,5,0,0,25.3,73,3.8,40.0,78.5,1067.0,324.1,105.9
kendriya_vidyalaya_ina,2026-10-03T22:00,22,5,0,0,25.0,71,7.2,75.0,73.5,818.0,325.0,103.4
kendriya_vidyalaya_ina,2026-10-03T23:00,23,5,0,0,24.6,68,7.2,105.0,67.2,555.0,318.5,100.6
kendriya_vidyalaya_ina,2026-10-04T00:00,0,6,0,0,24.2,63,8.3,140.0,59.8,382.0,311.1,95.9
kendriya_vidyalaya_ina,2026-10-04T01:00,1,6,0,0,24.0,58,8.5,165.0,50.8,380.0,348.3,95.7
kendriya_vidyalaya_ina,2026-10-04T02:00,2,6,0,0,25.0,54,9.8,240.0,40.6,468.0,395.8,98.5
kendriya_vidyalaya_ina,2026-10-04T03:00,3,6,0,0,26.8,51,8.9,360.0,31.1,511.0,424.7,99.9
kendriya_vidyalaya_ina,2026-10-04T04:00,4,6,0,0,28.9,44,8.8,475.0,22.3,439.0,411.6,86.6
kendriya_vidyalaya_ina,2026-10-04T05:00,5,6,0,0,30.9,38,10.0,610.0,14.0,323.0,480.6,90.6
kendriya_vidyalaya_ina,2026-10-04T06:00,6,6,0,0,32.5,34,9.6,760.0,8.0,239.0,521.5,94.1
kendriya_vidyalaya_ina,2026-10-04T07:00,7,6,0,0,33.7,33,9.2,925.0,4.6,217.0,516.0,89.4
kendriya_vidyalaya_ina,2026-10-04T08:00,8,6,0,0,34.5,32,9.4,1140.0,3.4,227.0,495.5,83.8
kendriya_vidyalaya_ina,2026-10-04T09:00,9,6,0,0,34.9,33,9.8,1440.0,4.7,258.0,470.3,78.5
kendriya_vidyalaya_ina,2026-10-04T10:00,10,6,0,0,34.8,34,10.2,1430.0,8.1,289.0,443.3,74.3
kendriya_vidyalaya_ina,2026-10-04T11:00,11,6,0,0,34.1,36,9.4,1205.0,13.9,339.0,372.5,70.5
kendriya_vidyalaya_ina,2026-10-04T12:00,12,6,0,0,32.7,43,6.0,315.0,23.4,458.0,320.4,70.8
kendriya_vidyalaya_ina,2026-10-04T13:00,13,6,0,0,31.1,51,4.1,110.0,39.3,695.0,320.4,79.6
kendriya_vidyalaya_ina,2026-10-04T14:00,14,6,0,0,30.7,54,2.0,55.0,58.8,1001.0,322.2,90.6
kendriya_vidyalaya_ina,2026-10-04T15:00,15,6,0,0,30.5,57,0.3,10.0,75.3,1270.0,342.7,103.1
kendriya_vidyalaya_ina,2026-10-04T16:00,16,6,0,0,29.7,59,0.7,15.0,86.8,1502.0,360.4,116.2
kendriya_vidyalaya_ina,2026-10-04T17:00,17,6,0,0,28.9,61,1.5,25.0,95.2,1698.0,361.4,127.6
kendriya_vidyalaya_ina,2026-10-04T18:00,18,6,0,0,27.9,67,1.7,20.0,99.4,1758.0,351.1,132.7
kendriya_vidyalaya_ina,2026-10-04T19:00,19,6,0,0,26.8,71,3.4,30.0,98.3,1596.0,332.5,132.7
kendriya_vidyalaya_ina,2026-10-04T20:00,20,6,0,0,26.2,72,3.5,40.0,93.0,1298.0,312.9,131.8
kendriya_vidyalaya_ina,2026-10-04T21:00,21,6,0,0,25.6,69,4.8,70.0,86.3,1018.0,287.8,127.1
kendriya_vidyalaya_ina,2026-10-04T22:00,22,6,0,0,25.3,59,7.3,110.0,78.8,782.0,249.6,114.3
kendriya_vidyalaya_ina,2026-10-04T23:00,23,6,0,0,25.0,52,8.4,130.0,69.8,565.0,228.2,95.9
kendriya_vidyalaya_ina,2026-10-05T00:00,0,0,0,0,24.7,52,9.3,140.0,60.6,445.0,306.4,89.2
kendriya_vidyalaya_ina,2026-10-05T01:00,1,0,0,0,24.5,53,9.6,160.0,51.3,510.0,409.8,90.3
kendriya_vidyalaya_ina,2026-10-05T02:00,2,0,0,0,25.4,52,9.7,215.0,41.6,671.0,480.6,94.8
kendriya_vidyalaya_ina,2026-10-05T03:00,3,0,0,0,27.1,50,8.3,350.0,32.5,746.0,501.1,100.6
kendriya_vidyalaya_ina,2026-10-05T04:00,4,0,0,0,29.4,44,9.2,530.0,23.4,626.0,432.1,78.9
kendriya_vidyalaya_ina,2026-10-05T05:00,5,0,0,0,31.1,42,9.8,725.0,14.8,418.0,472.2,79.2
kendriya_vidyalaya_ina,2026-10-05T06:00,6,0,0,0,32.7,40,9.9,975.0,8.6,263.0,512.2,82.9
kendriya_vidyalaya_ina,2026-10-05T07:00,7,0,1,1,33.9,39,9.7,1230.0,4.9,210.0,516.0,84.5
kendriya_vidyalaya_ina,2026-10-05T08:00,8,0,1,1,34.6,38,9.4,1420.0,3.5,210.0,478.7,82.4
kendriya_vidyalaya_ina,2026-10-05T09:00,9,0,1,1,34.9,38,8.7,1555.0,6.1,251.0,423.8,78.0
kendriya_vidyalaya_ina,2026-10-05T10:00,10,0,1,0,34.9,39,8.4,1635.0,14.3,352.0,371.6,73.3
kendriya_vidyalaya_ina,2026-10-05T11:00,11,0,1,0,34.5,40,7.5,1650.0,26.4,494.0,293.4,69.4
kendriya_vidyalaya_ina,2026-10-05T12:00,12,0,1,0,33.6,45,4.5,1440.0,39.2,610.0,279.4,76.1
kendriya_vidyalaya_ina,2026-10-05T13:00,13,0,1,0,32.3,48,6.1,205.0,54.4,674.0,276.6,91.7
kendriya_vidyalaya_ina,2026-10-05T14:00,14,0,0,0,31.1,55,5.1,215.0,70.3,712.0,266.4,100.6
kendriya_vidyalaya_ina,2026-10-05T15:00,15,0,0,0,29.9,61,4.7,130.0,78.5,730.0,259.8,104.3
kendriya_vidyalaya_ina,2026-10-05T16:00,16,0,0,0,29.0,66,4.0,80.0,73.1,727.0,276.6,107.1
kendriya_vidyalaya_ina,2026-10-05T17:00,17,0,0,0,28.4,67,4.3,105.0,60.0,703.0,309.2,111.1
kendriya_vidyalaya_ina,2026-10-05T18:00,18,0,0,0,28.0,70,3.2,65.0,47.9,669.0,305.5,110.4
kendriya_vidyalaya_ina,2026-10-05T19:00,19,0,0,0,27.6,69,3.9,100.0,39.4,619.0,322.2,110.1
kendriya_vidyalaya_ina,2026-10-05T20:00,20,0,0,0,26.7,72,5.5,135.0,31.9,559.0,379.0,114.6
kendriya_vidyalaya_ina,2026-10-05T21:00,21,0,0,0,25.8,76,4.1,130.0,26.3,515.0,451.7,120.6
kendriya_vidyalaya_ina,2026-10-05T22:00,22,0,0,0,25.2,79,3.9,120.0,23.2,483.0,519.7,127.6
kendriya_vidyalaya_ina,2026-10-05T23:00,23,0,0,0,24.8,81,4.3,105.0,22.1,467.0,508.5,125.7
