facility_id,facility_name,facility_category,latitude,longitude,timestamp,year,month,day,hour,day_of_year,pm2_5,pm10,no2,so2,co,o3,dust,temp_2m,humidity_2m,dew_point_2m,surface_pressure,wind_speed_10m,wind_dir_10m,boundary_layer_height,fine_ratio,soot_mass,u_wind,v_wind,inversion_intensity,stubble_advection,hour_sin,hour_cos,doy_sin,doy_cos,is_winter,is_stubble_burning,is_school_rush,pm25_lag_1,pm25_lag_2,pm25_lag_24,acceleration_2h,momentum_24h
aiims_delhi,All India Institute of Medical Sciences (AIIMS),healthcare,28.5672,77.21,2026-09-20T00:00,2026,9,20,0,263,92.0,107.1,69.6,25.6,1841.0,5.0,29.0,26.3,87.0,24.0,987.4,0.4,63.0,15.0,0.859,79.03,-0.356,-0.182,0.0,0.0,0.0,1.0,-0.9824,-0.187,0,0,0,92.0,92.0,92.0,0.0,0.0
aiims_delhi,All India Institute of Medical Sciences (AIIMS),healthcare,28.5672,77.21,2026-09-20T01:00,2026,9,20,1,263,94.1,108.5,60.3,27.5,1767.0,28.0,30.0,25.8,90.0,24.0,987.9,1.5,54.0,35.0,0.8673,81.61,-1.214,-0.882,0.0,0.0,0.2588,0.9659,-0.9824,-0.187,0,0,0,92.0,94.1,94.1,0.0,0.0
aiims_delhi,All India Institute of Medical Sciences (AIIMS),healthcare,28.5672,77.21,2026-09-20T02:00,2026,9,20,2,263,92.7,104.5,47.1,30.2,1649.0,61.0,31.0,26.9,86.0,24.5,988.5,1.5,30.0,65.0,0.8871,82.23,-0.75,-1.299,0.0,0.388,0.5,0.866,-0.9824,-0.187,0,0,0,94.1,92.0,92.7,-3.5,0.0
aiims_delhi,All India Institute of Medical Sciences (AIIMS),healthcare,28.5672,77.21,2026-09-20T03:00,2026,9,20,3,263,72.6,92.2,34.8,32.2,1474.0,97.0,38.0,28.6,79.0,24.6,989.0,1.5,7.0,150.0,0.7874,57.17,-0.183,-1.489,0.0,0.923,0.7071,0.7071,-0.9824,-0.187,0,0,0,92.7,94.1,72.6,-18.7,0.0
aiims_delhi,All India Institute of Medical Sciences (AIIMS),healthcare,28.5672,77.21,2026-09-20T04:00,2026,9,20,4,263,62.4,99.2,24.3,33.0,1187.0,138.0,56.0,30.5,66.0,23.4,989.2,3.1,24.0,950.0,0.629,39.25,-1.261,-2.832,0.0,1.111,0.866,0.5,-0.9824,-0.187,0,0,0,72.6,92.7,62.4,9.9,0.0
aiims_delhi,All India Institute of Medical Sciences (AIIMS),healthcare,28.5672,77.21,2026-09-20T05:00,2026,9,20,5,263,56.2,97.1,14.7,33.1,843.0,181.0,79.0,31.8,55.0,21.7,989.5,3.9,47.0,1260.0,0.5788,32.53,-2.852,-2.66,0.0,0.0,0.9659,0.2588,-0.9824,-0.187,0,0,0,62.4,72.6,56.2,4.0,0.0
aiims_delhi,All India Institute of Medical Sciences (AIIMS),healthcare,28.5672,77.21,2026-09-20T06:00,2026,9,20,6,263,55.1,104.5,7.8,32.5,587.0,215.0,96.0,32.9,47.0,20.2,989.6,3.7,47.0,1790.0,0.5273,29.05,-2.706,-2.523,0.0,0.0,1.0,0.0,-0.9824,-0.187,0,0,0,56.2,62.4,55.1,5.1,0.0
aiims_delhi,All India Institute of Medical Sciences (AIIMS),healthcare,28.5672,77.21,2026-09-20T07:00,2026,9,20,7,263,55.5,99.0,4.6,30.9,499.0,234.0,100.0,33.3,48.0,20.7,989.1,3.2,52.0,1825.0,0.5606,31.11,-2.522,-1.97,0.0,0.0,0.9659,-0.2588,-0.9824,-0.187,0,0,1,55.1,56.2,55.5,1.5,0.0
aiims_delhi,All India Institute of Medical Sciences (AIIMS),healthcare,28.5672,77.21,2026-09-20T08:00,2026,9,20,8,263,56.5,99.0,4.2,28.6,499.0,242.0,98.0,33.6,47.0,20.6,988.2,2.7,48.0,1865.0,0.5707,32.24,-2.006,-1.807,0.0,0.0,0.866,-0.5,-0.9824,-0.187,0,0,1,55.5,55.1,56.5,0.6,0.0
aiims_delhi,All India Institute of Medical Sciences (AIIMS),healthcare,28.5672,77.21,2026-09-20T09:00,2026,9,20,9,263,56.9,103.8,5.6,26.9,502.0,242.0,92.0,33.7,46.0,20.6,987.3,1.7,49.0,1895.0,0.5482,31.19,-1.283,-1.115,0.0,0.0,0.7071,-0.7071,-0.9824,-0.187,0,0,1,56.5,55.5,56.9,-0.6,0.0
aiims_delhi,All India Institute of Medical Sciences (AIIMS),healthcare,28.5672,77.21,2026-09-20T10:00,2026,9,20,10,263,57.2,98.3,8.2,25.9,461.0,233.0,83.0,33.6,45.0,20.1,986.6,2.6,25.0,1925.0,0.5819,33.28,-1.099,-2.356,0.0,0.889,0.5,-0.866,-0.9824,-0.187,0,0,0,56.9,56.5,57.2,-0.1,0.0
aiims_delhi,All India Institute of Medical Sciences (AIIMS),healthcare,28.5672,77.21,2026-09-20T11:00,2026,9,20,11,263,57.4,93.6,12.7,25.4,422.0,216.0,71.0,33.2,46.0,20.1,986.3,3.6,18.0,1865.0,0.6132,35.2,-1.112,-3.424,0.0,1.634,0.2588,-0.9659,-0.9824,-0.187,0,0,0,57.2,56.9,57.4,-0.1,0.0
aiims_delhi,All India Institute of Medical Sciences (AIIMS),healthcare,28.5672,77.21,2026-09-20T12:00,2026,9,20,12,263,64.5,99.4,19.3,23.7,434.0,178.0,68.0,32.8,48.0,20.3,986.0,6.1,28.0,1810.0,0.6489,41.85,-2.864,-5.386,0.0,1.783,0.0,-1.0,-0.9824,-0.187,0,0,0,57.4,57.2,64.5,6.9,0.0
aiims_delhi,All India Institute of Medical Sciences (AIIMS),healthcare,28.5672,77.21,2026-09-20T13:00,2026,9,20,13,263,71.5,103.8,26.9,24.8,511.0,150.0,63.0,31.4,51.0,19.9,986.4,6.9,28.0,360.0,0.6888,49.25,-3.239,-6.092,0.0,2.017,-0.2588,-0.9659,-0.9824,-0.187,0,0,0,64.5,57.4,71.5,-0.1,0.0
aiims_delhi,All India Institute of Medical Sciences (AIIMS),healthcare,28.5672,77.21,2026-09-20T14:00,2026,9,20,14,263,76.6,106.4,37.7,26.4,639.0,110.0,55.0,30.4,53.0,19.9,986.8,4.9,33.0,185.0,0.7199,55.15,-2.669,-4.109,0.0,1.019,-0.5,-0.866,-0.9824,-0.187,0,0,0,71.5,64.5,76.6,-1.9,0.0
aiims_delhi,All India Institute of Medical Sciences (AIIMS),healthcare,28.5672,77.21,2026-09-20T15:00,2026,9,20,15,263,78.9,104.8,47.5,27.9,820.0,77.0,50.0,29.9,59.0,21.0,987.6,2.8,63.0,55.0,0.7529,59.4,-2.495,-1.271,0.0,0.0,-0.7071,-0.7071,-0.9824,-0.187,0,0,0,76.6,71.5,78.9,-2.8,0.0
aiims_delhi,All India Institute of Medical Sciences (AIIMS),healthcare,28.5672,77.21,2026-09-20T16:00,2026,9,20,16,263,81.7,106.2,54.9,29.2,1102.0,56.0,48.0,29.5,61.0,21.3,988.2,2.6,115.0,50.0,0.7693,62.85,-2.356,1.099,0.0,0.0,-0.866,-0.5,-0.9824,-0.187,0,0,0,78.9,76.6,81.7,0.5,0.0
aiims_delhi,All India Institute of Medical Sciences (AIIMS),healthcare,28.5672,77.21,2026-09-20T17:00,2026,9,20,17,263,89.2,113.9,61.4,30.5,1436.0,41.0,48.0,29.1,64.0,21.6,988.3,1.4,140.0,30.0,0.7831,69.86,-0.9,1.072,0.0,0.0,-0.9659,-0.2588,-0.9824,-0.187,0,0,0,81.7,78.9,89.2,4.7,0.0
aiims_delhi,All India Institute of Medical Sciences (AIIMS),healthcare,28.5672,77.21,2026-09-20T18:00,2026,9,20,18,263,97.6,122.9,67.0,31.7,1682.0,29.0,49.0,29.0,70.0,22.9,987.8,2.5,69.0,60.0,0.7941,77.51,-2.334,-0.896,0.0,0.0,-1.0,-0.0,-0.9824,-0.187,0,0,0,89.2,81.7,97.6,0.9,0.0
aiims_delhi,All India Institute of Medical Sciences (AIIMS),healthcare,28.5672,77.21,2026-09-20T19:00,2026,9,20,19,263,103.6,130.4,72.0,32.7,1787.0,21.0,50.0,28.1,71.0,22.4,987.5,3.5,35.0,60.0,0.7945,82.31,-2.008,-2.867,0.0,0.608,-0.9659,0.2588,-0.9824,-0.187,0,0,0,97.6,89.2,103.6,-2.4,0.0
aiims_delhi,All India Institute of Medical Sciences (AIIMS),healthcare,28.5672,77.21,2026-09-20T20:00,2026,9,20,20,263,109.0,136.4,76.1,33.7,1803.0,16.0,52.0,27.3,74.0,22.2,987.3,3.7,35.0,80.0,0.7991,87.1,-2.122,-3.031,0.0,0.642,-0.866,0.5,-0.9824,-0.187,0,0,0,103.6,97.6,109.0,-0.6,0.0
aiims_delhi,All India Institute of Medical Sciences (AIIMS),healthcare,28.5672,77.21,2026-09-20T21:00,2026,9,20,21,263,112.7,140.6,79.2,35.0,1742.0,13.0,53.0,26.8,75.0,21.9,986.9,2.5,45.0,75.0,0.8016,90.34,-1.768,-1.768,0.0,0.0,-0.7071,0.7071,-0.9824,-0.187,0,0,0,109.0,103.6,112.7,-1.7,0.0
aiims_delhi,All India Institute of Medical Sciences (AIIMS),healthcare,28.5672,77.21,2026-09-20T22:00,2026,9,20,22,263,115.0,143.0,82.2,36.7,1550.0,6.0,53.0,26.5,74.0,21.6,986.7,2.2,48.0,55.0,0.8042,92.48,-1.635,-1.472,0.0,0.0,-0.5,0.866,-0.9824,-0.187,0,0,0,112.7,109.0,115.0,-1.4,0.0
aiims_delhi,All India Institute of Medical Sciences (AIIMS),healthcare,28.5672,77.21,2026-09-20T23:00,2026,9,20,23,263,117.3,144.8,84.0,38.6,1280.0,0.0,53.0,26.2,75.0,21.3,986.7,2.6,51.0,55.0,0.8101,95.02,-2.021,-1.636,0.0,0.0,-0.2588,0.9659,-0.9824,-0.187,0,0,0,115.0,112.7,117.3,0.0,0.0
aiims_delhi,All India Institute of Medical Sciences (AIIMS),healthcare,28.5672,77.21,2026-09-21T00:00,2026,9,21,0,264,57.3,72.4,30.8,25.0,1105.0,44.0,29.0,27.0,77.0,22.5,986.8,0.6,304.0,35.0,0.7914,45.35,0.497,-0.336,0.0,0.589,0.0,1.0,-0.9854,-0.1701,0,0,0,117.3,115.0,92.0,-62.3,-34.7
aiims_delhi,All India Institute of Medical Sciences (AIIMS),healthcare,28.5672,77.21,2026-09-21T01:00,2026,9,21,1,264,60.5,75.2,35.1,27.3,1151.0,53.0,25.0,26.5,79.0,22.5,986.9,1.1,342.0,35.0,0.8045,48.67,0.34,-1.046,0.0,0.98,0.2588,0.9659,-0.9854,-0.1701,0,0,0,57.3,117.3,94.1,63.2,-33.6
aiims_delhi,All India Institute of Medical Sciences (AIIMS),healthcare,28.5672,77.21,2026-09-21T02:00,2026,9,21,2,264,65.7,77.3,40.7,30.7,1291.0,67.0,21.0,27.6,73.0,22.3,987.2,2.2,355.0,85.0,0.8499,55.84,0.192,-2.192,0.0,1.685,0.5,0.866,-0.9854,-0.1701,0,0,0,60.5,57.3,92.7,2.0,-27.0
aiims_delhi,All India Institute of Medical Sciences (AIIMS),healthcare,28.5672,77.21,2026-09-21T03:00,2026,9,21,3,264,63.1,75.9,41.8,34.8,1316.0,92.0,24.0,28.9,69.0,22.6,987.5,1.5,21.0,160.0,0.8314,52.46,-0.538,-1.4,0.0,0.61,0.7071,0.7071,-0.9854,-0.1701,0,0,0,65.7,60.5,72.6,-7.8,-9.5
aiims_delhi,All India Institute of Medical Sciences (AIIMS),healthcare,28.5672,77.21,2026-09-21T04:00,2026,9,21,4,264,58.1,79.2,34.3,41.1,1090.0,139.0,42.0,30.7,59.0,21.9,987.6,2.4,13.0,915.0,0.7336,42.62,-0.54,-2.338,0.0,1.272,0.866,0.5,-0.9854,-0.1701,0,0,0,63.1,65.7,62.4,-2.4,-4.3
aiims_delhi,All India Institute of Medical Sciences (AIIMS),healthcare,28.5672,77.21,2026-09-21T05:00,2026,9,21,5,264,58.8,92.7,22.3,48.1,749.0,198.0,67.0,32.0,51.0,20.5,987.7,3.5,345.0,1395.0,0.6343,37.3,0.906,-3.381,0.0,3.031,0.9659,0.2588,-0.9854,-0.1701,0,0,0,58.1,63.1,56.2,5.7,2.6
aiims_delhi,All India Institute of Medical Sciences (AIIMS),healthcare,28.5672,77.21,2026-09-21T06:00,2026,9,21,6,264,64.3,108.5,12.9,51.6,497.0,244.0,86.0,33.0,46.0,20.0,987.3,4.5,323.0,1575.0,0.5926,38.11,2.708,-3.594,0.0,4.456,1.0,0.0,-0.9854,-0.1701,0,0,0,58.8,58.1,55.1,4.8,9.2
aiims_delhi,All India Institute of Medical Sciences (AIIMS),healthcare,28.5672,77.21,2026-09-21T07:00,2026,9,21,7,264,66.4,116.9,8.2,48.6,425.0,270.0,93.0,33.3,44.0,19.5,986.5,4.1,331.0,1695.0,0.568,37.72,1.988,-3.586,0.0,3.941,0.9659,-0.2588,-0.9854,-0.1701,0,0,1,64.3,58.8,55.5,-3.4,10.9
aiims_delhi,All India Institute of Medical Sciences (AIIMS),healthcare,28.5672,77.21,2026-09-21T08:00,2026,9,21,8,264,67.1,119.7,6.1,42.1,441.0,284.0,95.0,33.6,43.0,19.5,985.4,4.2,340.0,1780.0,0.5606,37.61,1.436,-3.947,0.0,3.806,0.866,-0.5,-0.9854,-0.1701,0,0,1,66.4,64.3,56.5,-1.4,10.6
aiims_delhi,All India Institute of Medical Sciences (AIIMS),healthcare,28.5672,77.21,2026-09-21T09:00,2026,9,21,9,264,66.8,114.6,7.2,36.8,470.0,285.0,94.0,33.7,44.0,19.8,984.4,5.0,341.0,1865.0,0.5829,38.94,1.628,-4.728,0.0,4.493,0.7071,-0.7071,-0.9854,-0.1701,0,0,1,67.1,66.4,56.9,-1.0,9.9
aiims_delhi,All India Institute of Medical Sciences (AIIMS),healthcare,28.5672,77.21,2026-09-21T10:00,2026,9,21,10,264,67.1,113.9,12.8,34.2,470.0,270.0,90.0,33.2,45.0,19.8,983.6,6.3,347.0,1725.0,0.5891,39.53,1.417,-6.139,0.0,5.342,0.5,-0.866,-0.9854,-0.1701,0,0,0,66.8,67.1,57.2,0.6,9.9
aiims_delhi,All India Institute of Medical Sciences (AIIMS),healthcare,28.5672,77.21,2026-09-21T11:00,2026,9,21,11,264,69.2,109.4,21.6,32.8,483.0,243.0,84.0,32.6,48.0,20.2,983.2,5.6,343.0,1550.0,0.6325,43.77,1.637,-5.355,0.0,4.944,0.2588,-0.9659,-0.9854,-0.1701,0,0,0,67.1,66.8,57.4,1.8,11.8
aiims_delhi,All India Institute of Medical Sciences (AIIMS),healthcare,28.5672,77.21,2026-09-21T12:00,2026,9,21,12,264,76.1,110.1,27.4,38.0,563.0,239.0,67.0,32.6,48.0,20.2,983.3,7.1,345.0,1435.0,0.6912,52.6,1.838,-6.858,0.0,6.148,0.0,-1.0,-0.9854,-0.1701,0,0,0,69.2,67.1,64.5,4.8,11.6
aiims_delhi,All India Institute of Medical Sciences (AIIMS),healthcare,28.5672,77.21,2026-09-21T13:00,2026,9,21,13,264,89.2,119.2,41.7,41.5,771.0,198.0,63.0,31.5,52.0,20.3,983.7,5.8,355.0,390.0,0.7483,66.75,0.506,-5.778,0.0,4.442,-0.2588,-0.9659,-0.9854,-0.1701,0,0,0,76.1,69.2,71.5,6.2,17.7
aiims_delhi,All India Institute of Medical Sciences (AIIMS),healthcare,28.5672,77.21,2026-09-21T14:00,2026,9,21,14,264,99.0,128.1,61.7,46.4,1046.0,141.0,57.0,30.7,56.0,20.9,984.2,4.7,7.0,320.0,0.7728,76.51,-0.573,-4.665,0.0,2.893,-0.5,-0.866,-0.9854,-0.1701,0,0,0,89.2,76.1,76.6,-3.3,22.4
aiims_delhi,All India Institute of Medical Sciences (AIIMS),healthcare,28.5672,77.21,2026-09-21T15:00,2026,9,21,15,264,102.9,130.4,79.0,50.9,1261.0,92.0,53.0,29.8,63.0,22.0,984.8,3.6,3.0,150.0,0.7891,81.2,-0.188,-3.595,0.0,2.409,-0.7071,-0.7071,-0.9854,-0.1701,0,0,0,99.0,89.2,78.9,-5.9,24.0
aiims_delhi,All India Institute of Medical Sciences (AIIMS),healthcare,28.5672,77.21,2026-09-21T16:00,2026,9,21,16,264,108.5,134.6,91.0,54.5,1375.0,62.0,52.0,29.4,65.0,22.2,985.2,2.3,356.0,90.0,0.8061,87.46,0.16,-2.294,0.0,1.736,-0.866,-0.5,-0.9854,-0.1701,0,0,0,102.9,99.0,81.7,1.7,26.8
aiims_delhi,All India Institute of Medical Sciences (AIIMS),healthcare,28.5672,77.21,2026-09-21T17:00,2026,9,21,17,264,121.5,148.5,100.3,57.6,1428.0,41.0,53.0,29.0,67.0,22.1,985.2,2.2,346.0,75.0,0.8182,99.41,0.532,-2.135,0.0,1.885,-0.9659,-0.2588,-0.9854,-0.1701,0,0,0,108.5,102.9,89.2,7.4,32.3
aiims_delhi,All India Institute of Medical Sciences (AIIMS),healthcare,28.5672,77.21,2026-09-21T18:00,2026,9,21,18,264,131.8,160.7,106.8,59.4,1419.0,25.0,55.0,29.1,69.0,23.0,984.9,2.1,52.0,65.0,0.8202,108.1,-1.655,-1.293,0.0,0.0,-1.0,-0.0,-0.9854,-0.1701,0,0,0,121.5,108.5,97.6,-2.7,34.2
aiims_delhi,All India Institute of Medical Sciences (AIIMS),healthcare,28.5672,77.21,2026-09-21T19:00,2026,9,21,19,264,136.4,167.2,109.7,59.1,1316.0,15.0,57.0,28.4,71.0,22.5,984.5,1.2,39.0,25.0,0.8158,111.27,-0.755,-0.933,0.0,0.125,-0.9659,0.2588,-0.9854,-0.1701,0,0,0,131.8,121.5,103.6,-5.7,32.8
aiims_delhi,All India Institute of Medical Sciences (AIIMS),healthcare,28.5672,77.21,2026-09-21T20:00,2026,9,21,20,264,137.8,170.0,109.7,57.5,1150.0,10.0,59.0,27.9,72.0,22.3,984.3,1.9,41.0,55.0,0.8106,111.7,-1.247,-1.434,0.0,0.133,-0.866,0.5,-0.9854,-0.1701,0,0,0,136.4,131.8,109.0,-3.2,28.8
aiims_delhi,All India Institute of Medical Sciences (AIIMS),healthcare,28.5672,77.21,2026-09-21T21:00,2026,9,21,21,264,137.8,170.0,108.6,56.2,1008.0,7.0,61.0,27.3,74.0,22.3,984.1,2.6,39.0,65.0,0.8106,111.7,-1.636,-2.021,0.0,0.272,-0.7071,0.7071,-0.9854,-0.1701,0,0,0,137.8,136.4,112.7,-1.4,25.1
aiims_delhi,All India Institute of Medical Sciences (AIIMS),healthcare,28.5672,77.21,2026-09-21T22:00,2026,9,21,22,264,136.9,169.0,108.0,55.7,907.0,0.0,61.0,27.0,75.0,22.3,983.9,2.4,42.0,75.0,0.8101,110.9,-1.606,-1.784,0.0,0.126,-0.5,0.866,-0.9854,-0.1701,0,0,0,137.8,137.8,115.0,-0.9,21.9
aiims_delhi,All India Institute of Medical Sciences (AIIMS),healthcare,28.5672,77.21,2026-09-21T23:00,2026,9,21,23,264,136.0,168.1,106.3,55.5,829.0,0.0,61.0,26.7,77.0,22.3,984.2,1.8,53.0,70.0,0.809,110.03,-1.438,-1.083,0.0,0.0,-0.2588,0.9659,-0.9854,-0.1701,0,0,0,136.9,137.8,117.3,0.0,18.7
aiims_delhi,All India Institute of Medical Sciences (AIIMS),healthcare,28.5672,77.21,2026-09-22T00:00,2026,9,22,0,265,126.7,157.4,95.8,48.6,815.0,2.0,58.0,26.5,81.0,23.0,984.6,0.6,18.0,20.0,0.805,101.99,-0.185,-0.571,0.0,0.272,0.0,1.0,-0.9882,-0.1531,0,0,0,136.0,136.9,57.3,-8.4,69.4
aiims_delhi,All India Institute of Medical Sciences (AIIMS),healthcare,28.5672,77.21,2026-09-22T01:00,2026,9,22,1,265,114.8,144.4,86.9,48.6,933.0,30.0,74.0,26.3,81.0,22.8,984.7,0.5,315.0,15.0,0.795,91.27,0.354,-0.354,0.0,0.5,0.2588,0.9659,-0.9882,-0.1531,0,0,0,126.7,136.0,60.5,-2.6,54.3
aiims_delhi,All India Institute of Medical Sciences (AIIMS),healthcare,28.5672,77.21,2026-09-22T02:00,2026,9,22,2,265,108.0,139.2,74.0,48.5,1113.0,72.0,96.0,27.8,72.0,22.3,985.3,0.4,117.0,75.0,0.7759,83.79,-0.356,0.182,0.0,0.0,0.5,0.866,-0.9882,-0.1531,0,0,0,114.8,126.7,65.7,5.1,42.3
aiims_delhi,All India Institute of Medical Sciences (AIIMS),healthcare,28.5672,77.21,2026-09-22T03:00,2026,9,22,3,265,89.6,148.1,59.7,48.6,1188.0,116.0,112.0,29.9,62.0,21.8,985.9,1.3,56.0,230.0,0.605,54.21,-1.078,-0.727,0.0,0.0,0.7071,0.7071,-0.9882,-0.1531,0,0,0,108.0,114.8,63.1,-11.6,26.5
aiims_delhi,All India Institute of Medical Sciences (AIIMS),healthcare,28.5672,77.21,2026-09-22T04:00,2026,9,22,4,265,70.8,148.5,42.6,49.3,1050.0,166.0,116.0,31.9,51.0,20.4,986.0,0.5,315.0,1060.0,0.4768,33.76,0.354,-0.354,0.0,0.5,0.866,0.5,-0.9882,-0.1531,0,0,0,89.6,108.0,58.1,-0.4,12.7
aiims_delhi,All India Institute of Medical Sciences (AIIMS),healthcare,28.5672,77.21,2026-09-22T05:00,2026,9,22,5,265,67.1,136.0,24.1,50.1,806.0,219.0,115.0,33.2,45.0,19.7,986.1,2.8,281.0,1260.0,0.4934,33.11,2.749,-0.534,0.0,2.321,0.9659,0.2588,-0.9882,-0.1531,0,0,0,70.8,89.6,58.8,15.1,8.3
aiims_delhi,All India Institute of Medical Sciences (AIIMS),healthcare,28.5672,77.21,2026-09-22T06:00,2026,9,22,6,265,64.3,120.6,10.7,49.4,609.0,260.0,111.0,34.7,41.0,19.7,985.6,4.6,279.0,1890.0,0.5332,34.28,4.543,-0.72,0.0,3.721,1.0,0.0,-0.9882,-0.1531,0,0,0,67.1,70.8,64.3,0.9,0.0
aiims_delhi,All India Institute of Medical Sciences (AIIMS),healthcare,28.5672,77.21,2026-09-22T07:00,2026,9,22,7,265,62.9,116.4,5.3,45.9,520.0,283.0,105.0,34.9,41.0,19.7,984.7,5.0,296.0,1770.0,0.5404,33.99,4.494,-2.192,0.0,4.727,0.9659,-0.2588,-0.9882,-0.1531,0,0,1,64.3,67.1,66.4,1.4,-3.5
aiims_delhi,All India Institute of Medical Sciences (AIIMS),healthcare,28.5672,77.21,2026-09-22T08:00,2026,9,22,8,265,61.0,110.4,5.0,41.0,479.0,292.0,97.0,35.5,38.0,19.1,983.6,6.1,313.0,1855.0,0.5525,33.7,4.461,-4.16,0.0,6.095,0.866,-0.5,-0.9882,-0.1531,0,0,1,62.9,64.3,67.1,-0.5,-6.1
aiims_delhi,All India Institute of Medical Sciences (AIIMS),healthcare,28.5672,77.21,2026-09-22T09:00,2026,9,22,9,265,58.4,105.2,7.5,36.5,458.0,289.0,93.0,35.8,36.0,18.5,982.6,7.7,324.0,1920.0,0.5551,32.42,4.526,-6.229,0.0,7.604,0.7071,-0.7071,-0.9882,-0.1531,0,0,1,61.0,62.9,66.8,-0.7,-8.4
aiims_delhi,All India Institute of Medical Sciences (AIIMS),healthcare,28.5672,77.21,2026-09-22T10:00,2026,9,22,10,265,57.3,121.1,12.8,33.0,446.0,268.0,95.0,35.6,36.0,18.3,981.9,8.9,328.0,1860.0,0.4732,27.11,4.716,-7.548,0.0,8.671,0.5,-0.866,-0.9882,-0.1531,0,0,0,58.4,61.0,67.1,1.5,-9.8
aiims_delhi,All India Institute of Medical Sciences (AIIMS),healthcare,28.5672,77.21,2026-09-22T11:00,2026,9,22,11,265,55.6,119.0,20.8,30.0,454.0,235.0,101.0,34.9,39.0,18.9,981.3,10.1,333.0,1630.0,0.4672,25.98,4.585,-8.999,0.0,9.604,0.2588,-0.9659,-0.9882,-0.1531,0,0,0,57.3,58.4,69.2,-0.6,-13.6
aiims_delhi,All India Institute of Medical Sciences (AIIMS),healthcare,28.5672,77.21,2026-09-22T12:00,2026,9,22,12,265,55.4,101.7,25.5,31.5,484.0,219.0,92.0,34.2,46.0,21.1,981.4,9.0,334.0,1300.0,0.5447,30.18,3.945,-8.089,0.0,8.508,0.0,-1.0,-0.9882,-0.1531,0,0,0,55.6,57.3,76.1,1.5,-20.7
aiims_delhi,All India Institute of Medical Sciences (AIIMS),healthcare,28.5672,77.21,2026-09-22T13:00,2026,9,22,13,265,60.3,108.7,36.8,33.5,546.0,184.0,94.0,33.0,51.0,21.4,981.4,7.2,323.0,1080.0,0.5547,33.45,4.333,-5.75,0.0,7.129,-0.2588,-0.9659,-0.9882,-0.1531,0,0,0,55.4,55.6,89.2,5.1,-28.9
aiims_delhi,All India Institute of Medical Sciences (AIIMS),healthcare,28.5672,77.21,2026-09-22T14:00,2026,9,22,14,265,65.4,114.8,52.7,36.3,631.0,135.0,96.0,32.4,54.0,22.0,981.8,5.2,329.0,925.0,0.5697,37.26,2.678,-4.457,0.0,5.045,-0.5,-0.866,-0.9882,-0.1531,0,0,0,60.3,55.4,99.0,0.2,-33.6
aiims_delhi,All India Institute of Medical Sciences (AIIMS),healthcare,28.5672,77.21,2026-09-22T15:00,2026,9,22,15,265,68.7,118.3,66.4,38.9,716.0,94.0,97.0,31.8,58.0,22.6,982.6,3.1,347.0,795.0,0.5807,39.9,0.697,-3.021,0.0,2.629,-0.7071,-0.7071,-0.9882,-0.1531,0,0,0,65.4,60.3,102.9,-1.8,-34.2
aiims_delhi,All India Institute of Medical Sciences (AIIMS),healthcare,28.5672,77.21,2026-09-22T16:00,2026,9,22,16,265,72.6,120.1,75.4,41.1,802.0,69.0,96.0,31.3,61.0,23.0,983.0,2.2,351.0,630.0,0.6045,43.89,0.344,-2.173,0.0,1.78,-0.866,-0.5,-0.9882,-0.1531,0,0,0,68.7,65.4,108.5,0.6,-35.9
aiims_delhi,All India Institute of Medical Sciences (AIIMS),healthcare,28.5672,77.21,2026-09-22T17:00,2026,9,22,17,265,77.1,124.3,82.3,43.1,888.0,51.0,94.0,30.9,64.0,23.3,983.4,0.7,360.0,180.0,0.6203,47.82,0.0,-0.7,0.0,0.495,-0.9659,-0.2588,-0.9882,-0.1531,0,0,0,72.6,68.7,121.5,0.6,-44.4
aiims_delhi,All India Institute of Medical Sciences (AIIMS),healthcare,28.5672,77.21,2026-09-22T18:00,2026,9,22,18,265,83.6,132.2,88.1,44.6,948.0,37.0,94.0,31.1,68.0,24.4,982.9,2.4,333.0,875.0,0.6324,52.87,1.09,-2.138,0.0,2.282,-1.0,-0.0,-0.9882,-0.1531,0,0,0,77.1,72.6,131.8,2.0,-48.2
aiims_delhi,All India Institute of Medical Sciences (AIIMS),healthcare,28.5672,77.21,2026-09-22T19:00,2026,9,22,19,265,89.6,141.1,93.7,45.6,967.0,26.0,96.0,29.9,70.0,23.8,982.9,2.9,317.0,135.0,0.635,56.9,1.978,-2.121,0.0,2.898,-0.9659,0.2588,-0.9882,-0.1531,0,0,0,83.6,77.1,136.4,-0.5,-46.8
aiims_delhi,All India Institute of Medical Sciences (AIIMS),healthcare,28.5672,77.21,2026-09-22T20:00,2026,9,22,20,265,96.9,150.4,98.2,46.1,960.0,19.0,100.0,29.0,75.0,24.0,982.5,3.5,336.0,180.0,0.6443,62.43,1.424,-3.197,0.0,3.267,-0.866,0.5,-0.9882,-0.1531,0,0,0,89.6,83.6,137.8,1.3,-40.9
aiims_delhi,All India Institute of Medical Sciences (AIIMS),healthcare,28.5672,77.21,2026-09-22T21:00,2026,9,22,21,265,102.2,155.5,100.0,46.4,950.0,14.0,102.0,28.3,78.0,24.1,982.3,3.5,12.0,195.0,0.6572,67.17,-0.728,-3.424,0.0,1.906,-0.7071,0.7071,-0.9882,-0.1531,0,0,0,96.9,89.6,137.8,-2.0,-35.6
aiims_delhi,All India Institute of Medical Sciences (AIIMS),healthcare,28.5672,77.21,2026-09-22T22:00,2026,9,22,22,265,105.2,156.9,99.0,46.2,941.0,7.0,100.0,27.7,80.0,23.9,982.1,3.3,41.0,165.0,0.6705,70.54,-2.165,-2.491,0.0,0.23,-0.5,0.866,-0.9882,-0.1531,0,0,0,102.2,96.9,136.9,-2.3,-31.7
aiims_delhi,All India Institute of Medical Sciences (AIIMS),healthcare,28.5672,77.21,2026-09-22T23:00,2026,9,22,23,265,107.3,158.3,95.4,45.8,928.0,2.0,97.0,27.0,83.0,23.9,982.4,2.7,58.0,125.0,0.6778,72.73,-2.29,-1.431,0.0,0.0,-0.2588,0.9659,-0.9882,-0.1531,0,0,0,105.2,102.2,136.0,-0.9,-28.7
aiims_delhi,All India Institute of Medical Sciences (AIIMS),healthcare,28.5672,77.21,2026-09-23T00:00,2026,9,23,0,266,72.9,122.9,51.5,41.4,923.0,39.0,96.0,27.5,78.0,23.4,982.9,2.0,80.0,110.0,0.5932,43.24,-1.97,-0.347,0.0,0.0,0.0,1.0,-0.9907,-0.1361,0,0,0,107.3,105.2,126.7,-36.5,-53.8
aiims_delhi,All India Institute of Medical Sciences (AIIMS),healthcare,28.5672,77.21,2026-09-23T01:00,2026,9,23,1,266,80.3,131.8,48.6,43.0,944.0,59.0,97.0,27.0,81.0,23.4,983.5,2.3,94.0,95.0,0.6093,48.92,-2.294,0.16,0.0,0.0,0.2588,0.9659,-0.9907,-0.1361,0,0,0,72.9,107.3,114.8,41.8,-34.5
aiims_delhi,All India Institute of Medical Sciences (AIIMS),healthcare,28.5672,77.21,2026-09-23T02:00,2026,9,23,2,266,82.9,127.6,44.2,45.1,972.0,87.0,98.0,28.2,74.0,23.2,984.2,1.6,84.0,145.0,0.6497,53.86,-1.591,-0.167,0.0,0.0,0.5,0.866,-0.9907,-0.1361,0,0,0,80.3,72.9,108.0,-4.8,-25.1
aiims_delhi,All India Institute of Medical Sciences (AIIMS),healthcare,28.5672,77.21,2026-09-23T03:00,2026,9,23,3,266,65.2,117.3,38.3,46.5,961.0,120.0,99.0,30.0,63.0,22.1,984.9,2.3,67.0,575.0,0.5558,36.24,-2.117,-0.899,0.0,0.0,0.7071,0.7071,-0.9907,-0.1361,0,0,0,82.9,80.3,89.6,-20.3,-24.4
aiims_delhi,All India Institute of Medical Sciences (AIIMS),healthcare,28.5672,77.21,2026-09-23T04:00,2026,9,23,4,266,58.0,119.7,29.5,46.8,874.0,161.0,101.0,31.7,54.0,21.2,985.1,1.2,117.0,1035.0,0.4845,28.1,-1.069,0.545,0.0,0.0,0.866,0.5,-0.9907,-0.1361,0,0,0,65.2,82.9,70.8,10.5,-12.8
aiims_delhi,All India Institute of Medical Sciences (AIIMS),healthcare,28.5672,77.21,2026-09-23T05:00,2026,9,23,5,266,55.5,114.1,19.1,46.2,749.0,206.0,104.0,33.1,48.0,20.7,985.1,1.7,198.0,1155.0,0.4864,27.0,0.525,1.617,0.0,0.0,0.9659,0.2588,-0.9907,-0.1361,0,0,0,58.0,65.2,67.1,4.7,-11.6
aiims_delhi,All India Institute of Medical Sciences (AIIMS),healthcare,28.5672,77.21,2026-09-23T06:00,2026,9,23,6,266,53.6,105.7,11.3,44.4,650.0,241.0,102.0,35.0,45.0,21.3,984.5,3.9,254.0,1530.0,0.5071,27.18,3.749,1.075,0.0,1.89,1.0,0.0,-0.9907,-0.1361,0,0,0,55.5,58.0,64.3,0.6,-10.7
aiims_delhi,All India Institute of Medical Sciences (AIIMS),healthcare,28.5672,77.21,2026-09-23T07:00,2026,9,23,7,266,52.5,99.2,7.4,40.1,604.0,259.0,93.0,36.0,38.0,19.6,983.7,4.7,274.0,1885.0,0.5292,27.78,4.689,-0.328,0.0,3.547,0.9659,-0.2588,-0.9907,-0.1361,0,0,1,53.6,55.5,62.9,0.8,-10.4
aiims_delhi,All India Institute of Medical Sciences (AIIMS),healthcare,28.5672,77.21,2026-09-23T08:00,2026,9,23,8,266,50.8,90.3,6.1,34.6,584.0,267.0,79.0,36.6,34.0,18.2,982.4,5.6,276.0,2160.0,0.5626,28.58,5.569,-0.585,0.0,4.351,0.866,-0.5,-0.9907,-0.1361,0,0,1,52.5,53.6,61.0,-0.6,-10.2
aiims_delhi,All India Institute of Medical Sciences (AIIMS),healthcare,28.5672,77.21,2026-09-23T09:00,2026,9,23,9,266,50.1,84.3,7.8,30.6,576.0,269.0,68.0,36.9,33.0,17.8,981.4,5.9,284.0,2235.0,0.5943,29.77,5.725,-1.427,0.0,5.057,0.7071,-0.7071,-0.9907,-0.1361,0,0,1,50.8,52.5,58.4,1.0,-8.3
aiims_delhi,All India Institute of Medical Sciences (AIIMS),healthcare,28.5672,77.21,2026-09-23T10:00,2026,9,23,10,266,51.2,82.7,11.5,29.4,579.0,269.0,63.0,36.7,33.0,17.7,980.6,6.9,307.0,2180.0,0.6191,31.7,5.511,-4.153,0.0,6.832,0.5,-0.866,-0.9907,-0.1361,0,0,0,50.1,50.8,57.3,1.8,-6.1
aiims_delhi,All India Institute of Medical Sciences (AIIMS),healthcare,28.5672,77.21,2026-09-23T11:00,2026,9,23,11,266,52.9,82.2,18.2,29.8,593.0,264.0,60.0,35.9,35.0,18.0,980.3,9.1,338.0,2020.0,0.6436,34.04,3.409,-8.437,0.0,8.375,0.2588,-0.9659,-0.9907,-0.1361,0,0,0,51.2,50.1,55.6,0.6,-2.7
aiims_delhi,All India Institute of Medical Sciences (AIIMS),healthcare,28.5672,77.21,2026-09-23T12:00,2026,9,23,12,266,56.7,79.6,30.3,30.5,609.0,227.0,45.0,34.7,39.0,18.9,980.5,8.4,351.0,1635.0,0.7123,40.39,1.314,-8.297,0.0,6.795,0.0,-1.0,-0.9907,-0.1361,0,0,0,52.9,51.2,55.4,2.1,1.3
aiims_delhi,All India Institute of Medical Sciences (AIIMS),healthcare,28.5672,77.21,2026-09-23T13:00,2026,9,23,13,266,71.9,94.1,50.6,34.6,606.0,183.0,44.0,32.8,45.0,19.3,980.8,7.6,14.0,795.0,0.7641,54.94,-1.839,-7.374,0.0,3.914,-0.2588,-0.9659,-0.9907,-0.1361,0,0,0,56.7,52.9,60.3,11.4,11.6
aiims_delhi,All India Institute of Medical Sciences (AIIMS),healthcare,28.5672,77.21,2026-09-23T14:00,2026,9,23,14,266,88.2,111.5,78.0,40.0,604.0,123.0,44.0,31.7,52.0,20.6,981.6,3.6,49.0,525.0,0.791,69.77,-2.717,-2.362,0.0,0.0,-0.5,-0.866,-0.9907,-0.1361,0,0,0,71.9,56.7,65.4,1.1,22.8
aiims_delhi,All India Institute of Medical Sciences (AIIMS),healthcare,28.5672,77.21,2026-09-23T15:00,2026,9,23,15,266,98.5,122.5,94.2,43.1,651.0,77.0,47.0,31.1,54.0,20.8,982.3,3.9,62.0,315.0,0.8041,79.2,-3.443,-1.831,0.0,0.0,-0.7071,-0.7071,-0.9907,-0.1361,0,0,0,88.2,71.9,68.7,-6.0,29.8
aiims_delhi,All India Institute of Medical Sciences (AIIMS),healthcare,28.5672,77.21,2026-09-23T16:00,2026,9,23,16,266,101.0,129.0,89.3,41.8,811.0,60.0,51.0,30.5,57.0,21.1,983.0,4.2,47.0,210.0,0.7829,79.08,-3.072,-2.864,0.0,0.0,-0.866,-0.5,-0.9907,-0.1361,0,0,0,98.5,88.2,72.6,-7.8,28.4
aiims_delhi,All India Institute of Medical Sciences (AIIMS),healthcare,28.5672,77.21,2026-09-23T17:00,2026,9,23,17,266,97.3,131.3,73.3,38.1,1020.0,58.0,58.0,29.9,61.0,21.5,983.2,3.9,43.0,170.0,0.7411,72.1,-2.66,-2.852,0.0,0.136,-0.9659,-0.2588,-0.9907,-0.1361,0,0,0,101.0,98.5,77.1,-6.2,20.2
aiims_delhi,All India Institute of Medical Sciences (AIIMS),healthcare,28.5672,77.21,2026-09-23T18:00,2026,9,23,18,266,90.3,130.9,57.8,34.0,1134.0,58.0,79.0,30.3,62.0,22.2,983.0,5.2,78.0,255.0,0.6898,62.29,-5.086,-1.081,0.0,0.0,-1.0,-0.0,-0.9907,-0.1361,0,0,0,97.3,101.0,83.6,-3.3,6.7
aiims_delhi,All India Institute of Medical Sciences (AIIMS),healthcare,28.5672,77.21,2026-09-23T19:00,2026,9,23,19,266,83.1,132.2,46.0,29.5,1065.0,59.0,133.0,28.6,71.0,22.9,982.8,4.5,104.0,135.0,0.6286,52.24,-4.366,1.089,0.0,0.0,-0.9659,0.2588,-0.9907,-0.1361,0,0,0,90.3,97.3,89.6,-0.2,-6.5
aiims_delhi,All India Institute of Medical Sciences (AIIMS),healthcare,28.5672,77.21,2026-09-23T20:00,2026,9,23,20,266,79.6,170.9,34.8,24.6,900.0,62.0,200.0,28.1,74.0,23.0,982.4,3.6,117.0,105.0,0.4658,37.08,-3.208,1.634,0.0,0.0,-0.866,0.5,-0.9907,-0.1361,0,0,0,83.1,90.3,96.9,3.7,-17.3
aiims_delhi,All India Institute of Medical Sciences (AIIMS),healthcare,28.5672,77.21,2026-09-23T21:00,2026,9,23,21,266,77.5,202.1,26.6,20.8,759.0,64.0,238.0,27.6,75.0,22.7,982.3,4.8,117.0,170.0,0.3835,29.72,-4.277,2.179,0.0,0.0,-0.7071,0.7071,-0.9907,-0.1361,0,0,0,79.6,83.1,102.2,1.4,-24.7
aiims_delhi,All India Institute of Medical Sciences (AIIMS),healthcare,28.5672,77.21,2026-09-23T22:00,2026,9,23,22,266,68.2,171.8,23.3,18.7,678.0,60.0,218.0,27.0,77.0,22.5,982.4,6.8,127.0,240.0,0.397,27.07,-5.431,4.092,0.0,0.0,-0.5,0.866,-0.9907,-0.1361,0,0,0,77.5,79.6,105.2,-7.2,-37.0
aiims_delhi,All India Institute of Medical Sciences (AIIMS),healthcare,28.5672,77.21,2026-09-23T23:00,2026,9,23,23,266,59.4,136.0,23.0,17.8,620.0,53.0,168.0,26.2,81.0,22.7,982.6,5.6,130.0,215.0,0.4368,25.94,-4.29,3.6,0.0,0.0,-0.2588,0.9659,-0.9907,-0.1361,0,0,0,68.2,77.5,107.3,0.5,-47.9
aiims_delhi,All India Institute of Medical Sciences (AIIMS),healthcare,28.5672,77.21,2026-09-24T00:00,2026,9,24,0,267,68.5,106.6,37.3,21.4,593.0,34.0,74.0,26.5,84.0,23.7,982.4,2.9,158.0,115.0,0.6426,44.02,-1.086,2.689,0.0,0.0,0.0,1.0,-0.9929,-0.1191,0,0,0,59.4,68.2,72.9,17.9,-4.4
aiims_delhi,All India Institute of Medical Sciences (AIIMS),healthcare,28.5672,77.21,2026-09-24T01:00,2026,9,24,1,267,72.6,106.9,34.7,23.1,626.0,45.0,118.0,26.2,86.0,23.7,982.7,2.6,129.0,95.0,0.6791,49.31,-2.021,1.636,0.0,0.0,0.2588,0.9659,-0.9929,-0.1191,0,0,0,68.5,59.4,80.3,-5.0,-7.7
aiims_delhi,All India Institute of Medical Sciences (AIIMS),healthcare,28.5672,77.21,2026-09-24T02:00,2026,9,24,2,267,71.0,119.0,30.9,25.3,691.0,62.0,176.0,26.9,84.0,23.9,983.8,9.6,104.0,355.0,0.5966,42.36,-9.315,2.322,0.0,0.0,0.5,0.866,-0.9929,-0.1191,0,0,0,72.6,68.5,82.9,-5.7,-11.9
aiims_delhi,All India Institute of Medical Sciences (AIIMS),healthcare,28.5672,77.21,2026-09-24T03:00,2026,9,24,3,267,60.1,164.4,26.2,26.1,711.0,84.0,200.0,28.1,80.0,24.3,984.2,9.1,111.0,495.0,0.3656,21.97,-8.496,3.261,0.0,0.0,0.7071,0.7071,-0.9929,-0.1191,0,0,0,71.0,72.6,65.2,-9.3,-5.1
aiims_delhi,All India Institute of Medical Sciences (AIIMS),healthcare,28.5672,77.21,2026-09-24T04:00,2026,9,24,4,267,36.0,59.6,19.8,24.0,635.0,114.0,153.0,29.4,74.0,24.3,984.7,10.6,118.0,685.0,0.604,21.74,-9.359,4.976,0.0,0.0,0.866,0.5,-0.9929,-0.1191,0,0,0,60.1,71.0,58.0,-13.2,-22.0
aiims_delhi,All India Institute of Medical Sciences (AIIMS),healthcare,28.5672,77.21,2026-09-24T05:00,2026,9,24,5,267,29.8,41.0,12.4,20.5,514.0,149.0,72.0,30.6,67.0,23.7,985.0,8.4,118.0,815.0,0.7268,21.66,-7.417,3.944,0.0,0.0,0.9659,0.2588,-0.9929,-0.1191,0,0,0,36.0,60.1,55.5,17.9,-25.7
aiims_delhi,All India Institute of Medical Sciences (AIIMS),healthcare,28.5672,77.21,2026-09-24T06:00,2026,9,24,6,267,27.8,36.4,7.1,17.8,423.0,176.0,17.0,32.4,52.0,21.3,984.3,7.5,123.0,1355.0,0.7637,21.23,-6.29,4.085,0.0,0.0,1.0,0.0,-0.9929,-0.1191,0,0,0,29.8,36.0,53.6,4.2,-25.8
aiims_delhi,All India Institute of Medical Sciences (AIIMS),healthcare,28.5672,77.21,2026-09-24T07:00,2026,9,24,7,267,28.3,36.6,4.7,16.8,393.0,192.0,22.0,33.4,45.0,19.9,983.6,5.9,117.0,1575.0,0.7732,21.88,-5.257,2.679,0.0,0.0,0.9659,-0.2588,-0.9929,-0.1191,0,0,1,27.8,29.8,52.5,2.5,-24.2
aiims_delhi,All India Institute of Medical Sciences (AIIMS),healthcare,28.5672,77.21,2026-09-24T08:00,2026,9,24,8,267,31.4,60.5,4.2,16.5,393.0,199.0,53.0,33.9,43.0,19.7,982.4,3.3,126.0,1630.0,0.519,16.3,-2.67,1.94,0.0,0.0,0.866,-0.5,-0.9929,-0.1191,0,0,1,28.3,27.8,50.8,2.6,-19.4
aiims_delhi,All India Institute of Medical Sciences (AIIMS),healthcare,28.5672,77.21,2026-09-24T09:00,2026,9,24,9,267,33.1,70.3,6.1,16.7,410.0,199.0,73.0,34.4,41.0,19.2,981.3,2.7,113.0,1750.0,0.4708,15.58,-2.485,1.055,0.0,0.0,0.7071,-0.7071,-0.9929,-0.1191,0,0,1,31.4,28.3,50.1,-1.4,-17.0
aiims_delhi,All India Institute of Medical Sciences (AIIMS),healthcare,28.5672,77.21,2026-09-24T10:00,2026,9,24,10,267,31.5,55.5,11.3,17.2,447.0,188.0,63.0,34.6,38.0,18.2,980.4,2.7,113.0,1940.0,0.5676,17.88,-2.485,1.055,0.0,0.0,0.5,-0.866,-0.9929,-0.1191,0,0,0,33.1,31.4,51.2,-3.3,-19.7
aiims_delhi,All India Institute of Medical Sciences (AIIMS),healthcare,28.5672,77.21,2026-09-24T11:00,2026,9,24,11,267,32.0,50.5,18.7,18.0,501.0,168.0,41.0,34.2,38.0,18.0,979.9,4.0,98.0,2030.0,0.6337,20.28,-3.961,0.557,0.0,0.0,0.2588,-0.9659,-0.9929,-0.1191,0,0,0,31.5,33.1,52.9,2.1,-20.9
aiims_delhi,All India Institute of Medical Sciences (AIIMS),healthcare,28.5672,77.21,2026-09-24T12:00,2026,9,24,12,267,53.4,158.8,24.3,20.7,546.0,165.0,206.0,33.5,42.0,19.0,980.1,7.1,128.0,1855.0,0.3363,17.96,-5.595,4.371,0.0,0.0,0.0,-1.0,-0.9929,-0.1191,0,0,0,32.0,31.5,56.7,20.9,-3.3
aiims_delhi,All India Institute of Medical Sciences (AIIMS),healthcare,28.5672,77.21,2026-09-24T13:00,2026,9,24,13,267,60.3,187.2,27.9,21.3,576.0,143.0,259.0,31.9,49.0,20.0,980.0,7.0,122.0,490.0,0.3221,19.42,-5.936,3.709,0.0,0.0,-0.2588,-0.9659,-0.9929,-0.1191,0,0,0,53.4,32.0,71.9,-14.5,-11.6
aiims_delhi,All India Institute of Medical Sciences (AIIMS),healthcare,28.5672,77.21,2026-09-24T14:00,2026,9,24,14,267,66.6,248.7,32.8,22.1,597.0,111.0,333.0,31.0,54.0,20.7,981.0,9.0,125.0,510.0,0.2678,17.83,-7.372,5.162,0.0,0.0,-0.5,-0.866,-0.9929,-0.1191,0,0,0,60.3,53.4,88.2,-0.6,-21.6
aiims_delhi,All India Institute of Medical Sciences (AIIMS),healthcare,28.5672,77.21,2026-09-24T15:00,2026,9,24,15,267,67.3,269.2,35.5,22.0,605.0,86.0,391.0,29.8,62.0,21.7,982.1,10.8,128.0,445.0,0.25,16.82,-8.511,6.649,0.0,0.0,-0.7071,-0.7071,-0.9929,-0.1191,0,0,0,66.6,60.3,98.5,-5.6,-31.2
aiims_delhi,All India Institute of Medical Sciences (AIIMS),healthcare,28.5672,77.21,2026-09-24T16:00,2026,9,24,16,267,65.9,271.0,34.3,20.5,598.0,73.0,416.0,28.9,66.0,21.8,982.8,9.6,128.0,420.0,0.2432,16.03,-7.565,5.91,0.0,0.0,-0.866,-0.5,-0.9929,-0.1191,0,0,0,67.3,66.6,101.0,-2.1,-35.1
aiims_delhi,All India Institute of Medical Sciences (AIIMS),healthcare,28.5672,77.21,2026-09-24T17:00,2026,9,24,17,267,64.5,276.6,31.0,18.1,579.0,66.0,426.0,28.5,66.0,21.6,983.4,10.7,131.0,510.0,0.2332,15.04,-8.075,7.02,0.0,0.0,-0.9659,-0.2588,-0.9929,-0.1191,0,0,0,65.9,67.3,97.3,-0.0,-32.8
aiims_delhi,All India Institute of Medical Sciences (AIIMS),healthcare,28.5672,77.21,2026-09-24T18:00,2026,9,24,18,267,62.9,290.6,27.5,16.1,551.0,61.0,438.0,28.6,71.0,22.9,983.0,12.1,137.0,660.0,0.2164,13.61,-8.252,8.849,0.0,0.0,-1.0,-0.0,-0.9929,-0.1191,0,0,0,64.5,65.9,90.3,-0.2,-27.4
aiims_delhi,All India Institute of Medical Sciences (AIIMS),healthcare,28.5672,77.21,2026-09-24T19:00,2026,9,24,19,267,61.7,321.3,23.9,14.7,507.0,58.0,473.0,27.6,76.0,23.1,982.6,10.7,132.0,600.0,0.2,12.34,-7.952,7.16,0.0,0.0,-0.9659,0.2588,-0.9929,-0.1191,0,0,0,62.9,64.5,83.1,0.4,-21.4
aiims_delhi,All India Institute of Medical Sciences (AIIMS),healthcare,28.5672,77.21,2026-09-24T20:00,2026,9,24,20,267,59.8,335.3,20.0,13.7,455.0,56.0,509.0,26.8,80.0,23.2,982.3,11.1,124.0,560.0,0.2,11.96,-9.202,6.207,0.0,0.0,-0.866,0.5,-0.9929,-0.1191,0,0,0,61.7,62.9,79.6,-0.7,-19.8
aiims_delhi,All India Institute of Medical Sciences (AIIMS),healthcare,28.5672,77.21,2026-09-24T21:00,2026,9,24,21,267,55.8,316.6,17.8,13.3,423.0,53.0,501.0,26.1,84.0,23.1,982.3,10.8,123.0,510.0,0.2,11.16,-9.058,5.882,0.0,0.0,-0.7071,0.7071,-0.9929,-0.1191,0,0,0,59.8,61.7,77.5,-2.1,-21.7
aiims_delhi,All India Institute of Medical Sciences (AIIMS),healthcare,28.5672,77.21,2026-09-24T22:00,2026,9,24,22,267,47.7,253.3,18.5,13.5,429.0,46.0,408.0,25.5,85.0,22.8,982.1,9.8,126.0,465.0,0.2,9.54,-7.928,5.76,0.0,0.0,-0.5,0.866,-0.9929,-0.1191,0,0,0,55.8,59.8,68.2,-4.1,-20.5
aiims_delhi,All India Institute of Medical Sciences (AIIMS),healthcare,28.5672,77.21,2026-09-24T23:00,2026,9,24,23,267,37.4,162.5,20.9,14.2,455.0,37.0,270.0,25.1,85.0,22.4,981.9,8.3,123.0,460.0,0.2302,8.61,-6.961,4.521,0.0,0.0,-0.2588,0.9659,-0.9929,-0.1191,0,0,0,47.7,55.8,59.4,-2.2,-22.0
aiims_delhi,All India Institute of Medical Sciences (AIIMS),healthcare,28.5672,77.21,2026-09-25T00:00,2026,9,25,0,268,46.9,298.0,14.9,12.1,470.0,42.0,482.0,25.6,82.0,22.3,981.5,10.9,129.0,540.0,0.2,9.38,-8.471,6.86,0.0,0.0,0.0,1.0,-0.9948,-0.102,0,0,0,37.4,47.7,68.5,19.8,-21.6
aiims_delhi,All India Institute of Medical Sciences (AIIMS),healthcare,28.5672,77.21,2026-09-25T01:00,2026,9,25,1,268,44.7,262.6,15.3,13.2,465.0,42.0,416.0,25.0,84.0,22.1,981.9,10.2,129.0,540.0,0.2,8.94,-7.927,6.419,0.0,0.0,0.2588,0.9659,-0.9948,-0.102,0,0,0,46.9,37.4,72.6,-11.7,-27.9
aiims_delhi,All India Institute of Medical Sciences (AIIMS),healthcare,28.5672,77.21,2026-09-25T02:00,2026,9,25,2,268,37.6,199.3,15.6,14.7,451.0,42.0,328.0,25.5,81.0,21.9,982.7,10.3,133.0,605.0,0.2,7.52,-7.533,7.025,0.0,0.0,0.5,0.866,-0.9948,-0.102,0,0,0,44.7,46.9,71.0,-4.9,-33.4
aiims_delhi,All India Institute of Medical Sciences (AIIMS),healthcare,28.5672,77.21,2026-09-25T03:00,2026,9,25,3,268,32.5,175.6,15.1,15.8,425.0,50.0,275.0,26.5,75.0,21.7,983.7,10.8,132.0,635.0,0.2,6.5,-8.026,7.227,0.0,0.0,0.7071,0.7071,-0.9948,-0.102,0,0,0,37.6,44.7,60.1,2.0,-27.6
aiims_delhi,All India Institute of Medical Sciences (AIIMS),healthcare,28.5672,77.21,2026-09-25T04:00,2026,9,25,4,268,34.7,201.2,12.8,16.1,379.0,72.0,305.0,27.8,68.0,21.4,984.2,11.2,136.0,765.0,0.2,6.94,-7.78,8.057,0.0,0.0,0.866,0.5,-0.9948,-0.102,0,0,0,32.5,37.6,36.0,7.3,-1.3
aiims_delhi,All India Institute of Medical Sciences (AIIMS),healthcare,28.5672,77.21,2026-09-25T05:00,2026,9,25,5,268,39.3,235.6,9.6,16.1,322.0,101.0,370.0,29.3,61.0,21.0,984.4,11.6,136.0,930.0,0.2,7.86,-8.058,8.344,0.0,0.0,0.9659,0.2588,-0.9948,-0.102,0,0,0,34.7,32.5,29.8,2.4,9.5
aiims_delhi,All India Institute of Medical Sciences (AIIMS),healthcare,28.5672,77.21,2026-09-25T06:00,2026,9,25,6,268,41.2,244.0,7.1,15.7,282.0,124.0,392.0,30.5,55.0,20.4,984.4,12.7,134.0,1360.0,0.2,8.24,-9.136,8.822,0.0,0.0,1.0,0.0,-0.9948,-0.102,0,0,0,39.3,34.7,27.8,-2.7,13.4
aiims_delhi,All India Institute of Medical Sciences (AIIMS),healthcare,28.5672,77.21,2026-09-25T07:00,2026,9,25,7,268,41.7,253.3,5.7,14.8,268.0,136.0,312.0,30.5,55.0,20.3,983.5,10.4,134.0,1445.0,0.2,8.34,-7.481,7.224,0.0,0.0,0.9659,-0.2588,-0.9948,-0.102,0,0,1,41.2,39.3,28.3,-1.4,13.4
aiims_delhi,All India Institute of Medical Sciences (AIIMS),healthcare,28.5672,77.21,2026-09-25T08:00,2026,9,25,8,268,27.1,113.6,5.0,13.6,271.0,142.0,189.0,31.0,52.0,20.1,982.4,7.7,131.0,1615.0,0.2386,6.46,-5.811,5.052,0.0,0.0,0.866,-0.5,-0.9948,-0.102,0,0,1,41.7,41.2,31.4,-15.1,-4.3
aiims_delhi,All India Institute of Medical Sciences (AIIMS),healthcare,28.5672,77.21,2026-09-25T09:00,2026,9,25,9,268,23.0,83.6,5.5,13.0,290.0,143.0,117.0,31.2,51.0,19.8,981.3,4.2,126.0,1595.0,0.2751,6.33,-3.398,2.469,0.0,0.0,0.7071,-0.7071,-0.9948,-0.102,0,0,1,27.1,41.7,33.1,10.5,-10.1
aiims_delhi,All India Institute of Medical Sciences (AIIMS),healthcare,28.5672,77.21,2026-09-25T10:00,2026,9,25,10,268,22.8,83.8,7.3,13.2,332.0,138.0,147.0,31.1,51.0,19.6,980.4,4.0,141.0,1380.0,0.2721,6.2,-2.517,3.109,0.0,0.0,0.5,-0.866,-0.9948,-0.102,0,0,0,23.0,27.1,31.5,3.9,-8.7
aiims_delhi,All India Institute of Medical Sciences (AIIMS),healthcare,28.5672,77.21,2026-09-25T11:00,2026,9,25,11,268,24.4,101.0,10.3,14.0,389.0,128.0,227.0,30.9,52.0,19.8,980.0,4.1,131.0,1350.0,0.2416,5.89,-3.094,2.69,0.0,0.0,0.2588,-0.9659,-0.9948,-0.102,0,0,0,22.8,23.0,32.0,1.8,-7.6
aiims_delhi,All India Institute of Medical Sciences (AIIMS),healthcare,28.5672,77.21,2026-09-25T12:00,2026,9,25,12,268,53.4,362.3,13.9,11.4,438.0,94.0,602.0,29.9,59.0,21.2,979.8,5.6,158.0,1120.0,0.2,10.68,-2.098,5.192,0.0,0.0,0.0,-1.0,-0.9948,-0.102,0,0,0,24.4,22.8,53.4,27.4,0.0
aiims_delhi,All India Institute of Medical Sciences (AIIMS),healthcare,28.5672,77.21,2026-09-25T13:00,2026,9,25,13,268,53.1,279.4,19.8,12.8,470.0,79.0,559.0,28.6,68.0,22.1,979.7,6.7,174.0,365.0,0.2,10.62,-0.7,6.663,0.0,0.0,-0.2588,-0.9659,-0.9948,-0.102,0,0,0,53.4,24.4,60.3,-29.3,-7.2
aiims_delhi,All India Institute of Medical Sciences (AIIMS),healthcare,28.5672,77.21,2026-09-25T14:00,2026,9,25,14,268,59.0,298.0,28.1,14.7,494.0,58.0,497.0,27.9,73.0,22.6,980.0,5.8,182.0,275.0,0.2,11.8,0.202,5.796,0.0,0.0,-0.5,-0.866,-0.9948,-0.102,0,0,0,53.1,53.4,66.6,6.2,-7.6
aiims_delhi,All India Institute of Medical Sciences (AIIMS),healthcare,28.5672,77.21,2026-09-25T15:00,2026,9,25,15,268,59.4,280.3,35.1,16.2,511.0,40.0,426.0,27.3,74.0,22.3,981.1,5.8,189.0,230.0,0.2119,12.59,0.907,5.729,0.0,0.0,-0.7071,-0.7071,-0.9948,-0.102,0,0,0,59.0,53.1,67.3,-5.5,-7.9
aiims_delhi,All India Institute of Medical Sciences (AIIMS),healthcare,28.5672,77.21,2026-09-25T16:00,2026,9,25,16,268,53.9,210.9,39.8,16.9,524.0,29.0,339.0,26.7,76.0,22.2,981.8,7.2,158.0,345.0,0.2556,13.78,-2.697,6.676,0.0,0.0,-0.866,-0.5,-0.9948,-0.102,0,0,0,59.4,59.0,65.9,-5.9,-12.0
aiims_delhi,All India Institute of Medical Sciences (AIIMS),healthcare,28.5672,77.21,2026-09-25T17:00,2026,9,25,17,268,50.5,155.5,43.3,17.3,530.0,21.0,244.0,26.0,77.0,21.7,982.1,9.4,149.0,515.0,0.3248,16.4,-4.841,8.057,0.0,0.0,-0.9659,-0.2588,-0.9948,-0.102,0,0,0,53.9,59.4,64.5,2.1,-14.0
aiims_delhi,All India Institute of Medical Sciences (AIIMS),healthcare,28.5672,77.21,2026-09-25T18:00,2026,9,25,18,268,50.6,142.0,44.6,17.3,522.0,17.0,175.0,25.7,80.0,21.9,982.2,10.4,136.0,465.0,0.3563,18.03,-7.224,7.481,0.0,0.0,-1.0,-0.0,-0.9948,-0.102,0,0,0,50.5,53.9,62.9,3.5,-12.3
aiims_delhi,All India Institute of Medical Sciences (AIIMS),healthcare,28.5672,77.21,2026-09-25T19:00,2026,9,25,19,268,49.2,117.8,42.7,16.9,487.0,16.0,139.0,24.8,82.0,21.6,981.5,8.0,138.0,370.0,0.4177,20.55,-5.353,5.945,0.0,0.0,-0.9659,0.2588,-0.9948,-0.102,0,0,0,50.6,50.5,61.7,-1.5,-12.5
aiims_delhi,All India Institute of Medical Sciences (AIIMS),healthcare,28.5672,77.21,2026-09-25T20:00,2026,9,25,20,268,44.8,108.5,38.8,16.2,438.0,19.0,129.0,24.4,82.0,21.2,980.9,5.1,129.0,265.0,0.4129,18.5,-3.963,3.21,0.0,0.0,-0.866,0.5,-0.9948,-0.102,0,0,0,49.2,50.6,59.8,-3.0,-15.0
aiims_delhi,All India Institute of Medical Sciences (AIIMS),healthcare,28.5672,77.21,2026-09-25T21:00,2026,9,25,21,268,43.7,126.2,34.8,15.7,404.0,22.0,158.0,24.0,82.0,20.8,980.5,5.0,120.0,275.0,0.3463,15.13,-4.33,2.5,0.0,0.0,-0.7071,0.7071,-0.9948,-0.102,0,0,0,44.8,49.2,55.8,3.3,-12.1
aiims_delhi,All India Institute of Medical Sciences (AIIMS),healthcare,28.5672,77.21,2026-09-25T22:00,2026,9,25,22,268,44.4,153.7,31.1,15.5,389.0,26.0,269.0,23.7,84.0,20.8,979.8,2.6,106.0,220.0,0.2889,12.83,-2.499,0.717,0.0255,0.0,-0.5,0.866,-0.9948,-0.102,0,0,0,43.7,44.8,47.7,1.8,-3.3
aiims_delhi,All India Institute of Medical Sciences (AIIMS),healthcare,28.5672,77.21,2026-09-25T23:00,2026,9,25,23,268,50.6,232.4,27.5,15.5,389.0,30.0,419.0,23.3,86.0,20.9,979.5,2.4,117.0,230.0,0.2177,11.02,-2.138,1.09,0.0595,0.0,-0.2588,0.9659,-0.9948,-0.102,0,0,0,44.4,43.7,37.4,5.5,13.2
aiims_delhi,All India Institute of Medical Sciences (AIIMS),healthcare,28.5672,77.21,2026-09-26T00:00,2026,9,26,0,269,39.5,67.5,41.6,27.7,420.0,17.0,51.0,23.7,80.0,19.9,980.2,5.7,101.0,310.0,0.5852,23.11,-5.595,1.088,0.0255,0.0,0.0,1.0,-0.9964,-0.0848,0,0,0,50.6,44.4,46.9,-17.3,-7.4
aiims_delhi,All India Institute of Medical Sciences (AIIMS),healthcare,28.5672,77.21,2026-09-26T01:00,2026,9,26,1,269,43.4,70.1,41.7,34.9,516.0,21.0,47.0,23.2,82.0,19.9,980.1,3.4,342.0,230.0,0.6191,26.87,1.051,-3.234,0.068,3.029,0.2588,0.9659,-0.9964,-0.0848,0,0,0,39.5,50.6,44.7,15.0,-1.3
aiims_delhi,All India Institute of Medical Sciences (AIIMS),healthcare,28.5672,77.21,2026-09-26T02:00,2026,9,26,2,269,41.7,64.0,41.6,44.9,643.0,27.0,42.0,23.8,79.0,20.0,980.2,1.2,321.0,190.0,0.6516,27.17,0.755,-0.933,0.027,1.193,0.5,0.866,-0.9964,-0.0848,0,0,0,43.4,39.5,37.6,-5.6,4.1
aiims_delhi,All India Institute of Medical Sciences (AIIMS),healthcare,28.5672,77.21,2026-09-26T03:00,2026,9,26,3,269,40.3,62.6,40.5,52.7,710.0,40.0,41.0,24.9,74.0,20.0,981.0,2.4,99.0,335.0,0.6438,25.94,-2.37,0.375,0.0,0.0,0.7071,0.7071,-0.9964,-0.0848,0,0,0,41.7,43.4,32.5,0.3,7.8
aiims_delhi,All India Institute of Medical Sciences (AIIMS),healthcare,28.5672,77.21,2026-09-26T04:00,2026,9,26,4,269,42.0,89.9,37.5,56.8,666.0,66.0,47.0,26.5,70.0,20.5,980.7,0.6,342.0,385.0,0.4672,19.62,0.185,-0.571,0.0,0.535,0.866,0.5,-0.9964,-0.0848,0,0,0,40.3,41.7,34.7,3.1,7.3
aiims_delhi,All India Institute of Medical Sciences (AIIMS),healthcare,28.5672,77.21,2026-09-26T05:00,2026,9,26,5,269,39.8,75.9,33.5,58.8,562.0,98.0,57.0,28.3,65.0,21.2,980.6,3.6,360.0,800.0,0.5244,20.87,0.0,-3.6,0.0,2.545,0.9659,0.2588,-0.9964,-0.0848,0,0,0,42.0,40.3,39.3,-3.9,0.5
aiims_delhi,All India Institute of Medical Sciences (AIIMS),healthcare,28.5672,77.21,2026-09-26T06:00,2026,9,26,6,269,45.3,76.8,29.6,58.3,469.0,126.0,62.0,27.4,68.0,20.9,980.8,7.8,53.0,760.0,0.5898,26.72,-6.229,-4.694,0.0,0.0,1.0,0.0,-0.9964,-0.0848,0,0,0,39.8,42.0,41.2,7.7,4.1
aiims_delhi,All India Institute of Medical Sciences (AIIMS),healthcare,28.5672,77.21,2026-09-26T07:00,2026,9,26,7,269,51.5,80.8,25.5,53.9,403.0,146.0,58.0,29.0,59.0,20.2,979.9,11.6,32.0,1145.0,0.6374,32.82,-6.147,-9.837,0.0,2.609,0.9659,-0.2588,-0.9964,-0.0848,0,0,1,45.3,39.8,41.7,0.7,9.8
aiims_delhi,All India Institute of Medical Sciences (AIIMS),healthcare,28.5672,77.21,2026-09-26T08:00,2026,9,26,8,269,54.5,80.6,21.5,47.1,347.0,161.0,50.0,29.6,57.0,20.1,978.8,12.0,30.0,1380.0,0.6762,36.85,-6.0,-10.392,0.0,3.105,0.866,-0.5,-0.9964,-0.0848,0,0,1,51.5,45.3,27.1,-3.2,27.4
aiims_delhi,All India Institute of Medical Sciences (AIIMS),healthcare,28.5672,77.21,2026-09-26T09:00,2026,9,26,9,269,55.1,77.5,19.9,41.2,318.0,167.0,44.0,29.2,55.0,19.2,977.8,12.7,27.0,1220.0,0.711,39.17,-5.766,-11.316,0.0,3.924,0.7071,-0.7071,-0.9964,-0.0848,0,0,1,54.5,51.5,23.0,-2.4,32.1
aiims_delhi,All India Institute of Medical Sciences (AIIMS),healthcare,28.5672,77.21,2026-09-26T10:00,2026,9,26,10,269,54.0,72.4,21.7,37.6,327.0,160.0,43.0,28.2,55.0,18.4,976.7,12.3,21.0,1100.0,0.7459,40.28,-4.408,-11.483,0.0,5.002,0.5,-0.866,-0.9964,-0.0848,0,0,0,55.1,54.5,22.8,-1.7,31.2
aiims_delhi,All India Institute of Medical Sciences (AIIMS),healthcare,28.5672,77.21,2026-09-26T11:00,2026,9,26,11,269,52.0,66.8,25.7,35.0,363.0,144.0,43.0,27.2,59.0,18.4,976.4,9.9,32.0,945.0,0.7784,40.48,-5.246,-8.396,0.0,2.227,0.2588,-0.9659,-0.9964,-0.0848,0,0,0,54.0,55.1,24.4,-0.9,27.6
aiims_delhi,All India Institute of Medical Sciences (AIIMS),healthcare,28.5672,77.21,2026-09-26T12:00,2026,9,26,12,269,67.5,100.4,31.5,22.8,404.0,65.0,63.0,24.5,72.0,19.1,978.5,13.6,31.0,840.0,0.6723,45.38,-7.005,-11.657,0.0,3.29,0.0,-1.0,-0.9964,-0.0848,0,0,0,52.0,54.0,53.4,17.5,14.1
aiims_delhi,All India Institute of Medical Sciences (AIIMS),healthcare,28.5672,77.21,2026-09-26T13:00,2026,9,26,13,269,51.8,54.7,34.5,23.0,440.0,55.0,45.0,23.4,81.0,20.0,978.9,10.9,36.0,785.0,0.947,49.05,-6.407,-8.818,0.051,1.705,-0.2588,-0.9659,-0.9964,-0.0848,0,0,0,67.5,52.0,53.1,-31.2,-1.3
aiims_delhi,All India Institute of Medical Sciences (AIIMS),healthcare,28.5672,77.21,2026-09-26T14:00,2026,9,26,14,269,49.6,51.0,38.8,23.4,481.0,42.0,20.0,23.0,85.0,20.4,978.7,8.5,342.0,430.0,0.9725,48.24,2.627,-8.084,0.085,7.572,-0.5,-0.866,-0.9964,-0.0848,0,0,0,51.8,67.5,59.0,13.5,-9.4
aiims_delhi,All India Institute of Medical Sciences (AIIMS),healthcare,28.5672,77.21,2026-09-26T15:00,2026,9,26,15,269,48.8,49.8,42.4,24.2,534.0,31.0,2.0,23.2,79.0,19.5,979.3,10.0,15.0,545.0,0.9799,47.82,-2.588,-9.659,0.068,4.999,-0.7071,-0.7071,-0.9964,-0.0848,0,0,0,49.6,51.8,59.4,1.4,-10.6
aiims_delhi,All India Institute of Medical Sciences (AIIMS),healthcare,28.5672,77.21,2026-09-26T16:00,2026,9,26,16,269,49.1,50.4,44.8,26.0,618.0,26.0,0.0,23.0,80.0,19.3,979.0,8.7,338.0,325.0,0.9742,47.83,3.259,-8.066,0.085,8.007,-0.866,-0.5,-0.9964,-0.0848,0,0,0,48.8,49.6,53.9,1.1,-4.8
aiims_delhi,All India Institute of Medical Sciences (AIIMS),healthcare,28.5672,77.21,2026-09-26T17:00,2026,9,26,17,269,50.1,52.2,46.5,28.3,714.0,24.0,1.0,22.7,81.0,19.2,979.0,7.8,13.0,360.0,0.9598,48.08,-1.755,-7.6,0.1105,4.133,-0.9659,-0.2588,-0.9964,-0.0848,0,0,0,49.1,48.8,50.5,0.7,-0.4
aiims_delhi,All India Institute of Medical Sciences (AIIMS),healthcare,28.5672,77.21,2026-09-26T18:00,2026,9,26,18,269,49.7,52.0,47.6,30.0,774.0,22.0,4.0,22.1,91.0,20.6,979.6,9.7,12.0,510.0,0.9558,47.5,-2.017,-9.488,0.1615,5.282,-1.0,-0.0,-0.9964,-0.0848,0,0,0,50.1,49.1,50.6,-1.4,-0.9
aiims_delhi,All India Institute of Medical Sciences (AIIMS),healthcare,28.5672,77.21,2026-09-26T19:00,2026,9,26,19,269,47.3,48.9,48.1,30.6,766.0,18.0,3.0,22.3,90.0,20.6,979.3,7.9,340.0,320.0,0.9673,45.75,2.702,-7.424,0.1445,7.159,-0.9659,0.2588,-0.9964,-0.0848,0,0,0,49.7,50.1,49.2,-2.0,-1.9
aiims_delhi,All India Institute of Medical Sciences (AIIMS),healthcare,28.5672,77.21,2026-09-26T20:00,2026,9,26,20,269,47.1,48.3,48.0,30.5,722.0,15.0,2.0,22.7,86.0,20.3,978.7,6.2,338.0,270.0,0.9752,45.93,2.323,-5.749,0.1105,5.706,-0.866,0.5,-0.9964,-0.0848,0,0,0,47.3,49.7,44.8,2.2,2.3
aiims_delhi,All India Institute of Medical Sciences (AIIMS),healthcare,28.5672,77.21,2026-09-26T21:00,2026,9,26,21,269,49.7,50.9,47.4,30.0,688.0,12.0,2.0,22.9,84.0,20.0,978.8,4.0,360.0,210.0,0.9764,48.53,0.0,-4.0,0.0935,2.828,-0.7071,0.7071,-0.9964,-0.0848,0,0,0,47.1,47.3,43.7,2.8,6.0
aiims_delhi,All India Institute of Medical Sciences (AIIMS),healthcare,28.5672,77.21,2026-09-26T22:00,2026,9,26,22,269,52.3,54.2,46.8,29.1,689.0,9.0,4.0,23.1,84.0,20.2,978.5,0.9,323.0,65.0,0.9649,50.47,0.542,-0.719,0.1215,0.891,-0.5,0.866,-0.9964,-0.0848,0,0,0,49.7,47.1,44.4,-0.0,7.9
aiims_delhi,All India Institute of Medical Sciences (AIIMS),healthcare,28.5672,77.21,2026-09-26T23:00,2026,9,26,23,269,54.5,58.1,45.8,27.7,701.0,7.0,8.0,23.1,84.0,20.2,979.0,3.0,52.0,110.0,0.938,51.12,-2.364,-1.847,0.0765,0.0,-0.2588,0.9659,-0.9964,-0.0848,0,0,0,52.3,49.7,50.6,-0.4,3.9
aiims_delhi,All India Institute of Medical Sciences (AIIMS),healthcare,28.5672,77.21,2026-09-27T00:00,2026,9,27,0,270,23.9,24.3,24.8,19.8,695.0,47.0,1.0,22.4,94.0,21.3,979.6,2.6,245.0,175.0,0.98,23.42,2.356,1.099,0.136,0.889,0.0,1.0,-0.9977,-0.0677,0,0,0,54.5,52.3,39.5,-32.8,-15.6
aiims_delhi,All India Institute of Medical Sciences (AIIMS),healthcare,28.5672,77.21,2026-09-27T01:00,2026,9,27,1,270,28.5,28.9,25.0,22.3,656.0,50.0,0.0,22.2,94.0,21.1,980.4,9.5,248.0,235.0,0.98,27.93,8.808,3.559,0.153,3.711,0.2588,0.9659,-0.9977,-0.0677,0,0,0,23.9,54.5,43.4,35.2,-14.9
aiims_delhi,All India Institute of Medical Sciences (AIIMS),healthcare,28.5672,77.21,2026-09-27T02:00,2026,9,27,2,270,27.4,27.6,25.2,25.9,600.0,56.0,0.0,22.8,89.0,20.9,981.5,5.6,263.0,255.0,0.98,26.85,5.558,0.682,0.102,3.447,0.5,0.866,-0.9977,-0.0677,0,0,0,28.5,23.9,41.7,-5.7,-14.3
aiims_delhi,All India Institute of Medical Sciences (AIIMS),healthcare,28.5672,77.21,2026-09-27T03:00,2026,9,27,3,270,26.3,26.5,24.3,29.4,545.0,69.0,1.0,23.9,85.0,21.2,982.5,2.0,27.0,240.0,0.98,25.77,-0.908,-1.782,0.0085,0.618,0.7071,0.7071,-0.9977,-0.0677,0,0,0,27.4,28.5,40.3,0.0,-14.0
aiims_delhi,All India Institute of Medical Sciences (AIIMS),healthcare,28.5672,77.21,2026-09-27T04:00,2026,9,27,4,270,22.8,23.3,21.7,33.1,498.0,94.0,1.0,25.5,78.0,21.3,982.8,3.4,335.0,305.0,0.9785,22.31,1.437,-3.081,0.0,3.194,0.866,0.5,-0.9977,-0.0677,0,0,0,26.3,27.4,42.0,-2.4,-19.2
aiims_delhi,All India Institute of Medical Sciences (AIIMS),healthcare,28.5672,77.21,2026-09-27T05:00,2026,9,27,5,270,21.0,25.0,18.0,36.6,452.0,126.0,5.0,27.1,68.0,20.8,983.3,5.7,24.0,650.0,0.84,17.64,-2.318,-5.207,0.0,2.042,0.9659,0.2588,-0.9977,-0.0677,0,0,0,22.8,26.3,39.8,1.7,-18.8
aiims_delhi,All India Institute of Medical Sciences (AIIMS),healthcare,28.5672,77.21,2026-09-27T06:00,2026,9,27,6,270,23.2,45.3,14.6,38.1,411.0,151.0,43.0,28.4,62.0,20.5,983.5,7.5,44.0,1095.0,0.5121,11.88,-5.21,-5.395,0.0,0.131,1.0,0.0,-0.9977,-0.0677,0,0,0,21.0,22.8,45.3,4.0,-22.1
aiims_delhi,All India Institute of Medical Sciences (AIIMS),healthcare,28.5672,77.21,2026-09-27T07:00,2026,9,27,7,270,30.2,97.1,11.4,35.9,368.0,168.0,143.0,28.2,63.0,20.5,983.1,7.6,52.0,1015.0,0.311,9.39,-5.989,-4.679,0.0,0.0,0.9659,-0.2588,-0.9977,-0.0677,0,0,1,23.2,21.0,51.5,4.8,-21.3
aiims_delhi,All India Institute of Medical Sciences (AIIMS),healthcare,28.5672,77.21,2026-09-27T08:00,2026,9,27,8,270,38.3,160.2,8.4,31.7,329.0,179.0,277.0,28.5,61.0,20.4,982.7,7.9,47.0,1100.0,0.2391,9.16,-5.778,-5.388,0.0,0.0,0.866,-0.5,-0.9977,-0.0677,0,0,1,30.2,23.2,54.5,1.1,-16.2
aiims_delhi,All India Institute of Medical Sciences (AIIMS),healthcare,28.5672,77.21,2026-09-27T09:00,2026,9,27,9,270,45.6,245.9,7.3,28.2,317.0,178.0,385.0,28.6,60.0,20.2,982.0,8.5,38.0,1065.0,0.2,9.12,-5.233,-6.698,0.0,1.036,0.7071,-0.7071,-0.9977,-0.0677,0,0,1,38.3,30.2,55.1,-0.8,-9.5
aiims_delhi,All India Institute of Medical Sciences (AIIMS),healthcare,28.5672,77.21,2026-09-27T10:00,2026,9,27,10,270,50.1,311.1,8.6,26.2,350.0,159.0,458.0,28.3,61.0,20.1,981.4,9.4,42.0,915.0,0.2,10.02,-6.29,-6.986,0.0,0.492,0.5,-0.866,-0.9977,-0.0677,0,0,0,45.6,38.3,54.0,-2.8,-3.9
aiims_delhi,All India Institute of Medical Sciences (AIIMS),healthcare,28.5672,77.21,2026-09-27T11:00,2026,9,27,11,270,50.1,329.7,11.7,24.8,409.0,129.0,506.0,27.5,63.0,19.9,981.0,8.8,44.0,720.0,0.2,10.02,-6.113,-6.33,0.0,0.154,0.2588,-0.9659,-0.9977,-0.0677,0,0,0,50.1,45.6,52.0,-4.5,-1.9
aiims_delhi,All India Institute of Medical Sciences (AIIMS),healthcare,28.5672,77.21,2026-09-27T12:00,2026,9,27,12,270,47.7,207.7,18.8,29.2,465.0,125.0,308.0,26.4,71.0,20.7,981.1,12.7,51.0,755.0,0.2297,10.95,-9.87,-7.992,0.0,0.0,0.0,-1.0,-0.9977,-0.0677,0,0,0,50.1,50.1,67.5,-2.4,-19.8
aiims_delhi,All India Institute of Medical Sciences (AIIMS),healthcare,28.5672,77.21,2026-09-27T13:00,2026,9,27,13,270,48.8,184.4,25.2,29.9,511.0,104.0,280.0,24.7,80.0,20.9,981.6,10.8,48.0,480.0,0.2646,12.91,-8.026,-7.227,0.0,0.0,-0.2588,-0.9659,-0.9977,-0.0677,0,0,0,47.7,50.1,51.8,3.5,-3.0
aiims_delhi,All India Institute of Medical Sciences (AIIMS),healthcare,28.5672,77.21,2026-09-27T14:00,2026,9,27,14,270,49.1,163.9,34.1,30.8,553.0,74.0,239.0,24.0,83.0,20.9,982.3,7.2,51.0,410.0,0.2996,14.71,-5.595,-4.531,0.0,0.0,-0.5,-0.866,-0.9977,-0.0677,0,0,0,48.8,47.7,49.6,-0.8,-0.5
aiims_delhi,All India Institute of Medical Sciences (AIIMS),healthcare,28.5672,77.21,2026-09-27T15:00,2026,9,27,15,270,47.5,149.5,40.6,31.1,580.0,50.0,194.0,23.5,86.0,21.0,982.9,5.7,58.0,365.0,0.3177,15.09,-4.834,-3.021,0.0425,0.0,-0.7071,-0.7071,-0.9977,-0.0677,0,0,0,49.1,48.8,48.8,-1.9,-1.3
aiims_delhi,All India Institute of Medical Sciences (AIIMS),healthcare,28.5672,77.21,2026-09-27T16:00,2026,9,27,16,270,45.4,133.6,42.5,30.4,584.0,38.0,140.0,23.1,89.0,21.2,983.2,4.0,72.0,330.0,0.3398,15.43,-3.804,-1.236,0.0765,0.0,-0.866,-0.5,-0.9977,-0.0677,0,0,0,47.5,49.1,49.1,-0.5,-3.7
aiims_delhi,All India Institute of Medical Sciences (AIIMS),healthcare,28.5672,77.21,2026-09-27T17:00,2026,9,27,17,270,41.4,89.9,42.2,29.1,574.0,31.0,82.0,22.8,92.0,21.4,983.1,4.3,68.0,290.0,0.4605,19.07,-3.987,-1.611,0.102,0.0,-0.9659,-0.2588,-0.9977,-0.0677,0,0,0,45.4,47.5,50.1,-1.9,-8.7
aiims_delhi,All India Institute of Medical Sciences (AIIMS),healthcare,28.5672,77.21,2026-09-27T18:00,2026,9,27,18,270,38.1,59.4,41.8,28.1,565.0,26.0,38.0,23.9,92.0,22.5,982.9,2.4,63.0,435.0,0.6414,24.44,-2.138,-1.09,0.0085,0.0,-1.0,-0.0,-0.9977,-0.0677,0,0,0,41.4,45.4,49.7,0.7,-11.6
aiims_delhi,All India Institute of Medical Sciences (AIIMS),healthcare,28.5672,77.21,2026-09-27T19:00,2026,9,27,19,270,37.1,51.0,41.9,27.4,564.0,22.0,18.0,23.2,95.0,22.3,982.3,2.3,23.0,265.0,0.7275,26.99,-0.899,-2.117,0.068,0.861,-0.9659,0.2588,-0.9977,-0.0677,0,0,0,38.1,41.4,47.3,2.3,-10.2
aiims_delhi,All India Institute of Medical Sciences (AIIMS),healthcare,28.5672,77.21,2026-09-27T20:00,2026,9,27,20,270,39.1,47.3,42.1,26.9,565.0,20.0,13.0,23.1,96.0,22.4,982.1,4.9,28.0,300.0,0.8266,32.32,-2.3,-4.326,0.0765,1.432,-0.866,0.5,-0.9977,-0.0677,0,0,0,37.1,38.1,47.1,3.0,-8.0
aiims_delhi,All India Institute of Medical Sciences (AIIMS),healthcare,28.5672,77.21,2026-09-27T21:00,2026,9,27,21,270,41.3,46.7,43.1,27.0,563.0,18.0,10.0,22.9,96.0,22.3,981.8,5.5,32.0,285.0,0.8844,36.52,-2.915,-4.664,0.0935,1.237,-0.7071,0.7071,-0.9977,-0.0677,0,0,0,39.1,37.1,49.7,0.2,-8.4
aiims_delhi,All India Institute of Medical Sciences (AIIMS),healthcare,28.5672,77.21,2026-09-27T22:00,2026,9,27,22,270,44.1,48.9,46.8,27.9,550.0,11.0,7.0,22.6,97.0,22.1,981.5,4.2,36.0,250.0,0.9018,39.77,-2.469,-3.398,0.119,0.657,-0.5,0.866,-0.9977,-0.0677,0,0,0,41.3,39.1,52.3,0.6,-8.2
aiims_delhi,All India Institute of Medical Sciences (AIIMS),healthcare,28.5672,77.21,2026-09-27T23:00,2026,9,27,23,270,47.1,51.5,51.3,29.4,533.0,4.0,6.0,22.2,97.0,21.7,981.5,2.8,40.0,220.0,0.9146,43.08,-1.8,-2.145,0.153,0.244,-0.2588,0.9659,-0.9977,-0.0677,0,0,0,44.1,41.3,54.5,0.2,-7.4
aiims_delhi,All India Institute of Medical Sciences (AIIMS),healthcare,28.5672,77.21,2026-09-28T00:00,2026,9,28,0,271,33.4,57.9,31.2,30.5,535.0,35.0,44.0,23.1,95.0,22.2,981.3,3.6,6.0,215.0,0.5769,19.27,-0.376,-3.58,0.0765,2.265,0.0,1.0,-0.9987,-0.0505,0,0,0,47.1,44.1,23.9,-16.7,9.5
aiims_delhi,All India Institute of Medical Sciences (AIIMS),healthcare,28.5672,77.21,2026-09-28T01:00,2026,9,28,1,271,37.6,52.4,30.7,32.5,574.0,38.0,32.0,22.9,95.0,22.0,981.4,1.9,17.0,150.0,0.7176,26.98,-0.556,-1.817,0.1485,0.892,0.2588,0.9659,-0.9987,-0.0505,0,0,0,33.4,47.1,28.5,17.9,9.1
aiims_delhi,All India Institute of Medical Sciences (AIIMS),healthcare,28.5672,77.21,2026-09-28T02:00,2026,9,28,2,271,36.3,42.6,29.9,35.3,632.0,45.0,17.0,23.6,90.0,21.9,982.3,1.1,270.0,260.0,0.8521,30.93,1.1,0.0,0.054,0.778,0.5,0.866,-0.9987,-0.0505,0,0,0,37.6,33.4,27.4,-5.5,8.9
aiims_delhi,All India Institute of Medical Sciences (AIIMS),healthcare,28.5672,77.21,2026-09-28T03:00,2026,9,28,3,271,28.1,32.4,27.8,36.8,668.0,58.0,8.0,24.3,86.0,21.8,983.0,3.3,241.0,325.0,0.8673,24.37,2.886,1.6,0.0,0.909,0.7071,0.7071,-0.9987,-0.0505,0,0,0,36.3,37.6,26.3,-6.9,1.8
aiims_delhi,All India Institute of Medical Sciences (AIIMS),healthcare,28.5672,77.21,2026-09-28T04:00,2026,9,28,4,271,30.5,38.6,23.5,36.2,667.0,84.0,12.0,25.1,81.0,21.6,983.9,4.3,272.0,505.0,0.7902,24.1,4.297,-0.15,0.0,3.144,0.866,0.5,-0.9987,-0.0505,0,0,0,28.1,36.3,22.8,10.6,7.7
aiims_delhi,All India Institute of Medical Sciences (AIIMS),healthcare,28.5672,77.21,2026-09-28T05:00,2026,9,28,5,271,33.9,47.1,18.0,34.3,644.0,118.0,23.0,25.7,77.0,21.4,984.3,5.4,304.0,600.0,0.7197,24.4,4.477,-3.02,0.0,5.3,0.9659,0.2588,-0.9987,-0.0505,0,0,0,30.5,28.1,21.0,1.0,12.9
aiims_delhi,All India Institute of Medical Sciences (AIIMS),healthcare,28.5672,77.21,2026-09-28T06:00,2026,9,28,6,271,37.3,53.2,13.5,32.2,612.0,148.0,31.0,26.7,68.0,20.2,984.7,9.0,290.0,885.0,0.7011,26.15,8.457,-3.078,0.0,8.156,1.0,0.0,-0.9987,-0.0505,0,0,0,33.9,30.5,23.2,0.0,14.1
aiims_delhi,All India Institute of Medical Sciences (AIIMS),healthcare,28.5672,77.21,2026-09-28T07:00,2026,9,28,7,271,39.1,55.9,10.1,29.8,561.0,173.0,33.0,27.4,65.0,20.3,984.0,10.7,284.0,895.0,0.6995,27.35,10.382,-2.589,0.0,9.17,0.9659,-0.2588,-0.9987,-0.0505,0,0,1,37.3,33.9,30.2,-1.6,8.9
aiims_delhi,All India Institute of Medical Sciences (AIIMS),healthcare,28.5672,77.21,2026-09-28T08:00,2026,9,28,8,271,40.5,56.9,7.7,27.1,500.0,194.0,33.0,27.8,65.0,20.6,983.4,11.2,291.0,890.0,0.7118,28.83,10.456,-4.014,0.0,10.23,0.866,-0.5,-0.9987,-0.0505,0,0,1,39.1,37.3,38.3,-0.4,2.2
aiims_delhi,All India Institute of Medical Sciences (AIIMS),healthcare,28.5672,77.21,2026-09-28T09:00,2026,9,28,9,271,40.6,56.8,8.6,24.9,467.0,202.0,31.0,28.2,63.0,20.4,982.8,12.5,309.0,950.0,0.7148,29.02,9.714,-7.867,0.0,12.43,0.7071,-0.7071,-0.9987,-0.0505,0,0,1,40.5,39.1,45.6,-1.3,-5.0
aiims_delhi,All India Institute of Medical Sciences (AIIMS),healthcare,28.5672,77.21,2026-09-28T10:00,2026,9,28,10,271,39.9,54.8,13.1,22.9,475.0,190.0,28.0,27.6,65.0,20.4,982.9,14.3,333.0,940.0,0.7281,29.05,6.492,-12.741,0.0,13.598,0.5,-0.866,-0.9987,-0.0505,0,0,0,40.6,40.5,50.1,-0.8,-10.2
aiims_delhi,All India Institute of Medical Sciences (AIIMS),healthcare,28.5672,77.21,2026-09-28T11:00,2026,9,28,11,271,39.3,53.3,20.9,21.4,510.0,165.0,23.0,25.9,76.0,21.3,983.2,14.3,353.0,660.0,0.7373,28.98,1.743,-14.193,0.0,11.267,0.2588,-0.9659,-0.9987,-0.0505,0,0,0,39.9,40.6,50.1,0.1,-10.8
aiims_delhi,All India Institute of Medical Sciences (AIIMS),healthcare,28.5672,77.21,2026-09-28T12:00,2026,9,28,12,271,32.7,35.6,31.1,41.1,567.0,139.0,6.0,24.4,82.0,21.2,983.9,9.4,13.0,640.0,0.9185,30.04,-2.115,-9.159,0.0,4.98,0.0,-1.0,-0.9987,-0.0505,0,0,0,39.3,39.9,47.7,-6.0,-15.0
aiims_delhi,All India Institute of Medical Sciences (AIIMS),healthcare,28.5672,77.21,2026-09-28T13:00,2026,9,28,13,271,38.4,41.2,43.7,42.4,667.0,111.0,5.0,23.7,85.0,20.9,984.2,4.9,28.0,440.0,0.932,35.79,-2.3,-4.326,0.0255,1.432,-0.2588,-0.9659,-0.9987,-0.0505,0,0,0,32.7,39.3,48.8,12.3,-10.4
aiims_delhi,All India Institute of Medical Sciences (AIIMS),healthcare,28.5672,77.21,2026-09-28T14:00,2026,9,28,14,271,49.6,52.0,60.8,44.2,788.0,73.0,4.0,23.4,87.0,21.1,985.2,3.5,336.0,340.0,0.9538,47.31,1.424,-3.197,0.051,3.267,-0.5,-0.866,-0.9987,-0.0505,0,0,0,38.4,32.7,49.1,5.5,0.5
aiims_delhi,All India Institute of Medical Sciences (AIIMS),healthcare,28.5672,77.21,2026-09-28T15:00,2026,9,28,15,271,56.6,58.7,71.7,44.4,860.0,43.0,4.0,23.2,89.0,21.2,985.7,5.7,314.0,275.0,0.9642,54.58,4.1,-3.96,0.068,5.698,-0.7071,-0.7071,-0.9987,-0.0505,0,0,0,49.6,38.4,47.5,-4.2,9.1
aiims_delhi,All India Institute of Medical Sciences (AIIMS),healthcare,28.5672,77.21,2026-09-28T16:00,2026,9,28,16,271,57.6,59.8,70.9,42.0,848.0,31.0,7.0,22.9,91.0,21.3,986.0,6.8,299.0,235.0,0.9632,55.48,5.947,-3.297,0.0935,6.536,-0.866,-0.5,-0.9987,-0.0505,0,0,0,56.6,49.6,45.4,-6.0,12.2
aiims_delhi,All India Institute of Medical Sciences (AIIMS),healthcare,28.5672,77.21,2026-09-28T17:00,2026,9,28,17,271,56.1,60.5,64.0,38.1,786.0,28.0,11.0,22.6,93.0,21.4,986.2,7.5,303.0,275.0,0.9273,52.02,6.29,-4.085,0.119,7.335,-0.9659,-0.2588,-0.9987,-0.0505,0,0,0,57.6,56.6,41.4,-2.5,14.7
aiims_delhi,All India Institute of Medical Sciences (AIIMS),healthcare,28.5672,77.21,2026-09-28T18:00,2026,9,28,18,271,54.0,61.9,56.4,34.5,712.0,28.0,15.0,23.1,91.0,21.5,986.1,7.0,310.0,350.0,0.8724,47.11,5.362,-4.5,0.0765,6.972,-1.0,-0.0,-0.9987,-0.0505,0,0,0,56.1,57.6,38.1,-0.6,15.9
aiims_delhi,All India Institute of Medical Sciences (AIIMS),healthcare,28.5672,77.21,2026-09-28T19:00,2026,9,28,19,271,52.5,62.4,49.3,31.7,623.0,30.0,17.0,22.5,93.0,21.3,986.1,7.1,294.0,285.0,0.8413,44.17,6.486,-2.888,0.1275,6.627,-0.9659,0.2588,-0.9987,-0.0505,0,0,0,54.0,56.1,37.1,0.6,15.4
aiims_delhi,All India Institute of Medical Sciences (AIIMS),healthcare,28.5672,77.21,2026-09-28T20:00,2026,9,28,20,271,51.8,62.4,41.6,29.2,520.0,34.0,19.0,22.3,93.0,21.2,985.9,6.1,304.0,235.0,0.8301,43.0,5.057,-3.411,0.1445,5.987,-0.866,0.5,-0.9987,-0.0505,0,0,0,52.5,54.0,39.1,0.8,12.7
aiims_delhi,All India Institute of Medical Sciences (AIIMS),healthcare,28.5672,77.21,2026-09-28T21:00,2026,9,28,21,271,51.3,61.7,35.6,27.4,449.0,37.0,20.0,22.1,94.0,21.0,985.7,5.4,326.0,195.0,0.8314,42.65,3.02,-4.477,0.1615,5.3,-0.7071,0.7071,-0.9987,-0.0505,0,0,0,51.8,52.5,41.3,0.2,10.0
aiims_delhi,All India Institute of Medical Sciences (AIIMS),healthcare,28.5672,77.21,2026-09-28T22:00,2026,9,28,22,271,51.8,67.8,32.4,26.5,421.0,36.0,19.0,22.0,94.0,21.0,985.7,5.9,322.0,195.0,0.764,39.58,3.632,-4.649,0.17,5.855,-0.5,0.866,-0.9987,-0.0505,0,0,0,51.3,51.8,44.1,1.0,7.7
aiims_delhi,All India Institute of Medical Sciences (AIIMS),healthcare,28.5672,77.21,2026-09-28T23:00,2026,9,28,23,271,52.3,64.7,31.0,26.3,424.0,34.0,17.0,22.0,93.0,20.9,985.7,5.9,325.0,185.0,0.8083,42.28,3.384,-4.833,0.17,5.809,-0.2588,0.9659,-0.9987,-0.0505,0,0,0,51.8,51.3,47.1,0.0,5.2
aiims_delhi,All India Institute of Medical Sciences (AIIMS),healthcare,28.5672,77.21,2026-09-29T00:00,2026,9,29,0,272,54.4,70.5,33.2,30.6,464.0,32.0,30.0,22.3,94.0,21.2,985.9,5.4,318.0,170.0,0.7716,41.98,3.613,-4.013,0.1445,5.392,0.0,1.0,-0.9994,-0.0333,0,0,0,52.3,51.8,33.4,1.6,21.0
aiims_delhi,All India Institute of Medical Sciences (AIIMS),healthcare,28.5672,77.21,2026-09-29T01:00,2026,9,29,1,272,57.2,71.7,32.3,31.2,582.0,38.0,11.0,22.0,95.0,21.1,986.6,5.4,304.0,155.0,0.7978,45.63,4.477,-3.02,0.17,5.3,0.2588,0.9659,-0.9994,-0.0333,0,0,0,54.4,52.3,37.6,0.7,19.6
aiims_delhi,All India Institute of Medical Sciences (AIIMS),healthcare,28.5672,77.21,2026-09-29T02:00,2026,9,29,2,272,54.0,68.7,30.8,31.9,737.0,48.0,0.0,22.9,92.0,21.5,987.3,5.4,300.0,220.0,0.786,42.45,4.677,-2.7,0.0935,5.215,0.5,0.866,-0.9994,-0.0333,0,0,0,57.2,54.4,36.3,-6.0,17.7
aiims_delhi,All India Institute of Medical Sciences (AIIMS),healthcare,28.5672,77.21,2026-09-29T03:00,2026,9,29,3,272,44.1,60.1,28.0,31.6,815.0,65.0,30.0,24.2,86.0,21.7,987.9,5.9,320.0,350.0,0.7338,32.36,3.792,-4.52,0.0,5.877,0.7071,0.7071,-0.9994,-0.0333,0,0,0,54.0,57.2,28.1,-6.7,16.0
aiims_delhi,All India Institute of Medical Sciences (AIIMS),healthcare,28.5672,77.21,2026-09-29T04:00,2026,9,29,4,272,34.3,57.2,22.7,29.7,740.0,96.0,173.0,25.7,77.0,21.3,988.2,6.7,329.0,585.0,0.5997,20.57,3.451,-5.743,0.0,6.5,0.866,0.5,-0.9994,-0.0333,0,0,0,44.1,54.0,30.5,0.1,3.8
aiims_delhi,All India Institute of Medical Sciences (AIIMS),healthcare,28.5672,77.21,2026-09-29T05:00,2026,9,29,5,272,52.6,257.0,16.0,26.9,587.0,133.0,374.0,27.0,71.0,21.2,988.0,8.0,329.0,715.0,0.2047,10.77,4.12,-6.857,0.0,7.761,0.9659,0.2588,-0.9994,-0.0333,0,0,0,34.3,44.1,33.9,28.1,18.7
aiims_delhi,All India Institute of Medical Sciences (AIIMS),healthcare,28.5672,77.21,2026-09-29T06:00,2026,9,29,6,272,60.5,340.9,10.7,24.0,468.0,162.0,540.0,29.0,62.0,21.1,988.2,8.8,321.0,1155.0,0.2,12.1,5.538,-6.839,0.0,8.75,1.0,0.0,-0.9994,-0.0333,0,0,0,52.6,34.3,37.3,-10.4,23.2
aiims_delhi,All India Institute of Medical Sciences (AIIMS),healthcare,28.5672,77.21,2026-09-29T07:00,2026,9,29,7,272,65.0,383.7,7.4,20.9,420.0,175.0,636.0,29.8,58.0,20.5,987.5,10.1,316.0,1275.0,0.2,13.0,7.016,-7.265,0.0,10.097,0.9659,-0.2588,-0.9994,-0.0333,0,0,1,60.5,52.6,39.1,-3.4,25.9
aiims_delhi,All India Institute of Medical Sciences (AIIMS),healthcare,28.5672,77.21,2026-09-29T08:00,2026,9,29,8,272,68.5,422.8,5.6,17.7,406.0,180.0,698.0,30.4,55.0,20.4,986.3,11.1,316.0,1355.0,0.2,13.7,7.711,-7.985,0.0,11.097,0.866,-0.5,-0.9994,-0.0333,0,0,1,65.0,60.5,40.5,-1.0,28.0
aiims_delhi,All India Institute of Medical Sciences (AIIMS),healthcare,28.5672,77.21,2026-09-29T09:00,2026,9,29,9,272,72.2,455.4,6.3,15.4,427.0,177.0,746.0,30.8,53.0,20.2,985.4,11.6,318.0,1445.0,0.2,14.44,7.762,-8.62,0.0,11.582,0.7071,-0.7071,-0.9994,-0.0333,0,0,1,68.5,65.0,40.6,0.2,31.6
aiims_delhi,All India Institute of Medical Sciences (AIIMS),healthcare,28.5672,77.21,2026-09-29T10:00,2026,9,29,10,272,77.8,495.5,10.8,14.6,498.0,166.0,789.0,30.7,54.0,20.2,984.9,11.6,318.0,1415.0,0.2,15.56,7.762,-8.62,0.0,11.582,0.5,-0.866,-0.9994,-0.0333,0,0,0,72.2,68.5,39.9,1.9,37.9
aiims_delhi,All India Institute of Medical Sciences (AIIMS),healthcare,28.5672,77.21,2026-09-29T11:00,2026,9,29,11,272,89.4,551.3,17.7,14.7,604.0,147.0,818.0,30.2,57.0,20.7,984.7,10.4,316.0,1310.0,0.2,17.88,7.224,-7.481,0.0,10.397,0.2588,-0.9659,-0.9994,-0.0333,0,0,0,77.8,72.2,39.3,6.0,50.1
aiims_delhi,All India Institute of Medical Sciences (AIIMS),healthcare,28.5672,77.21,2026-09-29T12:00,2026,9,29,12,272,69.8,386.5,21.9,15.7,695.0,126.0,615.0,29.3,61.0,21.0,984.9,9.8,311.0,1175.0,0.2,13.96,7.396,-6.429,0.0,9.775,0.0,-1.0,-0.9994,-0.0333,0,0,0,89.4,77.8,32.7,-31.2,37.1
aiims_delhi,All India Institute of Medical Sciences (AIIMS),healthcare,28.5672,77.21,2026-09-29T13:00,2026,9,29,13,272,76.4,372.5,29.5,18.0,760.0,108.0,577.0,27.8,67.0,21.2,985.2,6.9,303.0,315.0,0.2051,15.67,5.787,-3.758,0.0,6.748,-0.2588,-0.9659,-0.9994,-0.0333,0,0,0,69.8,89.4,38.4,26.2,38.0
aiims_delhi,All India Institute of Medical Sciences (AIIMS),healthcare,28.5672,77.21,2026-09-29T14:00,2026,9,29,14,272,79.9,341.8,39.8,21.2,811.0,84.0,525.0,27.2,70.0,21.3,985.8,7.1,306.0,290.0,0.2338,18.68,5.744,-4.173,0.0,7.012,-0.5,-0.866,-0.9994,-0.0333,0,0,0,76.4,69.8,49.6,-3.1,30.3
aiims_delhi,All India Institute of Medical Sciences (AIIMS),healthcare,28.5672,77.21,2026-09-29T15:00,2026,9,29,15,272,82.7,337.1,46.3,23.3,830.0,67.0,489.0,26.5,73.0,21.4,986.3,6.8,310.0,265.0,0.2453,20.29,5.209,-4.371,0.0,6.773,-0.7071,-0.7071,-0.9994,-0.0333,0,0,0,79.9,76.4,56.6,-0.7,26.1
aiims_delhi,All India Institute of Medical Sciences (AIIMS),healthcare,28.5672,77.21,2026-09-29T16:00,2026,9,29,16,272,84.3,339.9,45.6,23.5,803.0,63.0,484.0,25.8,76.0,21.4,986.6,6.0,311.0,195.0,0.248,20.91,4.528,-3.936,0.0,5.984,-0.866,-0.5,-0.9994,-0.0333,0,0,0,82.7,79.9,57.6,-1.2,26.7
aiims_delhi,All India Institute of Medical Sciences (AIIMS),healthcare,28.5672,77.21,2026-09-29T17:00,2026,9,29,17,272,85.2,345.5,41.0,22.6,744.0,65.0,494.0,25.2,79.0,21.2,986.5,5.7,307.0,160.0,0.2466,21.01,4.552,-3.43,0.0,5.644,-0.9659,-0.2588,-0.9994,-0.0333,0,0,0,84.3,82.7,56.1,-0.7,29.1
aiims_delhi,All India Institute of Medical Sciences (AIIMS),healthcare,28.5672,77.21,2026-09-29T18:00,2026,9,29,18,272,84.1,347.4,36.0,21.7,681.0,68.0,501.0,25.4,80.0,21.6,986.1,6.7,308.0,250.0,0.2421,20.36,5.28,-4.125,0.0,6.649,-1.0,-0.0,-0.9994,-0.0333,0,0,0,85.2,84.3,54.0,-2.0,30.1
aiims_delhi,All India Institute of Medical Sciences (AIIMS),healthcare,28.5672,77.21,2026-09-29T19:00,2026,9,29,19,272,81.5,343.7,31.1,20.8,613.0,72.0,500.0,24.6,82.0,21.3,985.8,6.7,301.0,185.0,0.2371,19.33,5.743,-3.451,0.0,6.5,-0.9659,0.2588,-0.9994,-0.0333,0,0,0,84.1,85.2,52.5,-1.5,29.0
aiims_delhi,All India Institute of Medical Sciences (AIIMS),healthcare,28.5672,77.21,2026-09-29T20:00,2026,9,29,20,272,78.5,337.1,25.7,19.8,541.0,76.0,495.0,24.2,83.0,21.1,985.4,7.0,302.0,195.0,0.2329,18.28,5.936,-3.709,0.0,6.82,-0.866,0.5,-0.9994,-0.0333,0,0,0,81.5,84.1,51.8,-0.4,26.7
aiims_delhi,All India Institute of Medical Sciences (AIIMS),healthcare,28.5672,77.21,2026-09-29T21:00,2026,9,29,21,272,75.2,326.9,21.8,19.1,493.0,79.0,478.0,23.9,84.0,21.0,985.1,6.4,302.0,180.0,0.23,17.3,5.428,-3.391,0.0085,6.235,-0.7071,0.7071,-0.9994,-0.0333,0,0,0,78.5,81.5,51.3,-0.3,23.9
aiims_delhi,All India Institute of Medical Sciences (AIIMS),healthcare,28.5672,77.21,2026-09-29T22:00,2026,9,29,22,272,70.8,305.5,19.9,19.0,470.0,78.0,435.0,23.5,85.0,20.9,985.1,5.8,296.0,160.0,0.2318,16.41,5.213,-2.543,0.0425,5.483,-0.5,0.866,-0.9994,-0.0333,0,0,0,75.2,78.5,51.8,-1.1,19.0
aiims_delhi,All India Institute of Medical Sciences (AIIMS),healthcare,28.5672,77.21,2026-09-29T23:00,2026,9,29,23,272,66.1,276.6,19.4,19.3,472.0,75.0,380.0,23.2,87.0,20.9,985.1,5.8,284.0,140.0,0.239,15.8,5.628,-1.403,0.068,4.971,-0.2588,0.9659,-0.9994,-0.0333,0,0,0,70.8,75.2,52.3,-0.3,13.8
aiims_delhi,All India Institute of Medical Sciences (AIIMS),healthcare,28.5672,77.21,2026-09-30T00:00,2026,9,30,0,273,57.9,204.4,20.8,22.2,522.0,79.0,277.0,23.9,87.0,21.6,985.4,5.7,279.0,120.0,0.2833,16.4,5.63,-0.892,0.0085,4.611,0.0,1.0,-0.9999,-0.0161,0,0,0,66.1,70.8,54.4,-3.5,3.5
aiims_delhi,All India Institute of Medical Sciences (AIIMS),healthcare,28.5672,77.21,2026-09-30T01:00,2026,9,30,1,273,58.7,197.0,23.8,23.2,682.0,82.0,279.0,23.5,89.0,21.6,986.0,6.5,273.0,120.0,0.298,17.49,6.491,-0.34,0.0425,4.83,0.2588,0.9659,-0.9999,-0.0161,0,0,0,57.9,66.1,57.2,9.0,1.5
aiims_delhi,All India Institute of Medical Sciences (AIIMS),healthcare,28.5672,77.21,2026-09-30T02:00,2026,9,30,2,273,68.7,244.9,27.6,24.7,891.0,87.0,284.0,24.4,87.0,22.2,986.4,7.0,274.0,185.0,0.2805,19.27,6.983,-0.488,0.0,5.282,0.5,0.866,-0.9999,-0.0161,0,0,0,58.7,57.9,54.0,9.2,14.7
aiims_delhi,All India Institute of Medical Sciences (AIIMS),healthcare,28.5672,77.21,2026-09-30T03:00,2026,9,30,3,273,62.6,225.4,28.3,25.6,991.0,101.0,310.0,26.0,81.0,22.5,987.4,6.4,281.0,400.0,0.2777,17.39,6.282,-1.221,0.0,5.305,0.7071,0.7071,-0.9999,-0.0161,0,0,0,68.7,58.7,44.1,-16.1,18.5
aiims_delhi,All India Institute of Medical Sciences (AIIMS),healthcare,28.5672,77.21,2026-09-30T04:00,2026,9,30,4,273,58.8,236.1,22.9,25.9,880.0,133.0,366.0,27.7,72.0,22.2,987.8,8.1,291.0,745.0,0.249,14.64,7.562,-2.903,0.0,7.399,0.866,0.5,-0.9999,-0.0161,0,0,0,62.6,68.7,34.3,2.3,24.5
aiims_delhi,All India Institute of Medical Sciences (AIIMS),healthcare,28.5672,77.21,2026-09-30T05:00,2026,9,30,5,273,62.2,275.7,14.4,25.6,660.0,174.0,441.0,29.1,64.0,21.7,988.0,9.9,295.0,1040.0,0.2256,14.03,8.972,-4.184,0.0,9.302,0.9659,0.2588,-0.9999,-0.0161,0,0,0,58.8,62.6,52.6,7.2,9.6
aiims_delhi,All India Institute of Medical Sciences (AIIMS),healthcare,28.5672,77.21,2026-09-30T06:00,2026,9,30,6,273,69.8,341.8,7.9,24.6,486.0,201.0,526.0,31.2,54.0,20.7,987.9,13.2,300.0,1455.0,0.2042,14.25,11.432,-6.6,0.0,12.748,1.0,0.0,-0.9999,-0.0161,0,0,0,62.2,58.8,60.5,4.2,9.3
aiims_delhi,All India Institute of Medical Sciences (AIIMS),healthcare,28.5672,77.21,2026-09-30T07:00,2026,9,30,7,273,78.5,415.4,4.8,22.0,407.0,205.0,635.0,32.0,47.0,19.4,987.3,14.2,306.0,1530.0,0.2,15.7,11.488,-8.347,0.0,14.023,0.9659,-0.2588,-0.9999,-0.0161,0,0,1,69.8,62.2,65.0,1.1,13.5
aiims_delhi,All India Institute of Medical Sciences (AIIMS),healthcare,28.5672,77.21,2026-09-30T08:00,2026,9,30,8,273,85.9,474.0,3.8,18.5,375.0,196.0,754.0,32.4,44.0,18.6,986.4,13.9,307.0,1635.0,0.2,17.18,11.101,-8.365,0.0,13.763,0.866,-0.5,-0.9999,-0.0161,0,0,1,78.5,69.8,68.5,-1.3,17.4
aiims_delhi,All India Institute of Medical Sciences (AIIMS),healthcare,28.5672,77.21,2026-09-30T09:00,2026,9,30,9,273,89.9,510.4,5.7,16.2,393.0,182.0,821.0,32.5,42.0,18.0,985.8,13.4,306.0,1705.0,0.2,17.98,10.841,-7.876,0.0,13.233,0.7071,-0.7071,-0.9999,-0.0161,0,0,1,85.9,78.5,72.2,-3.4,17.7
aiims_delhi,All India Institute of Medical Sciences (AIIMS),healthcare,28.5672,77.21,2026-09-30T10:00,2026,9,30,10,273,92.9,527.1,11.5,15.5,479.0,165.0,804.0,32.2,44.0,18.4,985.2,12.9,307.0,1565.0,0.2,18.58,10.302,-7.763,0.0,12.773,0.5,-0.866,-0.9999,-0.0161,0,0,0,89.9,85.9,77.8,-1.0,15.1
aiims_delhi,All India Institute of Medical Sciences (AIIMS),healthcare,28.5672,77.21,2026-09-30T11:00,2026,9,30,11,273,96.9,521.5,20.3,15.8,615.0,142.0,737.0,31.4,49.0,19.2,984.8,11.0,311.0,1275.0,0.2,19.38,8.302,-7.217,0.0,10.972,0.2588,-0.9659,-0.9999,-0.0161,0,0,0,92.9,89.9,89.4,1.0,7.5
aiims_delhi,All India Institute of Medical Sciences (AIIMS),healthcare,28.5672,77.21,2026-09-30T12:00,2026,9,30,12,273,95.0,529.0,26.7,16.7,759.0,117.0,844.0,30.3,53.0,19.7,984.9,9.3,314.0,850.0,0.2,19.0,6.69,-6.46,0.0,9.297,0.0,-1.0,-0.9999,-0.0161,0,0,0,96.9,92.9,69.8,-5.9,25.2
aiims_delhi,All India Institute of Medical Sciences (AIIMS),healthcare,28.5672,77.21,2026-09-30T13:00,2026,9,30,13,273,95.2,452.6,37.6,21.1,926.0,98.0,765.0,28.4,62.0,20.5,985.0,5.6,312.0,205.0,0.2103,20.02,4.162,-3.747,0.0,5.591,-0.2588,-0.9659,-0.9999,-0.0161,0,0,0,95.0,96.9,76.4,2.1,18.8
aiims_delhi,All India Institute of Medical Sciences (AIIMS),healthcare,28.5672,77.21,2026-09-30T14:00,2026,9,30,14,273,99.7,431.2,52.7,27.3,1099.0,72.0,656.0,27.8,66.0,20.8,985.6,5.6,335.0,180.0,0.2312,23.05,2.367,-5.075,0.0,5.261,-0.5,-0.866,-0.9999,-0.0161,0,0,0,95.2,95.0,79.9,4.3,19.8
aiims_delhi,All India Institute of Medical Sciences (AIIMS),healthcare,28.5672,77.21,2026-09-30T15:00,2026,9,30,15,273,102.0,404.2,64.8,32.4,1186.0,50.0,581.0,27.2,69.0,21.0,986.2,6.3,358.0,205.0,0.2524,25.74,0.22,-6.296,0.0,4.607,-0.7071,-0.7071,-0.9999,-0.0161,0,0,0,99.7,95.2,82.7,-2.2,19.3
aiims_delhi,All India Institute of Medical Sciences (AIIMS),healthcare,28.5672,77.21,2026-09-30T16:00,2026,9,30,16,273,107.6,407.9,71.9,35.7,1122.0,37.0,576.0,26.7,70.0,20.8,986.3,6.4,350.0,230.0,0.2638,28.38,1.111,-6.303,0.0,5.242,-0.866,-0.5,-0.9999,-0.0161,0,0,0,102.0,99.7,84.3,3.3,23.3
aiims_delhi,All India Institute of Medical Sciences (AIIMS),healthcare,28.5672,77.21,2026-09-30T17:00,2026,9,30,17,273,114.8,434.0,76.0,37.9,972.0,30.0,605.0,26.0,72.0,20.6,986.3,5.3,342.0,205.0,0.2645,30.37,1.638,-5.041,0.0,4.722,-0.9659,-0.2588,-0.9999,-0.0161,0,0,0,107.6,102.0,85.2,1.6,29.6
aiims_delhi,All India Institute of Medical Sciences (AIIMS),healthcare,28.5672,77.21,2026-09-30T18:00,2026,9,30,18,273,117.1,442.4,75.9,38.3,835.0,26.0,618.0,26.0,76.0,21.4,986.1,4.8,326.0,210.0,0.2647,31.0,2.684,-3.979,0.0,4.711,-1.0,-0.0,-0.9999,-0.0161,0,0,0,114.8,107.6,84.1,-4.9,33.0
aiims_delhi,All India Institute of Medical Sciences (AIIMS),healthcare,28.5672,77.21,2026-09-30T19:00,2026,9,30,19,273,114.1,432.1,69.3,36.1,741.0,28.0,593.0,25.3,77.0,20.9,985.8,4.2,288.0,90.0,0.2641,30.13,3.994,-1.298,0.0,3.742,-0.9659,0.2588,-0.9999,-0.0161,0,0,0,117.1,114.8,81.5,-5.3,32.6
aiims_delhi,All India Institute of Medical Sciences (AIIMS),healthcare,28.5672,77.21,2026-09-30T20:00,2026,9,30,20,273,109.9,410.7,58.6,32.2,660.0,34.0,553.0,24.7,79.0,20.8,985.6,4.6,279.0,75.0,0.2676,29.41,4.543,-0.72,0.0,3.721,-0.866,0.5,-0.9999,-0.0161,0,0,0,114.1,117.1,78.5,-1.2,31.4
aiims_delhi,All India Institute of Medical Sciences (AIIMS),healthcare,28.5672,77.21,2026-09-30T21:00,2026,9,30,21,273,105.0,378.1,49.3,28.6,603.0,39.0,516.0,24.3,81.0,20.8,985.7,4.7,277.0,75.0,0.2777,29.16,4.665,-0.573,0.0,3.703,-0.7071,0.7071,-0.9999,-0.0161,0,0,0,109.9,114.1,75.2,-0.7,29.8
aiims_delhi,All India Institute of Medical Sciences (AIIMS),healthcare,28.5672,77.21,2026-09-30T22:00,2026,9,30,22,273,99.9,342.7,43.1,25.8,556.0,40.0,482.0,24.0,82.0,20.8,985.7,5.0,270.0,80.0,0.2915,29.12,5.0,0.0,0.0,3.535,-0.5,0.866,-0.9999,-0.0161,0,0,0,105.0,109.9,70.8,-0.2,29.1
aiims_delhi,All India Institute of Medical Sciences (AIIMS),healthcare,28.5672,77.21,2026-09-30T23:00,2026,9,30,23,273,97.1,331.6,38.4,23.4,532.0,40.0,452.0,23.8,83.0,20.8,985.4,6.1,270.0,95.0,0.2928,28.43,6.1,0.0,0.017,4.313,-0.2588,0.9659,-0.9999,-0.0161,0,0,0,99.9,105.0,66.1,2.3,31.0
aiims_delhi,All India Institute of Medical Sciences (AIIMS),healthcare,28.5672,77.21,2026-10-01T00:00,2026,10,1,0,274,97.8,366.9,28.7,25.5,582.0,58.0,509.0,24.3,85.0,21.6,985.7,6.0,267.0,85.0,0.2666,26.07,5.992,0.314,0.0,4.014,0.0,1.0,-1.0,0.0011,0,0,0,97.1,99.9,57.9,3.5,39.9
aiims_delhi,All India Institute of Medical Sciences (AIIMS),healthcare,28.5672,77.21,2026-10-01T01:00,2026,10,1,1,274,94.3,312.0,31.2,25.1,800.0,61.0,487.0,24.0,86.0,21.6,986.3,5.8,256.0,80.0,0.3022,28.5,5.628,1.403,0.0,2.987,0.2588,0.9659,-1.0,0.0011,0,0,0,97.8,97.1,58.7,-4.2,35.6
aiims_delhi,All India Institute of Medical Sciences (AIIMS),healthcare,28.5672,77.21,2026-10-01T02:00,2026,10,1,2,274,99.4,328.8,34.2,24.5,1091.0,67.0,456.0,25.2,84.0,22.2,987.4,6.9,253.0,115.0,0.3023,30.05,6.599,2.017,0.0,3.239,0.5,0.866,-1.0,0.0011,0,0,0,94.3,97.8,68.7,8.6,30.7
aiims_delhi,All India Institute of Medical Sciences (AIIMS),healthcare,28.5672,77.21,2026-10-01T03:00,2026,10,1,3,274,98.3,329.7,33.7,23.7,1224.0,82.0,439.0,26.9,79.0,23.1,988.4,5.5,257.0,225.0,0.2981,29.31,5.359,1.237,0.0,2.914,0.7071,0.7071,-1.0,0.0011,0,0,0,99.4,94.3,62.6,-6.2,35.7
aiims_delhi,All India Institute of Medical Sciences (AIIMS),healthcare,28.5672,77.21,2026-10-01T04:00,2026,10,1,4,274,78.7,274.7,26.4,22.7,1042.0,116.0,437.0,28.9,71.0,23.1,989.0,7.2,264.0,650.0,0.2865,22.55,7.161,0.753,0.0,4.53,0.866,0.5,-1.0,0.0011,0,0,0,98.3,99.4,58.8,-18.5,19.9
aiims_delhi,All India Institute of Medical Sciences (AIIMS),healthcare,28.5672,77.21,2026-10-01T05:00,2026,10,1,5,274,74.7,286.8,15.5,21.5,702.0,160.0,447.0,30.4,64.0,22.8,989.0,8.4,277.0,975.0,0.2605,19.46,8.337,-1.024,0.0,6.618,0.9659,0.2588,-1.0,0.0011,0,0,0,78.7,98.3,62.2,15.6,12.5
aiims_delhi,All India Institute of Medical Sciences (AIIMS),healthcare,28.5672,77.21,2026-10-01T06:00,2026,10,1,6,274,78.2,328.8,7.4,19.8,435.0,188.0,483.0,32.4,52.0,21.2,989.1,11.9,299.0,1795.0,0.2378,18.6,10.408,-5.769,0.0,11.437,1.0,0.0,-1.0,0.0011,0,0,0,74.7,78.7,69.8,7.5,8.4
aiims_delhi,All India Institute of Medical Sciences (AIIMS),healthcare,28.5672,77.21,2026-10-01T07:00,2026,10,1,7,274,80.1,394.9,3.9,17.0,325.0,188.0,573.0,33.0,46.0,19.8,988.6,14.0,311.0,1820.0,0.2028,16.25,10.566,-9.185,0.0,13.964,0.9659,-0.2588,-1.0,0.0011,0,0,1,78.2,74.7,78.5,-1.6,1.6
aiims_delhi,All India Institute of Medical Sciences (AIIMS),healthcare,28.5672,77.21,2026-10-01T08:00,2026,10,1,8,274,81.5,448.9,3.0,13.6,289.0,173.0,688.0,33.4,37.0,16.9,987.9,14.8,309.0,1840.0,0.2,16.3,11.502,-9.314,0.0,14.717,0.866,-0.5,-1.0,0.0011,0,0,1,80.1,78.2,85.9,-0.5,-4.4
aiims_delhi,All India Institute of Medical Sciences (AIIMS),healthcare,28.5672,77.21,2026-10-01T09:00,2026,10,1,9,274,81.7,465.7,5.1,11.4,312.0,155.0,753.0,33.3,36.0,16.2,987.2,14.0,306.0,1890.0,0.2,16.34,11.326,-8.229,0.0,13.826,0.7071,-0.7071,-1.0,0.0011,0,0,1,81.5,80.1,89.9,-1.2,-8.2
aiims_delhi,All India Institute of Medical Sciences (AIIMS),healthcare,28.5672,77.21,2026-10-01T10:00,2026,10,1,10,274,86.1,493.6,11.0,10.9,413.0,138.0,725.0,32.9,38.0,16.9,986.8,12.0,313.0,1710.0,0.2,17.22,8.776,-8.184,0.0,11.991,0.5,-0.866,-1.0,0.0011,0,0,0,81.7,81.5,92.9,4.2,-6.8
aiims_delhi,All India Institute of Medical Sciences (AIIMS),healthcare,28.5672,77.21,2026-10-01T11:00,2026,10,1,11,274,83.8,448.9,19.8,11.5,572.0,119.0,646.0,32.5,41.0,17.6,986.5,9.6,311.0,1590.0,0.2,16.76,7.245,-6.298,0.0,9.575,0.2588,-0.9659,-1.0,0.0011,0,0,0,86.1,81.7,96.9,-6.7,-13.1
aiims_delhi,All India Institute of Medical Sciences (AIIMS),healthcare,28.5672,77.21,2026-10-01T12:00,2026,10,1,12,274,77.5,402.3,28.5,13.6,714.0,99.0,633.0,31.7,44.0,18.0,986.4,9.2,329.0,520.0,0.2,15.5,4.738,-7.886,0.0,8.925,0.0,-1.0,-1.0,0.0011,0,0,0,83.8,86.1,95.0,-4.0,-17.5
aiims_delhi,All India Institute of Medical Sciences (AIIMS),healthcare,28.5672,77.21,2026-10-01T13:00,2026,10,1,13,274,81.5,373.5,38.4,17.5,828.0,82.0,609.0,29.8,54.0,19.4,986.9,6.4,335.0,275.0,0.2182,17.78,2.705,-5.8,0.0,6.013,-0.2588,-0.9659,-1.0,0.0011,0,0,0,77.5,83.8,95.2,10.3,-13.7
aiims_delhi,All India Institute of Medical Sciences (AIIMS),healthcare,28.5672,77.21,2026-10-01T14:00,2026,10,1,14,274,88.0,371.6,51.9,23.0,926.0,58.0,576.0,29.0,58.0,19.9,987.7,6.9,345.0,315.0,0.2368,20.84,1.786,-6.665,0.0,5.975,-0.5,-0.866,-1.0,0.0011,0,0,0,81.5,77.5,99.7,2.5,-11.7
aiims_delhi,All India Institute of Medical Sciences (AIIMS),healthcare,28.5672,77.21,2026-10-01T15:00,2026,10,1,15,274,93.6,379.0,61.0,27.2,964.0,41.0,550.0,28.3,60.0,19.9,988.2,8.1,359.0,285.0,0.247,23.12,0.141,-8.099,0.0,5.826,-0.7071,-0.7071,-1.0,0.0011,0,0,0,88.0,81.5,102.0,-0.9,-8.4
aiims_delhi,All India Institute of Medical Sciences (AIIMS),healthcare,28.5672,77.21,2026-10-01T16:00,2026,10,1,16,274,97.8,390.2,61.9,29.2,905.0,36.0,546.0,27.5,63.0,19.9,988.4,6.5,357.0,240.0,0.2506,24.51,0.34,-6.491,0.0,4.83,-0.866,-0.5,-1.0,0.0011,0,0,0,93.6,88.0,107.6,-1.4,-9.8
aiims_delhi,All India Institute of Medical Sciences (AIIMS),healthcare,28.5672,77.21,2026-10-01T17:00,2026,10,1,17,274,99.9,391.2,58.4,30.0,788.0,37.0,550.0,26.8,66.0,19.9,988.4,6.0,351.0,200.0,0.2554,25.51,0.939,-5.926,0.0,4.853,-0.9659,-0.2588,-1.0,0.0011,0,0,0,97.8,93.6,114.8,-2.1,-14.9
aiims_delhi,All India Institute of Medical Sciences (AIIMS),healthcare,28.5672,77.21,2026-10-01T18:00,2026,10,1,18,274,98.0,374.4,53.9,29.8,683.0,39.0,527.0,26.8,71.0,21.2,988.2,4.4,325.0,140.0,0.2618,25.65,2.524,-3.604,0.0,4.332,-1.0,-0.0,-1.0,0.0011,0,0,0,99.9,97.8,117.1,-4.0,-19.1
aiims_delhi,All India Institute of Medical Sciences (AIIMS),healthcare,28.5672,77.21,2026-10-01T19:00,2026,10,1,19,274,92.0,330.6,48.9,28.4,616.0,41.0,452.0,26.0,73.0,20.9,988.0,3.9,292.0,55.0,0.2783,25.6,3.616,-1.461,0.0,3.589,-0.9659,0.2588,-1.0,0.0011,0,0,0,98.0,99.9,114.1,-4.1,-22.1
aiims_delhi,All India Institute of Medical Sciences (AIIMS),healthcare,28.5672,77.21,2026-10-01T20:00,2026,10,1,20,274,85.2,277.5,42.9,26.1,561.0,45.0,351.0,25.2,77.0,20.9,987.9,4.7,254.0,50.0,0.307,26.16,4.518,1.295,0.0,2.278,-0.866,0.5,-1.0,0.0011,0,0,0,92.0,98.0,109.9,-0.8,-24.7
aiims_delhi,All India Institute of Medical Sciences (AIIMS),healthcare,28.5672,77.21,2026-10-01T21:00,2026,10,1,21,274,78.9,223.5,38.4,23.9,518.0,46.0,272.0,24.5,80.0,20.9,987.8,5.1,264.0,60.0,0.353,27.85,5.072,0.533,0.0,3.209,-0.7071,0.7071,-1.0,0.0011,0,0,0,85.2,92.0,105.0,0.5,-26.1
aiims_delhi,All India Institute of Medical Sciences (AIIMS),healthcare,28.5672,77.21,2026-10-01T22:00,2026,10,1,22,274,74.0,187.7,36.3,21.9,462.0,43.0,227.0,24.1,82.0,20.8,988.0,5.3,262.0,65.0,0.3942,29.17,5.248,0.738,0.0,3.189,-0.5,0.866,-1.0,0.0011,0,0,0,78.9,85.2,99.9,1.4,-25.9
aiims_delhi,All India Institute of Medical Sciences (AIIMS),healthcare,28.5672,77.21,2026-10-01T23:00,2026,10,1,23,274,71.0,173.2,35.5,20.0,417.0,37.0,204.0,23.9,82.0,20.6,988.0,5.2,268.0,65.0,0.4099,29.11,5.197,0.181,0.0085,3.546,-0.2588,0.9659,-1.0,0.0011,0,0,0,74.0,78.9,97.1,1.9,-26.1
aiims_delhi,All India Institute of Medical Sciences (AIIMS),healthcare,28.5672,77.21,2026-10-02T00:00,2026,10,2,0,275,91.0,326.9,31.0,20.8,455.0,43.0,445.0,24.3,83.0,21.2,988.2,4.9,276.0,65.0,0.2784,25.33,4.873,-0.512,0.0,3.807,0.0,1.0,-0.9998,0.0183,0,0,0,71.0,74.0,97.8,23.0,-6.8
aiims_delhi,All India Institute of Medical Sciences (AIIMS),healthcare,28.5672,77.21,2026-10-02T01:00,2026,10,2,1,275,87.8,277.5,33.9,20.8,681.0,44.0,450.0,24.0,84.0,21.0,988.8,5.6,274.0,70.0,0.3164,27.78,5.586,-0.391,0.0,4.226,0.2588,0.9659,-0.9998,0.0183,0,0,0,91.0,71.0,94.3,-23.2,-6.5
aiims_delhi,All India Institute of Medical Sciences (AIIMS),healthcare,28.5672,77.21,2026-10-02T02:00,2026,10,2,2,275,94.3,313.9,37.5,20.9,990.0,47.0,457.0,25.2,80.0,21.5,989.6,6.8,267.0,105.0,0.3004,28.33,6.791,0.356,0.0,4.549,0.5,0.866,-0.9998,0.0183,0,0,0,87.8,91.0,99.4,9.7,-5.1
aiims_delhi,All India Institute of Medical Sciences (AIIMS),healthcare,28.5672,77.21,2026-10-02T03:00,2026,10,2,3,275,99.9,341.8,37.1,20.7,1137.0,62.0,461.0,27.0,76.0,22.3,990.6,5.2,264.0,190.0,0.2923,29.2,5.172,0.544,0.0,3.272,0.7071,0.7071,-0.9998,0.0183,0,0,0,94.3,87.8,98.3,-0.9,1.6
aiims_delhi,All India Institute of Medical Sciences (AIIMS),healthcare,28.5672,77.21,2026-10-02T04:00,2026,10,2,4,275,82.4,285.9,28.8,20.4,960.0,100.0,451.0,29.0,67.0,22.4,991.0,5.9,268.0,470.0,0.2882,23.75,5.896,0.206,0.0,4.023,0.866,0.5,-0.9998,0.0183,0,0,0,99.9,94.3,78.7,-23.1,3.7
aiims_delhi,All India Institute of Medical Sciences (AIIMS),healthcare,28.5672,77.21,2026-10-02T05:00,2026,10,2,5,275,76.1,293.4,16.5,19.8,621.0,150.0,438.0,30.8,58.0,21.7,991.0,7.4,277.0,880.0,0.2594,19.74,7.345,-0.902,0.0,5.83,0.9659,0.2588,-0.9998,0.0183,0,0,0,82.4,99.9,74.7,11.2,1.4
aiims_delhi,All India Institute of Medical Sciences (AIIMS),healthcare,28.5672,77.21,2026-10-02T06:00,2026,10,2,6,275,71.5,303.6,7.3,18.7,358.0,183.0,447.0,33.5,40.0,18.2,990.6,11.9,295.0,1990.0,0.2355,16.84,10.785,-5.029,0.0,11.181,1.0,0.0,-0.9998,0.0183,0,0,0,76.1,82.4,78.2,1.7,-6.7
aiims_delhi,All India Institute of Medical Sciences (AIIMS),healthcare,28.5672,77.21,2026-10-02T07:00,2026,10,2,7,275,66.6,338.1,3.5,16.3,263.0,187.0,508.0,34.2,35.0,16.6,989.8,13.0,307.0,2190.0,0.2,13.32,10.382,-7.824,0.0,12.872,0.9659,-0.2588,-0.9998,0.0183,0,0,1,71.5,76.1,80.1,-0.3,-13.5
aiims_delhi,All India Institute of Medical Sciences (AIIMS),healthcare,28.5672,77.21,2026-10-02T08:00,2026,10,2,8,275,65.7,379.0,2.7,13.3,245.0,174.0,592.0,34.5,33.0,16.0,989.0,12.9,314.0,2385.0,0.2,13.14,9.279,-8.961,0.0,12.896,0.866,-0.5,-0.9998,0.0183,0,0,1,66.6,71.5,81.5,4.0,-15.8
aiims_delhi,All India Institute of Medical Sciences (AIIMS),healthcare,28.5672,77.21,2026-10-02T09:00,2026,10,2,9,275,65.0,387.4,5.1,11.3,269.0,158.0,630.0,34.5,32.0,15.5,988.4,12.9,317.0,2505.0,0.2,13.0,8.798,-9.434,0.0,12.89,0.7071,-0.7071,-0.9998,0.0183,0,0,1,65.7,66.6,81.7,0.2,-16.7
aiims_delhi,All India Institute of Medical Sciences (AIIMS),healthcare,28.5672,77.21,2026-10-02T10:00,2026,10,2,10,275,66.4,394.9,11.0,10.8,336.0,143.0,582.0,34.2,33.0,15.5,988.1,12.7,316.0,2305.0,0.2,13.28,8.822,-9.136,0.0,12.696,0.5,-0.866,-0.9998,0.0183,0,0,0,65.0,65.7,86.1,2.1,-19.7
aiims_delhi,All India Institute of Medical Sciences (AIIMS),healthcare,28.5672,77.21,2026-10-02T11:00,2026,10,2,11,275,67.8,366.0,20.0,11.3,445.0,124.0,489.0,33.3,36.0,16.3,988.1,11.5,310.0,1765.0,0.2,13.56,8.81,-7.392,0.0,11.455,0.2588,-0.9659,-0.9998,0.0183,0,0,0,66.4,65.0,83.8,-0.0,-16.0
aiims_delhi,All India Institute of Medical Sciences (AIIMS),healthcare,28.5672,77.21,2026-10-02T12:00,2026,10,2,12,275,61.9,317.6,29.1,13.8,561.0,104.0,498.0,32.4,40.0,17.0,988.4,10.6,309.0,945.0,0.2,12.38,8.238,-6.671,0.0,10.54,0.0,-1.0,-0.9998,0.0183,0,0,0,67.8,66.4,77.5,-7.3,-15.6
aiims_delhi,All India Institute of Medical Sciences (AIIMS),healthcare,28.5672,77.21,2026-10-02T13:00,2026,10,2,13,275,66.8,286.8,39.9,18.4,685.0,87.0,466.0,30.3,49.0,18.3,988.4,6.1,298.0,230.0,0.2329,15.56,5.386,-2.864,0.0,5.833,-0.2588,-0.9659,-0.9998,0.0183,0,0,0,61.9,67.8,81.5,10.8,-14.7
aiims_delhi,All India Institute of Medical Sciences (AIIMS),healthcare,28.5672,77.21,2026-10-02T14:00,2026,10,2,14,275,74.0,284.1,55.1,24.8,815.0,63.0,424.0,29.4,54.0,19.2,988.7,5.6,318.0,170.0,0.2605,19.27,3.747,-4.162,0.0,5.591,-0.5,-0.866,-0.9998,0.0183,0,0,0,66.8,61.9,88.0,2.3,-14.0
aiims_delhi,All India Institute of Medical Sciences (AIIMS),healthcare,28.5672,77.21,2026-10-02T15:00,2026,10,2,15,275,80.8,289.6,68.4,30.5,913.0,42.0,401.0,28.9,56.0,19.2,989.1,5.7,342.0,135.0,0.279,22.54,1.761,-5.421,0.0,5.078,-0.7071,-0.7071,-0.9998,0.0183,0,0,0,74.0,66.8,93.6,-0.4,-12.8
aiims_delhi,All India Institute of Medical Sciences (AIIMS),healthcare,28.5672,77.21,2026-10-02T16:00,2026,10,2,16,275,89.6,312.0,78.4,35.1,970.0,28.0,421.0,28.0,59.0,19.2,989.1,5.6,353.0,110.0,0.2872,25.73,0.682,-5.558,0.0,4.412,-0.866,-0.5,-0.9998,0.0183,0,0,0,80.8,74.0,97.8,2.0,-8.2
aiims_delhi,All India Institute of Medical Sciences (AIIMS),healthcare,28.5672,77.21,2026-10-02T17:00,2026,10,2,17,275,99.0,339.0,86.6,39.1,995.0,18.0,461.0,27.5,61.0,19.2,988.8,4.6,324.0,70.0,0.292,28.91,2.704,-3.721,0.0,4.543,-0.9659,-0.2588,-0.9998,0.0183,0,0,0,89.6,80.8,99.9,0.6,-0.9
aiims_delhi,All India Institute of Medical Sciences (AIIMS),healthcare,28.5672,77.21,2026-10-02T18:00,2026,10,2,18,275,105.9,359.5,91.2,40.7,973.0,11.0,484.0,27.4,66.0,20.6,988.5,5.2,358.0,90.0,0.2946,31.2,0.181,-5.197,0.0,3.802,-1.0,-0.0,-0.9998,0.0183,0,0,0,99.0,89.6,98.0,-2.5,7.9
aiims_delhi,All India Institute of Medical Sciences (AIIMS),healthcare,28.5672,77.21,2026-10-02T19:00,2026,10,2,19,275,108.3,369.7,91.3,38.8,875.0,6.0,472.0,26.9,69.0,20.7,988.3,3.2,313.0,60.0,0.2929,31.73,2.34,-2.182,0.0,3.198,-0.9659,0.2588,-0.9998,0.0183,0,0,0,105.9,99.0,92.0,-4.5,16.3
aiims_delhi,All India Institute of Medical Sciences (AIIMS),healthcare,28.5672,77.21,2026-10-02T20:00,2026,10,2,20,275,108.5,359.5,87.8,34.6,731.0,4.0,444.0,25.9,72.0,20.5,987.9,6.5,247.0,60.0,0.3018,32.75,5.983,2.54,0.0,2.435,-0.866,0.5,-0.9998,0.0183,0,0,0,108.3,105.9,85.2,-2.2,23.3
aiims_delhi,All India Institute of Medical Sciences (AIIMS),healthcare,28.5672,77.21,2026-10-02T21:00,2026,10,2,21,275,104.5,322.2,81.6,30.5,615.0,5.0,411.0,25.3,72.0,19.9,987.6,6.1,258.0,85.0,0.3243,33.89,5.967,1.268,0.0,3.322,-0.7071,0.7071,-0.9998,0.0183,0,0,0,108.5,108.3,78.9,-4.2,25.6
aiims_delhi,All India Institute of Medical Sciences (AIIMS),healthcare,28.5672,77.21,2026-10-02T22:00,2026,10,2,22,275,95.0,285.9,71.1,27.2,534.0,9.0,371.0,24.9,72.0,19.4,987.5,6.2,255.0,85.0,0.3323,31.57,5.989,1.605,0.0,3.1,-0.5,0.866,-0.9998,0.0183,0,0,0,104.5,108.5,74.0,-5.5,21.0
aiims_delhi,All India Institute of Medical Sciences (AIIMS),healthcare,28.5672,77.21,2026-10-02T23:00,2026,10,2,23,275,86.8,260.8,58.0,24.1,481.0,16.0,327.0,24.6,71.0,19.0,987.2,5.6,264.0,75.0,0.3328,28.89,5.569,0.585,0.0,3.524,-0.2588,0.9659,-0.9998,0.0183,0,0,0,95.0,104.5,71.0,1.3,15.8
aiims_delhi,All India Institute of Medical Sciences (AIIMS),healthcare,28.5672,77.21,2026-10-03T00:00,2026,10,3,0,276,83.4,246.8,45.2,27.4,512.0,27.0,305.0,24.7,74.0,19.7,987.6,5.2,264.0,60.0,0.3379,28.18,5.172,0.544,0.0,3.272,0.0,1.0,-0.9994,0.0355,0,0,0,86.8,95.0,91.0,4.8,-7.6
aiims_delhi,All India Institute of Medical Sciences (AIIMS),healthcare,28.5672,77.21,2026-10-03T01:00,2026,10,3,1,276,81.5,239.3,45.2,26.6,721.0,33.0,332.0,24.3,74.0,19.5,988.0,5.2,264.0,60.0,0.3406,27.76,5.172,0.544,0.0,3.272,0.2588,0.9659,-0.9994,0.0355,0,0,0,83.4,86.8,87.8,1.5,-6.3
aiims_delhi,All India Institute of Medical Sciences (AIIMS),healthcare,28.5672,77.21,2026-10-03T02:00,2026,10,3,2,276,85.0,250.5,44.8,25.4,1014.0,44.0,370.0,25.6,71.0,19.8,988.5,6.1,256.0,80.0,0.3393,28.84,5.919,1.476,0.0,3.141,0.5,0.866,-0.9994,0.0355,0,0,0,81.5,83.4,94.3,5.4,-9.3
aiims_delhi,All India Institute of Medical Sciences (AIIMS),healthcare,28.5672,77.21,2026-10-03T03:00,2026,10,3,3,276,89.2,305.5,41.0,23.7,1159.0,63.0,411.0,27.3,68.0,20.9,989.1,4.0,260.0,130.0,0.292,26.04,3.939,0.695,0.0,2.294,0.7071,0.7071,-0.9994,0.0355,0,0,0,85.0,81.5,99.9,0.7,-10.7
aiims_delhi,All India Institute of Medical Sciences (AIIMS),healthcare,28.5672,77.21,2026-10-03T04:00,2026,10,3,4,276,80.8,310.1,30.6,21.2,1013.0,101.0,454.0,29.4,59.0,20.6,989.7,4.3,255.0,255.0,0.2606,21.05,4.153,1.113,0.0,2.15,0.866,0.5,-0.9994,0.0355,0,0,0,89.2,85.0,82.4,-12.6,-1.6
aiims_delhi,All India Institute of Medical Sciences (AIIMS),healthcare,28.5672,77.21,2026-10-03T05:00,2026,10,3,5,276,70.1,323.2,17.0,18.2,719.0,148.0,499.0,31.3,50.0,19.8,989.5,4.9,262.0,605.0,0.2169,15.2,4.852,0.682,0.0,2.948,0.9659,0.2588,-0.9994,0.0355,0,0,0,80.8,89.2,76.1,-2.3,-6.0
aiims_delhi,All India Institute of Medical Sciences (AIIMS),healthcare,28.5672,77.21,2026-10-03T06:00,2026,10,3,6,276,68.7,344.6,6.9,15.8,479.0,181.0,535.0,33.8,42.0,18.9,989.0,7.4,274.0,1465.0,0.2,13.74,7.382,-0.516,0.0,5.584,1.0,0.0,-0.9994,0.0355,0,0,0,70.1,80.8,71.5,9.3,-2.8
aiims_delhi,All India Institute of Medical Sciences (AIIMS),healthcare,28.5672,77.21,2026-10-03T07:00,2026,10,3,7,276,67.8,353.0,3.0,14.4,353.0,189.0,563.0,34.7,36.0,17.6,988.0,8.7,287.0,1835.0,0.2,13.56,8.32,-2.544,0.0,7.68,0.9659,-0.2588,-0.9994,0.0355,0,0,1,68.7,70.1,66.6,0.5,1.2
aiims_delhi,All India Institute of Medical Sciences (AIIMS),healthcare,28.5672,77.21,2026-10-03T08:00,2026,10,3,8,276,68.0,357.6,2.6,13.5,281.0,182.0,582.0,35.5,31.0,16.0,987.1,10.4,293.0,1935.0,0.2,13.6,9.573,-4.064,0.0,9.641,0.866,-0.5,-0.9994,0.0355,0,0,1,67.8,68.7,65.7,1.1,2.3
aiims_delhi,All India Institute of Medical Sciences (AIIMS),healthcare,28.5672,77.21,2026-10-03T09:00,2026,10,3,9,276,68.7,364.1,5.3,13.0,279.0,170.0,578.0,35.5,31.0,15.9,986.3,11.4,291.0,1895.0,0.2,13.74,10.643,-4.085,0.0,10.413,0.7071,-0.7071,-0.9994,0.0355,0,0,1,68.0,67.8,65.0,0.5,3.7
aiims_delhi,All India Institute of Medical Sciences (AIIMS),healthcare,28.5672,77.21,2026-10-03T10:00,2026,10,3,10,276,70.3,369.7,10.9,12.5,380.0,153.0,536.0,35.2,32.0,16.0,985.8,11.2,292.0,1830.0,0.2,14.06,10.384,-4.196,0.0,10.308,0.5,-0.866,-0.9994,0.0355,0,0,0,68.7,68.0,66.4,0.9,3.9
aiims_delhi,All India Institute of Medical Sciences (AIIMS),healthcare,28.5672,77.21,2026-10-03T11:00,2026,10,3,11,276,72.4,345.5,19.5,12.4,550.0,131.0,472.0,34.4,35.0,16.6,985.7,10.5,295.0,1655.0,0.2096,15.17,9.516,-4.437,0.0,9.865,0.2588,-0.9659,-0.9994,0.0355,0,0,0,70.3,68.7,67.8,0.5,4.6
aiims_delhi,All India Institute of Medical Sciences (AIIMS),healthcare,28.5672,77.21,2026-10-03T12:00,2026,10,3,12,276,67.3,328.8,28.6,12.0,710.0,102.0,512.0,33.7,36.0,16.7,985.6,8.9,318.0,390.0,0.2047,13.78,5.955,-6.614,0.0,8.886,0.0,-1.0,-0.9994,0.0355,0,0,0,72.4,70.3,61.9,-7.2,5.4
aiims_delhi,All India Institute of Medical Sciences (AIIMS),healthcare,28.5672,77.21,2026-10-03T13:00,2026,10,3,13,276,72.6,292.4,45.7,16.5,819.0,80.0,469.0,31.5,46.0,18.5,985.7,6.2,338.0,250.0,0.2483,18.03,2.323,-5.749,0.0,5.706,-0.2588,-0.9659,-0.9994,0.0355,0,0,0,67.3,72.4,66.8,10.4,5.8
aiims_delhi,All India Institute of Medical Sciences (AIIMS),healthcare,28.5672,77.21,2026-10-03T14:00,2026,10,3,14,276,80.1,279.4,69.3,22.9,916.0,49.0,409.0,30.6,55.0,20.4,986.3,5.2,348.0,195.0,0.2867,22.96,1.081,-5.086,0.0,4.36,-0.5,-0.866,-0.9994,0.0355,0,0,0,72.6,67.3,74.0,2.2,6.1
aiims_delhi,All India Institute of Medical Sciences (AIIMS),healthcare,28.5672,77.21,2026-10-03T15:00,2026,10,3,15,276,87.5,277.5,87.4,28.7,1041.0,25.0,366.0,30.1,60.0,21.4,986.9,2.4,347.0,110.0,0.3153,27.59,0.54,-2.338,0.0,2.035,-0.7071,-0.7071,-0.9994,0.0355,0,0,0,80.1,72.6,80.8,-0.1,6.7
aiims_delhi,All India Institute of Medical Sciences (AIIMS),healthcare,28.5672,77.21,2026-10-03T16:00,2026,10,3,16,276,94.5,282.2,94.5,33.4,1257.0,15.0,355.0,29.8,61.0,21.5,987.2,1.6,6.0,30.0,0.3349,31.65,-0.167,-1.591,0.0,1.007,-0.866,-0.5,-0.9994,0.0355,0,0,0,87.5,80.1,89.6,-0.4,4.9
aiims_delhi,All India Institute of Medical Sciences (AIIMS),healthcare,28.5672,77.21,2026-10-03T17:00,2026,10,3,17,276,101.0,289.6,96.2,37.6,1500.0,11.0,360.0,29.3,63.0,21.6,987.0,1.2,63.0,25.0,0.3488,35.22,-1.069,-0.545,0.0,0.0,-0.9659,-0.2588,-0.9994,0.0355,0,0,0,94.5,87.5,99.0,-0.5,2.0
aiims_delhi,All India Institute of Medical Sciences (AIIMS),healthcare,28.5672,77.21,2026-10-03T18:00,2026,10,3,18,276,105.9,299.9,97.0,40.8,1618.0,8.0,370.0,29.4,64.0,22.0,987.0,0.6,108.0,20.0,0.3531,37.4,-0.571,0.185,0.0,0.0,-1.0,-0.0,-0.9994,0.0355,0,0,0,101.0,94.5,105.9,-1.6,0.0
aiims_delhi,All India Institute of Medical Sciences (AIIMS),healthcare,28.5672,77.21,2026-10-03T19:00,2026,10,3,19,276,109.4,312.0,99.1,42.8,1523.0,5.0,383.0,28.4,66.0,21.4,986.6,0.4,243.0,15.0,0.3506,38.36,0.356,0.182,0.0,0.124,-0.9659,0.2588,-0.9994,0.0355,0,0,0,105.9,101.0,108.3,-1.4,1.1
aiims_delhi,All India Institute of Medical Sciences (AIIMS),healthcare,28.5672,77.21,2026-10-03T20:00,2026,10,3,20,276,112.7,327.8,100.3,43.7,1302.0,2.0,401.0,27.4,69.0,21.3,986.1,3.0,232.0,35.0,0.3438,38.75,2.364,1.847,0.0,0.366,-0.866,0.5,-0.9994,0.0355,0,0,0,109.4,105.9,108.5,-0.2,4.2
aiims_delhi,All India Institute of Medical Sciences (AIIMS),healthcare,28.5672,77.21,2026-10-03T21:00,2026,10,3,21,276,117.3,334.3,99.2,43.4,1067.0,1.0,411.0,26.7,74.0,21.6,985.6,2.6,231.0,25.0,0.3509,41.16,2.021,1.636,0.0,0.272,-0.7071,0.7071,-0.9994,0.0355,0,0,0,112.7,109.4,104.5,1.3,12.8
aiims_delhi,All India Institute of Medical Sciences (AIIMS),healthcare,28.5672,77.21,2026-10-03T22:00,2026,10,3,22,276,118.7,342.7,95.1,41.5,818.0,0.0,402.0,25.9,76.0,21.5,985.2,3.7,231.0,35.0,0.3464,41.11,2.875,2.328,0.0,0.387,-0.5,0.866,-0.9994,0.0355,0,0,0,117.3,112.7,95.0,-3.2,23.7
aiims_delhi,All India Institute of Medical Sciences (AIIMS),healthcare,28.5672,77.21,2026-10-03T23:00,2026,10,3,23,276,116.6,335.3,88.5,38.4,555.0,0.0,387.0,25.4,78.0,21.2,985.0,4.5,241.0,45.0,0.3477,40.55,3.936,2.182,0.0,1.24,-0.2588,0.9659,-0.9994,0.0355,0,0,0,118.7,117.3,86.8,-3.5,29.8
aiims_delhi,All India Institute of Medical Sciences (AIIMS),healthcare,28.5672,77.21,2026-10-04T00:00,2026,10,4,0,277,108.7,315.7,80.0,35.2,382.0,2.0,388.0,25.0,77.0,20.8,985.1,5.4,236.0,60.0,0.3443,37.43,4.477,3.02,0.0,1.03,0.0,1.0,-0.9986,0.0527,0,0,0,116.6,118.7,83.4,-5.8,25.3
aiims_delhi,All India Institute of Medical Sciences (AIIMS),healthcare,28.5672,77.21,2026-10-04T01:00,2026,10,4,1,277,103.6,309.2,68.7,31.9,380.0,14.0,418.0,24.7,78.0,20.6,985.6,4.8,241.0,65.0,0.3351,34.71,4.198,2.327,0.0,1.323,0.2588,0.9659,-0.9986,0.0527,0,0,0,108.7,116.6,81.5,2.8,22.1
aiims_delhi,All India Institute of Medical Sciences (AIIMS),healthcare,28.5672,77.21,2026-10-04T02:00,2026,10,4,2,277,100.1,288.7,55.3,28.5,468.0,31.0,465.0,25.7,74.0,20.7,986.1,5.1,238.0,90.0,0.3467,34.71,4.325,2.703,0.0,1.147,0.5,0.866,-0.9986,0.0527,0,0,0,103.6,108.7,85.0,1.6,15.1
aiims_delhi,All India Institute of Medical Sciences (AIIMS),healthcare,28.5672,77.21,2026-10-04T03:00,2026,10,4,3,277,101.0,371.6,42.5,25.7,511.0,57.0,517.0,27.3,63.0,19.6,986.9,5.8,244.0,195.0,0.2718,27.45,5.213,2.543,0.0,1.888,0.7071,0.7071,-0.9986,0.0527,0,0,0,100.1,103.6,89.2,4.4,11.8
aiims_delhi,All India Institute of Medical Sciences (AIIMS),healthcare,28.5672,77.21,2026-10-04T04:00,2026,10,4,4,277,82.7,372.5,30.2,24.2,439.0,100.0,580.0,29.1,50.0,17.7,987.6,6.3,255.0,320.0,0.222,18.36,6.085,1.631,0.0,3.15,0.866,0.5,-0.9986,0.0527,0,0,0,101.0,100.1,80.8,-19.2,1.9
aiims_delhi,All India Institute of Medical Sciences (AIIMS),healthcare,28.5672,77.21,2026-10-04T05:00,2026,10,4,5,277,81.7,416.3,18.4,23.4,323.0,151.0,648.0,31.1,42.0,16.7,987.6,7.4,270.0,515.0,0.2,16.34,7.4,0.0,0.0,5.232,0.9659,0.2588,-0.9986,0.0527,0,0,0,82.7,101.0,70.1,17.3,11.6
aiims_delhi,All India Institute of Medical Sciences (AIIMS),healthcare,28.5672,77.21,2026-10-04T06:00,2026,10,4,6,277,82.2,436.8,9.7,22.3,239.0,187.0,688.0,32.8,35.0,15.5,987.2,8.2,278.0,750.0,0.2,16.44,8.12,-1.141,0.0,6.548,1.0,0.0,-0.9986,0.0527,0,0,0,81.7,82.7,68.7,1.5,13.5
aiims_delhi,All India Institute of Medical Sciences (AIIMS),healthcare,28.5672,77.21,2026-10-04T07:00,2026,10,4,7,277,78.5,416.3,5.3,20.5,217.0,199.0,684.0,33.9,32.0,15.0,986.5,8.4,279.0,935.0,0.2,15.7,8.297,-1.314,0.0,6.795,0.9659,-0.2588,-0.9986,0.0527,0,0,1,82.2,81.7,67.8,-4.2,10.7
aiims_delhi,All India Institute of Medical Sciences (AIIMS),healthcare,28.5672,77.21,2026-10-04T08:00,2026,10,4,8,277,73.1,392.1,4.0,18.5,227.0,197.0,652.0,34.7,31.0,15.0,985.8,9.1,285.0,1105.0,0.2,14.62,8.79,-2.355,0.0,7.88,0.866,-0.5,-0.9986,0.0527,0,0,1,78.5,82.2,68.0,-1.7,5.1
aiims_delhi,All India Institute of Medical Sciences (AIIMS),healthcare,28.5672,77.21,2026-10-04T09:00,2026,10,4,9,277,68.7,380.9,5.1,16.7,258.0,186.0,614.0,34.9,31.0,15.4,984.6,9.9,289.0,1330.0,0.2,13.74,9.361,-3.223,0.0,8.897,0.7071,-0.7071,-0.9986,0.0527,0,0,1,73.1,78.5,68.7,1.0,0.0
aiims_delhi,All India Institute of Medical Sciences (AIIMS),healthcare,28.5672,77.21,2026-10-04T10:00,2026,10,4,10,277,68.5,399.5,7.9,14.8,289.0,167.0,571.0,34.7,33.0,16.3,984.0,10.6,291.0,1370.0,0.2,13.7,9.896,-3.799,0.0,9.682,0.5,-0.866,-0.9986,0.0527,0,0,0,68.7,73.1,70.3,4.2,-1.8
aiims_delhi,All India Institute of Medical Sciences (AIIMS),healthcare,28.5672,77.21,2026-10-04T11:00,2026,10,4,11,277,70.3,384.6,13.1,13.1,339.0,140.0,522.0,34.0,37.0,17.3,983.9,10.0,296.0,1155.0,0.2,14.06,8.988,-4.384,0.0,9.454,0.2588,-0.9659,-0.9986,0.0527,0,0,0,68.5,68.7,72.4,2.0,-2.1
aiims_delhi,All India Institute of Medical Sciences (AIIMS),healthcare,28.5672,77.21,2026-10-04T12:00,2026,10,4,12,277,68.2,312.9,21.3,13.5,458.0,113.0,479.0,32.6,44.0,18.7,984.0,6.7,308.0,465.0,0.218,14.86,5.28,-4.125,0.0,6.649,0.0,-1.0,-0.9986,0.0527,0,0,0,70.3,68.5,67.3,-3.9,0.9
aiims_delhi,All India Institute of Medical Sciences (AIIMS),healthcare,28.5672,77.21,2026-10-04T13:00,2026,10,4,13,277,75.2,307.3,34.3,17.0,695.0,88.0,447.0,31.0,53.0,20.3,984.2,4.2,324.0,150.0,0.2447,18.4,2.469,-3.398,0.0,4.148,-0.2588,-0.9659,-0.9986,0.0527,0,0,0,68.2,70.3,72.6,9.1,2.6
aiims_delhi,All India Institute of Medical Sciences (AIIMS),healthcare,28.5672,77.21,2026-10-04T14:00,2026,10,4,14,277,83.4,299.0,50.4,22.6,1001.0,63.0,422.0,30.6,56.0,20.9,984.8,2.5,339.0,80.0,0.2789,23.26,0.896,-2.334,0.0,2.284,-0.5,-0.866,-0.9986,0.0527,0,0,0,75.2,68.2,80.1,1.2,3.3
aiims_delhi,All India Institute of Medical Sciences (AIIMS),healthcare,28.5672,77.21,2026-10-04T15:00,2026,10,4,15,277,92.0,303.6,64.9,28.4,1270.0,42.0,408.0,30.2,59.0,21.4,985.4,0.9,323.0,20.0,0.303,27.88,0.542,-0.719,0.0,0.891,-0.7071,-0.7071,-0.9986,0.0527,0,0,0,83.4,75.2,87.5,0.4,4.5
aiims_delhi,All India Institute of Medical Sciences (AIIMS),healthcare,28.5672,77.21,2026-10-04T16:00,2026,10,4,16,277,101.5,315.7,77.2,34.8,1502.0,28.0,412.0,30.0,61.0,21.6,985.4,0.3,225.0,10.0,0.3215,32.63,0.212,0.212,0.0,0.0,-0.866,-0.5,-0.9986,0.0527,0,0,0,92.0,83.4,94.5,0.9,7.0
aiims_delhi,All India Institute of Medical Sciences (AIIMS),healthcare,28.5672,77.21,2026-10-04T17:00,2026,10,4,17,277,111.8,329.7,87.9,41.5,1698.0,18.0,428.0,29.3,60.0,20.9,985.1,1.1,189.0,20.0,0.3391,37.91,0.172,1.086,0.0,0.0,-0.9659,-0.2588,-0.9986,0.0527,0,0,0,101.5,92.0,101.0,0.8,10.8
aiims_delhi,All India Institute of Medical Sciences (AIIMS),healthcare,28.5672,77.21,2026-10-04T18:00,2026,10,4,18,277,117.1,342.7,94.8,45.5,1758.0,10.0,433.0,28.3,67.0,21.6,984.9,1.1,189.0,15.0,0.3417,40.01,0.172,1.086,0.0,0.0,-1.0,-0.0,-0.9986,0.0527,0,0,0,111.8,101.5,105.9,-5.0,11.2
aiims_delhi,All India Institute of Medical Sciences (AIIMS),healthcare,28.5672,77.21,2026-10-04T19:00,2026,10,4,19,277,120.1,345.5,96.7,45.4,1596.0,5.0,411.0,27.7,69.0,21.4,984.7,1.0,211.0,15.0,0.3476,41.75,0.515,0.857,0.0,0.0,-0.9659,0.2588,-0.9986,0.0527,0,0,0,117.1,111.8,109.4,-2.3,10.7
aiims_delhi,All India Institute of Medical Sciences (AIIMS),healthcare,28.5672,77.21,2026-10-04T20:00,2026,10,4,20,277,122.0,334.3,94.6,42.6,1298.0,2.0,379.0,26.7,73.0,21.4,984.2,3.5,219.0,35.0,0.3649,44.52,2.203,2.72,0.0,0.0,-0.866,0.5,-0.9986,0.0527,0,0,0,120.1,117.1,112.7,-1.1,9.3
aiims_delhi,All India Institute of Medical Sciences (AIIMS),healthcare,28.5672,77.21,2026-10-04T21:00,2026,10,4,21,277,121.1,316.6,89.8,39.2,1018.0,1.0,371.0,26.3,71.0,20.7,983.7,4.7,238.0,50.0,0.3825,46.32,3.986,2.491,0.0,1.057,-0.7071,0.7071,-0.9986,0.0527,0,0,0,122.0,120.1,117.3,-2.8,3.8
aiims_delhi,All India Institute of Medical Sciences (AIIMS),healthcare,28.5672,77.21,2026-10-04T22:00,2026,10,4,22,277,115.0,293.4,81.5,35.3,782.0,2.0,391.0,25.7,70.0,19.8,983.3,6.7,239.0,90.0,0.392,45.07,5.743,3.451,0.0,1.621,-0.5,0.866,-0.9986,0.0527,0,0,0,121.1,122.0,118.7,-5.2,-3.7
aiims_delhi,All India Institute of Medical Sciences (AIIMS),healthcare,28.5672,77.21,2026-10-04T23:00,2026,10,4,23,277,101.0,274.7,70.5,30.7,565.0,4.0,434.0,24.9,63.0,17.5,983.3,8.0,247.0,120.0,0.3677,37.14,7.364,3.126,0.0,2.996,-0.2588,0.9659,-0.9986,0.0527,0,0,0,115.0,121.1,116.6,-7.9,-15.6
safdarjung_hospital,Safdarjung Hospital & VMMC,healthcare,28.5702,77.2075,2026-09-20T00:00,2026,9,20,0,263,92.0,107.1,69.6,25.6,1841.0,5.0,29.0,26.3,87.0,24.0,987.4,0.4,63.0,15.0,0.859,79.03,-0.356,-0.182,0.0,0.0,0.0,1.0,-0.9824,-0.187,0,0,0,92.0,92.0,92.0,0.0,0.0
safdarjung_hospital,Safdarjung Hospital & VMMC,healthcare,28.5702,77.2075,2026-09-20T01:00,2026,9,20,1,263,94.1,108.5,60.3,27.5,1767.0,28.0,30.0,25.8,90.0,24.0,987.9,1.5,54.0,35.0,0.8673,81.61,-1.214,-0.882,0.0,0.0,0.2588,0.9659,-0.9824,-0.187,0,0,0,92.0,94.1,94.1,0.0,0.0
safdarjung_hospital,Safdarjung Hospital & VMMC,healthcare,28.5702,77.2075,2026-09-20T02:00,2026,9,20,2,263,92.7,104.5,47.1,30.2,1649.0,61.0,31.0,26.9,86.0,24.5,988.5,1.5,30.0,65.0,0.8871,82.23,-0.75,-1.299,0.0,0.388,0.5,0.866,-0.9824,-0.187,0,0,0,94.1,92.0,92.7,-3.5,0.0
safdarjung_hospital,Safdarjung Hospital & VMMC,healthcare,28.5702,77.2075,2026-09-20T03:00,2026,9,20,3,263,72.6,92.2,34.8,32.2,1474.0,97.0,38.0,28.6,79.0,24.6,989.0,1.5,7.0,150.0,0.7874,57.17,-0.183,-1.489,0.0,0.923,0.7071,0.7071,-0.9824,-0.187,0,0,0,92.7,94.1,72.6,-18.7,0.0
safdarjung_hospital,Safdarjung Hospital & VMMC,healthcare,28.5702,77.2075,2026-09-20T04:00,2026,9,20,4,263,62.4,99.2,24.3,33.0,1187.0,138.0,56.0,30.5,66.0,23.4,989.2,3.1,24.0,950.0,0.629,39.25,-1.261,-2.832,0.0,1.111,0.866,0.5,-0.9824,-0.187,0,0,0,72.6,92.7,62.4,9.9,0.0
safdarjung_hospital,Safdarjung Hospital & VMMC,healthcare,28.5702,77.2075,2026-09-20T05:00,2026,9,20,5,263,56.2,97.1,14.7,33.1,843.0,181.0,79.0,31.8,55.0,21.7,989.5,3.9,47.0,1260.0,0.5788,32.53,-2.852,-2.66,0.0,0.0,0.9659,0.2588,-0.9824,-0.187,0,0,0,62.4,72.6,56.2,4.0,0.0
safdarjung_hospital,Safdarjung Hospital & VMMC,healthcare,28.5702,77.2075,2026-09-20T06:00,2026,9,20,6,263,55.1,104.5,7.8,32.5,587.0,215.0,96.0,32.9,47.0,20.2,989.6,3.7,47.0,1790.0,0.5273,29.05,-2.706,-2.523,0.0,0.0,1.0,0.0,-0.9824,-0.187,0,0,0,56.2,62.4,55.1,5.1,0.0
safdarjung_hospital,Safdarjung Hospital & VMMC,healthcare,28.5702,77.2075,2026-09-20T07:00,2026,9,20,7,263,55.5,99.0,4.6,30.9,499.0,234.0,100.0,33.3,48.0,20.7,989.1,3.2,52.0,1825.0,0.5606,31.11,-2.522,-1.97,0.0,0.0,0.9659,-0.2588,-0.9824,-0.187,0,0,1,55.1,56.2,55.5,1.5,0.0
safdarjung_hospital,Safdarjung Hospital & VMMC,healthcare,28.5702,77.2075,2026-09-20T08:00,2026,9,20,8,263,56.5,99.0,4.2,28.6,499.0,242.0,98.0,33.6,47.0,20.6,988.2,2.7,48.0,1865.0,0.5707,32.24,-2.006,-1.807,0.0,0.0,0.866,-0.5,-0.9824,-0.187,0,0,1,55.5,55.1,56.5,0.6,0.0
safdarjung_hospital,Safdarjung Hospital & VMMC,healthcare,28.5702,77.2075,2026-09-20T09:00,2026,9,20,9,263,56.9,103.8,5.6,26.9,502.0,242.0,92.0,33.7,46.0,20.6,987.3,1.7,49.0,1895.0,0.5482,31.19,-1.283,-1.115,0.0,0.0,0.7071,-0.7071,-0.9824,-0.187,0,0,1,56.5,55.5,56.9,-0.6,0.0
safdarjung_hospital,Safdarjung Hospital & VMMC,healthcare,28.5702,77.2075,2026-09-20T10:00,2026,9,20,10,263,57.2,98.3,8.2,25.9,461.0,233.0,83.0,33.6,45.0,20.1,986.6,2.6,25.0,1925.0,0.5819,33.28,-1.099,-2.356,0.0,0.889,0.5,-0.866,-0.9824,-0.187,0,0,0,56.9,56.5,57.2,-0.1,0.0
safdarjung_hospital,Safdarjung Hospital & VMMC,healthcare,28.5702,77.2075,2026-09-20T11:00,2026,9,20,11,263,57.4,93.6,12.7,25.4,422.0,216.0,71.0,33.2,46.0,20.1,986.3,3.6,18.0,1865.0,0.6132,35.2,-1.112,-3.424,0.0,1.634,0.2588,-0.9659,-0.9824,-0.187,0,0,0,57.2,56.9,57.4,-0.1,0.0
safdarjung_hospital,Safdarjung Hospital & VMMC,healthcare,28.5702,77.2075,2026-09-20T12:00,2026,9,20,12,263,64.5,99.4,19.3,23.7,434.0,178.0,68.0,32.8,48.0,20.3,986.0,6.1,28.0,1810.0,0.6489,41.85,-2.864,-5.386,0.0,1.783,0.0,-1.0,-0.9824,-0.187,0,0,0,57.4,57.2,64.5,6.9,0.0
safdarjung_hospital,Safdarjung Hospital & VMMC,healthcare,28.5702,77.2075,2026-09-20T13:00,2026,9,20,13,263,71.5,103.8,26.9,24.8,511.0,150.0,63.0,31.4,51.0,19.9,986.4,6.9,28.0,360.0,0.6888,49.25,-3.239,-6.092,0.0,2.017,-0.2588,-0.9659,-0.9824,-0.187,0,0,0,64.5,57.4,71.5,-0.1,0.0
safdarjung_hospital,Safdarjung Hospital & VMMC,healthcare,28.5702,77.2075,2026-09-20T14:00,2026,9,20,14,263,76.6,106.4,37.7,26.4,639.0,110.0,55.0,30.4,53.0,19.9,986.8,4.9,33.0,185.0,0.7199,55.15,-2.669,-4.109,0.0,1.019,-0.5,-0.866,-0.9824,-0.187,0,0,0,71.5,64.5,76.6,-1.9,0.0
safdarjung_hospital,Safdarjung Hospital & VMMC,healthcare,28.5702,77.2075,2026-09-20T15:00,2026,9,20,15,263,78.9,104.8,47.5,27.9,820.0,77.0,50.0,29.9,59.0,21.0,987.6,2.8,63.0,55.0,0.7529,59.4,-2.495,-1.271,0.0,0.0,-0.7071,-0.7071,-0.9824,-0.187,0,0,0,76.6,71.5,78.9,-2.8,0.0
safdarjung_hospital,Safdarjung Hospital & VMMC,healthcare,28.5702,77.2075,2026-09-20T16:00,2026,9,20,16,263,81.7,106.2,54.9,29.2,1102.0,56.0,48.0,29.5,61.0,21.3,988.2,2.6,115.0,50.0,0.7693,62.85,-2.356,1.099,0.0,0.0,-0.866,-0.5,-0.9824,-0.187,0,0,0,78.9,76.6,81.7,0.5,0.0
safdarjung_hospital,Safdarjung Hospital & VMMC,healthcare,28.5702,77.2075,2026-09-20T17:00,2026,9,20,17,263,89.2,113.9,61.4,30.5,1436.0,41.0,48.0,29.1,64.0,21.6,988.3,1.4,140.0,30.0,0.7831,69.86,-0.9,1.072,0.0,0.0,-0.9659,-0.2588,-0.9824,-0.187,0,0,0,81.7,78.9,89.2,4.7,0.0
safdarjung_hospital,Safdarjung Hospital & VMMC,healthcare,28.5702,77.2075,2026-09-20T18:00,2026,9,20,18,263,97.6,122.9,67.0,31.7,1682.0,29.0,49.0,29.0,70.0,22.9,987.8,2.5,69.0,60.0,0.7941,77.51,-2.334,-0.896,0.0,0.0,-1.0,-0.0,-0.9824,-0.187,0,0,0,89.2,81.7,97.6,0.9,0.0
safdarjung_hospital,Safdarjung Hospital & VMMC,healthcare,28.5702,77.2075,2026-09-20T19:00,2026,9,20,19,263,103.6,130.4,72.0,32.7,1787.0,21.0,50.0,28.1,71.0,22.4,987.5,3.5,35.0,60.0,0.7945,82.31,-2.008,-2.867,0.0,0.608,-0.9659,0.2588,-0.9824,-0.187,0,0,0,97.6,89.2,103.6,-2.4,0.0
safdarjung_hospital,Safdarjung Hospital & VMMC,healthcare,28.5702,77.2075,2026-09-20T20:00,2026,9,20,20,263,109.0,136.4,76.1,33.7,1803.0,16.0,52.0,27.3,74.0,22.2,987.3,3.7,35.0,80.0,0.7991,87.1,-2.122,-3.031,0.0,0.642,-0.866,0.5,-0.9824,-0.187,0,0,0,103.6,97.6,109.0,-0.6,0.0
safdarjung_hospital,Safdarjung Hospital & VMMC,healthcare,28.5702,77.2075,2026-09-20T21:00,2026,9,20,21,263,112.7,140.6,79.2,35.0,1742.0,13.0,53.0,26.8,75.0,21.9,986.9,2.5,45.0,75.0,0.8016,90.34,-1.768,-1.768,0.0,0.0,-0.7071,0.7071,-0.9824,-0.187,0,0,0,109.0,103.6,112.7,-1.7,0.0
safdarjung_hospital,Safdarjung Hospital & VMMC,healthcare,28.5702,77.2075,2026-09-20T22:00,2026,9,20,22,263,115.0,143.0,82.2,36.7,1550.0,6.0,53.0,26.5,74.0,21.6,986.7,2.2,48.0,55.0,0.8042,92.48,-1.635,-1.472,0.0,0.0,-0.5,0.866,-0.9824,-0.187,0,0,0,112.7,109.0,115.0,-1.4,0.0
safdarjung_hospital,Safdarjung Hospital & VMMC,healthcare,28.5702,77.2075,2026-09-20T23:00,2026,9,20,23,263,117.3,144.8,84.0,38.6,1280.0,0.0,53.0,26.2,75.0,21.3,986.7,2.6,51.0,55.0,0.8101,95.02,-2.021,-1.636,0.0,0.0,-0.2588,0.9659,-0.9824,-0.187,0,0,0,115.0,112.7,117.3,0.0,0.0
safdarjung_hospital,Safdarjung Hospital & VMMC,healthcare,28.5702,77.2075,2026-09-21T00:00,2026,9,21,0,264,57.3,72.4,30.8,25.0,1105.0,44.0,29.0,27.0,77.0,22.5,986.8,0.6,304.0,35.0,0.7914,45.35,0.497,-0.336,0.0,0.589,0.0,1.0,-0.9854,-0.1701,0,0,0,117.3,115.0,92.0,-62.3,-34.7
safdarjung_hospital,Safdarjung Hospital & VMMC,healthcare,28.5702,77.2075,2026-09-21T01:00,2026,9,21,1,264,60.5,75.2,35.1,27.3,1151.0,53.0,25.0,26.5,79.0,22.5,986.9,1.1,342.0,35.0,0.8045,48.67,0.34,-1.046,0.0,0.98,0.2588,0.9659,-0.9854,-0.1701,0,0,0,57.3,117.3,94.1,63.2,-33.6
safdarjung_hospital,Safdarjung Hospital & VMMC,healthcare,28.5702,77.2075,2026-09-21T02:00,2026,9,21,2,264,65.7,77.3,40.7,30.7,1291.0,67.0,21.0,27.6,73.0,22.3,987.2,2.2,355.0,85.0,0.8499,55.84,0.192,-2.192,0.0,1.685,0.5,0.866,-0.9854,-0.1701,0,0,0,60.5,57.3,92.7,2.0,-27.0
safdarjung_hospital,Safdarjung Hospital & VMMC,healthcare,28.5702,77.2075,2026-09-21T03:00,2026,9,21,3,264,63.1,75.9,41.8,34.8,1316.0,92.0,24.0,28.9,69.0,22.6,987.5,1.5,21.0,160.0,0.8314,52.46,-0.538,-1.4,0.0,0.61,0.7071,0.7071,-0.9854,-0.1701,0,0,0,65.7,60.5,72.6,-7.8,-9.5
safdarjung_hospital,Safdarjung Hospital & VMMC,healthcare,28.5702,77.2075,2026-09-21T04:00,2026,9,21,4,264,58.1,79.2,34.3,41.1,1090.0,139.0,42.0,30.7,59.0,21.9,987.6,2.4,13.0,915.0,0.7336,42.62,-0.54,-2.338,0.0,1.272,0.866,0.5,-0.9854,-0.1701,0,0,0,63.1,65.7,62.4,-2.4,-4.3
safdarjung_hospital,Safdarjung Hospital & VMMC,healthcare,28.5702,77.2075,2026-09-21T05:00,2026,9,21,5,264,58.8,92.7,22.3,48.1,749.0,198.0,67.0,32.0,51.0,20.5,987.7,3.5,345.0,1395.0,0.6343,37.3,0.906,-3.381,0.0,3.031,0.9659,0.2588,-0.9854,-0.1701,0,0,0,58.1,63.1,56.2,5.7,2.6
safdarjung_hospital,Safdarjung Hospital & VMMC,healthcare,28.5702,77.2075,2026-09-21T06:00,2026,9,21,6,264,64.3,108.5,12.9,51.6,497.0,244.0,86.0,33.0,46.0,20.0,987.3,4.5,323.0,1575.0,0.5926,38.11,2.708,-3.594,0.0,4.456,1.0,0.0,-0.9854,-0.1701,0,0,0,58.8,58.1,55.1,4.8,9.2
safdarjung_hospital,Safdarjung Hospital & VMMC,healthcare,28.5702,77.2075,2026-09-21T07:00,2026,9,21,7,264,66.4,116.9,8.2,48.6,425.0,270.0,93.0,33.3,44.0,19.5,986.5,4.1,331.0,1695.0,0.568,37.72,1.988,-3.586,0.0,3.941,0.9659,-0.2588,-0.9854,-0.1701,0,0,1,64.3,58.8,55.5,-3.4,10.9
safdarjung_hospital,Safdarjung Hospital & VMMC,healthcare,28.5702,77.2075,2026-09-21T08:00,2026,9,21,8,264,67.1,119.7,6.1,42.1,441.0,284.0,95.0,33.6,43.0,19.5,985.4,4.2,340.0,1780.0,0.5606,37.61,1.436,-3.947,0.0,3.806,0.866,-0.5,-0.9854,-0.1701,0,0,1,66.4,64.3,56.5,-1.4,10.6
safdarjung_hospital,Safdarjung Hospital & VMMC,healthcare,28.5702,77.2075,2026-09-21T09:00,2026,9,21,9,264,66.8,114.6,7.2,36.8,470.0,285.0,94.0,33.7,44.0,19.8,984.4,5.0,341.0,1865.0,0.5829,38.94,1.628,-4.728,0.0,4.493,0.7071,-0.7071,-0.9854,-0.1701,0,0,1,67.1,66.4,56.9,-1.0,9.9
safdarjung_hospital,Safdarjung Hospital & VMMC,healthcare,28.5702,77.2075,2026-09-21T10:00,2026,9,21,10,264,67.1,113.9,12.8,34.2,470.0,270.0,90.0,33.2,45.0,19.8,983.6,6.3,347.0,1725.0,0.5891,39.53,1.417,-6.139,0.0,5.342,0.5,-0.866,-0.9854,-0.1701,0,0,0,66.8,67.1,57.2,0.6,9.9
safdarjung_hospital,Safdarjung Hospital & VMMC,healthcare,28.5702,77.2075,2026-09-21T11:00,2026,9,21,11,264,69.2,109.4,21.6,32.8,483.0,243.0,84.0,32.6,48.0,20.2,983.2,5.6,343.0,1550.0,0.6325,43.77,1.637,-5.355,0.0,4.944,0.2588,-0.9659,-0.9854,-0.1701,0,0,0,67.1,66.8,57.4,1.8,11.8
safdarjung_hospital,Safdarjung Hospital & VMMC,healthcare,28.5702,77.2075,2026-09-21T12:00,2026,9,21,12,264,76.1,110.1,27.4,38.0,563.0,239.0,67.0,32.6,48.0,20.2,983.3,7.1,345.0,1435.0,0.6912,52.6,1.838,-6.858,0.0,6.148,0.0,-1.0,-0.9854,-0.1701,0,0,0,69.2,67.1,64.5,4.8,11.6
safdarjung_hospital,Safdarjung Hospital & VMMC,healthcare,28.5702,77.2075,2026-09-21T13:00,2026,9,21,13,264,89.2,119.2,41.7,41.5,771.0,198.0,63.0,31.5,52.0,20.3,983.7,5.8,355.0,390.0,0.7483,66.75,0.506,-5.778,0.0,4.442,-0.2588,-0.9659,-0.9854,-0.1701,0,0,0,76.1,69.2,71.5,6.2,17.7
safdarjung_hospital,Safdarjung Hospital & VMMC,healthcare,28.5702,77.2075,2026-09-21T14:00,2026,9,21,14,264,99.0,128.1,61.7,46.4,1046.0,141.0,57.0,30.7,56.0,20.9,984.2,4.7,7.0,320.0,0.7728,76.51,-0.573,-4.665,0.0,2.893,-0.5,-0.866,-0.9854,-0.1701,0,0,0,89.2,76.1,76.6,-3.3,22.4
safdarjung_hospital,Safdarjung Hospital & VMMC,healthcare,28.5702,77.2075,2026-09-21T15:00,2026,9,21,15,264,102.9,130.4,79.0,50.9,1261.0,92.0,53.0,29.8,63.0,22.0,984.8,3.6,3.0,150.0,0.7891,81.2,-0.188,-3.595,0.0,2.409,-0.7071,-0.7071,-0.9854,-0.1701,0,0,0,99.0,89.2,78.9,-5.9,24.0
safdarjung_hospital,Safdarjung Hospital & VMMC,healthcare,28.5702,77.2075,2026-09-21T16:00,2026,9,21,16,264,108.5,134.6,91.0,54.5,1375.0,62.0,52.0,29.4,65.0,22.2,985.2,2.3,356.0,90.0,0.8061,87.46,0.16,-2.294,0.0,1.736,-0.866,-0.5,-0.9854,-0.1701,0,0,0,102.9,99.0,81.7,1.7,26.8
safdarjung_hospital,Safdarjung Hospital & VMMC,healthcare,28.5702,77.2075,2026-09-21T17:00,2026,9,21,17,264,121.5,148.5,100.3,57.6,1428.0,41.0,53.0,29.0,67.0,22.1,985.2,2.2,346.0,75.0,0.8182,99.41,0.532,-2.135,0.0,1.885,-0.9659,-0.2588,-0.9854,-0.1701,0,0,0,108.5,102.9,89.2,7.4,32.3
safdarjung_hospital,Safdarjung Hospital & VMMC,healthcare,28.5702,77.2075,2026-09-21T18:00,2026,9,21,18,264,131.8,160.7,106.8,59.4,1419.0,25.0,55.0,29.1,69.0,23.0,984.9,2.1,52.0,65.0,0.8202,108.1,-1.655,-1.293,0.0,0.0,-1.0,-0.0,-0.9854,-0.1701,0,0,0,121.5,108.5,97.6,-2.7,34.2
safdarjung_hospital,Safdarjung Hospital & VMMC,healthcare,28.5702,77.2075,2026-09-21T19:00,2026,9,21,19,264,136.4,167.2,109.7,59.1,1316.0,15.0,57.0,28.4,71.0,22.5,984.5,1.2,39.0,25.0,0.8158,111.27,-0.755,-0.933,0.0,0.125,-0.9659,0.2588,-0.9854,-0.1701,0,0,0,131.8,121.5,103.6,-5.7,32.8
safdarjung_hospital,Safdarjung Hospital & VMMC,healthcare,28.5702,77.2075,2026-09-21T20:00,2026,9,21,20,264,137.8,170.0,109.7,57.5,1150.0,10.0,59.0,27.9,72.0,22.3,984.3,1.9,41.0,55.0,0.8106,111.7,-1.247,-1.434,0.0,0.133,-0.866,0.5,-0.9854,-0.1701,0,0,0,136.4,131.8,109.0,-3.2,28.8
safdarjung_hospital,Safdarjung Hospital & VMMC,healthcare,28.5702,77.2075,2026-09-21T21:00,2026,9,21,21,264,137.8,170.0,108.6,56.2,1008.0,7.0,61.0,27.3,74.0,22.3,984.1,2.6,39.0,65.0,0.8106,111.7,-1.636,-2.021,0.0,0.272,-0.7071,0.7071,-0.9854,-0.1701,0,0,0,137.8,136.4,112.7,-1.4,25.1
safdarjung_hospital,Safdarjung Hospital & VMMC,healthcare,28.5702,77.2075,2026-09-21T22:00,2026,9,21,22,264,136.9,169.0,108.0,55.7,907.0,0.0,61.0,27.0,75.0,22.3,983.9,2.4,42.0,75.0,0.8101,110.9,-1.606,-1.784,0.0,0.126,-0.5,0.866,-0.9854,-0.1701,0,0,0,137.8,137.8,115.0,-0.9,21.9
safdarjung_hospital,Safdarjung Hospital & VMMC,healthcare,28.5702,77.2075,2026-09-21T23:00,2026,9,21,23,264,136.0,168.1,106.3,55.5,829.0,0.0,61.0,26.7,77.0,22.3,984.2,1.8,53.0,70.0,0.809,110.03,-1.438,-1.083,0.0,0.0,-0.2588,0.9659,-0.9854,-0.1701,0,0,0,136.9,137.8,117.3,0.0,18.7
safdarjung_hospital,Safdarjung Hospital & VMMC,healthcare,28.5702,77.2075,2026-09-22T00:00,2026,9,22,0,265,126.7,157.4,95.8,48.6,815.0,2.0,58.0,26.5,81.0,23.0,984.6,0.6,18.0,20.0,0.805,101.99,-0.185,-0.571,0.0,0.272,0.0,1.0,-0.9882,-0.1531,0,0,0,136.0,136.9,57.3,-8.4,69.4
safdarjung_hospital,Safdarjung Hospital & VMMC,healthcare,28.5702,77.2075,2026-09-22T01:00,2026,9,22,1,265,114.8,144.4,86.9,48.6,933.0,30.0,74.0,26.3,81.0,22.8,984.7,0.5,315.0,15.0,0.795,91.27,0.354,-0.354,0.0,0.5,0.2588,0.9659,-0.9882,-0.1531,0,0,0,126.7,136.0,60.5,-2.6,54.3
safdarjung_hospital,Safdarjung Hospital & VMMC,healthcare,28.5702,77.2075,2026-09-22T02:00,2026,9,22,2,265,108.0,139.2,74.0,48.5,1113.0,72.0,96.0,27.8,72.0,22.3,985.3,0.4,117.0,75.0,0.7759,83.79,-0.356,0.182,0.0,0.0,0.5,0.866,-0.9882,-0.1531,0,0,0,114.8,126.7,65.7,5.1,42.3
safdarjung_hospital,Safdarjung Hospital & VMMC,healthcare,28.5702,77.2075,2026-09-22T03:00,2026,9,22,3,265,89.6,148.1,59.7,48.6,1188.0,116.0,112.0,29.9,62.0,21.8,985.9,1.3,56.0,230.0,0.605,54.21,-1.078,-0.727,0.0,0.0,0.7071,0.7071,-0.9882,-0.1531,0,0,0,108.0,114.8,63.1,-11.6,26.5
safdarjung_hospital,Safdarjung Hospital & VMMC,healthcare,28.5702,77.2075,2026-09-22T04:00,2026,9,22,4,265,70.8,148.5,42.6,49.3,1050.0,166.0,116.0,31.9,51.0,20.4,986.0,0.5,315.0,1060.0,0.4768,33.76,0.354,-0.354,0.0,0.5,0.866,0.5,-0.9882,-0.1531,0,0,0,89.6,108.0,58.1,-0.4,12.7
safdarjung_hospital,Safdarjung Hospital & VMMC,healthcare,28.5702,77.2075,2026-09-22T05:00,2026,9,22,5,265,67.1,136.0,24.1,50.1,806.0,219.0,115.0,33.2,45.0,19.7,986.1,2.8,281.0,1260.0,0.4934,33.11,2.749,-0.534,0.0,2.321,0.9659,0.2588,-0.9882,-0.1531,0,0,0,70.8,89.6,58.8,15.1,8.3
safdarjung_hospital,Safdarjung Hospital & VMMC,healthcare,28.5702,77.2075,2026-09-22T06:00,2026,9,22,6,265,64.3,120.6,10.7,49.4,609.0,260.0,111.0,34.7,41.0,19.7,985.6,4.6,279.0,1890.0,0.5332,34.28,4.543,-0.72,0.0,3.721,1.0,0.0,-0.9882,-0.1531,0,0,0,67.1,70.8,64.3,0.9,0.0
safdarjung_hospital,Safdarjung Hospital & VMMC,healthcare,28.5702,77.2075,2026-09-22T07:00,2026,9,22,7,265,62.9,116.4,5.3,45.9,520.0,283.0,105.0,34.9,41.0,19.7,984.7,5.0,296.0,1770.0,0.5404,33.99,4.494,-2.192,0.0,4.727,0.9659,-0.2588,-0.9882,-0.1531,0,0,1,64.3,67.1,66.4,1.4,-3.5
safdarjung_hospital,Safdarjung Hospital & VMMC,healthcare,28.5702,77.2075,2026-09-22T08:00,2026,9,22,8,265,61.0,110.4,5.0,41.0,479.0,292.0,97.0,35.5,38.0,19.1,983.6,6.1,313.0,1855.0,0.5525,33.7,4.461,-4.16,0.0,6.095,0.866,-0.5,-0.9882,-0.1531,0,0,1,62.9,64.3,67.1,-0.5,-6.1
safdarjung_hospital,Safdarjung Hospital & VMMC,healthcare,28.5702,77.2075,2026-09-22T09:00,2026,9,22,9,265,58.4,105.2,7.5,36.5,458.0,289.0,93.0,35.8,36.0,18.5,982.6,7.7,324.0,1920.0,0.5551,32.42,4.526,-6.229,0.0,7.604,0.7071,-0.7071,-0.9882,-0.1531,0,0,1,61.0,62.9,66.8,-0.7,-8.4
safdarjung_hospital,Safdarjung Hospital & VMMC,healthcare,28.5702,77.2075,2026-09-22T10:00,2026,9,22,10,265,57.3,121.1,12.8,33.0,446.0,268.0,95.0,35.6,36.0,18.3,981.9,8.9,328.0,1860.0,0.4732,27.11,4.716,-7.548,0.0,8.671,0.5,-0.866,-0.9882,-0.1531,0,0,0,58.4,61.0,67.1,1.5,-9.8
safdarjung_hospital,Safdarjung Hospital & VMMC,healthcare,28.5702,77.2075,2026-09-22T11:00,2026,9,22,11,265,55.6,119.0,20.8,30.0,454.0,235.0,101.0,34.9,39.0,18.9,981.3,10.1,333.0,1630.0,0.4672,25.98,4.585,-8.999,0.0,9.604,0.2588,-0.9659,-0.9882,-0.1531,0,0,0,57.3,58.4,69.2,-0.6,-13.6
safdarjung_hospital,Safdarjung Hospital & VMMC,healthcare,28.5702,77.2075,2026-09-22T12:00,2026,9,22,12,265,55.4,101.7,25.5,31.5,484.0,219.0,92.0,34.2,46.0,21.1,981.4,9.0,334.0,1300.0,0.5447,30.18,3.945,-8.089,0.0,8.508,0.0,-1.0,-0.9882,-0.1531,0,0,0,55.6,57.3,76.1,1.5,-20.7
safdarjung_hospital,Safdarjung Hospital & VMMC,healthcare,28.5702,77.2075,2026-09-22T13:00,2026,9,22,13,265,60.3,108.7,36.8,33.5,546.0,184.0,94.0,33.0,51.0,21.4,981.4,7.2,323.0,1080.0,0.5547,33.45,4.333,-5.75,0.0,7.129,-0.2588,-0.9659,-0.9882,-0.1531,0,0,0,55.4,55.6,89.2,5.1,-28.9
safdarjung_hospital,Safdarjung Hospital & VMMC,healthcare,28.5702,77.2075,2026-09-22T14:00,2026,9,22,14,265,65.4,114.8,52.7,36.3,631.0,135.0,96.0,32.4,54.0,22.0,981.8,5.2,329.0,925.0,0.5697,37.26,2.678,-4.457,0.0,5.045,-0.5,-0.866,-0.9882,-0.1531,0,0,0,60.3,55.4,99.0,0.2,-33.6
safdarjung_hospital,Safdarjung Hospital & VMMC,healthcare,28.5702,77.2075,2026-09-22T15:00,2026,9,22,15,265,68.7,118.3,66.4,38.9,716.0,94.0,97.0,31.8,58.0,22.6,982.6,3.1,347.0,795.0,0.5807,39.9,0.697,-3.021,0.0,2.629,-0.7071,-0.7071,-0.9882,-0.1531,0,0,0,65.4,60.3,102.9,-1.8,-34.2
safdarjung_hospital,Safdarjung Hospital & VMMC,healthcare,28.5702,77.2075,2026-09-22T16:00,2026,9,22,16,265,72.6,120.1,75.4,41.1,802.0,69.0,96.0,31.3,61.0,23.0,983.0,2.2,351.0,630.0,0.6045,43.89,0.344,-2.173,0.0,1.78,-0.866,-0.5,-0.9882,-0.1531,0,0,0,68.7,65.4,108.5,0.6,-35.9
safdarjung_hospital,Safdarjung Hospital & VMMC,healthcare,28.5702,77.2075,2026-09-22T17:00,2026,9,22,17,265,77.1,124.3,82.3,43.1,888.0,51.0,94.0,30.9,64.0,23.3,983.4,0.7,360.0,180.0,0.6203,47.82,0.0,-0.7,0.0,0.495,-0.9659,-0.2588,-0.9882,-0.1531,0,0,0,72.6,68.7,121.5,0.6,-44.4
safdarjung_hospital,Safdarjung Hospital & VMMC,healthcare,28.5702,77.2075,2026-09-22T18:00,2026,9,22,18,265,83.6,132.2,88.1,44.6,948.0,37.0,94.0,31.1,68.0,24.4,982.9,2.4,333.0,875.0,0.6324,52.87,1.09,-2.138,0.0,2.282,-1.0,-0.0,-0.9882,-0.1531,0,0,0,77.1,72.6,131.8,2.0,-48.2
safdarjung_hospital,Safdarjung Hospital & VMMC,healthcare,28.5702,77.2075,2026-09-22T19:00,2026,9,22,19,265,89.6,141.1,93.7,45.6,967.0,26.0,96.0,29.9,70.0,23.8,982.9,2.9,317.0,135.0,0.635,56.9,1.978,-2.121,0.0,2.898,-0.9659,0.2588,-0.9882,-0.1531,0,0,0,83.6,77.1,136.4,-0.5,-46.8
safdarjung_hospital,Safdarjung Hospital & VMMC,healthcare,28.5702,77.2075,2026-09-22T20:00,2026,9,22,20,265,96.9,150.4,98.2,46.1,960.0,19.0,100.0,29.0,75.0,24.0,982.5,3.5,336.0,180.0,0.6443,62.43,1.424,-3.197,0.0,3.267,-0.866,0.5,-0.9882,-0.1531,0,0,0,89.6,83.6,137.8,1.3,-40.9
safdarjung_hospital,Safdarjung Hospital & VMMC,healthcare,28.5702,77.2075,2026-09-22T21:00,2026,9,22,21,265,102.2,155.5,100.0,46.4,950.0,14.0,102.0,28.3,78.0,24.1,982.3,3.5,12.0,195.0,0.6572,67.17,-0.728,-3.424,0.0,1.906,-0.7071,0.7071,-0.9882,-0.1531,0,0,0,96.9,89.6,137.8,-2.0,-35.6
safdarjung_hospital,Safdarjung Hospital & VMMC,healthcare,28.5702,77.2075,2026-09-22T22:00,2026,9,22,22,265,105.2,156.9,99.0,46.2,941.0,7.0,100.0,27.7,80.0,23.9,982.1,3.3,41.0,165.0,0.6705,70.54,-2.165,-2.491,0.0,0.23,-0.5,0.866,-0.9882,-0.1531,0,0,0,102.2,96.9,136.9,-2.3,-31.7
safdarjung_hospital,Safdarjung Hospital & VMMC,healthcare,28.5702,77.2075,2026-09-22T23:00,2026,9,22,23,265,107.3,158.3,95.4,45.8,928.0,2.0,97.0,27.0,83.0,23.9,982.4,2.7,58.0,125.0,0.6778,72.73,-2.29,-1.431,0.0,0.0,-0.2588,0.9659,-0.9882,-0.1531,0,0,0,105.2,102.2,136.0,-0.9,-28.7
safdarjung_hospital,Safdarjung Hospital & VMMC,healthcare,28.5702,77.2075,2026-09-23T00:00,2026,9,23,0,266,72.9,122.9,51.5,41.4,923.0,39.0,96.0,27.5,78.0,23.4,982.9,2.0,80.0,110.0,0.5932,43.24,-1.97,-0.347,0.0,0.0,0.0,1.0,-0.9907,-0.1361,0,0,0,107.3,105.2,126.7,-36.5,-53.8
safdarjung_hospital,Safdarjung Hospital & VMMC,healthcare,28.5702,77.2075,2026-09-23T01:00,2026,9,23,1,266,80.3,131.8,48.6,43.0,944.0,59.0,97.0,27.0,81.0,23.4,983.5,2.3,94.0,95.0,0.6093,48.92,-2.294,0.16,0.0,0.0,0.2588,0.9659,-0.9907,-0.1361,0,0,0,72.9,107.3,114.8,41.8,-34.5
safdarjung_hospital,Safdarjung Hospital & VMMC,healthcare,28.5702,77.2075,2026-09-23T02:00,2026,9,23,2,266,82.9,127.6,44.2,45.1,972.0,87.0,98.0,28.2,74.0,23.2,984.2,1.6,84.0,145.0,0.6497,53.86,-1.591,-0.167,0.0,0.0,0.5,0.866,-0.9907,-0.1361,0,0,0,80.3,72.9,108.0,-4.8,-25.1
safdarjung_hospital,Safdarjung Hospital & VMMC,healthcare,28.5702,77.2075,2026-09-23T03:00,2026,9,23,3,266,65.2,117.3,38.3,46.5,961.0,120.0,99.0,30.0,63.0,22.1,984.9,2.3,67.0,575.0,0.5558,36.24,-2.117,-0.899,0.0,0.0,0.7071,0.7071,-0.9907,-0.1361,0,0,0,82.9,80.3,89.6,-20.3,-24.4
safdarjung_hospital,Safdarjung Hospital & VMMC,healthcare,28.5702,77.2075,2026-09-23T04:00,2026,9,23,4,266,58.0,119.7,29.5,46.8,874.0,161.0,101.0,31.7,54.0,21.2,985.1,1.2,117.0,1035.0,0.4845,28.1,-1.069,0.545,0.0,0.0,0.866,0.5,-0.9907,-0.1361,0,0,0,65.2,82.9,70.8,10.5,-12.8
safdarjung_hospital,Safdarjung Hospital & VMMC,healthcare,28.5702,77.2075,2026-09-23T05:00,2026,9,23,5,266,55.5,114.1,19.1,46.2,749.0,206.0,104.0,33.1,48.0,20.7,985.1,1.7,198.0,1155.0,0.4864,27.0,0.525,1.617,0.0,0.0,0.9659,0.2588,-0.9907,-0.1361,0,0,0,58.0,65.2,67.1,4.7,-11.6
safdarjung_hospital,Safdarjung Hospital & VMMC,healthcare,28.5702,77.2075,2026-09-23T06:00,2026,9,23,6,266,53.6,105.7,11.3,44.4,650.0,241.0,102.0,35.0,45.0,21.3,984.5,3.9,254.0,1530.0,0.5071,27.18,3.749,1.075,0.0,1.89,1.0,0.0,-0.9907,-0.1361,0,0,0,55.5,58.0,64.3,0.6,-10.7
safdarjung_hospital,Safdarjung Hospital & VMMC,healthcare,28.5702,77.2075,2026-09-23T07:00,2026,9,23,7,266,52.5,99.2,7.4,40.1,604.0,259.0,93.0,36.0,38.0,19.6,983.7,4.7,274.0,1885.0,0.5292,27.78,4.689,-0.328,0.0,3.547,0.9659,-0.2588,-0.9907,-0.1361,0,0,1,53.6,55.5,62.9,0.8,-10.4
safdarjung_hospital,Safdarjung Hospital & VMMC,healthcare,28.5702,77.2075,2026-09-23T08:00,2026,9,23,8,266,50.8,90.3,6.1,34.6,584.0,267.0,79.0,36.6,34.0,18.2,982.4,5.6,276.0,2160.0,0.5626,28.58,5.569,-0.585,0.0,4.351,0.866,-0.5,-0.9907,-0.1361,0,0,1,52.5,53.6,61.0,-0.6,-10.2
safdarjung_hospital,Safdarjung Hospital & VMMC,healthcare,28.5702,77.2075,2026-09-23T09:00,2026,9,23,9,266,50.1,84.3,7.8,30.6,576.0,269.0,68.0,36.9,33.0,17.8,981.4,5.9,284.0,2235.0,0.5943,29.77,5.725,-1.427,0.0,5.057,0.7071,-0.7071,-0.9907,-0.1361,0,0,1,50.8,52.5,58.4,1.0,-8.3
safdarjung_hospital,Safdarjung Hospital & VMMC,healthcare,28.5702,77.2075,2026-09-23T10:00,2026,9,23,10,266,51.2,82.7,11.5,29.4,579.0,269.0,63.0,36.7,33.0,17.7,980.6,6.9,307.0,2180.0,0.6191,31.7,5.511,-4.153,0.0,6.832,0.5,-0.866,-0.9907,-0.1361,0,0,0,50.1,50.8,57.3,1.8,-6.1
safdarjung_hospital,Safdarjung Hospital & VMMC,healthcare,28.5702,77.2075,2026-09-23T11:00,2026,9,23,11,266,52.9,82.2,18.2,29.8,593.0,264.0,60.0,35.9,35.0,18.0,980.3,9.1,338.0,2020.0,0.6436,34.04,3.409,-8.437,0.0,8.375,0.2588,-0.9659,-0.9907,-0.1361,0,0,0,51.2,50.1,55.6,0.6,-2.7
safdarjung_hospital,Safdarjung Hospital & VMMC,healthcare,28.5702,77.2075,2026-09-23T12:00,2026,9,23,12,266,56.7,79.6,30.3,30.5,609.0,227.0,45.0,34.7,39.0,18.9,980.5,8.4,351.0,1635.0,0.7123,40.39,1.314,-8.297,0.0,6.795,0.0,-1.0,-0.9907,-0.1361,0,0,0,52.9,51.2,55.4,2.1,1.3
safdarjung_hospital,Safdarjung Hospital & VMMC,healthcare,28.5702,77.2075,2026-09-23T13:00,2026,9,23,13,266,71.9,94.1,50.6,34.6,606.0,183.0,44.0,32.8,45.0,19.3,980.8,7.6,14.0,795.0,0.7641,54.94,-1.839,-7.374,0.0,3.914,-0.2588,-0.9659,-0.9907,-0.1361,0,0,0,56.7,52.9,60.3,11.4,11.6
safdarjung_hospital,Safdarjung Hospital & VMMC,healthcare,28.5702,77.2075,2026-09-23T14:00,2026,9,23,14,266,88.2,111.5,78.0,40.0,604.0,123.0,44.0,31.7,52.0,20.6,981.6,3.6,49.0,525.0,0.791,69.77,-2.717,-2.362,0.0,0.0,-0.5,-0.866,-0.9907,-0.1361,0,0,0,71.9,56.7,65.4,1.1,22.8
safdarjung_hospital,Safdarjung Hospital & VMMC,healthcare,28.5702,77.2075,2026-09-23T15:00,2026,9,23,15,266,98.5,122.5,94.2,43.1,651.0,77.0,47.0,31.1,54.0,20.8,982.3,3.9,62.0,315.0,0.8041,79.2,-3.443,-1.831,0.0,0.0,-0.7071,-0.7071,-0.9907,-0.1361,0,0,0,88.2,71.9,68.7,-6.0,29.8
safdarjung_hospital,Safdarjung Hospital & VMMC,healthcare,28.5702,77.2075,2026-09-23T16:00,2026,9,23,16,266,101.0,129.0,89.3,41.8,811.0,60.0,51.0,30.5,57.0,21.1,983.0,4.2,47.0,210.0,0.7829,79.08,-3.072,-2.864,0.0,0.0,-0.866,-0.5,-0.9907,-0.1361,0,0,0,98.5,88.2,72.6,-7.8,28.4
safdarjung_hospital,Safdarjung Hospital & VMMC,healthcare,28.5702,77.2075,2026-09-23T17:00,2026,9,23,17,266,97.3,131.3,73.3,38.1,1020.0,58.0,58.0,29.9,61.0,21.5,983.2,3.9,43.0,170.0,0.7411,72.1,-2.66,-2.852,0.0,0.136,-0.9659,-0.2588,-0.9907,-0.1361,0,0,0,101.0,98.5,77.1,-6.2,20.2
safdarjung_hospital,Safdarjung Hospital & VMMC,healthcare,28.5702,77.2075,2026-09-23T18:00,2026,9,23,18,266,90.3,130.9,57.8,34.0,1134.0,58.0,79.0,30.3,62.0,22.2,983.0,5.2,78.0,255.0,0.6898,62.29,-5.086,-1.081,0.0,0.0,-1.0,-0.0,-0.9907,-0.1361,0,0,0,97.3,101.0,83.6,-3.3,6.7
safdarjung_hospital,Safdarjung Hospital & VMMC,healthcare,28.5702,77.2075,2026-09-23T19:00,2026,9,23,19,266,83.1,132.2,46.0,29.5,1065.0,59.0,133.0,28.6,71.0,22.9,982.8,4.5,104.0,135.0,0.6286,52.24,-4.366,1.089,0.0,0.0,-0.9659,0.2588,-0.9907,-0.1361,0,0,0,90.3,97.3,89.6,-0.2,-6.5
safdarjung_hospital,Safdarjung Hospital & VMMC,healthcare,28.5702,77.2075,2026-09-23T20:00,2026,9,23,20,266,79.6,170.9,34.8,24.6,900.0,62.0,200.0,28.1,74.0,23.0,982.4,3.6,117.0,105.0,0.4658,37.08,-3.208,1.634,0.0,0.0,-0.866,0.5,-0.9907,-0.1361,0,0,0,83.1,90.3,96.9,3.7,-17.3
safdarjung_hospital,Safdarjung Hospital & VMMC,healthcare,28.5702,77.2075,2026-09-23T21:00,2026,9,23,21,266,77.5,202.1,26.6,20.8,759.0,64.0,238.0,27.6,75.0,22.7,982.3,4.8,117.0,170.0,0.3835,29.72,-4.277,2.179,0.0,0.0,-0.7071,0.7071,-0.9907,-0.1361,0,0,0,79.6,83.1,102.2,1.4,-24.7
safdarjung_hospital,Safdarjung Hospital & VMMC,healthcare,28.5702,77.2075,2026-09-23T22:00,2026,9,23,22,266,68.2,171.8,23.3,18.7,678.0,60.0,218.0,27.0,77.0,22.5,982.4,6.8,127.0,240.0,0.397,27.07,-5.431,4.092,0.0,0.0,-0.5,0.866,-0.9907,-0.1361,0,0,0,77.5,79.6,105.2,-7.2,-37.0
safdarjung_hospital,Safdarjung Hospital & VMMC,healthcare,28.5702,77.2075,2026-09-23T23:00,2026,9,23,23,266,59.4,136.0,23.0,17.8,620.0,53.0,168.0,26.2,81.0,22.7,982.6,5.6,130.0,215.0,0.4368,25.94,-4.29,3.6,0.0,0.0,-0.2588,0.9659,-0.9907,-0.1361,0,0,0,68.2,77.5,107.3,0.5,-47.9
safdarjung_hospital,Safdarjung Hospital & VMMC,healthcare,28.5702,77.2075,2026-09-24T00:00,2026,9,24,0,267,68.5,106.6,37.3,21.4,593.0,34.0,74.0,26.5,84.0,23.7,982.4,2.9,158.0,115.0,0.6426,44.02,-1.086,2.689,0.0,0.0,0.0,1.0,-0.9929,-0.1191,0,0,0,59.4,68.2,72.9,17.9,-4.4
safdarjung_hospital,Safdarjung Hospital & VMMC,healthcare,28.5702,77.2075,2026-09-24T01:00,2026,9,24,1,267,72.6,106.9,34.7,23.1,626.0,45.0,118.0,26.2,86.0,23.7,982.7,2.6,129.0,95.0,0.6791,49.31,-2.021,1.636,0.0,0.0,0.2588,0.9659,-0.9929,-0.1191,0,0,0,68.5,59.4,80.3,-5.0,-7.7
safdarjung_hospital,Safdarjung Hospital & VMMC,healthcare,28.5702,77.2075,2026-09-24T02:00,2026,9,24,2,267,71.0,119.0,30.9,25.3,691.0,62.0,176.0,26.9,84.0,23.9,983.8,9.6,104.0,355.0,0.5966,42.36,-9.315,2.322,0.0,0.0,0.5,0.866,-0.9929,-0.1191,0,0,0,72.6,68.5,82.9,-5.7,-11.9
safdarjung_hospital,Safdarjung Hospital & VMMC,healthcare,28.5702,77.2075,2026-09-24T03:00,2026,9,24,3,267,60.1,164.4,26.2,26.1,711.0,84.0,200.0,28.1,80.0,24.3,984.2,9.1,111.0,495.0,0.3656,21.97,-8.496,3.261,0.0,0.0,0.7071,0.7071,-0.9929,-0.1191,0,0,0,71.0,72.6,65.2,-9.3,-5.1
safdarjung_hospital,Safdarjung Hospital & VMMC,healthcare,28.5702,77.2075,2026-09-24T04:00,2026,9,24,4,267,36.0,59.6,19.8,24.0,635.0,114.0,153.0,29.4,74.0,24.3,984.7,10.6,118.0,685.0,0.604,21.74,-9.359,4.976,0.0,0.0,0.866,0.5,-0.9929,-0.1191,0,0,0,60.1,71.0,58.0,-13.2,-22.0
safdarjung_hospital,Safdarjung Hospital & VMMC,healthcare,28.5702,77.2075,2026-09-24T05:00,2026,9,24,5,267,29.8,41.0,12.4,20.5,514.0,149.0,72.0,30.6,67.0,23.7,985.0,8.4,118.0,815.0,0.7268,21.66,-7.417,3.944,0.0,0.0,0.9659,0.2588,-0.9929,-0.1191,0,0,0,36.0,60.1,55.5,17.9,-25.7
safdarjung_hospital,Safdarjung Hospital & VMMC,healthcare,28.5702,77.2075,2026-09-24T06:00,2026,9,24,6,267,27.8,36.4,7.1,17.8,423.0,176.0,17.0,32.4,52.0,21.3,984.3,7.5,123.0,1355.0,0.7637,21.23,-6.29,4.085,0.0,0.0,1.0,0.0,-0.9929,-0.1191,0,0,0,29.8,36.0,53.6,4.2,-25.8
safdarjung_hospital,Safdarjung Hospital & VMMC,healthcare,28.5702,77.2075,2026-09-24T07:00,2026,9,24,7,267,28.3,36.6,4.7,16.8,393.0,192.0,22.0,33.4,45.0,19.9,983.6,5.9,117.0,1575.0,0.7732,21.88,-5.257,2.679,0.0,0.0,0.9659,-0.2588,-0.9929,-0.1191,0,0,1,27.8,29.8,52.5,2.5,-24.2
safdarjung_hospital,Safdarjung Hospital & VMMC,healthcare,28.5702,77.2075,2026-09-24T08:00,2026,9,24,8,267,31.4,60.5,4.2,16.5,393.0,199.0,53.0,33.9,43.0,19.7,982.4,3.3,126.0,1630.0,0.519,16.3,-2.67,1.94,0.0,0.0,0.866,-0.5,-0.9929,-0.1191,0,0,1,28.3,27.8,50.8,2.6,-19.4
safdarjung_hospital,Safdarjung Hospital & VMMC,healthcare,28.5702,77.2075,2026-09-24T09:00,2026,9,24,9,267,33.1,70.3,6.1,16.7,410.0,199.0,73.0,34.4,41.0,19.2,981.3,2.7,113.0,1750.0,0.4708,15.58,-2.485,1.055,0.0,0.0,0.7071,-0.7071,-0.9929,-0.1191,0,0,1,31.4,28.3,50.1,-1.4,-17.0
safdarjung_hospital,Safdarjung Hospital & VMMC,healthcare,28.5702,77.2075,2026-09-24T10:00,2026,9,24,10,267,31.5,55.5,11.3,17.2,447.0,188.0,63.0,34.6,38.0,18.2,980.4,2.7,113.0,1940.0,0.5676,17.88,-2.485,1.055,0.0,0.0,0.5,-0.866,-0.9929,-0.1191,0,0,0,33.1,31.4,51.2,-3.3,-19.7
safdarjung_hospital,Safdarjung Hospital & VMMC,healthcare,28.5702,77.2075,2026-09-24T11:00,2026,9,24,11,267,32.0,50.5,18.7,18.0,501.0,168.0,41.0,34.2,38.0,18.0,979.9,4.0,98.0,2030.0,0.6337,20.28,-3.961,0.557,0.0,0.0,0.2588,-0.9659,-0.9929,-0.1191,0,0,0,31.5,33.1,52.9,2.1,-20.9
safdarjung_hospital,Safdarjung Hospital & VMMC,healthcare,28.5702,77.2075,2026-09-24T12:00,2026,9,24,12,267,53.4,158.8,24.3,20.7,546.0,165.0,206.0,33.5,42.0,19.0,980.1,7.1,128.0,1855.0,0.3363,17.96,-5.595,4.371,0.0,0.0,0.0,-1.0,-0.9929,-0.1191,0,0,0,32.0,31.5,56.7,20.9,-3.3
safdarjung_hospital,Safdarjung Hospital & VMMC,healthcare,28.5702,77.2075,2026-09-24T13:00,2026,9,24,13,267,60.3,187.2,27.9,21.3,576.0,143.0,259.0,31.9,49.0,20.0,980.0,7.0,122.0,490.0,0.3221,19.42,-5.936,3.709,0.0,0.0,-0.2588,-0.9659,-0.9929,-0.1191,0,0,0,53.4,32.0,71.9,-14.5,-11.6
safdarjung_hospital,Safdarjung Hospital & VMMC,healthcare,28.5702,77.2075,2026-09-24T14:00,2026,9,24,14,267,66.6,248.7,32.8,22.1,597.0,111.0,333.0,31.0,54.0,20.7,981.0,9.0,125.0,510.0,0.2678,17.83,-7.372,5.162,0.0,0.0,-0.5,-0.866,-0.9929,-0.1191,0,0,0,60.3,53.4,88.2,-0.6,-21.6
safdarjung_hospital,Safdarjung Hospital & VMMC,healthcare,28.5702,77.2075,2026-09-24T15:00,2026,9,24,15,267,67.3,269.2,35.5,22.0,605.0,86.0,391.0,29.8,62.0,21.7,982.1,10.8,128.0,445.0,0.25,16.82,-8.511,6.649,0.0,0.0,-0.7071,-0.7071,-0.9929,-0.1191,0,0,0,66.6,60.3,98.5,-5.6,-31.2
safdarjung_hospital,Safdarjung Hospital & VMMC,healthcare,28.5702,77.2075,2026-09-24T16:00,2026,9,24,16,267,65.9,271.0,34.3,20.5,598.0,73.0,416.0,28.9,66.0,21.8,982.8,9.6,128.0,420.0,0.2432,16.03,-7.565,5.91,0.0,0.0,-0.866,-0.5,-0.9929,-0.1191,0,0,0,67.3,66.6,101.0,-2.1,-35.1
safdarjung_hospital,Safdarjung Hospital & VMMC,healthcare,28.5702,77.2075,2026-09-24T17:00,2026,9,24,17,267,64.5,276.6,31.0,18.1,579.0,66.0,426.0,28.5,66.0,21.6,983.4,10.7,131.0,510.0,0.2332,15.04,-8.075,7.02,0.0,0.0,-0.9659,-0.2588,-0.9929,-0.1191,0,0,0,65.9,67.3,97.3,-0.0,-32.8
safdarjung_hospital,Safdarjung Hospital & VMMC,healthcare,28.5702,77.2075,2026-09-24T18:00,2026,9,24,18,267,62.9,290.6,27.5,16.1,551.0,61.0,438.0,28.6,71.0,22.9,983.0,12.1,137.0,660.0,0.2164,13.61,-8.252,8.849,0.0,0.0,-1.0,-0.0,-0.9929,-0.1191,0,0,0,64.5,65.9,90.3,-0.2,-27.4
safdarjung_hospital,Safdarjung Hospital & VMMC,healthcare,28.5702,77.2075,2026-09-24T19:00,2026,9,24,19,267,61.7,321.3,23.9,14.7,507.0,58.0,473.0,27.6,76.0,23.1,982.6,10.7,132.0,600.0,0.2,12.34,-7.952,7.16,0.0,0.0,-0.9659,0.2588,-0.9929,-0.1191,0,0,0,62.9,64.5,83.1,0.4,-21.4
safdarjung_hospital,Safdarjung Hospital & VMMC,healthcare,28.5702,77.2075,2026-09-24T20:00,2026,9,24,20,267,59.8,335.3,20.0,13.7,455.0,56.0,509.0,26.8,80.0,23.2,982.3,11.1,124.0,560.0,0.2,11.96,-9.202,6.207,0.0,0.0,-0.866,0.5,-0.9929,-0.1191,0,0,0,61.7,62.9,79.6,-0.7,-19.8
safdarjung_hospital,Safdarjung Hospital & VMMC,healthcare,28.5702,77.2075,2026-09-24T21:00,2026,9,24,21,267,55.8,316.6,17.8,13.3,423.0,53.0,501.0,26.1,84.0,23.1,982.3,10.8,123.0,510.0,0.2,11.16,-9.058,5.882,0.0,0.0,-0.7071,0.7071,-0.9929,-0.1191,0,0,0,59.8,61.7,77.5,-2.1,-21.7
safdarjung_hospital,Safdarjung Hospital & VMMC,healthcare,28.5702,77.2075,2026-09-24T22:00,2026,9,24,22,267,47.7,253.3,18.5,13.5,429.0,46.0,408.0,25.5,85.0,22.8,982.1,9.8,126.0,465.0,0.2,9.54,-7.928,5.76,0.0,0.0,-0.5,0.866,-0.9929,-0.1191,0,0,0,55.8,59.8,68.2,-4.1,-20.5
safdarjung_hospital,Safdarjung Hospital & VMMC,healthcare,28.5702,77.2075,2026-09-24T23:00,2026,9,24,23,267,37.4,162.5,20.9,14.2,455.0,37.0,270.0,25.1,85.0,22.4,981.9,8.3,123.0,460.0,0.2302,8.61,-6.961,4.521,0.0,0.0,-0.2588,0.9659,-0.9929,-0.1191,0,0,0,47.7,55.8,59.4,-2.2,-22.0
safdarjung_hospital,Safdarjung Hospital & VMMC,healthcare,28.5702,77.2075,2026-09-25T00:00,2026,9,25,0,268,46.9,298.0,14.9,12.1,470.0,42.0,482.0,25.6,82.0,22.3,981.5,10.9,129.0,540.0,0.2,9.38,-8.471,6.86,0.0,0.0,0.0,1.0,-0.9948,-0.102,0,0,0,37.4,47.7,68.5,19.8,-21.6
safdarjung_hospital,Safdarjung Hospital & VMMC,healthcare,28.5702,77.2075,2026-09-25T01:00,2026,9,25,1,268,44.7,262.6,15.3,13.2,465.0,42.0,416.0,25.0,84.0,22.1,981.9,10.2,129.0,540.0,0.2,8.94,-7.927,6.419,0.0,0.0,0.2588,0.9659,-0.9948,-0.102,0,0,0,46.9,37.4,72.6,-11.7,-27.9
safdarjung_hospital,Safdarjung Hospital & VMMC,healthcare,28.5702,77.2075,2026-09-25T02:00,2026,9,25,2,268,37.6,199.3,15.6,14.7,451.0,42.0,328.0,25.5,81.0,21.9,982.7,10.3,133.0,605.0,0.2,7.52,-7.533,7.025,0.0,0.0,0.5,0.866,-0.9948,-0.102,0,0,0,44.7,46.9,71.0,-4.9,-33.4
safdarjung_hospital,Safdarjung Hospital & VMMC,healthcare,28.5702,77.2075,2026-09-25T03:00,2026,9,25,3,268,32.5,175.6,15.1,15.8,425.0,50.0,275.0,26.5,75.0,21.7,983.7,10.8,132.0,635.0,0.2,6.5,-8.026,7.227,0.0,0.0,0.7071,0.7071,-0.9948,-0.102,0,0,0,37.6,44.7,60.1,2.0,-27.6
safdarjung_hospital,Safdarjung Hospital & VMMC,healthcare,28.5702,77.2075,2026-09-25T04:00,2026,9,25,4,268,34.7,201.2,12.8,16.1,379.0,72.0,305.0,27.8,68.0,21.4,984.2,11.2,136.0,765.0,0.2,6.94,-7.78,8.057,0.0,0.0,0.866,0.5,-0.9948,-0.102,0,0,0,32.5,37.6,36.0,7.3,-1.3
safdarjung_hospital,Safdarjung Hospital & VMMC,healthcare,28.5702,77.2075,2026-09-25T05:00,2026,9,25,5,268,39.3,235.6,9.6,16.1,322.0,101.0,370.0,29.3,61.0,21.0,984.4,11.6,136.0,930.0,0.2,7.86,-8.058,8.344,0.0,0.0,0.9659,0.2588,-0.9948,-0.102,0,0,0,34.7,32.5,29.8,2.4,9.5
safdarjung_hospital,Safdarjung Hospital & VMMC,healthcare,28.5702,77.2075,2026-09-25T06:00,2026,9,25,6,268,41.2,244.0,7.1,15.7,282.0,124.0,392.0,30.5,55.0,20.4,984.4,12.7,134.0,1360.0,0.2,8.24,-9.136,8.822,0.0,0.0,1.0,0.0,-0.9948,-0.102,0,0,0,39.3,34.7,27.8,-2.7,13.4
safdarjung_hospital,Safdarjung Hospital & VMMC,healthcare,28.5702,77.2075,2026-09-25T07:00,2026,9,25,7,268,41.7,253.3,5.7,14.8,268.0,136.0,312.0,30.5,55.0,20.3,983.5,10.4,134.0,1445.0,0.2,8.34,-7.481,7.224,0.0,0.0,0.9659,-0.2588,-0.9948,-0.102,0,0,1,41.2,39.3,28.3,-1.4,13.4
safdarjung_hospital,Safdarjung Hospital & VMMC,healthcare,28.5702,77.2075,2026-09-25T08:00,2026,9,25,8,268,27.1,113.6,5.0,13.6,271.0,142.0,189.0,31.0,52.0,20.1,982.4,7.7,131.0,1615.0,0.2386,6.46,-5.811,5.052,0.0,0.0,0.866,-0.5,-0.9948,-0.102,0,0,1,41.7,41.2,31.4,-15.1,-4.3
safdarjung_hospital,Safdarjung Hospital & VMMC,healthcare,28.5702,77.2075,2026-09-25T09:00,2026,9,25,9,268,23.0,83.6,5.5,13.0,290.0,143.0,117.0,31.2,51.0,19.8,981.3,4.2,126.0,1595.0,0.2751,6.33,-3.398,2.469,0.0,0.0,0.7071,-0.7071,-0.9948,-0.102,0,0,1,27.1,41.7,33.1,10.5,-10.1
safdarjung_hospital,Safdarjung Hospital & VMMC,healthcare,28.5702,77.2075,2026-09-25T10:00,2026,9,25,10,268,22.8,83.8,7.3,13.2,332.0,138.0,147.0,31.1,51.0,19.6,980.4,4.0,141.0,1380.0,0.2721,6.2,-2.517,3.109,0.0,0.0,0.5,-0.866,-0.9948,-0.102,0,0,0,23.0,27.1,31.5,3.9,-8.7
safdarjung_hospital,Safdarjung Hospital & VMMC,healthcare,28.5702,77.2075,2026-09-25T11:00,2026,9,25,11,268,24.4,101.0,10.3,14.0,389.0,128.0,227.0,30.9,52.0,19.8,980.0,4.1,131.0,1350.0,0.2416,5.89,-3.094,2.69,0.0,0.0,0.2588,-0.9659,-0.9948,-0.102,0,0,0,22.8,23.0,32.0,1.8,-7.6
safdarjung_hospital,Safdarjung Hospital & VMMC,healthcare,28.5702,77.2075,2026-09-25T12:00,2026,9,25,12,268,53.4,362.3,13.9,11.4,438.0,94.0,602.0,29.9,59.0,21.2,979.8,5.6,158.0,1120.0,0.2,10.68,-2.098,5.192,0.0,0.0,0.0,-1.0,-0.9948,-0.102,0,0,0,24.4,22.8,53.4,27.4,0.0
safdarjung_hospital,Safdarjung Hospital & VMMC,healthcare,28.5702,77.2075,2026-09-25T13:00,2026,9,25,13,268,53.1,279.4,19.8,12.8,470.0,79.0,559.0,28.6,68.0,22.1,979.7,6.7,174.0,365.0,0.2,10.62,-0.7,6.663,0.0,0.0,-0.2588,-0.9659,-0.9948,-0.102,0,0,0,53.4,24.4,60.3,-29.3,-7.2
safdarjung_hospital,Safdarjung Hospital & VMMC,healthcare,28.5702,77.2075,2026-09-25T14:00,2026,9,25,14,268,59.0,298.0,28.1,14.7,494.0,58.0,497.0,27.9,73.0,22.6,980.0,5.8,182.0,275.0,0.2,11.8,0.202,5.796,0.0,0.0,-0.5,-0.866,-0.9948,-0.102,0,0,0,53.1,53.4,66.6,6.2,-7.6
safdarjung_hospital,Safdarjung Hospital & VMMC,healthcare,28.5702,77.2075,2026-09-25T15:00,2026,9,25,15,268,59.4,280.3,35.1,16.2,511.0,40.0,426.0,27.3,74.0,22.3,981.1,5.8,189.0,230.0,0.2119,12.59,0.907,5.729,0.0,0.0,-0.7071,-0.7071,-0.9948,-0.102,0,0,0,59.0,53.1,67.3,-5.5,-7.9
safdarjung_hospital,Safdarjung Hospital & VMMC,healthcare,28.5702,77.2075,2026-09-25T16:00,2026,9,25,16,268,53.9,210.9,39.8,16.9,524.0,29.0,339.0,26.7,76.0,22.2,981.8,7.2,158.0,345.0,0.2556,13.78,-2.697,6.676,0.0,0.0,-0.866,-0.5,-0.9948,-0.102,0,0,0,59.4,59.0,65.9,-5.9,-12.0
safdarjung_hospital,Safdarjung Hospital & VMMC,healthcare,28.5702,77.2075,2026-09-25T17:00,2026,9,25,17,268,50.5,155.5,43.3,17.3,530.0,21.0,244.0,26.0,77.0,21.7,982.1,9.4,149.0,515.0,0.3248,16.4,-4.841,8.057,0.0,0.0,-0.9659,-0.2588,-0.9948,-0.102,0,0,0,53.9,59.4,64.5,2.1,-14.0
safdarjung_hospital,Safdarjung Hospital & VMMC,healthcare,28.5702,77.2075,2026-09-25T18:00,2026,9,25,18,268,50.6,142.0,44.6,17.3,522.0,17.0,175.0,25.7,80.0,21.9,982.2,10.4,136.0,465.0,0.3563,18.03,-7.224,7.481,0.0,0.0,-1.0,-0.0,-0.9948,-0.102,0,0,0,50.5,53.9,62.9,3.5,-12.3
safdarjung_hospital,Safdarjung Hospital & VMMC,healthcare,28.5702,77.2075,2026-09-25T19:00,2026,9,25,19,268,49.2,117.8,42.7,16.9,487.0,16.0,139.0,24.8,82.0,21.6,981.5,8.0,138.0,370.0,0.4177,20.55,-5.353,5.945,0.0,0.0,-0.9659,0.2588,-0.9948,-0.102,0,0,0,50.6,50.5,61.7,-1.5,-12.5
safdarjung_hospital,Safdarjung Hospital & VMMC,healthcare,28.5702,77.2075,2026-09-25T20:00,2026,9,25,20,268,44.8,108.5,38.8,16.2,438.0,19.0,129.0,24.4,82.0,21.2,980.9,5.1,129.0,265.0,0.4129,18.5,-3.963,3.21,0.0,0.0,-0.866,0.5,-0.9948,-0.102,0,0,0,49.2,50.6,59.8,-3.0,-15.0
safdarjung_hospital,Safdarjung Hospital & VMMC,healthcare,28.5702,77.2075,2026-09-25T21:00,2026,9,25,21,268,43.7,126.2,34.8,15.7,404.0,22.0,158.0,24.0,82.0,20.8,980.5,5.0,120.0,275.0,0.3463,15.13,-4.33,2.5,0.0,0.0,-0.7071,0.7071,-0.9948,-0.102,0,0,0,44.8,49.2,55.8,3.3,-12.1
safdarjung_hospital,Safdarjung Hospital & VMMC,healthcare,28.5702,77.2075,2026-09-25T22:00,2026,9,25,22,268,44.4,153.7,31.1,15.5,389.0,26.0,269.0,23.7,84.0,20.8,979.8,2.6,106.0,220.0,0.2889,12.83,-2.499,0.717,0.0255,0.0,-0.5,0.866,-0.9948,-0.102,0,0,0,43.7,44.8,47.7,1.8,-3.3
safdarjung_hospital,Safdarjung Hospital & VMMC,healthcare,28.5702,77.2075,2026-09-25T23:00,2026,9,25,23,268,50.6,232.4,27.5,15.5,389.0,30.0,419.0,23.3,86.0,20.9,979.5,2.4,117.0,230.0,0.2177,11.02,-2.138,1.09,0.0595,0.0,-0.2588,0.9659,-0.9948,-0.102,0,0,0,44.4,43.7,37.4,5.5,13.2
safdarjung_hospital,Safdarjung Hospital & VMMC,healthcare,28.5702,77.2075,2026-09-26T00:00,2026,9,26,0,269,39.5,67.5,41.6,27.7,420.0,17.0,51.0,23.7,80.0,19.9,980.2,5.7,101.0,310.0,0.5852,23.11,-5.595,1.088,0.0255,0.0,0.0,1.0,-0.9964,-0.0848,0,0,0,50.6,44.4,46.9,-17.3,-7.4
safdarjung_hospital,Safdarjung Hospital & VMMC,healthcare,28.5702,77.2075,2026-09-26T01:00,2026,9,26,1,269,43.4,70.1,41.7,34.9,516.0,21.0,47.0,23.2,82.0,19.9,980.1,3.4,342.0,230.0,0.6191,26.87,1.051,-3.234,0.068,3.029,0.2588,0.9659,-0.9964,-0.0848,0,0,0,39.5,50.6,44.7,15.0,-1.3
safdarjung_hospital,Safdarjung Hospital & VMMC,healthcare,28.5702,77.2075,2026-09-26T02:00,2026,9,26,2,269,41.7,64.0,41.6,44.9,643.0,27.0,42.0,23.8,79.0,20.0,980.2,1.2,321.0,190.0,0.6516,27.17,0.755,-0.933,0.027,1.193,0.5,0.866,-0.9964,-0.0848,0,0,0,43.4,39.5,37.6,-5.6,4.1
safdarjung_hospital,Safdarjung Hospital & VMMC,healthcare,28.5702,77.2075,2026-09-26T03:00,2026,9,26,3,269,40.3,62.6,40.5,52.7,710.0,40.0,41.0,24.9,74.0,20.0,981.0,2.4,99.0,335.0,0.6438,25.94,-2.37,0.375,0.0,0.0,0.7071,0.7071,-0.9964,-0.0848,0,0,0,41.7,43.4,32.5,0.3,7.8
safdarjung_hospital,Safdarjung Hospital & VMMC,healthcare,28.5702,77.2075,2026-09-26T04:00,2026,9,26,4,269,42.0,89.9,37.5,56.8,666.0,66.0,47.0,26.5,70.0,20.5,980.7,0.6,342.0,385.0,0.4672,19.62,0.185,-0.571,0.0,0.535,0.866,0.5,-0.9964,-0.0848,0,0,0,40.3,41.7,34.7,3.1,7.3
safdarjung_hospital,Safdarjung Hospital & VMMC,healthcare,28.5702,77.2075,2026-09-26T05:00,2026,9,26,5,269,39.8,75.9,33.5,58.8,562.0,98.0,57.0,28.3,65.0,21.2,980.6,3.6,360.0,800.0,0.5244,20.87,0.0,-3.6,0.0,2.545,0.9659,0.2588,-0.9964,-0.0848,0,0,0,42.0,40.3,39.3,-3.9,0.5
safdarjung_hospital,Safdarjung Hospital & VMMC,healthcare,28.5702,77.2075,2026-09-26T06:00,2026,9,26,6,269,45.3,76.8,29.6,58.3,469.0,126.0,62.0,27.4,68.0,20.9,980.8,7.8,53.0,760.0,0.5898,26.72,-6.229,-4.694,0.0,0.0,1.0,0.0,-0.9964,-0.0848,0,0,0,39.8,42.0,41.2,7.7,4.1
safdarjung_hospital,Safdarjung Hospital & VMMC,healthcare,28.5702,77.2075,2026-09-26T07:00,2026,9,26,7,269,51.5,80.8,25.5,53.9,403.0,146.0,58.0,29.0,59.0,20.2,979.9,11.6,32.0,1145.0,0.6374,32.82,-6.147,-9.837,0.0,2.609,0.9659,-0.2588,-0.9964,-0.0848,0,0,1,45.3,39.8,41.7,0.7,9.8
safdarjung_hospital,Safdarjung Hospital & VMMC,healthcare,28.5702,77.2075,2026-09-26T08:00,2026,9,26,8,269,54.5,80.6,21.5,47.1,347.0,161.0,50.0,29.6,57.0,20.1,978.8,12.0,30.0,1380.0,0.6762,36.85,-6.0,-10.392,0.0,3.105,0.866,-0.5,-0.9964,-0.0848,0,0,1,51.5,45.3,27.1,-3.2,27.4
safdarjung_hospital,Safdarjung Hospital & VMMC,healthcare,28.5702,77.2075,2026-09-26T09:00,2026,9,26,9,269,55.1,77.5,19.9,41.2,318.0,167.0,44.0,29.2,55.0,19.2,977.8,12.7,27.0,1220.0,0.711,39.17,-5.766,-11.316,0.0,3.924,0.7071,-0.7071,-0.9964,-0.0848,0,0,1,54.5,51.5,23.0,-2.4,32.1
safdarjung_hospital,Safdarjung Hospital & VMMC,healthcare,28.5702,77.2075,2026-09-26T10:00,2026,9,26,10,269,54.0,72.4,21.7,37.6,327.0,160.0,43.0,28.2,55.0,18.4,976.7,12.3,21.0,1100.0,0.7459,40.28,-4.408,-11.483,0.0,5.002,0.5,-0.866,-0.9964,-0.0848,0,0,0,55.1,54.5,22.8,-1.7,31.2
safdarjung_hospital,Safdarjung Hospital & VMMC,healthcare,28.5702,77.2075,2026-09-26T11:00,2026,9,26,11,269,52.0,66.8,25.7,35.0,363.0,144.0,43.0,27.2,59.0,18.4,976.4,9.9,32.0,945.0,0.7784,40.48,-5.246,-8.396,0.0,2.227,0.2588,-0.9659,-0.9964,-0.0848,0,0,0,54.0,55.1,24.4,-0.9,27.6
safdarjung_hospital,Safdarjung Hospital & VMMC,healthcare,28.5702,77.2075,2026-09-26T12:00,2026,9,26,12,269,67.5,100.4,31.5,22.8,404.0,65.0,63.0,24.5,72.0,19.1,978.5,13.6,31.0,840.0,0.6723,45.38,-7.005,-11.657,0.0,3.29,0.0,-1.0,-0.9964,-0.0848,0,0,0,52.0,54.0,53.4,17.5,14.1
safdarjung_hospital,Safdarjung Hospital & VMMC,healthcare,28.5702,77.2075,2026-09-26T13:00,2026,9,26,13,269,51.8,54.7,34.5,23.0,440.0,55.0,45.0,23.4,81.0,20.0,978.9,10.9,36.0,785.0,0.947,49.05,-6.407,-8.818,0.051,1.705,-0.2588,-0.9659,-0.9964,-0.0848,0,0,0,67.5,52.0,53.1,-31.2,-1.3
safdarjung_hospital,Safdarjung Hospital & VMMC,healthcare,28.5702,77.2075,2026-09-26T14:00,2026,9,26,14,269,49.6,51.0,38.8,23.4,481.0,42.0,20.0,23.0,85.0,20.4,978.7,8.5,342.0,430.0,0.9725,48.24,2.627,-8.084,0.085,7.572,-0.5,-0.866,-0.9964,-0.0848,0,0,0,51.8,67.5,59.0,13.5,-9.4
safdarjung_hospital,Safdarjung Hospital & VMMC,healthcare,28.5702,77.2075,2026-09-26T15:00,2026,9,26,15,269,48.8,49.8,42.4,24.2,534.0,31.0,2.0,23.2,79.0,19.5,979.3,10.0,15.0,545.0,0.9799,47.82,-2.588,-9.659,0.068,4.999,-0.7071,-0.7071,-0.9964,-0.0848,0,0,0,49.6,51.8,59.4,1.4,-10.6
safdarjung_hospital,Safdarjung Hospital & VMMC,healthcare,28.5702,77.2075,2026-09-26T16:00,2026,9,26,16,269,49.1,50.4,44.8,26.0,618.0,26.0,0.0,23.0,80.0,19.3,979.0,8.7,338.0,325.0,0.9742,47.83,3.259,-8.066,0.085,8.007,-0.866,-0.5,-0.9964,-0.0848,0,0,0,48.8,49.6,53.9,1.1,-4.8
safdarjung_hospital,Safdarjung Hospital & VMMC,healthcare,28.5702,77.2075,2026-09-26T17:00,2026,9,26,17,269,50.1,52.2,46.5,28.3,714.0,24.0,1.0,22.7,81.0,19.2,979.0,7.8,13.0,360.0,0.9598,48.08,-1.755,-7.6,0.1105,4.133,-0.9659,-0.2588,-0.9964,-0.0848,0,0,0,49.1,48.8,50.5,0.7,-0.4
safdarjung_hospital,Safdarjung Hospital & VMMC,healthcare,28.5702,77.2075,2026-09-26T18:00,2026,9,26,18,269,49.7,52.0,47.6,30.0,774.0,22.0,4.0,22.1,91.0,20.6,979.6,9.7,12.0,510.0,0.9558,47.5,-2.017,-9.488,0.1615,5.282,-1.0,-0.0,-0.9964,-0.0848,0,0,0,50.1,49.1,50.6,-1.4,-0.9
safdarjung_hospital,Safdarjung Hospital & VMMC,healthcare,28.5702,77.2075,2026-09-26T19:00,2026,9,26,19,269,47.3,48.9,48.1,30.6,766.0,18.0,3.0,22.3,90.0,20.6,979.3,7.9,340.0,320.0,0.9673,45.75,2.702,-7.424,0.1445,7.159,-0.9659,0.2588,-0.9964,-0.0848,0,0,0,49.7,50.1,49.2,-2.0,-1.9
safdarjung_hospital,Safdarjung Hospital & VMMC,healthcare,28.5702,77.2075,2026-09-26T20:00,2026,9,26,20,269,47.1,48.3,48.0,30.5,722.0,15.0,2.0,22.7,86.0,20.3,978.7,6.2,338.0,270.0,0.9752,45.93,2.323,-5.749,0.1105,5.706,-0.866,0.5,-0.9964,-0.0848,0,0,0,47.3,49.7,44.8,2.2,2.3
safdarjung_hospital,Safdarjung Hospital & VMMC,healthcare,28.5702,77.2075,2026-09-26T21:00,2026,9,26,21,269,49.7,50.9,47.4,30.0,688.0,12.0,2.0,22.9,84.0,20.0,978.8,4.0,360.0,210.0,0.9764,48.53,0.0,-4.0,0.0935,2.828,-0.7071,0.7071,-0.9964,-0.0848,0,0,0,47.1,47.3,43.7,2.8,6.0
safdarjung_hospital,Safdarjung Hospital & VMMC,healthcare,28.5702,77.2075,2026-09-26T22:00,2026,9,26,22,269,52.3,54.2,46.8,29.1,689.0,9.0,4.0,23.1,84.0,20.2,978.5,0.9,323.0,65.0,0.9649,50.47,0.542,-0.719,0.1215,0.891,-0.5,0.866,-0.9964,-0.0848,0,0,0,49.7,47.1,44.4,-0.0,7.9
safdarjung_hospital,Safdarjung Hospital & VMMC,healthcare,28.5702,77.2075,2026-09-26T23:00,2026,9,26,23,269,54.5,58.1,45.8,27.7,701.0,7.0,8.0,23.1,84.0,20.2,979.0,3.0,52.0,110.0,0.938,51.12,-2.364,-1.847,0.0765,0.0,-0.2588,0.9659,-0.9964,-0.0848,0,0,0,52.3,49.7,50.6,-0.4,3.9
safdarjung_hospital,Safdarjung Hospital & VMMC,healthcare,28.5702,77.2075,2026-09-27T00:00,2026,9,27,0,270,23.9,24.3,24.8,19.8,695.0,47.0,1.0,22.4,94.0,21.3,979.6,2.6,245.0,175.0,0.98,23.42,2.356,1.099,0.136,0.889,0.0,1.0,-0.9977,-0.0677,0,0,0,54.5,52.3,39.5,-32.8,-15.6
safdarjung_hospital,Safdarjung Hospital & VMMC,healthcare,28.5702,77.2075,2026-09-27T01:00,2026,9,27,1,270,28.5,28.9,25.0,22.3,656.0,50.0,0.0,22.2,94.0,21.1,980.4,9.5,248.0,235.0,0.98,27.93,8.808,3.559,0.153,3.711,0.2588,0.9659,-0.9977,-0.0677,0,0,0,23.9,54.5,43.4,35.2,-14.9
safdarjung_hospital,Safdarjung Hospital & VMMC,healthcare,28.5702,77.2075,2026-09-27T02:00,2026,9,27,2,270,27.4,27.6,25.2,25.9,600.0,56.0,0.0,22.8,89.0,20.9,981.5,5.6,263.0,255.0,0.98,26.85,5.558,0.682,0.102,3.447,0.5,0.866,-0.9977,-0.0677,0,0,0,28.5,23.9,41.7,-5.7,-14.3
safdarjung_hospital,Safdarjung Hospital & VMMC,healthcare,28.5702,77.2075,2026-09-27T03:00,2026,9,27,3,270,26.3,26.5,24.3,29.4,545.0,69.0,1.0,23.9,85.0,21.2,982.5,2.0,27.0,240.0,0.98,25.77,-0.908,-1.782,0.0085,0.618,0.7071,0.7071,-0.9977,-0.0677,0,0,0,27.4,28.5,40.3,0.0,-14.0
safdarjung_hospital,Safdarjung Hospital & VMMC,healthcare,28.5702,77.2075,2026-09-27T04:00,2026,9,27,4,270,22.8,23.3,21.7,33.1,498.0,94.0,1.0,25.5,78.0,21.3,982.8,3.4,335.0,305.0,0.9785,22.31,1.437,-3.081,0.0,3.194,0.866,0.5,-0.9977,-0.0677,0,0,0,26.3,27.4,42.0,-2.4,-19.2
safdarjung_hospital,Safdarjung Hospital & VMMC,healthcare,28.5702,77.2075,2026-09-27T05:00,2026,9,27,5,270,21.0,25.0,18.0,36.6,452.0,126.0,5.0,27.1,68.0,20.8,983.3,5.7,24.0,650.0,0.84,17.64,-2.318,-5.207,0.0,2.042,0.9659,0.2588,-0.9977,-0.0677,0,0,0,22.8,26.3,39.8,1.7,-18.8
safdarjung_hospital,Safdarjung Hospital & VMMC,healthcare,28.5702,77.2075,2026-09-27T06:00,2026,9,27,6,270,23.2,45.3,14.6,38.1,411.0,151.0,43.0,28.4,62.0,20.5,983.5,7.5,44.0,1095.0,0.5121,11.88,-5.21,-5.395,0.0,0.131,1.0,0.0,-0.9977,-0.0677,0,0,0,21.0,22.8,45.3,4.0,-22.1
safdarjung_hospital,Safdarjung Hospital & VMMC,healthcare,28.5702,77.2075,2026-09-27T07:00,2026,9,27,7,270,30.2,97.1,11.4,35.9,368.0,168.0,143.0,28.2,63.0,20.5,983.1,7.6,52.0,1015.0,0.311,9.39,-5.989,-4.679,0.0,0.0,0.9659,-0.2588,-0.9977,-0.0677,0,0,1,23.2,21.0,51.5,4.8,-21.3
safdarjung_hospital,Safdarjung Hospital & VMMC,healthcare,28.5702,77.2075,2026-09-27T08:00,2026,9,27,8,270,38.3,160.2,8.4,31.7,329.0,179.0,277.0,28.5,61.0,20.4,982.7,7.9,47.0,1100.0,0.2391,9.16,-5.778,-5.388,0.0,0.0,0.866,-0.5,-0.9977,-0.0677,0,0,1,30.2,23.2,54.5,1.1,-16.2
safdarjung_hospital,Safdarjung Hospital & VMMC,healthcare,28.5702,77.2075,2026-09-27T09:00,2026,9,27,9,270,45.6,245.9,7.3,28.2,317.0,178.0,385.0,28.6,60.0,20.2,982.0,8.5,38.0,1065.0,0.2,9.12,-5.233,-6.698,0.0,1.036,0.7071,-0.7071,-0.9977,-0.0677,0,0,1,38.3,30.2,55.1,-0.8,-9.5
safdarjung_hospital,Safdarjung Hospital & VMMC,healthcare,28.5702,77.2075,2026-09-27T10:00,2026,9,27,10,270,50.1,311.1,8.6,26.2,350.0,159.0,458.0,28.3,61.0,20.1,981.4,9.4,42.0,915.0,0.2,10.02,-6.29,-6.986,0.0,0.492,0.5,-0.866,-0.9977,-0.0677,0,0,0,45.6,38.3,54.0,-2.8,-3.9
safdarjung_hospital,Safdarjung Hospital & VMMC,healthcare,28.5702,77.2075,2026-09-27T11:00,2026,9,27,11,270,50.1,329.7,11.7,24.8,409.0,129.0,506.0,27.5,63.0,19.9,981.0,8.8,44.0,720.0,0.2,10.02,-6.113,-6.33,0.0,0.154,0.2588,-0.9659,-0.9977,-0.0677,0,0,0,50.1,45.6,52.0,-4.5,-1.9
safdarjung_hospital,Safdarjung Hospital & VMMC,healthcare,28.5702,77.2075,2026-09-27T12:00,2026,9,27,12,270,47.7,207.7,18.8,29.2,465.0,125.0,308.0,26.4,71.0,20.7,981.1,12.7,51.0,755.0,0.2297,10.95,-9.87,-7.992,0.0,0.0,0.0,-1.0,-0.9977,-0.0677,0,0,0,50.1,50.1,67.5,-2.4,-19.8
safdarjung_hospital,Safdarjung Hospital & VMMC,healthcare,28.5702,77.2075,2026-09-27T13:00,2026,9,27,13,270,48.8,184.4,25.2,29.9,511.0,104.0,280.0,24.7,80.0,20.9,981.6,10.8,48.0,480.0,0.2646,12.91,-8.026,-7.227,0.0,0.0,-0.2588,-0.9659,-0.9977,-0.0677,0,0,0,47.7,50.1,51.8,3.5,-3.0
safdarjung_hospital,Safdarjung Hospital & VMMC,healthcare,28.5702,77.2075,2026-09-27T14:00,2026,9,27,14,270,49.1,163.9,34.1,30.8,553.0,74.0,239.0,24.0,83.0,20.9,982.3,7.2,51.0,410.0,0.2996,14.71,-5.595,-4.531,0.0,0.0,-0.5,-0.866,-0.9977,-0.0677,0,0,0,48.8,47.7,49.6,-0.8,-0.5
safdarjung_hospital,Safdarjung Hospital & VMMC,healthcare,28.5702,77.2075,2026-09-27T15:00,2026,9,27,15,270,47.5,149.5,40.6,31.1,580.0,50.0,194.0,23.5,86.0,21.0,982.9,5.7,58.0,365.0,0.3177,15.09,-4.834,-3.021,0.0425,0.0,-0.7071,-0.7071,-0.9977,-0.0677,0,0,0,49.1,48.8,48.8,-1.9,-1.3
safdarjung_hospital,Safdarjung Hospital & VMMC,healthcare,28.5702,77.2075,2026-09-27T16:00,2026,9,27,16,270,45.4,133.6,42.5,30.4,584.0,38.0,140.0,23.1,89.0,21.2,983.2,4.0,72.0,330.0,0.3398,15.43,-3.804,-1.236,0.0765,0.0,-0.866,-0.5,-0.9977,-0.0677,0,0,0,47.5,49.1,49.1,-0.5,-3.7
safdarjung_hospital,Safdarjung Hospital & VMMC,healthcare,28.5702,77.2075,2026-09-27T17:00,2026,9,27,17,270,41.4,89.9,42.2,29.1,574.0,31.0,82.0,22.8,92.0,21.4,983.1,4.3,68.0,290.0,0.4605,19.07,-3.987,-1.611,0.102,0.0,-0.9659,-0.2588,-0.9977,-0.0677,0,0,0,45.4,47.5,50.1,-1.9,-8.7
safdarjung_hospital,Safdarjung Hospital & VMMC,healthcare,28.5702,77.2075,2026-09-27T18:00,2026,9,27,18,270,38.1,59.4,41.8,28.1,565.0,26.0,38.0,23.9,92.0,22.5,982.9,2.4,63.0,435.0,0.6414,24.44,-2.138,-1.09,0.0085,0.0,-1.0,-0.0,-0.9977,-0.0677,0,0,0,41.4,45.4,49.7,0.7,-11.6
safdarjung_hospital,Safdarjung Hospital & VMMC,healthcare,28.5702,77.2075,2026-09-27T19:00,2026,9,27,19,270,37.1,51.0,41.9,27.4,564.0,22.0,18.0,23.2,95.0,22.3,982.3,2.3,23.0,265.0,0.7275,26.99,-0.899,-2.117,0.068,0.861,-0.9659,0.2588,-0.9977,-0.0677,0,0,0,38.1,41.4,47.3,2.3,-10.2
safdarjung_hospital,Safdarjung Hospital & VMMC,healthcare,28.5702,77.2075,2026-09-27T20:00,2026,9,27,20,270,39.1,47.3,42.1,26.9,565.0,20.0,13.0,23.1,96.0,22.4,982.1,4.9,28.0,300.0,0.8266,32.32,-2.3,-4.326,0.0765,1.432,-0.866,0.5,-0.9977,-0.0677,0,0,0,37.1,38.1,47.1,3.0,-8.0
safdarjung_hospital,Safdarjung Hospital & VMMC,healthcare,28.5702,77.2075,2026-09-27T21:00,2026,9,27,21,270,41.3,46.7,43.1,27.0,563.0,18.0,10.0,22.9,96.0,22.3,981.8,5.5,32.0,285.0,0.8844,36.52,-2.915,-4.664,0.0935,1.237,-0.7071,0.7071,-0.9977,-0.0677,0,0,0,39.1,37.1,49.7,0.2,-8.4
safdarjung_hospital,Safdarjung Hospital & VMMC,healthcare,28.5702,77.2075,2026-09-27T22:00,2026,9,27,22,270,44.1,48.9,46.8,27.9,550.0,11.0,7.0,22.6,97.0,22.1,981.5,4.2,36.0,250.0,0.9018,39.77,-2.469,-3.398,0.119,0.657,-0.5,0.866,-0.9977,-0.0677,0,0,0,41.3,39.1,52.3,0.6,-8.2
safdarjung_hospital,Safdarjung Hospital & VMMC,healthcare,28.5702,77.2075,2026-09-27T23:00,2026,9,27,23,270,47.1,51.5,51.3,29.4,533.0,4.0,6.0,22.2,97.0,21.7,981.5,2.8,40.0,220.0,0.9146,43.08,-1.8,-2.145,0.153,0.244,-0.2588,0.9659,-0.9977,-0.0677,0,0,0,44.1,41.3,54.5,0.2,-7.4
safdarjung_hospital,Safdarjung Hospital & VMMC,healthcare,28.5702,77.2075,2026-09-28T00:00,2026,9,28,0,271,33.4,57.9,31.2,30.5,535.0,35.0,44.0,23.1,95.0,22.2,981.3,3.6,6.0,215.0,0.5769,19.27,-0.376,-3.58,0.0765,2.265,0.0,1.0,-0.9987,-0.0505,0,0,0,47.1,44.1,23.9,-16.7,9.5
safdarjung_hospital,Safdarjung Hospital & VMMC,healthcare,28.5702,77.2075,2026-09-28T01:00,2026,9,28,1,271,37.6,52.4,30.7,32.5,574.0,38.0,32.0,22.9,95.0,22.0,981.4,1.9,17.0,150.0,0.7176,26.98,-0.556,-1.817,0.1485,0.892,0.2588,0.9659,-0.9987,-0.0505,0,0,0,33.4,47.1,28.5,17.9,9.1
safdarjung_hospital,Safdarjung Hospital & VMMC,healthcare,28.5702,77.2075,2026-09-28T02:00,2026,9,28,2,271,36.3,42.6,29.9,35.3,632.0,45.0,17.0,23.6,90.0,21.9,982.3,1.1,270.0,260.0,0.8521,30.93,1.1,0.0,0.054,0.778,0.5,0.866,-0.9987,-0.0505,0,0,0,37.6,33.4,27.4,-5.5,8.9
safdarjung_hospital,Safdarjung Hospital & VMMC,healthcare,28.5702,77.2075,2026-09-28T03:00,2026,9,28,3,271,28.1,32.4,27.8,36.8,668.0,58.0,8.0,24.3,86.0,21.8,983.0,3.3,241.0,325.0,0.8673,24.37,2.886,1.6,0.0,0.909,0.7071,0.7071,-0.9987,-0.0505,0,0,0,36.3,37.6,26.3,-6.9,1.8
safdarjung_hospital,Safdarjung Hospital & VMMC,healthcare,28.5702,77.2075,2026-09-28T04:00,2026,9,28,4,271,30.5,38.6,23.5,36.2,667.0,84.0,12.0,25.1,81.0,21.6,983.9,4.3,272.0,505.0,0.7902,24.1,4.297,-0.15,0.0,3.144,0.866,0.5,-0.9987,-0.0505,0,0,0,28.1,36.3,22.8,10.6,7.7
safdarjung_hospital,Safdarjung Hospital & VMMC,healthcare,28.5702,77.2075,2026-09-28T05:00,2026,9,28,5,271,33.9,47.1,18.0,34.3,644.0,118.0,23.0,25.7,77.0,21.4,984.3,5.4,304.0,600.0,0.7197,24.4,4.477,-3.02,0.0,5.3,0.9659,0.2588,-0.9987,-0.0505,0,0,0,30.5,28.1,21.0,1.0,12.9
safdarjung_hospital,Safdarjung Hospital & VMMC,healthcare,28.5702,77.2075,2026-09-28T06:00,2026,9,28,6,271,37.3,53.2,13.5,32.2,612.0,148.0,31.0,26.7,68.0,20.2,984.7,9.0,290.0,885.0,0.7011,26.15,8.457,-3.078,0.0,8.156,1.0,0.0,-0.9987,-0.0505,0,0,0,33.9,30.5,23.2,0.0,14.1
safdarjung_hospital,Safdarjung Hospital & VMMC,healthcare,28.5702,77.2075,2026-09-28T07:00,2026,9,28,7,271,39.1,55.9,10.1,29.8,561.0,173.0,33.0,27.4,65.0,20.3,984.0,10.7,284.0,895.0,0.6995,27.35,10.382,-2.589,0.0,9.17,0.9659,-0.2588,-0.9987,-0.0505,0,0,1,37.3,33.9,30.2,-1.6,8.9
safdarjung_hospital,Safdarjung Hospital & VMMC,healthcare,28.5702,77.2075,2026-09-28T08:00,2026,9,28,8,271,40.5,56.9,7.7,27.1,500.0,194.0,33.0,27.8,65.0,20.6,983.4,11.2,291.0,890.0,0.7118,28.83,10.456,-4.014,0.0,10.23,0.866,-0.5,-0.9987,-0.0505,0,0,1,39.1,37.3,38.3,-0.4,2.2
safdarjung_hospital,Safdarjung Hospital & VMMC,healthcare,28.5702,77.2075,2026-09-28T09:00,2026,9,28,9,271,40.6,56.8,8.6,24.9,467.0,202.0,31.0,28.2,63.0,20.4,982.8,12.5,309.0,950.0,0.7148,29.02,9.714,-7.867,0.0,12.43,0.7071,-0.7071,-0.9987,-0.0505,0,0,1,40.5,39.1,45.6,-1.3,-5.0
safdarjung_hospital,Safdarjung Hospital & VMMC,healthcare,28.5702,77.2075,2026-09-28T10:00,2026,9,28,10,271,39.9,54.8,13.1,22.9,475.0,190.0,28.0,27.6,65.0,20.4,982.9,14.3,333.0,940.0,0.7281,29.05,6.492,-12.741,0.0,13.598,0.5,-0.866,-0.9987,-0.0505,0,0,0,40.6,40.5,50.1,-0.8,-10.2
safdarjung_hospital,Safdarjung Hospital & VMMC,healthcare,28.5702,77.2075,2026-09-28T11:00,2026,9,28,11,271,39.3,53.3,20.9,21.4,510.0,165.0,23.0,25.9,76.0,21.3,983.2,14.3,353.0,660.0,0.7373,28.98,1.743,-14.193,0.0,11.267,0.2588,-0.9659,-0.9987,-0.0505,0,0,0,39.9,40.6,50.1,0.1,-10.8
safdarjung_hospital,Safdarjung Hospital & VMMC,healthcare,28.5702,77.2075,2026-09-28T12:00,2026,9,28,12,271,32.7,35.6,31.1,41.1,567.0,139.0,6.0,24.4,82.0,21.2,983.9,9.4,13.0,640.0,0.9185,30.04,-2.115,-9.159,0.0,4.98,0.0,-1.0,-0.9987,-0.0505,0,0,0,39.3,39.9,47.7,-6.0,-15.0
safdarjung_hospital,Safdarjung Hospital & VMMC,healthcare,28.5702,77.2075,2026-09-28T13:00,2026,9,28,13,271,38.4,41.2,43.7,42.4,667.0,111.0,5.0,23.7,85.0,20.9,984.2,4.9,28.0,440.0,0.932,35.79,-2.3,-4.326,0.0255,1.432,-0.2588,-0.9659,-0.9987,-0.0505,0,0,0,32.7,39.3,48.8,12.3,-10.4
safdarjung_hospital,Safdarjung Hospital & VMMC,healthcare,28.5702,77.2075,2026-09-28T14:00,2026,9,28,14,271,49.6,52.0,60.8,44.2,788.0,73.0,4.0,23.4,87.0,21.1,985.2,3.5,336.0,340.0,0.9538,47.31,1.424,-3.197,0.051,3.267,-0.5,-0.866,-0.9987,-0.0505,0,0,0,38.4,32.7,49.1,5.5,0.5
safdarjung_hospital,Safdarjung Hospital & VMMC,healthcare,28.5702,77.2075,2026-09-28T15:00,2026,9,28,15,271,56.6,58.7,71.7,44.4,860.0,43.0,4.0,23.2,89.0,21.2,985.7,5.7,314.0,275.0,0.9642,54.58,4.1,-3.96,0.068,5.698,-0.7071,-0.7071,-0.9987,-0.0505,0,0,0,49.6,38.4,47.5,-4.2,9.1
safdarjung_hospital,Safdarjung Hospital & VMMC,healthcare,28.5702,77.2075,2026-09-28T16:00,2026,9,28,16,271,57.6,59.8,70.9,42.0,848.0,31.0,7.0,22.9,91.0,21.3,986.0,6.8,299.0,235.0,0.9632,55.48,5.947,-3.297,0.0935,6.536,-0.866,-0.5,-0.9987,-0.0505,0,0,0,56.6,49.6,45.4,-6.0,12.2
safdarjung_hospital,Safdarjung Hospital & VMMC,healthcare,28.5702,77.2075,2026-09-28T17:00,2026,9,28,17,271,56.1,60.5,64.0,38.1,786.0,28.0,11.0,22.6,93.0,21.4,986.2,7.5,303.0,275.0,0.9273,52.02,6.29,-4.085,0.119,7.335,-0.9659,-0.2588,-0.9987,-0.0505,0,0,0,57.6,56.6,41.4,-2.5,14.7
safdarjung_hospital,Safdarjung Hospital & VMMC,healthcare,28.5702,77.2075,2026-09-28T18:00,2026,9,28,18,271,54.0,61.9,56.4,34.5,712.0,28.0,15.0,23.1,91.0,21.5,986.1,7.0,310.0,350.0,0.8724,47.11,5.362,-4.5,0.0765,6.972,-1.0,-0.0,-0.9987,-0.0505,0,0,0,56.1,57.6,38.1,-0.6,15.9
safdarjung_hospital,Safdarjung Hospital & VMMC,healthcare,28.5702,77.2075,2026-09-28T19:00,2026,9,28,19,271,52.5,62.4,49.3,31.7,623.0,30.0,17.0,22.5,93.0,21.3,986.1,7.1,294.0,285.0,0.8413,44.17,6.486,-2.888,0.1275,6.627,-0.9659,0.2588,-0.9987,-0.0505,0,0,0,54.0,56.1,37.1,0.6,15.4
safdarjung_hospital,Safdarjung Hospital & VMMC,healthcare,28.5702,77.2075,2026-09-28T20:00,2026,9,28,20,271,51.8,62.4,41.6,29.2,520.0,34.0,19.0,22.3,93.0,21.2,985.9,6.1,304.0,235.0,0.8301,43.0,5.057,-3.411,0.1445,5.987,-0.866,0.5,-0.9987,-0.0505,0,0,0,52.5,54.0,39.1,0.8,12.7
safdarjung_hospital,Safdarjung Hospital & VMMC,healthcare,28.5702,77.2075,2026-09-28T21:00,2026,9,28,21,271,51.3,61.7,35.6,27.4,449.0,37.0,20.0,22.1,94.0,21.0,985.7,5.4,326.0,195.0,0.8314,42.65,3.02,-4.477,0.1615,5.3,-0.7071,0.7071,-0.9987,-0.0505,0,0,0,51.8,52.5,41.3,0.2,10.0
safdarjung_hospital,Safdarjung Hospital & VMMC,healthcare,28.5702,77.2075,2026-09-28T22:00,2026,9,28,22,271,51.8,67.8,32.4,26.5,421.0,36.0,19.0,22.0,94.0,21.0,985.7,5.9,322.0,195.0,0.764,39.58,3.632,-4.649,0.17,5.855,-0.5,0.866,-0.9987,-0.0505,0,0,0,51.3,51.8,44.1,1.0,7.7
safdarjung_hospital,Safdarjung Hospital & VMMC,healthcare,28.5702,77.2075,2026-09-28T23:00,2026,9,28,23,271,52.3,64.7,31.0,26.3,424.0,34.0,17.0,22.0,93.0,20.9,985.7,5.9,325.0,185.0,0.8083,42.28,3.384,-4.833,0.17,5.809,-0.2588,0.9659,-0.9987,-0.0505,0,0,0,51.8,51.3,47.1,0.0,5.2
safdarjung_hospital,Safdarjung Hospital & VMMC,healthcare,28.5702,77.2075,2026-09-29T00:00,2026,9,29,0,272,54.4,70.5,33.2,30.6,464.0,32.0,30.0,22.3,94.0,21.2,985.9,5.4,318.0,170.0,0.7716,41.98,3.613,-4.013,0.1445,5.392,0.0,1.0,-0.9994,-0.0333,0,0,0,52.3,51.8,33.4,1.6,21.0
safdarjung_hospital,Safdarjung Hospital & VMMC,healthcare,28.5702,77.2075,2026-09-29T01:00,2026,9,29,1,272,57.2,71.7,32.3,31.2,582.0,38.0,11.0,22.0,95.0,21.1,986.6,5.4,304.0,155.0,0.7978,45.63,4.477,-3.02,0.17,5.3,0.2588,0.9659,-0.9994,-0.0333,0,0,0,54.4,52.3,37.6,0.7,19.6
safdarjung_hospital,Safdarjung Hospital & VMMC,healthcare,28.5702,77.2075,2026-09-29T02:00,2026,9,29,2,272,54.0,68.7,30.8,31.9,737.0,48.0,0.0,22.9,92.0,21.5,987.3,5.4,300.0,220.0,0.786,42.45,4.677,-2.7,0.0935,5.215,0.5,0.866,-0.9994,-0.0333,0,0,0,57.2,54.4,36.3,-6.0,17.7
safdarjung_hospital,Safdarjung Hospital & VMMC,healthcare,28.5702,77.2075,2026-09-29T03:00,2026,9,29,3,272,44.1,60.1,28.0,31.6,815.0,65.0,30.0,24.2,86.0,21.7,987.9,5.9,320.0,350.0,0.7338,32.36,3.792,-4.52,0.0,5.877,0.7071,0.7071,-0.9994,-0.0333,0,0,0,54.0,57.2,28.1,-6.7,16.0
safdarjung_hospital,Safdarjung Hospital & VMMC,healthcare,28.5702,77.2075,2026-09-29T04:00,2026,9,29,4,272,34.3,57.2,22.7,29.7,740.0,96.0,173.0,25.7,77.0,21.3,988.2,6.7,329.0,585.0,0.5997,20.57,3.451,-5.743,0.0,6.5,0.866,0.5,-0.9994,-0.0333,0,0,0,44.1,54.0,30.5,0.1,3.8
safdarjung_hospital,Safdarjung Hospital & VMMC,healthcare,28.5702,77.2075,2026-09-29T05:00,2026,9,29,5,272,52.6,257.0,16.0,26.9,587.0,133.0,374.0,27.0,71.0,21.2,988.0,8.0,329.0,715.0,0.2047,10.77,4.12,-6.857,0.0,7.761,0.9659,0.2588,-0.9994,-0.0333,0,0,0,34.3,44.1,33.9,28.1,18.7
safdarjung_hospital,Safdarjung Hospital & VMMC,healthcare,28.5702,77.2075,2026-09-29T06:00,2026,9,29,6,272,60.5,340.9,10.7,24.0,468.0,162.0,540.0,29.0,62.0,21.1,988.2,8.8,321.0,1155.0,0.2,12.1,5.538,-6.839,0.0,8.75,1.0,0.0,-0.9994,-0.0333,0,0,0,52.6,34.3,37.3,-10.4,23.2
safdarjung_hospital,Safdarjung Hospital & VMMC,healthcare,28.5702,77.2075,2026-09-29T07:00,2026,9,29,7,272,65.0,383.7,7.4,20.9,420.0,175.0,636.0,29.8,58.0,20.5,987.5,10.1,316.0,1275.0,0.2,13.0,7.016,-7.265,0.0,10.097,0.9659,-0.2588,-0.9994,-0.0333,0,0,1,60.5,52.6,39.1,-3.4,25.9
safdarjung_hospital,Safdarjung Hospital & VMMC,healthcare,28.5702,77.2075,2026-09-29T08:00,2026,9,29,8,272,68.5,422.8,5.6,17.7,406.0,180.0,698.0,30.4,55.0,20.4,986.3,11.1,316.0,1355.0,0.2,13.7,7.711,-7.985,0.0,11.097,0.866,-0.5,-0.9994,-0.0333,0,0,1,65.0,60.5,40.5,-1.0,28.0
safdarjung_hospital,Safdarjung Hospital & VMMC,healthcare,28.5702,77.2075,2026-09-29T09:00,2026,9,29,9,272,72.2,455.4,6.3,15.4,427.0,177.0,746.0,30.8,53.0,20.2,985.4,11.6,318.0,1445.0,0.2,14.44,7.762,-8.62,0.0,11.582,0.7071,-0.7071,-0.9994,-0.0333,0,0,1,68.5,65.0,40.6,0.2,31.6
safdarjung_hospital,Safdarjung Hospital & VMMC,healthcare,28.5702,77.2075,2026-09-29T10:00,2026,9,29,10,272,77.8,495.5,10.8,14.6,498.0,166.0,789.0,30.7,54.0,20.2,984.9,11.6,318.0,1415.0,0.2,15.56,7.762,-8.62,0.0,11.582,0.5,-0.866,-0.9994,-0.0333,0,0,0,72.2,68.5,39.9,1.9,37.9
safdarjung_hospital,Safdarjung Hospital & VMMC,healthcare,28.5702,77.2075,2026-09-29T11:00,2026,9,29,11,272,89.4,551.3,17.7,14.7,604.0,147.0,818.0,30.2,57.0,20.7,984.7,10.4,316.0,1310.0,0.2,17.88,7.224,-7.481,0.0,10.397,0.2588,-0.9659,-0.9994,-0.0333,0,0,0,77.8,72.2,39.3,6.0,50.1
safdarjung_hospital,Safdarjung Hospital & VMMC,healthcare,28.5702,77.2075,2026-09-29T12:00,2026,9,29,12,272,69.8,386.5,21.9,15.7,695.0,126.0,615.0,29.3,61.0,21.0,984.9,9.8,311.0,1175.0,0.2,13.96,7.396,-6.429,0.0,9.775,0.0,-1.0,-0.9994,-0.0333,0,0,0,89.4,77.8,32.7,-31.2,37.1
safdarjung_hospital,Safdarjung Hospital & VMMC,healthcare,28.5702,77.2075,2026-09-29T13:00,2026,9,29,13,272,76.4,372.5,29.5,18.0,760.0,108.0,577.0,27.8,67.0,21.2,985.2,6.9,303.0,315.0,0.2051,15.67,5.787,-3.758,0.0,6.748,-0.2588,-0.9659,-0.9994,-0.0333,0,0,0,69.8,89.4,38.4,26.2,38.0
safdarjung_hospital,Safdarjung Hospital & VMMC,healthcare,28.5702,77.2075,2026-09-29T14:00,2026,9,29,14,272,79.9,341.8,39.8,21.2,811.0,84.0,525.0,27.2,70.0,21.3,985.8,7.1,306.0,290.0,0.2338,18.68,5.744,-4.173,0.0,7.012,-0.5,-0.866,-0.9994,-0.0333,0,0,0,76.4,69.8,49.6,-3.1,30.3
safdarjung_hospital,Safdarjung Hospital & VMMC,healthcare,28.5702,77.2075,2026-09-29T15:00,2026,9,29,15,272,82.7,337.1,46.3,23.3,830.0,67.0,489.0,26.5,73.0,21.4,986.3,6.8,310.0,265.0,0.2453,20.29,5.209,-4.371,0.0,6.773,-0.7071,-0.7071,-0.9994,-0.0333,0,0,0,79.9,76.4,56.6,-0.7,26.1
safdarjung_hospital,Safdarjung Hospital & VMMC,healthcare,28.5702,77.2075,2026-09-29T16:00,2026,9,29,16,272,84.3,339.9,45.6,23.5,803.0,63.0,484.0,25.8,76.0,21.4,986.6,6.0,311.0,195.0,0.248,20.91,4.528,-3.936,0.0,5.984,-0.866,-0.5,-0.9994,-0.0333,0,0,0,82.7,79.9,57.6,-1.2,26.7
safdarjung_hospital,Safdarjung Hospital & VMMC,healthcare,28.5702,77.2075,2026-09-29T17:00,2026,9,29,17,272,85.2,345.5,41.0,22.6,744.0,65.0,494.0,25.2,79.0,21.2,986.5,5.7,307.0,160.0,0.2466,21.01,4.552,-3.43,0.0,5.644,-0.9659,-0.2588,-0.9994,-0.0333,0,0,0,84.3,82.7,56.1,-0.7,29.1
safdarjung_hospital,Safdarjung Hospital & VMMC,healthcare,28.5702,77.2075,2026-09-29T18:00,2026,9,29,18,272,84.1,347.4,36.0,21.7,681.0,68.0,501.0,25.4,80.0,21.6,986.1,6.7,308.0,250.0,0.2421,20.36,5.28,-4.125,0.0,6.649,-1.0,-0.0,-0.9994,-0.0333,0,0,0,85.2,84.3,54.0,-2.0,30.1
safdarjung_hospital,Safdarjung Hospital & VMMC,healthcare,28.5702,77.2075,2026-09-29T19:00,2026,9,29,19,272,81.5,343.7,31.1,20.8,613.0,72.0,500.0,24.6,82.0,21.3,985.8,6.7,301.0,185.0,0.2371,19.33,5.743,-3.451,0.0,6.5,-0.9659,0.2588,-0.9994,-0.0333,0,0,0,84.1,85.2,52.5,-1.5,29.0
safdarjung_hospital,Safdarjung Hospital & VMMC,healthcare,28.5702,77.2075,2026-09-29T20:00,2026,9,29,20,272,78.5,337.1,25.7,19.8,541.0,76.0,495.0,24.2,83.0,21.1,985.4,7.0,302.0,195.0,0.2329,18.28,5.936,-3.709,0.0,6.82,-0.866,0.5,-0.9994,-0.0333,0,0,0,81.5,84.1,51.8,-0.4,26.7
safdarjung_hospital,Safdarjung Hospital & VMMC,healthcare,28.5702,77.2075,2026-09-29T21:00,2026,9,29,21,272,75.2,326.9,21.8,19.1,493.0,79.0,478.0,23.9,84.0,21.0,985.1,6.4,302.0,180.0,0.23,17.3,5.428,-3.391,0.0085,6.235,-0.7071,0.7071,-0.9994,-0.0333,0,0,0,78.5,81.5,51.3,-0.3,23.9
safdarjung_hospital,Safdarjung Hospital & VMMC,healthcare,28.5702,77.2075,2026-09-29T22:00,2026,9,29,22,272,70.8,305.5,19.9,19.0,470.0,78.0,435.0,23.5,85.0,20.9,985.1,5.8,296.0,160.0,0.2318,16.41,5.213,-2.543,0.0425,5.483,-0.5,0.866,-0.9994,-0.0333,0,0,0,75.2,78.5,51.8,-1.1,19.0
safdarjung_hospital,Safdarjung Hospital & VMMC,healthcare,28.5702,77.2075,2026-09-29T23:00,2026,9,29,23,272,66.1,276.6,19.4,19.3,472.0,75.0,380.0,23.2,87.0,20.9,985.1,5.8,284.0,140.0,0.239,15.8,5.628,-1.403,0.068,4.971,-0.2588,0.9659,-0.9994,-0.0333,0,0,0,70.8,75.2,52.3,-0.3,13.8
safdarjung_hospital,Safdarjung Hospital & VMMC,healthcare,28.5702,77.2075,2026-09-30T00:00,2026,9,30,0,273,57.9,204.4,20.8,22.2,522.0,79.0,277.0,23.9,87.0,21.6,985.4,5.7,279.0,120.0,0.2833,16.4,5.63,-0.892,0.0085,4.611,0.0,1.0,-0.9999,-0.0161,0,0,0,66.1,70.8,54.4,-3.5,3.5
safdarjung_hospital,Safdarjung Hospital & VMMC,healthcare,28.5702,77.2075,2026-09-30T01:00,2026,9,30,1,273,58.7,197.0,23.8,23.2,682.0,82.0,279.0,23.5,89.0,21.6,986.0,6.5,273.0,120.0,0.298,17.49,6.491,-0.34,0.0425,4.83,0.2588,0.9659,-0.9999,-0.0161,0,0,0,57.9,66.1,57.2,9.0,1.5
safdarjung_hospital,Safdarjung Hospital & VMMC,healthcare,28.5702,77.2075,2026-09-30T02:00,2026,9,30,2,273,68.7,244.9,27.6,24.7,891.0,87.0,284.0,24.4,87.0,22.2,986.4,7.0,274.0,185.0,0.2805,19.27,6.983,-0.488,0.0,5.282,0.5,0.866,-0.9999,-0.0161,0,0,0,58.7,57.9,54.0,9.2,14.7
safdarjung_hospital,Safdarjung Hospital & VMMC,healthcare,28.5702,77.2075,2026-09-30T03:00,2026,9,30,3,273,62.6,225.4,28.3,25.6,991.0,101.0,310.0,26.0,81.0,22.5,987.4,6.4,281.0,400.0,0.2777,17.39,6.282,-1.221,0.0,5.305,0.7071,0.7071,-0.9999,-0.0161,0,0,0,68.7,58.7,44.1,-16.1,18.5
safdarjung_hospital,Safdarjung Hospital & VMMC,healthcare,28.5702,77.2075,2026-09-30T04:00,2026,9,30,4,273,58.8,236.1,22.9,25.9,880.0,133.0,366.0,27.7,72.0,22.2,987.8,8.1,291.0,745.0,0.249,14.64,7.562,-2.903,0.0,7.399,0.866,0.5,-0.9999,-0.0161,0,0,0,62.6,68.7,34.3,2.3,24.5
safdarjung_hospital,Safdarjung Hospital & VMMC,healthcare,28.5702,77.2075,2026-09-30T05:00,2026,9,30,5,273,62.2,275.7,14.4,25.6,660.0,174.0,441.0,29.1,64.0,21.7,988.0,9.9,295.0,1040.0,0.2256,14.03,8.972,-4.184,0.0,9.302,0.9659,0.2588,-0.9999,-0.0161,0,0,0,58.8,62.6,52.6,7.2,9.6
safdarjung_hospital,Safdarjung Hospital & VMMC,healthcare,28.5702,77.2075,2026-09-30T06:00,2026,9,30,6,273,69.8,341.8,7.9,24.6,486.0,201.0,526.0,31.2,54.0,20.7,987.9,13.2,300.0,1455.0,0.2042,14.25,11.432,-6.6,0.0,12.748,1.0,0.0,-0.9999,-0.0161,0,0,0,62.2,58.8,60.5,4.2,9.3
safdarjung_hospital,Safdarjung Hospital & VMMC,healthcare,28.5702,77.2075,2026-09-30T07:00,2026,9,30,7,273,78.5,415.4,4.8,22.0,407.0,205.0,635.0,32.0,47.0,19.4,987.3,14.2,306.0,1530.0,0.2,15.7,11.488,-8.347,0.0,14.023,0.9659,-0.2588,-0.9999,-0.0161,0,0,1,69.8,62.2,65.0,1.1,13.5
safdarjung_hospital,Safdarjung Hospital & VMMC,healthcare,28.5702,77.2075,2026-09-30T08:00,2026,9,30,8,273,85.9,474.0,3.8,18.5,375.0,196.0,754.0,32.4,44.0,18.6,986.4,13.9,307.0,1635.0,0.2,17.18,11.101,-8.365,0.0,13.763,0.866,-0.5,-0.9999,-0.0161,0,0,1,78.5,69.8,68.5,-1.3,17.4
safdarjung_hospital,Safdarjung Hospital & VMMC,healthcare,28.5702,77.2075,2026-09-30T09:00,2026,9,30,9,273,89.9,510.4,5.7,16.2,393.0,182.0,821.0,32.5,42.0,18.0,985.8,13.4,306.0,1705.0,0.2,17.98,10.841,-7.876,0.0,13.233,0.7071,-0.7071,-0.9999,-0.0161,0,0,1,85.9,78.5,72.2,-3.4,17.7
safdarjung_hospital,Safdarjung Hospital & VMMC,healthcare,28.5702,77.2075,2026-09-30T10:00,2026,9,30,10,273,92.9,527.1,11.5,15.5,479.0,165.0,804.0,32.2,44.0,18.4,985.2,12.9,307.0,1565.0,0.2,18.58,10.302,-7.763,0.0,12.773,0.5,-0.866,-0.9999,-0.0161,0,0,0,89.9,85.9,77.8,-1.0,15.1
safdarjung_hospital,Safdarjung Hospital & VMMC,healthcare,28.5702,77.2075,2026-09-30T11:00,2026,9,30,11,273,96.9,521.5,20.3,15.8,615.0,142.0,737.0,31.4,49.0,19.2,984.8,11.0,311.0,1275.0,0.2,19.38,8.302,-7.217,0.0,10.972,0.2588,-0.9659,-0.9999,-0.0161,0,0,0,92.9,89.9,89.4,1.0,7.5
safdarjung_hospital,Safdarjung Hospital & VMMC,healthcare,28.5702,77.2075,2026-09-30T12:00,2026,9,30,12,273,95.0,529.0,26.7,16.7,759.0,117.0,844.0,30.3,53.0,19.7,984.9,9.3,314.0,850.0,0.2,19.0,6.69,-6.46,0.0,9.297,0.0,-1.0,-0.9999,-0.0161,0,0,0,96.9,92.9,69.8,-5.9,25.2
safdarjung_hospital,Safdarjung Hospital & VMMC,healthcare,28.5702,77.2075,2026-09-30T13:00,2026,9,30,13,273,95.2,452.6,37.6,21.1,926.0,98.0,765.0,28.4,62.0,20.5,985.0,5.6,312.0,205.0,0.2103,20.02,4.162,-3.747,0.0,5.591,-0.2588,-0.9659,-0.9999,-0.0161,0,0,0,95.0,96.9,76.4,2.1,18.8
safdarjung_hospital,Safdarjung Hospital & VMMC,healthcare,28.5702,77.2075,2026-09-30T14:00,2026,9,30,14,273,99.7,431.2,52.7,27.3,1099.0,72.0,656.0,27.8,66.0,20.8,985.6,5.6,335.0,180.0,0.2312,23.05,2.367,-5.075,0.0,5.261,-0.5,-0.866,-0.9999,-0.0161,0,0,0,95.2,95.0,79.9,4.3,19.8
safdarjung_hospital,Safdarjung Hospital & VMMC,healthcare,28.5702,77.2075,2026-09-30T15:00,2026,9,30,15,273,102.0,404.2,64.8,32.4,1186.0,50.0,581.0,27.2,69.0,21.0,986.2,6.3,358.0,205.0,0.2524,25.74,0.22,-6.296,0.0,4.607,-0.7071,-0.7071,-0.9999,-0.0161,0,0,0,99.7,95.2,82.7,-2.2,19.3
safdarjung_hospital,Safdarjung Hospital & VMMC,healthcare,28.5702,77.2075,2026-09-30T16:00,2026,9,30,16,273,107.6,407.9,71.9,35.7,1122.0,37.0,576.0,26.7,70.0,20.8,986.3,6.4,350.0,230.0,0.2638,28.38,1.111,-6.303,0.0,5.242,-0.866,-0.5,-0.9999,-0.0161,0,0,0,102.0,99.7,84.3,3.3,23.3
safdarjung_hospital,Safdarjung Hospital & VMMC,healthcare,28.5702,77.2075,2026-09-30T17:00,2026,9,30,17,273,114.8,434.0,76.0,37.9,972.0,30.0,605.0,26.0,72.0,20.6,986.3,5.3,342.0,205.0,0.2645,30.37,1.638,-5.041,0.0,4.722,-0.9659,-0.2588,-0.9999,-0.0161,0,0,0,107.6,102.0,85.2,1.6,29.6
safdarjung_hospital,Safdarjung Hospital & VMMC,healthcare,28.5702,77.2075,2026-09-30T18:00,2026,9,30,18,273,117.1,442.4,75.9,38.3,835.0,26.0,618.0,26.0,76.0,21.4,986.1,4.8,326.0,210.0,0.2647,31.0,2.684,-3.979,0.0,4.711,-1.0,-0.0,-0.9999,-0.0161,0,0,0,114.8,107.6,84.1,-4.9,33.0
safdarjung_hospital,Safdarjung Hospital & VMMC,healthcare,28.5702,77.2075,2026-09-30T19:00,2026,9,30,19,273,114.1,432.1,69.3,36.1,741.0,28.0,593.0,25.3,77.0,20.9,985.8,4.2,288.0,90.0,0.2641,30.13,3.994,-1.298,0.0,3.742,-0.9659,0.2588,-0.9999,-0.0161,0,0,0,117.1,114.8,81.5,-5.3,32.6
safdarjung_hospital,Safdarjung Hospital & VMMC,healthcare,28.5702,77.2075,2026-09-30T20:00,2026,9,30,20,273,109.9,410.7,58.6,32.2,660.0,34.0,553.0,24.7,79.0,20.8,985.6,4.6,279.0,75.0,0.2676,29.41,4.543,-0.72,0.0,3.721,-0.866,0.5,-0.9999,-0.0161,0,0,0,114.1,117.1,78.5,-1.2,31.4
safdarjung_hospital,Safdarjung Hospital & VMMC,healthcare,28.5702,77.2075,2026-09-30T21:00,2026,9,30,21,273,105.0,378.1,49.3,28.6,603.0,39.0,516.0,24.3,81.0,20.8,985.7,4.7,277.0,75.0,0.2777,29.16,4.665,-0.573,0.0,3.703,-0.7071,0.7071,-0.9999,-0.0161,0,0,0,109.9,114.1,75.2,-0.7,29.8
safdarjung_hospital,Safdarjung Hospital & VMMC,healthcare,28.5702,77.2075,2026-09-30T22:00,2026,9,30,22,273,99.9,342.7,43.1,25.8,556.0,40.0,482.0,24.0,82.0,20.8,985.7,5.0,270.0,80.0,0.2915,29.12,5.0,0.0,0.0,3.535,-0.5,0.866,-0.9999,-0.0161,0,0,0,105.0,109.9,70.8,-0.2,29.1
safdarjung_hospital,Safdarjung Hospital & VMMC,healthcare,28.5702,77.2075,2026-09-30T23:00,2026,9,30,23,273,97.1,331.6,38.4,23.4,532.0,40.0,452.0,23.8,83.0,20.8,985.4,6.1,270.0,95.0,0.2928,28.43,6.1,0.0,0.017,4.313,-0.2588,0.9659,-0.9999,-0.0161,0,0,0,99.9,105.0,66.1,2.3,31.0
safdarjung_hospital,Safdarjung Hospital & VMMC,healthcare,28.5702,77.2075,2026-10-01T00:00,2026,10,1,0,274,97.8,366.9,28.7,25.5,582.0,58.0,509.0,24.3,85.0,21.6,985.7,6.0,267.0,85.0,0.2666,26.07,5.992,0.314,0.0,4.014,0.0,1.0,-1.0,0.0011,0,0,0,97.1,99.9,57.9,3.5,39.9
safdarjung_hospital,Safdarjung Hospital & VMMC,healthcare,28.5702,77.2075,2026-10-01T01:00,2026,10,1,1,274,94.3,312.0,31.2,25.1,800.0,61.0,487.0,24.0,86.0,21.6,986.3,5.8,256.0,80.0,0.3022,28.5,5.628,1.403,0.0,2.987,0.2588,0.9659,-1.0,0.0011,0,0,0,97.8,97.1,58.7,-4.2,35.6
safdarjung_hospital,Safdarjung Hospital & VMMC,healthcare,28.5702,77.2075,2026-10-01T02:00,2026,10,1,2,274,99.4,328.8,34.2,24.5,1091.0,67.0,456.0,25.2,84.0,22.2,987.4,6.9,253.0,115.0,0.3023,30.05,6.599,2.017,0.0,3.239,0.5,0.866,-1.0,0.0011,0,0,0,94.3,97.8,68.7,8.6,30.7
safdarjung_hospital,Safdarjung Hospital & VMMC,healthcare,28.5702,77.2075,2026-10-01T03:00,2026,10,1,3,274,98.3,329.7,33.7,23.7,1224.0,82.0,439.0,26.9,79.0,23.1,988.4,5.5,257.0,225.0,0.2981,29.31,5.359,1.237,0.0,2.914,0.7071,0.7071,-1.0,0.0011,0,0,0,99.4,94.3,62.6,-6.2,35.7
safdarjung_hospital,Safdarjung Hospital & VMMC,healthcare,28.5702,77.2075,2026-10-01T04:00,2026,10,1,4,274,78.7,274.7,26.4,22.7,1042.0,116.0,437.0,28.9,71.0,23.1,989.0,7.2,264.0,650.0,0.2865,22.55,7.161,0.753,0.0,4.53,0.866,0.5,-1.0,0.0011,0,0,0,98.3,99.4,58.8,-18.5,19.9
safdarjung_hospital,Safdarjung Hospital & VMMC,healthcare,28.5702,77.2075,2026-10-01T05:00,2026,10,1,5,274,74.7,286.8,15.5,21.5,702.0,160.0,447.0,30.4,64.0,22.8,989.0,8.4,277.0,975.0,0.2605,19.46,8.337,-1.024,0.0,6.618,0.9659,0.2588,-1.0,0.0011,0,0,0,78.7,98.3,62.2,15.6,12.5
safdarjung_hospital,Safdarjung Hospital & VMMC,healthcare,28.5702,77.2075,2026-10-01T06:00,2026,10,1,6,274,78.2,328.8,7.4,19.8,435.0,188.0,483.0,32.4,52.0,21.2,989.1,11.9,299.0,1795.0,0.2378,18.6,10.408,-5.769,0.0,11.437,1.0,0.0,-1.0,0.0011,0,0,0,74.7,78.7,69.8,7.5,8.4
safdarjung_hospital,Safdarjung Hospital & VMMC,healthcare,28.5702,77.2075,2026-10-01T07:00,2026,10,1,7,274,80.1,394.9,3.9,17.0,325.0,188.0,573.0,33.0,46.0,19.8,988.6,14.0,311.0,1820.0,0.2028,16.25,10.566,-9.185,0.0,13.964,0.9659,-0.2588,-1.0,0.0011,0,0,1,78.2,74.7,78.5,-1.6,1.6
safdarjung_hospital,Safdarjung Hospital & VMMC,healthcare,28.5702,77.2075,2026-10-01T08:00,2026,10,1,8,274,81.5,448.9,3.0,13.6,289.0,173.0,688.0,33.4,37.0,16.9,987.9,14.8,309.0,1840.0,0.2,16.3,11.502,-9.314,0.0,14.717,0.866,-0.5,-1.0,0.0011,0,0,1,80.1,78.2,85.9,-0.5,-4.4
safdarjung_hospital,Safdarjung Hospital & VMMC,healthcare,28.5702,77.2075,2026-10-01T09:00,2026,10,1,9,274,81.7,465.7,5.1,11.4,312.0,155.0,753.0,33.3,36.0,16.2,987.2,14.0,306.0,1890.0,0.2,16.34,11.326,-8.229,0.0,13.826,0.7071,-0.7071,-1.0,0.0011,0,0,1,81.5,80.1,89.9,-1.2,-8.2
safdarjung_hospital,Safdarjung Hospital & VMMC,healthcare,28.5702,77.2075,2026-10-01T10:00,2026,10,1,10,274,86.1,493.6,11.0,10.9,413.0,138.0,725.0,32.9,38.0,16.9,986.8,12.0,313.0,1710.0,0.2,17.22,8.776,-8.184,0.0,11.991,0.5,-0.866,-1.0,0.0011,0,0,0,81.7,81.5,92.9,4.2,-6.8
safdarjung_hospital,Safdarjung Hospital & VMMC,healthcare,28.5702,77.2075,2026-10-01T11:00,2026,10,1,11,274,83.8,448.9,19.8,11.5,572.0,119.0,646.0,32.5,41.0,17.6,986.5,9.6,311.0,1590.0,0.2,16.76,7.245,-6.298,0.0,9.575,0.2588,-0.9659,-1.0,0.0011,0,0,0,86.1,81.7,96.9,-6.7,-13.1
safdarjung_hospital,Safdarjung Hospital & VMMC,healthcare,28.5702,77.2075,2026-10-01T12:00,2026,10,1,12,274,77.5,402.3,28.5,13.6,714.0,99.0,633.0,31.7,44.0,18.0,986.4,9.2,329.0,520.0,0.2,15.5,4.738,-7.886,0.0,8.925,0.0,-1.0,-1.0,0.0011,0,0,0,83.8,86.1,95.0,-4.0,-17.5
safdarjung_hospital,Safdarjung Hospital & VMMC,healthcare,28.5702,77.2075,2026-10-01T13:00,2026,10,1,13,274,81.5,373.5,38.4,17.5,828.0,82.0,609.0,29.8,54.0,19.4,986.9,6.4,335.0,275.0,0.2182,17.78,2.705,-5.8,0.0,6.013,-0.2588,-0.9659,-1.0,0.0011,0,0,0,77.5,83.8,95.2,10.3,-13.7
safdarjung_hospital,Safdarjung Hospital & VMMC,healthcare,28.5702,77.2075,2026-10-01T14:00,2026,10,1,14,274,88.0,371.6,51.9,23.0,926.0,58.0,576.0,29.0,58.0,19.9,987.7,6.9,345.0,315.0,0.2368,20.84,1.786,-6.665,0.0,5.975,-0.5,-0.866,-1.0,0.0011,0,0,0,81.5,77.5,99.7,2.5,-11.7
safdarjung_hospital,Safdarjung Hospital & VMMC,healthcare,28.5702,77.2075,2026-10-01T15:00,2026,10,1,15,274,93.6,379.0,61.0,27.2,964.0,41.0,550.0,28.3,60.0,19.9,988.2,8.1,359.0,285.0,0.247,23.12,0.141,-8.099,0.0,5.826,-0.7071,-0.7071,-1.0,0.0011,0,0,0,88.0,81.5,102.0,-0.9,-8.4
safdarjung_hospital,Safdarjung Hospital & VMMC,healthcare,28.5702,77.2075,2026-10-01T16:00,2026,10,1,16,274,97.8,390.2,61.9,29.2,905.0,36.0,546.0,27.5,63.0,19.9,988.4,6.5,357.0,240.0,0.2506,24.51,0.34,-6.491,0.0,4.83,-0.866,-0.5,-1.0,0.0011,0,0,0,93.6,88.0,107.6,-1.4,-9.8
safdarjung_hospital,Safdarjung Hospital & VMMC,healthcare,28.5702,77.2075,2026-10-01T17:00,2026,10,1,17,274,99.9,391.2,58.4,30.0,788.0,37.0,550.0,26.8,66.0,19.9,988.4,6.0,351.0,200.0,0.2554,25.51,0.939,-5.926,0.0,4.853,-0.9659,-0.2588,-1.0,0.0011,0,0,0,97.8,93.6,114.8,-2.1,-14.9
safdarjung_hospital,Safdarjung Hospital & VMMC,healthcare,28.5702,77.2075,2026-10-01T18:00,2026,10,1,18,274,98.0,374.4,53.9,29.8,683.0,39.0,527.0,26.8,71.0,21.2,988.2,4.4,325.0,140.0,0.2618,25.65,2.524,-3.604,0.0,4.332,-1.0,-0.0,-1.0,0.0011,0,0,0,99.9,97.8,117.1,-4.0,-19.1
safdarjung_hospital,Safdarjung Hospital & VMMC,healthcare,28.5702,77.2075,2026-10-01T19:00,2026,10,1,19,274,92.0,330.6,48.9,28.4,616.0,41.0,452.0,26.0,73.0,20.9,988.0,3.9,292.0,55.0,0.2783,25.6,3.616,-1.461,0.0,3.589,-0.9659,0.2588,-1.0,0.0011,0,0,0,98.0,99.9,114.1,-4.1,-22.1
safdarjung_hospital,Safdarjung Hospital & VMMC,healthcare,28.5702,77.2075,2026-10-01T20:00,2026,10,1,20,274,85.2,277.5,42.9,26.1,561.0,45.0,351.0,25.2,77.0,20.9,987.9,4.7,254.0,50.0,0.307,26.16,4.518,1.295,0.0,2.278,-0.866,0.5,-1.0,0.0011,0,0,0,92.0,98.0,109.9,-0.8,-24.7
safdarjung_hospital,Safdarjung Hospital & VMMC,healthcare,28.5702,77.2075,2026-10-01T21:00,2026,10,1,21,274,78.9,223.5,38.4,23.9,518.0,46.0,272.0,24.5,80.0,20.9,987.8,5.1,264.0,60.0,0.353,27.85,5.072,0.533,0.0,3.209,-0.7071,0.7071,-1.0,0.0011,0,0,0,85.2,92.0,105.0,0.5,-26.1
safdarjung_hospital,Safdarjung Hospital & VMMC,healthcare,28.5702,77.2075,2026-10-01T22:00,2026,10,1,22,274,74.0,187.7,36.3,21.9,462.0,43.0,227.0,24.1,82.0,20.8,988.0,5.3,262.0,65.0,0.3942,29.17,5.248,0.738,0.0,3.189,-0.5,0.866,-1.0,0.0011,0,0,0,78.9,85.2,99.9,1.4,-25.9
safdarjung_hospital,Safdarjung Hospital & VMMC,healthcare,28.5702,77.2075,2026-10-01T23:00,2026,10,1,23,274,71.0,173.2,35.5,20.0,417.0,37.0,204.0,23.9,82.0,20.6,988.0,5.2,268.0,65.0,0.4099,29.11,5.197,0.181,0.0085,3.546,-0.2588,0.9659,-1.0,0.0011,0,0,0,74.0,78.9,97.1,1.9,-26.1
safdarjung_hospital,Safdarjung Hospital & VMMC,healthcare,28.5702,77.2075,2026-10-02T00:00,2026,10,2,0,275,91.0,326.9,31.0,20.8,455.0,43.0,445.0,24.3,83.0,21.2,988.2,4.9,276.0,65.0,0.2784,25.33,4.873,-0.512,0.0,3.807,0.0,1.0,-0.9998,0.0183,0,0,0,71.0,74.0,97.8,23.0,-6.8
safdarjung_hospital,Safdarjung Hospital & VMMC,healthcare,28.5702,77.2075,2026-10-02T01:00,2026,10,2,1,275,87.8,277.5,33.9,20.8,681.0,44.0,450.0,24.0,84.0,21.0,988.8,5.6,274.0,70.0,0.3164,27.78,5.586,-0.391,0.0,4.226,0.2588,0.9659,-0.9998,0.0183,0,0,0,91.0,71.0,94.3,-23.2,-6.5
safdarjung_hospital,Safdarjung Hospital & VMMC,healthcare,28.5702,77.2075,2026-10-02T02:00,2026,10,2,2,275,94.3,313.9,37.5,20.9,990.0,47.0,457.0,25.2,80.0,21.5,989.6,6.8,267.0,105.0,0.3004,28.33,6.791,0.356,0.0,4.549,0.5,0.866,-0.9998,0.0183,0,0,0,87.8,91.0,99.4,9.7,-5.1
safdarjung_hospital,Safdarjung Hospital & VMMC,healthcare,28.5702,77.2075,2026-10-02T03:00,2026,10,2,3,275,99.9,341.8,37.1,20.7,1137.0,62.0,461.0,27.0,76.0,22.3,990.6,5.2,264.0,190.0,0.2923,29.2,5.172,0.544,0.0,3.272,0.7071,0.7071,-0.9998,0.0183,0,0,0,94.3,87.8,98.3,-0.9,1.6
safdarjung_hospital,Safdarjung Hospital & VMMC,healthcare,28.5702,77.2075,2026-10-02T04:00,2026,10,2,4,275,82.4,285.9,28.8,20.4,960.0,100.0,451.0,29.0,67.0,22.4,991.0,5.9,268.0,470.0,0.2882,23.75,5.896,0.206,0.0,4.023,0.866,0.5,-0.9998,0.0183,0,0,0,99.9,94.3,78.7,-23.1,3.7
safdarjung_hospital,Safdarjung Hospital & VMMC,healthcare,28.5702,77.2075,2026-10-02T05:00,2026,10,2,5,275,76.1,293.4,16.5,19.8,621.0,150.0,438.0,30.8,58.0,21.7,991.0,7.4,277.0,880.0,0.2594,19.74,7.345,-0.902,0.0,5.83,0.9659,0.2588,-0.9998,0.0183,0,0,0,82.4,99.9,74.7,11.2,1.4
safdarjung_hospital,Safdarjung Hospital & VMMC,healthcare,28.5702,77.2075,2026-10-02T06:00,2026,10,2,6,275,71.5,303.6,7.3,18.7,358.0,183.0,447.0,33.5,40.0,18.2,990.6,11.9,295.0,1990.0,0.2355,16.84,10.785,-5.029,0.0,11.181,1.0,0.0,-0.9998,0.0183,0,0,0,76.1,82.4,78.2,1.7,-6.7
safdarjung_hospital,Safdarjung Hospital & VMMC,healthcare,28.5702,77.2075,2026-10-02T07:00,2026,10,2,7,275,66.6,338.1,3.5,16.3,263.0,187.0,508.0,34.2,35.0,16.6,989.8,13.0,307.0,2190.0,0.2,13.32,10.382,-7.824,0.0,12.872,0.9659,-0.2588,-0.9998,0.0183,0,0,1,71.5,76.1,80.1,-0.3,-13.5
safdarjung_hospital,Safdarjung Hospital & VMMC,healthcare,28.5702,77.2075,2026-10-02T08:00,2026,10,2,8,275,65.7,379.0,2.7,13.3,245.0,174.0,592.0,34.5,33.0,16.0,989.0,12.9,314.0,2385.0,0.2,13.14,9.279,-8.961,0.0,12.896,0.866,-0.5,-0.9998,0.0183,0,0,1,66.6,71.5,81.5,4.0,-15.8
safdarjung_hospital,Safdarjung Hospital & VMMC,healthcare,28.5702,77.2075,2026-10-02T09:00,2026,10,2,9,275,65.0,387.4,5.1,11.3,269.0,158.0,630.0,34.5,32.0,15.5,988.4,12.9,317.0,2505.0,0.2,13.0,8.798,-9.434,0.0,12.89,0.7071,-0.7071,-0.9998,0.0183,0,0,1,65.7,66.6,81.7,0.2,-16.7
safdarjung_hospital,Safdarjung Hospital & VMMC,healthcare,28.5702,77.2075,2026-10-02T10:00,2026,10,2,10,275,66.4,394.9,11.0,10.8,336.0,143.0,582.0,34.2,33.0,15.5,988.1,12.7,316.0,2305.0,0.2,13.28,8.822,-9.136,0.0,12.696,0.5,-0.866,-0.9998,0.0183,0,0,0,65.0,65.7,86.1,2.1,-19.7
safdarjung_hospital,Safdarjung Hospital & VMMC,healthcare,28.5702,77.2075,2026-10-02T11:00,2026,10,2,11,275,67.8,366.0,20.0,11.3,445.0,124.0,489.0,33.3,36.0,16.3,988.1,11.5,310.0,1765.0,0.2,13.56,8.81,-7.392,0.0,11.455,0.2588,-0.9659,-0.9998,0.0183,0,0,0,66.4,65.0,83.8,-0.0,-16.0
safdarjung_hospital,Safdarjung Hospital & VMMC,healthcare,28.5702,77.2075,2026-10-02T12:00,2026,10,2,12,275,61.9,317.6,29.1,13.8,561.0,104.0,498.0,32.4,40.0,17.0,988.4,10.6,309.0,945.0,0.2,12.38,8.238,-6.671,0.0,10.54,0.0,-1.0,-0.9998,0.0183,0,0,0,67.8,66.4,77.5,-7.3,-15.6
safdarjung_hospital,Safdarjung Hospital & VMMC,healthcare,28.5702,77.2075,2026-10-02T13:00,2026,10,2,13,275,66.8,286.8,39.9,18.4,685.0,87.0,466.0,30.3,49.0,18.3,988.4,6.1,298.0,230.0,0.2329,15.56,5.386,-2.864,0.0,5.833,-0.2588,-0.9659,-0.9998,0.0183,0,0,0,61.9,67.8,81.5,10.8,-14.7
safdarjung_hospital,Safdarjung Hospital & VMMC,healthcare,28.5702,77.2075,2026-10-02T14:00,2026,10,2,14,275,74.0,284.1,55.1,24.8,815.0,63.0,424.0,29.4,54.0,19.2,988.7,5.6,318.0,170.0,0.2605,19.27,3.747,-4.162,0.0,5.591,-0.5,-0.866,-0.9998,0.0183,0,0,0,66.8,61.9,88.0,2.3,-14.0
safdarjung_hospital,Safdarjung Hospital & VMMC,healthcare,28.5702,77.2075,2026-10-02T15:00,2026,10,2,15,275,80.8,289.6,68.4,30.5,913.0,42.0,401.0,28.9,56.0,19.2,989.1,5.7,342.0,135.0,0.279,22.54,1.761,-5.421,0.0,5.078,-0.7071,-0.7071,-0.9998,0.0183,0,0,0,74.0,66.8,93.6,-0.4,-12.8
safdarjung_hospital,Safdarjung Hospital & VMMC,healthcare,28.5702,77.2075,2026-10-02T16:00,2026,10,2,16,275,89.6,312.0,78.4,35.1,970.0,28.0,421.0,28.0,59.0,19.2,989.1,5.6,353.0,110.0,0.2872,25.73,0.682,-5.558,0.0,4.412,-0.866,-0.5,-0.9998,0.0183,0,0,0,80.8,74.0,97.8,2.0,-8.2
safdarjung_hospital,Safdarjung Hospital & VMMC,healthcare,28.5702,77.2075,2026-10-02T17:00,2026,10,2,17,275,99.0,339.0,86.6,39.1,995.0,18.0,461.0,27.5,61.0,19.2,988.8,4.6,324.0,70.0,0.292,28.91,2.704,-3.721,0.0,4.543,-0.9659,-0.2588,-0.9998,0.0183,0,0,0,89.6,80.8,99.9,0.6,-0.9
safdarjung_hospital,Safdarjung Hospital & VMMC,healthcare,28.5702,77.2075,2026-10-02T18:00,2026,10,2,18,275,105.9,359.5,91.2,40.7,973.0,11.0,484.0,27.4,66.0,20.6,988.5,5.2,358.0,90.0,0.2946,31.2,0.181,-5.197,0.0,3.802,-1.0,-0.0,-0.9998,0.0183,0,0,0,99.0,89.6,98.0,-2.5,7.9
safdarjung_hospital,Safdarjung Hospital & VMMC,healthcare,28.5702,77.2075,2026-10-02T19:00,2026,10,2,19,275,108.3,369.7,91.3,38.8,875.0,6.0,472.0,26.9,69.0,20.7,988.3,3.2,313.0,60.0,0.2929,31.73,2.34,-2.182,0.0,3.198,-0.9659,0.2588,-0.9998,0.0183,0,0,0,105.9,99.0,92.0,-4.5,16.3
safdarjung_hospital,Safdarjung Hospital & VMMC,healthcare,28.5702,77.2075,2026-10-02T20:00,2026,10,2,20,275,108.5,359.5,87.8,34.6,731.0,4.0,444.0,25.9,72.0,20.5,987.9,6.5,247.0,60.0,0.3018,32.75,5.983,2.54,0.0,2.435,-0.866,0.5,-0.9998,0.0183,0,0,0,108.3,105.9,85.2,-2.2,23.3
safdarjung_hospital,Safdarjung Hospital & VMMC,healthcare,28.5702,77.2075,2026-10-02T21:00,2026,10,2,21,275,104.5,322.2,81.6,30.5,615.0,5.0,411.0,25.3,72.0,19.9,987.6,6.1,258.0,85.0,0.3243,33.89,5.967,1.268,0.0,3.322,-0.7071,0.7071,-0.9998,0.0183,0,0,0,108.5,108.3,78.9,-4.2,25.6
safdarjung_hospital,Safdarjung Hospital & VMMC,healthcare,28.5702,77.2075,2026-10-02T22:00,2026,10,2,22,275,95.0,285.9,71.1,27.2,534.0,9.0,371.0,24.9,72.0,19.4,987.5,6.2,255.0,85.0,0.3323,31.57,5.989,1.605,0.0,3.1,-0.5,0.866,-0.9998,0.0183,0,0,0,104.5,108.5,74.0,-5.5,21.0
safdarjung_hospital,Safdarjung Hospital & VMMC,healthcare,28.5702,77.2075,2026-10-02T23:00,2026,10,2,23,275,86.8,260.8,58.0,24.1,481.0,16.0,327.0,24.6,71.0,19.0,987.2,5.6,264.0,75.0,0.3328,28.89,5.569,0.585,0.0,3.524,-0.2588,0.9659,-0.9998,0.0183,0,0,0,95.0,104.5,71.0,1.3,15.8
safdarjung_hospital,Safdarjung Hospital & VMMC,healthcare,28.5702,77.2075,2026-10-03T00:00,2026,10,3,0,276,83.4,246.8,45.2,27.4,512.0,27.0,305.0,24.7,74.0,19.7,987.6,5.2,264.0,60.0,0.3379,28.18,5.172,0.544,0.0,3.272,0.0,1.0,-0.9994,0.0355,0,0,0,86.8,95.0,91.0,4.8,-7.6
safdarjung_hospital,Safdarjung Hospital & VMMC,healthcare,28.5702,77.2075,2026-10-03T01:00,2026,10,3,1,276,81.5,239.3,45.2,26.6,721.0,33.0,332.0,24.3,74.0,19.5,988.0,5.2,264.0,60.0,0.3406,27.76,5.172,0.544,0.0,3.272,0.2588,0.9659,-0.9994,0.0355,0,0,0,83.4,86.8,87.8,1.5,-6.3
safdarjung_hospital,Safdarjung Hospital & VMMC,healthcare,28.5702,77.2075,2026-10-03T02:00,2026,10,3,2,276,85.0,250.5,44.8,25.4,1014.0,44.0,370.0,25.6,71.0,19.8,988.5,6.1,256.0,80.0,0.3393,28.84,5.919,1.476,0.0,3.141,0.5,0.866,-0.9994,0.0355,0,0,0,81.5,83.4,94.3,5.4,-9.3
safdarjung_hospital,Safdarjung Hospital & VMMC,healthcare,28.5702,77.2075,2026-10-03T03:00,2026,10,3,3,276,89.2,305.5,41.0,23.7,1159.0,63.0,411.0,27.3,68.0,20.9,989.1,4.0,260.0,130.0,0.292,26.04,3.939,0.695,0.0,2.294,0.7071,0.7071,-0.9994,0.0355,0,0,0,85.0,81.5,99.9,0.7,-10.7
safdarjung_hospital,Safdarjung Hospital & VMMC,healthcare,28.5702,77.2075,2026-10-03T04:00,2026,10,3,4,276,80.8,310.1,30.6,21.2,1013.0,101.0,454.0,29.4,59.0,20.6,989.7,4.3,255.0,255.0,0.2606,21.05,4.153,1.113,0.0,2.15,0.866,0.5,-0.9994,0.0355,0,0,0,89.2,85.0,82.4,-12.6,-1.6
safdarjung_hospital,Safdarjung Hospital & VMMC,healthcare,28.5702,77.2075,2026-10-03T05:00,2026,10,3,5,276,70.1,323.2,17.0,18.2,719.0,148.0,499.0,31.3,50.0,19.8,989.5,4.9,262.0,605.0,0.2169,15.2,4.852,0.682,0.0,2.948,0.9659,0.2588,-0.9994,0.0355,0,0,0,80.8,89.2,76.1,-2.3,-6.0
safdarjung_hospital,Safdarjung Hospital & VMMC,healthcare,28.5702,77.2075,2026-10-03T06:00,2026,10,3,6,276,68.7,344.6,6.9,15.8,479.0,181.0,535.0,33.8,42.0,18.9,989.0,7.4,274.0,1465.0,0.2,13.74,7.382,-0.516,0.0,5.584,1.0,0.0,-0.9994,0.0355,0,0,0,70.1,80.8,71.5,9.3,-2.8
safdarjung_hospital,Safdarjung Hospital & VMMC,healthcare,28.5702,77.2075,2026-10-03T07:00,2026,10,3,7,276,67.8,353.0,3.0,14.4,353.0,189.0,563.0,34.7,36.0,17.6,988.0,8.7,287.0,1835.0,0.2,13.56,8.32,-2.544,0.0,7.68,0.9659,-0.2588,-0.9994,0.0355,0,0,1,68.7,70.1,66.6,0.5,1.2
safdarjung_hospital,Safdarjung Hospital & VMMC,healthcare,28.5702,77.2075,2026-10-03T08:00,2026,10,3,8,276,68.0,357.6,2.6,13.5,281.0,182.0,582.0,35.5,31.0,16.0,987.1,10.4,293.0,1935.0,0.2,13.6,9.573,-4.064,0.0,9.641,0.866,-0.5,-0.9994,0.0355,0,0,1,67.8,68.7,65.7,1.1,2.3
safdarjung_hospital,Safdarjung Hospital & VMMC,healthcare,28.5702,77.2075,2026-10-03T09:00,2026,10,3,9,276,68.7,364.1,5.3,13.0,279.0,170.0,578.0,35.5,31.0,15.9,986.3,11.4,291.0,1895.0,0.2,13.74,10.643,-4.085,0.0,10.413,0.7071,-0.7071,-0.9994,0.0355,0,0,1,68.0,67.8,65.0,0.5,3.7
safdarjung_hospital,Safdarjung Hospital & VMMC,healthcare,28.5702,77.2075,2026-10-03T10:00,2026,10,3,10,276,70.3,369.7,10.9,12.5,380.0,153.0,536.0,35.2,32.0,16.0,985.8,11.2,292.0,1830.0,0.2,14.06,10.384,-4.196,0.0,10.308,0.5,-0.866,-0.9994,0.0355,0,0,0,68.7,68.0,66.4,0.9,3.9
safdarjung_hospital,Safdarjung Hospital & VMMC,healthcare,28.5702,77.2075,2026-10-03T11:00,2026,10,3,11,276,72.4,345.5,19.5,12.4,550.0,131.0,472.0,34.4,35.0,16.6,985.7,10.5,295.0,1655.0,0.2096,15.17,9.516,-4.437,0.0,9.865,0.2588,-0.9659,-0.9994,0.0355,0,0,0,70.3,68.7,67.8,0.5,4.6
safdarjung_hospital,Safdarjung Hospital & VMMC,healthcare,28.5702,77.2075,2026-10-03T12:00,2026,10,3,12,276,67.3,328.8,28.6,12.0,710.0,102.0,512.0,33.7,36.0,16.7,985.6,8.9,318.0,390.0,0.2047,13.78,5.955,-6.614,0.0,8.886,0.0,-1.0,-0.9994,0.0355,0,0,0,72.4,70.3,61.9,-7.2,5.4
safdarjung_hospital,Safdarjung Hospital & VMMC,healthcare,28.5702,77.2075,2026-10-03T13:00,2026,10,3,13,276,72.6,292.4,45.7,16.5,819.0,80.0,469.0,31.5,46.0,18.5,985.7,6.2,338.0,250.0,0.2483,18.03,2.323,-5.749,0.0,5.706,-0.2588,-0.9659,-0.9994,0.0355,0,0,0,67.3,72.4,66.8,10.4,5.8
safdarjung_hospital,Safdarjung Hospital & VMMC,healthcare,28.5702,77.2075,2026-10-03T14:00,2026,10,3,14,276,80.1,279.4,69.3,22.9,916.0,49.0,409.0,30.6,55.0,20.4,986.3,5.2,348.0,195.0,0.2867,22.96,1.081,-5.086,0.0,4.36,-0.5,-0.866,-0.9994,0.0355,0,0,0,72.6,67.3,74.0,2.2,6.1
safdarjung_hospital,Safdarjung Hospital & VMMC,healthcare,28.5702,77.2075,2026-10-03T15:00,2026,10,3,15,276,87.5,277.5,87.4,28.7,1041.0,25.0,366.0,30.1,60.0,21.4,986.9,2.4,347.0,110.0,0.3153,27.59,0.54,-2.338,0.0,2.035,-0.7071,-0.7071,-0.9994,0.0355,0,0,0,80.1,72.6,80.8,-0.1,6.7
safdarjung_hospital,Safdarjung Hospital & VMMC,healthcare,28.5702,77.2075,2026-10-03T16:00,2026,10,3,16,276,94.5,282.2,94.5,33.4,1257.0,15.0,355.0,29.8,61.0,21.5,987.2,1.6,6.0,30.0,0.3349,31.65,-0.167,-1.591,0.0,1.007,-0.866,-0.5,-0.9994,0.0355,0,0,0,87.5,80.1,89.6,-0.4,4.9
safdarjung_hospital,Safdarjung Hospital & VMMC,healthcare,28.5702,77.2075,2026-10-03T17:00,2026,10,3,17,276,101.0,289.6,96.2,37.6,1500.0,11.0,360.0,29.3,63.0,21.6,987.0,1.2,63.0,25.0,0.3488,35.22,-1.069,-0.545,0.0,0.0,-0.9659,-0.2588,-0.9994,0.0355,0,0,0,94.5,87.5,99.0,-0.5,2.0
safdarjung_hospital,Safdarjung Hospital & VMMC,healthcare,28.5702,77.2075,2026-10-03T18:00,2026,10,3,18,276,105.9,299.9,97.0,40.8,1618.0,8.0,370.0,29.4,64.0,22.0,987.0,0.6,108.0,20.0,0.3531,37.4,-0.571,0.185,0.0,0.0,-1.0,-0.0,-0.9994,0.0355,0,0,0,101.0,94.5,105.9,-1.6,0.0
safdarjung_hospital,Safdarjung Hospital & VMMC,healthcare,28.5702,77.2075,2026-10-03T19:00,2026,10,3,19,276,109.4,312.0,99.1,42.8,1523.0,5.0,383.0,28.4,66.0,21.4,986.6,0.4,243.0,15.0,0.3506,38.36,0.356,0.182,0.0,0.124,-0.9659,0.2588,-0.9994,0.0355,0,0,0,105.9,101.0,108.3,-1.4,1.1
safdarjung_hospital,Safdarjung Hospital & VMMC,healthcare,28.5702,77.2075,2026-10-03T20:00,2026,10,3,20,276,112.7,327.8,100.3,43.7,1302.0,2.0,401.0,27.4,69.0,21.3,986.1,3.0,232.0,35.0,0.3438,38.75,2.364,1.847,0.0,0.366,-0.866,0.5,-0.9994,0.0355,0,0,0,109.4,105.9,108.5,-0.2,4.2
safdarjung_hospital,Safdarjung Hospital & VMMC,healthcare,28.5702,77.2075,2026-10-03T21:00,2026,10,3,21,276,117.3,334.3,99.2,43.4,1067.0,1.0,411.0,26.7,74.0,21.6,985.6,2.6,231.0,25.0,0.3509,41.16,2.021,1.636,0.0,0.272,-0.7071,0.7071,-0.9994,0.0355,0,0,0,112.7,109.4,104.5,1.3,12.8
safdarjung_hospital,Safdarjung Hospital & VMMC,healthcare,28.5702,77.2075,2026-10-03T22:00,2026,10,3,22,276,118.7,342.7,95.1,41.5,818.0,0.0,402.0,25.9,76.0,21.5,985.2,3.7,231.0,35.0,0.3464,41.11,2.875,2.328,0.0,0.387,-0.5,0.866,-0.9994,0.0355,0,0,0,117.3,112.7,95.0,-3.2,23.7
safdarjung_hospital,Safdarjung Hospital & VMMC,healthcare,28.5702,77.2075,2026-10-03T23:00,2026,10,3,23,276,116.6,335.3,88.5,38.4,555.0,0.0,387.0,25.4,78.0,21.2,985.0,4.5,241.0,45.0,0.3477,40.55,3.936,2.182,0.0,1.24,-0.2588,0.9659,-0.9994,0.0355,0,0,0,118.7,117.3,86.8,-3.5,29.8
safdarjung_hospital,Safdarjung Hospital & VMMC,healthcare,28.5702,77.2075,2026-10-04T00:00,2026,10,4,0,277,108.7,315.7,80.0,35.2,382.0,2.0,388.0,25.0,77.0,20.8,985.1,5.4,236.0,60.0,0.3443,37.43,4.477,3.02,0.0,1.03,0.0,1.0,-0.9986,0.0527,0,0,0,116.6,118.7,83.4,-5.8,25.3
safdarjung_hospital,Safdarjung Hospital & VMMC,healthcare,28.5702,77.2075,2026-10-04T01:00,2026,10,4,1,277,103.6,309.2,68.7,31.9,380.0,14.0,418.0,24.7,78.0,20.6,985.6,4.8,241.0,65.0,0.3351,34.71,4.198,2.327,0.0,1.323,0.2588,0.9659,-0.9986,0.0527,0,0,0,108.7,116.6,81.5,2.8,22.1
safdarjung_hospital,Safdarjung Hospital & VMMC,healthcare,28.5702,77.2075,2026-10-04T02:00,2026,10,4,2,277,100.1,288.7,55.3,28.5,468.0,31.0,465.0,25.7,74.0,20.7,986.1,5.1,238.0,90.0,0.3467,34.71,4.325,2.703,0.0,1.147,0.5,0.866,-0.9986,0.0527,0,0,0,103.6,108.7,85.0,1.6,15.1
safdarjung_hospital,Safdarjung Hospital & VMMC,healthcare,28.5702,77.2075,2026-10-04T03:00,2026,10,4,3,277,101.0,371.6,42.5,25.7,511.0,57.0,517.0,27.3,63.0,19.6,986.9,5.8,244.0,195.0,0.2718,27.45,5.213,2.543,0.0,1.888,0.7071,0.7071,-0.9986,0.0527,0,0,0,100.1,103.6,89.2,4.4,11.8
safdarjung_hospital,Safdarjung Hospital & VMMC,healthcare,28.5702,77.2075,2026-10-04T04:00,2026,10,4,4,277,82.7,372.5,30.2,24.2,439.0,100.0,580.0,29.1,50.0,17.7,987.6,6.3,255.0,320.0,0.222,18.36,6.085,1.631,0.0,3.15,0.866,0.5,-0.9986,0.0527,0,0,0,101.0,100.1,80.8,-19.2,1.9
safdarjung_hospital,Safdarjung Hospital & VMMC,healthcare,28.5702,77.2075,2026-10-04T05:00,2026,10,4,5,277,81.7,416.3,18.4,23.4,323.0,151.0,648.0,31.1,42.0,16.7,987.6,7.4,270.0,515.0,0.2,16.34,7.4,0.0,0.0,5.232,0.9659,0.2588,-0.9986,0.0527,0,0,0,82.7,101.0,70.1,17.3,11.6
safdarjung_hospital,Safdarjung Hospital & VMMC,healthcare,28.5702,77.2075,2026-10-04T06:00,2026,10,4,6,277,82.2,436.8,9.7,22.3,239.0,187.0,688.0,32.8,35.0,15.5,987.2,8.2,278.0,750.0,0.2,16.44,8.12,-1.141,0.0,6.548,1.0,0.0,-0.9986,0.0527,0,0,0,81.7,82.7,68.7,1.5,13.5
safdarjung_hospital,Safdarjung Hospital & VMMC,healthcare,28.5702,77.2075,2026-10-04T07:00,2026,10,4,7,277,78.5,416.3,5.3,20.5,217.0,199.0,684.0,33.9,32.0,15.0,986.5,8.4,279.0,935.0,0.2,15.7,8.297,-1.314,0.0,6.795,0.9659,-0.2588,-0.9986,0.0527,0,0,1,82.2,81.7,67.8,-4.2,10.7
safdarjung_hospital,Safdarjung Hospital & VMMC,healthcare,28.5702,77.2075,2026-10-04T08:00,2026,10,4,8,277,73.1,392.1,4.0,18.5,227.0,197.0,652.0,34.7,31.0,15.0,985.8,9.1,285.0,1105.0,0.2,14.62,8.79,-2.355,0.0,7.88,0.866,-0.5,-0.9986,0.0527,0,0,1,78.5,82.2,68.0,-1.7,5.1
safdarjung_hospital,Safdarjung Hospital & VMMC,healthcare,28.5702,77.2075,2026-10-04T09:00,2026,10,4,9,277,68.7,380.9,5.1,16.7,258.0,186.0,614.0,34.9,31.0,15.4,984.6,9.9,289.0,1330.0,0.2,13.74,9.361,-3.223,0.0,8.897,0.7071,-0.7071,-0.9986,0.0527,0,0,1,73.1,78.5,68.7,1.0,0.0
safdarjung_hospital,Safdarjung Hospital & VMMC,healthcare,28.5702,77.2075,2026-10-04T10:00,2026,10,4,10,277,68.5,399.5,7.9,14.8,289.0,167.0,571.0,34.7,33.0,16.3,984.0,10.6,291.0,1370.0,0.2,13.7,9.896,-3.799,0.0,9.682,0.5,-0.866,-0.9986,0.0527,0,0,0,68.7,73.1,70.3,4.2,-1.8
safdarjung_hospital,Safdarjung Hospital & VMMC,healthcare,28.5702,77.2075,2026-10-04T11:00,2026,10,4,11,277,70.3,384.6,13.1,13.1,339.0,140.0,522.0,34.0,37.0,17.3,983.9,10.0,296.0,1155.0,0.2,14.06,8.988,-4.384,0.0,9.454,0.2588,-0.9659,-0.9986,0.0527,0,0,0,68.5,68.7,72.4,2.0,-2.1
safdarjung_hospital,Safdarjung Hospital & VMMC,healthcare,28.5702,77.2075,2026-10-04T12:00,2026,10,4,12,277,68.2,312.9,21.3,13.5,458.0,113.0,479.0,32.6,44.0,18.7,984.0,6.7,308.0,465.0,0.218,14.86,5.28,-4.125,0.0,6.649,0.0,-1.0,-0.9986,0.0527,0,0,0,70.3,68.5,67.3,-3.9,0.9
safdarjung_hospital,Safdarjung Hospital & VMMC,healthcare,28.5702,77.2075,2026-10-04T13:00,2026,10,4,13,277,75.2,307.3,34.3,17.0,695.0,88.0,447.0,31.0,53.0,20.3,984.2,4.2,324.0,150.0,0.2447,18.4,2.469,-3.398,0.0,4.148,-0.2588,-0.9659,-0.9986,0.0527,0,0,0,68.2,70.3,72.6,9.1,2.6
safdarjung_hospital,Safdarjung Hospital & VMMC,healthcare,28.5702,77.2075,2026-10-04T14:00,2026,10,4,14,277,83.4,299.0,50.4,22.6,1001.0,63.0,422.0,30.6,56.0,20.9,984.8,2.5,339.0,80.0,0.2789,23.26,0.896,-2.334,0.0,2.284,-0.5,-0.866,-0.9986,0.0527,0,0,0,75.2,68.2,80.1,1.2,3.3
safdarjung_hospital,Safdarjung Hospital & VMMC,healthcare,28.5702,77.2075,2026-10-04T15:00,2026,10,4,15,277,92.0,303.6,64.9,28.4,1270.0,42.0,408.0,30.2,59.0,21.4,985.4,0.9,323.0,20.0,0.303,27.88,0.542,-0.719,0.0,0.891,-0.7071,-0.7071,-0.9986,0.0527,0,0,0,83.4,75.2,87.5,0.4,4.5
safdarjung_hospital,Safdarjung Hospital & VMMC,healthcare,28.5702,77.2075,2026-10-04T16:00,2026,10,4,16,277,101.5,315.7,77.2,34.8,1502.0,28.0,412.0,30.0,61.0,21.6,985.4,0.3,225.0,10.0,0.3215,32.63,0.212,0.212,0.0,0.0,-0.866,-0.5,-0.9986,0.0527,0,0,0,92.0,83.4,94.5,0.9,7.0
safdarjung_hospital,Safdarjung Hospital & VMMC,healthcare,28.5702,77.2075,2026-10-04T17:00,2026,10,4,17,277,111.8,329.7,87.9,41.5,1698.0,18.0,428.0,29.3,60.0,20.9,985.1,1.1,189.0,20.0,0.3391,37.91,0.172,1.086,0.0,0.0,-0.9659,-0.2588,-0.9986,0.0527,0,0,0,101.5,92.0,101.0,0.8,10.8
safdarjung_hospital,Safdarjung Hospital & VMMC,healthcare,28.5702,77.2075,2026-10-04T18:00,2026,10,4,18,277,117.1,342.7,94.8,45.5,1758.0,10.0,433.0,28.3,67.0,21.6,984.9,1.1,189.0,15.0,0.3417,40.01,0.172,1.086,0.0,0.0,-1.0,-0.0,-0.9986,0.0527,0,0,0,111.8,101.5,105.9,-5.0,11.2
safdarjung_hospital,Safdarjung Hospital & VMMC,healthcare,28.5702,77.2075,2026-10-04T19:00,2026,10,4,19,277,120.1,345.5,96.7,45.4,1596.0,5.0,411.0,27.7,69.0,21.4,984.7,1.0,211.0,15.0,0.3476,41.75,0.515,0.857,0.0,0.0,-0.9659,0.2588,-0.9986,0.0527,0,0,0,117.1,111.8,109.4,-2.3,10.7
safdarjung_hospital,Safdarjung Hospital & VMMC,healthcare,28.5702,77.2075,2026-10-04T20:00,2026,10,4,20,277,122.0,334.3,94.6,42.6,1298.0,2.0,379.0,26.7,73.0,21.4,984.2,3.5,219.0,35.0,0.3649,44.52,2.203,2.72,0.0,0.0,-0.866,0.5,-0.9986,0.0527,0,0,0,120.1,117.1,112.7,-1.1,9.3
safdarjung_hospital,Safdarjung Hospital & VMMC,healthcare,28.5702,77.2075,2026-10-04T21:00,2026,10,4,21,277,121.1,316.6,89.8,39.2,1018.0,1.0,371.0,26.3,71.0,20.7,983.7,4.7,238.0,50.0,0.3825,46.32,3.986,2.491,0.0,1.057,-0.7071,0.7071,-0.9986,0.0527,0,0,0,122.0,120.1,117.3,-2.8,3.8
safdarjung_hospital,Safdarjung Hospital & VMMC,healthcare,28.5702,77.2075,2026-10-04T22:00,2026,10,4,22,277,115.0,293.4,81.5,35.3,782.0,2.0,391.0,25.7,70.0,19.8,983.3,6.7,239.0,90.0,0.392,45.07,5.743,3.451,0.0,1.621,-0.5,0.866,-0.9986,0.0527,0,0,0,121.1,122.0,118.7,-5.2,-3.7
safdarjung_hospital,Safdarjung Hospital & VMMC,healthcare,28.5702,77.2075,2026-10-04T23:00,2026,10,4,23,277,101.0,274.7,70.5,30.7,565.0,4.0,434.0,24.9,63.0,17.5,983.3,8.0,247.0,120.0,0.3677,37.14,7.364,3.126,0.0,2.996,-0.2588,0.9659,-0.9986,0.0527,0,0,0,115.0,121.1,116.6,-7.9,-15.6
lnjp_hospital,Lok Nayak Jai Prakash Narayan (LNJP) Hospital,healthcare,28.638,77.2405,2026-09-20T00:00,2026,9,20,0,263,85.0,98.3,56.7,29.3,1841.0,18.0,26.0,26.2,90.0,24.4,987.5,2.7,37.0,50.0,0.8647,73.5,-1.625,-2.156,0.0,0.376,0.0,1.0,-0.9824,-0.187,0,0,0,85.0,85.0,85.0,0.0,0.0
lnjp_hospital,Lok Nayak Jai Prakash Narayan (LNJP) Hospital,healthcare,28.638,77.2405,2026-09-20T01:00,2026,9,20,1,263,88.2,102.2,50.8,31.5,1767.0,39.0,29.0,25.8,90.0,24.0,987.9,1.9,22.0,40.0,0.863,76.12,-0.712,-1.762,0.0,0.742,0.2588,0.9659,-0.9824,-0.187,0,0,0,85.0,88.2,88.2,0.0,0.0
lnjp_hospital,Lok Nayak Jai Prakash Narayan (LNJP) Hospital,healthcare,28.638,77.2405,2026-09-20T02:00,2026,9,20,2,263,89.2,101.5,42.4,34.4,1649.0,68.0,33.0,26.7,86.0,24.1,988.5,1.8,53.0,65.0,0.8788,78.39,-1.438,-1.083,0.0,0.0,0.5,0.866,-0.9824,-0.187,0,0,0,88.2,85.0,89.2,-2.2,0.0
lnjp_hospital,Lok Nayak Jai Prakash Narayan (LNJP) Hospital,healthcare,28.638,77.2405,2026-09-20T03:00,2026,9,20,3,263,79.4,100.1,33.7,35.9,1474.0,100.0,40.0,28.4,78.0,24.3,989.0,1.1,18.0,135.0,0.7932,62.98,-0.34,-1.046,0.0,0.499,0.7071,0.7071,-0.9824,-0.187,0,0,0,89.2,88.2,79.4,-10.8,0.0
lnjp_hospital,Lok Nayak Jai Prakash Narayan (LNJP) Hospital,healthcare,28.638,77.2405,2026-09-20T04:00,2026,9,20,4,263,65.4,98.7,24.4,34.9,1187.0,135.0,54.0,30.5,68.0,23.9,989.2,2.0,5.0,935.0,0.6626,43.33,-0.174,-1.992,0.0,1.285,0.866,0.5,-0.9824,-0.187,0,0,0,79.4,89.2,65.4,-4.2,0.0
lnjp_hospital,Lok Nayak Jai Prakash Narayan (LNJP) Hospital,healthcare,28.638,77.2405,2026-09-20T05:00,2026,9,20,5,263,55.3,97.6,14.7,32.6,843.0,172.0,70.0,31.9,55.0,21.8,989.5,3.2,47.0,1200.0,0.5666,31.33,-2.34,-2.182,0.0,0.0,0.9659,0.2588,-0.9824,-0.187,0,0,0,65.4,79.4,55.3,3.9,0.0
lnjp_hospital,Lok Nayak Jai Prakash Narayan (LNJP) Hospital,healthcare,28.638,77.2405,2026-09-20T06:00,2026,9,20,6,263,52.2,93.6,7.7,30.4,587.0,200.0,81.0,32.9,48.0,20.6,989.6,3.6,37.0,1725.0,0.5577,29.11,-2.167,-2.875,0.0,0.501,1.0,0.0,-0.9824,-0.187,0,0,0,55.3,65.4,52.2,7.0,0.0
lnjp_hospital,Lok Nayak Jai Prakash Narayan (LNJP) Hospital,healthcare,28.638,77.2405,2026-09-20T07:00,2026,9,20,7,263,52.0,90.1,4.8,28.5,499.0,216.0,81.0,33.4,47.0,20.4,989.1,3.3,41.0,1740.0,0.5771,30.01,-2.165,-2.491,0.0,0.23,0.9659,-0.2588,-0.9824,-0.187,0,0,1,52.2,55.3,52.0,2.9,0.0
lnjp_hospital,Lok Nayak Jai Prakash Narayan (LNJP) Hospital,healthcare,28.638,77.2405,2026-09-20T08:00,2026,9,20,8,263,52.3,88.9,4.5,26.7,499.0,224.0,75.0,33.8,44.0,20.0,988.3,3.2,34.0,1785.0,0.5883,30.77,-1.789,-2.653,0.0,0.61,0.866,-0.5,-0.9824,-0.187,0,0,1,52.0,52.2,52.3,0.5,0.0
lnjp_hospital,Lok Nayak Jai Prakash Narayan (LNJP) Hospital,healthcare,28.638,77.2405,2026-09-20T09:00,2026,9,20,9,263,52.9,87.5,5.5,25.6,502.0,225.0,68.0,34.0,43.0,19.6,987.3,3.3,29.0,1830.0,0.6046,31.98,-1.6,-2.886,0.0,0.909,0.7071,-0.7071,-0.9824,-0.187,0,0,1,52.3,52.0,52.9,0.3,0.0
lnjp_hospital,Lok Nayak Jai Prakash Narayan (LNJP) Hospital,healthcare,28.638,77.2405,2026-09-20T10:00,2026,9,20,10,263,53.4,87.1,7.5,25.6,461.0,218.0,62.0,33.7,43.0,19.5,986.6,4.6,18.0,1805.0,0.6131,32.74,-1.421,-4.375,0.0,2.088,0.5,-0.866,-0.9824,-0.187,0,0,0,52.9,52.3,53.4,-0.1,0.0
lnjp_hospital,Lok Nayak Jai Prakash Narayan (LNJP) Hospital,healthcare,28.638,77.2405,2026-09-20T11:00,2026,9,20,11,263,54.4,82.7,10.8,26.3,422.0,204.0,55.0,33.1,44.0,19.3,986.3,6.6,11.0,1315.0,0.6578,35.78,-1.259,-6.479,0.0,3.69,0.2588,-0.9659,-0.9824,-0.187,0,0,0,53.4,52.9,54.4,0.5,0.0
lnjp_hospital,Lok Nayak Jai Prakash Narayan (LNJP) Hospital,healthcare,28.638,77.2405,2026-09-20T12:00,2026,9,20,12,263,60.3,91.7,15.6,28.5,434.0,183.0,61.0,32.5,48.0,20.1,986.0,8.9,9.0,575.0,0.6576,39.65,-1.392,-8.79,0.0,5.23,0.0,-1.0,-0.9824,-0.187,0,0,0,54.4,53.4,60.3,4.9,0.0
lnjp_hospital,Lok Nayak Jai Prakash Narayan (LNJP) Hospital,healthcare,28.638,77.2405,2026-09-20T13:00,2026,9,20,13,263,61.0,89.2,19.5,29.3,511.0,158.0,56.0,31.1,52.0,20.1,986.4,7.0,360.0,265.0,0.6839,41.72,0.0,-7.0,0.0,4.949,-0.2588,-0.9659,-0.9824,-0.187,0,0,0,60.3,54.4,61.0,-5.2,0.0
lnjp_hospital,Lok Nayak Jai Prakash Narayan (LNJP) Hospital,healthcare,28.638,77.2405,2026-09-20T14:00,2026,9,20,14,263,62.4,87.8,25.2,30.5,639.0,123.0,48.0,30.4,56.0,20.6,986.7,4.1,15.0,125.0,0.7107,44.35,-1.061,-3.96,0.0,2.05,-0.5,-0.866,-0.9824,-0.187,0,0,0,61.0,60.3,62.4,0.7,0.0
lnjp_hospital,Lok Nayak Jai Prakash Narayan (LNJP) Hospital,healthcare,28.638,77.2405,2026-09-20T15:00,2026,9,20,15,263,66.4,88.0,31.7,31.9,820.0,92.0,42.0,29.9,61.0,21.6,987.5,2.6,74.0,65.0,0.7545,50.1,-2.499,-0.717,0.0,0.0,-0.7071,-0.7071,-0.9824,-0.187,0,0,0,62.4,61.0,66.4,2.6,0.0
lnjp_hospital,Lok Nayak Jai Prakash Narayan (LNJP) Hospital,healthcare,28.638,77.2405,2026-09-20T16:00,2026,9,20,16,263,71.9,91.5,39.4,33.7,1102.0,70.0,39.0,29.3,64.0,21.9,988.2,2.2,99.0,50.0,0.7858,56.5,-2.173,0.344,0.0,0.0,-0.866,-0.5,-0.9824,-0.187,0,0,0,66.4,62.4,71.9,1.5,0.0
lnjp_hospital,Lok Nayak Jai Prakash Narayan (LNJP) Hospital,healthcare,28.638,77.2405,2026-09-20T17:00,2026,9,20,17,263,78.9,97.8,47.8,35.6,1436.0,52.0,37.0,29.0,66.0,22.1,988.2,0.9,90.0,25.0,0.8067,63.65,-0.9,-0.0,0.0,0.0,-0.9659,-0.2588,-0.9824,-0.187,0,0,0,71.9,66.4,78.9,1.5,0.0
lnjp_hospital,Lok Nayak Jai Prakash Narayan (LNJP) Hospital,healthcare,28.638,77.2405,2026-09-20T18:00,2026,9,20,18,263,85.9,105.2,54.7,36.8,1682.0,38.0,37.0,28.7,69.0,22.3,987.8,2.7,37.0,60.0,0.8165,70.14,-1.625,-2.156,0.0,0.376,-1.0,-0.0,-0.9824,-0.187,0,0,0,78.9,71.9,85.9,0.0,0.0
lnjp_hospital,Lok Nayak Jai Prakash Narayan (LNJP) Hospital,healthcare,28.638,77.2405,2026-09-20T19:00,2026,9,20,19,263,89.4,109.9,58.8,36.7,1787.0,29.0,38.0,27.6,72.0,22.2,987.5,3.4,16.0,60.0,0.8135,72.72,-0.937,-3.268,0.0,1.648,-0.9659,0.2588,-0.9824,-0.187,0,0,0,85.9,78.9,89.4,-3.5,0.0
lnjp_hospital,Lok Nayak Jai Prakash Narayan (LNJP) Hospital,healthcare,28.638,77.2405,2026-09-20T20:00,2026,9,20,20,263,92.0,112.9,61.4,35.8,1803.0,23.0,39.0,26.9,75.0,22.0,987.2,3.1,13.0,55.0,0.8149,74.97,-0.697,-3.021,0.0,1.643,-0.866,0.5,-0.9824,-0.187,0,0,0,89.4,85.9,92.0,-0.9,0.0
lnjp_hospital,Lok Nayak Jai Prakash Narayan (LNJP) Hospital,healthcare,28.638,77.2405,2026-09-20T21:00,2026,9,20,21,263,94.5,115.9,63.5,35.2,1742.0,19.0,41.0,26.5,76.0,21.9,986.9,2.9,22.0,50.0,0.8154,77.05,-1.086,-2.689,0.0,1.133,-0.7071,0.7071,-0.9824,-0.187,0,0,0,92.0,89.4,94.5,-0.1,0.0
lnjp_hospital,Lok Nayak Jai Prakash Narayan (LNJP) Hospital,healthcare,28.638,77.2405,2026-09-20T22:00,2026,9,20,22,263,97.6,119.7,66.4,35.2,1550.0,11.0,42.0,26.2,77.0,21.8,986.8,2.5,30.0,50.0,0.8154,79.58,-1.25,-2.165,0.0,0.647,-0.5,0.866,-0.9824,-0.187,0,0,0,94.5,92.0,97.6,0.6,0.0
lnjp_hospital,Lok Nayak Jai Prakash Narayan (LNJP) Hospital,healthcare,28.638,77.2405,2026-09-20T23:00,2026,9,20,23,263,101.0,123.4,68.9,35.5,1280.0,3.0,43.0,25.9,77.0,21.6,986.7,2.4,36.0,45.0,0.8185,82.67,-1.411,-1.942,0.0,0.375,-0.2588,0.9659,-0.9824,-0.187,0,0,0,97.6,94.5,101.0,0.3,0.0
lnjp_hospital,Lok Nayak Jai Prakash Narayan (LNJP) Hospital,healthcare,28.638,77.2405,2026-09-21T00:00,2026,9,21,0,264,67.8,84.1,43.4,26.5,1105.0,26.0,31.0,26.5,82.0,23.1,986.6,2.5,45.0,45.0,0.8062,54.66,-1.768,-1.768,0.0,0.0,0.0,1.0,-0.9854,-0.1701,0,0,0,101.0,97.6,85.0,-36.6,-17.2
lnjp_hospital,Lok Nayak Jai Prakash Narayan (LNJP) Hospital,healthcare,28.638,77.2405,2026-09-21T01:00,2026,9,21,1,264,72.9,89.2,43.5,27.9,1151.0,44.0,30.0,26.0,83.0,23.0,986.8,1.9,17.0,30.0,0.8173,59.58,-0.556,-1.817,0.0,0.892,0.2588,0.9659,-0.9854,-0.1701,0,0,0,67.8,101.0,88.2,38.3,-15.3
lnjp_hospital,Lok Nayak Jai Prakash Narayan (LNJP) Hospital,healthcare,28.638,77.2405,2026-09-21T02:00,2026,9,21,2,264,79.2,91.0,43.3,30.0,1291.0,69.0,29.0,26.8,79.0,23.0,987.0,1.9,338.0,65.0,0.8703,68.93,0.712,-1.762,0.0,1.749,0.5,0.866,-0.9854,-0.1701,0,0,0,72.9,67.8,89.2,1.2,-10.0
lnjp_hospital,Lok Nayak Jai Prakash Narayan (LNJP) Hospital,healthcare,28.638,77.2405,2026-09-21T03:00,2026,9,21,3,264,65.4,81.7,40.1,31.7,1316.0,99.0,31.0,28.7,70.0,22.6,987.5,1.3,326.0,135.0,0.8005,52.35,0.727,-1.078,0.0,1.276,0.7071,0.7071,-0.9854,-0.1701,0,0,0,79.2,72.9,79.4,-20.1,-14.0
lnjp_hospital,Lok Nayak Jai Prakash Narayan (LNJP) Hospital,healthcare,28.638,77.2405,2026-09-21T04:00,2026,9,21,4,264,51.8,75.9,31.1,33.2,1090.0,136.0,40.0,30.8,58.0,21.7,987.7,1.8,336.0,420.0,0.6825,35.35,0.732,-1.644,0.0,1.68,0.866,0.5,-0.9854,-0.1701,0,0,0,65.4,79.2,65.4,0.2,-13.6
lnjp_hospital,Lok Nayak Jai Prakash Narayan (LNJP) Hospital,healthcare,28.638,77.2405,2026-09-21T05:00,2026,9,21,5,264,49.9,78.0,19.1,34.4,749.0,178.0,52.0,32.2,49.0,20.3,987.7,3.2,326.0,1390.0,0.6397,31.92,1.789,-2.653,0.0,3.141,0.9659,0.2588,-0.9854,-0.1701,0,0,0,51.8,65.4,55.3,11.7,-5.4
lnjp_hospital,Lok Nayak Jai Prakash Narayan (LNJP) Hospital,healthcare,28.638,77.2405,2026-09-21T06:00,2026,9,21,6,264,51.6,83.4,10.0,34.5,497.0,210.0,62.0,33.2,46.0,19.9,987.3,4.8,331.0,1560.0,0.6187,31.93,2.327,-4.198,0.0,4.613,1.0,0.0,-0.9854,-0.1701,0,0,0,49.9,51.8,52.2,3.6,-0.6
lnjp_hospital,Lok Nayak Jai Prakash Narayan (LNJP) Hospital,healthcare,28.638,77.2405,2026-09-21T07:00,2026,9,21,7,264,52.9,86.8,6.2,32.6,425.0,227.0,67.0,33.5,45.0,19.8,986.5,4.3,338.0,1590.0,0.6094,32.24,1.611,-3.987,0.0,3.958,0.9659,-0.2588,-0.9854,-0.1701,0,0,1,51.6,49.9,52.0,-0.4,0.9
lnjp_hospital,Lok Nayak Jai Prakash Narayan (LNJP) Hospital,healthcare,28.638,77.2405,2026-09-21T08:00,2026,9,21,8,264,53.8,88.7,5.3,29.5,441.0,233.0,69.0,33.8,44.0,19.8,985.5,4.4,339.0,1685.0,0.6065,32.63,1.577,-4.108,0.0,4.019,0.866,-0.5,-0.9854,-0.1701,0,0,1,52.9,51.6,52.3,-0.4,1.5
lnjp_hospital,Lok Nayak Jai Prakash Narayan (LNJP) Hospital,healthcare,28.638,77.2405,2026-09-21T09:00,2026,9,21,9,264,54.8,91.0,6.2,27.1,470.0,232.0,71.0,33.8,43.0,19.7,984.4,5.5,341.0,1775.0,0.6022,33.0,1.791,-5.2,0.0,4.943,0.7071,-0.7071,-0.9854,-0.1701,0,0,1,53.8,52.9,52.9,0.1,1.9
lnjp_hospital,Lok Nayak Jai Prakash Narayan (LNJP) Hospital,healthcare,28.638,77.2405,2026-09-21T10:00,2026,9,21,10,264,55.9,94.3,8.6,26.0,470.0,222.0,73.0,33.4,44.0,19.6,983.7,6.3,329.0,1625.0,0.5928,33.14,3.245,-5.4,0.0,6.112,0.5,-0.866,-0.9854,-0.1701,0,0,0,54.8,53.8,53.4,0.1,2.5
lnjp_hospital,Lok Nayak Jai Prakash Narayan (LNJP) Hospital,healthcare,28.638,77.2405,2026-09-21T11:00,2026,9,21,11,264,57.2,95.0,12.8,25.7,483.0,203.0,75.0,33.0,46.0,19.7,983.2,6.0,321.0,1560.0,0.6021,34.44,3.776,-4.663,0.0,5.966,0.2588,-0.9659,-0.9854,-0.1701,0,0,0,55.9,54.8,54.4,0.2,2.8
lnjp_hospital,Lok Nayak Jai Prakash Narayan (LNJP) Hospital,healthcare,28.638,77.2405,2026-09-21T12:00,2026,9,21,12,264,60.1,90.8,19.5,27.9,563.0,184.0,60.0,32.8,46.0,19.8,983.3,8.1,348.0,1455.0,0.6619,39.78,1.684,-7.923,0.0,6.792,0.0,-1.0,-0.9854,-0.1701,0,0,0,57.2,55.9,60.3,1.6,-0.2
lnjp_hospital,Lok Nayak Jai Prakash Narayan (LNJP) Hospital,healthcare,28.638,77.2405,2026-09-21T13:00,2026,9,21,13,264,66.8,93.6,27.9,29.9,771.0,156.0,59.0,31.7,52.0,20.7,983.7,7.0,4.0,475.0,0.7137,47.67,-0.488,-6.983,0.0,4.592,-0.2588,-0.9659,-0.9854,-0.1701,0,0,0,60.1,57.2,61.0,3.8,5.8
lnjp_hospital,Lok Nayak Jai Prakash Narayan (LNJP) Hospital,healthcare,28.638,77.2405,2026-09-21T14:00,2026,9,21,14,264,71.5,99.2,39.7,32.8,1046.0,116.0,57.0,30.9,56.0,21.2,984.2,6.1,14.0,235.0,0.7208,51.53,-1.476,-5.919,0.0,3.141,-0.5,-0.866,-0.9854,-0.1701,0,0,0,66.8,60.1,62.4,-2.0,9.1
lnjp_hospital,Lok Nayak Jai Prakash Narayan (LNJP) Hospital,healthcare,28.638,77.2405,2026-09-21T15:00,2026,9,21,15,264,75.0,105.5,51.1,35.6,1261.0,82.0,59.0,30.1,61.0,21.7,984.9,3.5,12.0,90.0,0.7109,53.32,-0.728,-3.424,0.0,1.906,-0.7071,-0.7071,-0.9854,-0.1701,0,0,0,71.5,66.8,66.4,-1.2,8.6
lnjp_hospital,Lok Nayak Jai Prakash Narayan (LNJP) Hospital,healthcare,28.638,77.2405,2026-09-21T16:00,2026,9,21,16,264,80.8,115.0,61.3,38.3,1375.0,60.0,67.0,29.4,65.0,22.2,985.1,2.7,360.0,50.0,0.7026,56.77,0.0,-2.7,0.0,1.909,-0.866,-0.5,-0.9854,-0.1701,0,0,0,75.0,71.5,71.9,2.3,8.9
lnjp_hospital,Lok Nayak Jai Prakash Narayan (LNJP) Hospital,healthcare,28.638,77.2405,2026-09-21T17:00,2026,9,21,17,264,89.6,129.5,71.0,40.8,1428.0,44.0,78.0,28.8,68.0,22.3,985.1,2.7,337.0,45.0,0.6919,61.99,1.055,-2.485,0.0,2.503,-0.9659,-0.2588,-0.9854,-0.1701,0,0,0,80.8,75.0,78.9,3.0,10.7
lnjp_hospital,Lok Nayak Jai Prakash Narayan (LNJP) Hospital,healthcare,28.638,77.2405,2026-09-21T18:00,2026,9,21,18,264,95.0,141.1,78.0,42.1,1419.0,31.0,89.0,29.2,68.0,22.6,984.9,2.5,360.0,30.0,0.6733,63.96,0.0,-2.5,0.0,1.768,-1.0,-0.0,-0.9854,-0.1701,0,0,0,89.6,80.8,85.9,-3.4,9.1
lnjp_hospital,Lok Nayak Jai Prakash Narayan (LNJP) Hospital,healthcare,28.638,77.2405,2026-09-21T19:00,2026,9,21,19,264,97.8,150.9,80.8,41.1,1316.0,22.0,100.0,28.2,73.0,23.0,984.5,2.2,9.0,40.0,0.6481,63.39,-0.344,-2.173,0.0,1.293,-0.9659,0.2588,-0.9854,-0.1701,0,0,0,95.0,89.6,89.4,-2.6,8.4
lnjp_hospital,Lok Nayak Jai Prakash Narayan (LNJP) Hospital,healthcare,28.638,77.2405,2026-09-21T20:00,2026,9,21,20,264,100.4,159.3,80.9,38.8,1150.0,17.0,111.0,27.6,75.0,22.9,984.4,2.6,25.0,55.0,0.6303,63.28,-1.099,-2.356,0.0,0.889,-0.866,0.5,-0.9854,-0.1701,0,0,0,97.8,95.0,92.0,-0.2,8.4
lnjp_hospital,Lok Nayak Jai Prakash Narayan (LNJP) Hospital,healthcare,28.638,77.2405,2026-09-21T21:00,2026,9,21,21,264,102.4,166.2,80.9,37.1,1008.0,13.0,121.0,27.2,77.0,22.8,984.1,2.7,20.0,55.0,0.6161,63.09,-0.923,-2.537,0.0,1.141,-0.7071,0.7071,-0.9854,-0.1701,0,0,0,100.4,97.8,94.5,-0.6,7.9
lnjp_hospital,Lok Nayak Jai Prakash Narayan (LNJP) Hospital,healthcare,28.638,77.2405,2026-09-21T22:00,2026,9,21,22,264,103.1,172.3,83.0,36.7,907.0,5.0,131.0,26.6,79.0,22.7,983.9,3.0,38.0,65.0,0.5984,61.69,-1.847,-2.364,0.0,0.366,-0.5,0.866,-0.9854,-0.1701,0,0,0,102.4,100.4,97.6,-1.3,5.5
lnjp_hospital,Lok Nayak Jai Prakash Narayan (LNJP) Hospital,healthcare,28.638,77.2405,2026-09-21T23:00,2026,9,21,23,264,103.8,178.8,84.9,36.9,829.0,0.0,140.0,26.3,82.0,22.9,984.1,1.5,30.0,40.0,0.5805,60.26,-0.75,-1.299,0.0,0.388,-0.2588,0.9659,-0.9854,-0.1701,0,0,0,103.1,102.4,101.0,0.0,2.8
lnjp_hospital,Lok Nayak Jai Prakash Narayan (LNJP) Hospital,healthcare,28.638,77.2405,2026-09-22T00:00,2026,9,22,0,265,107.8,163.9,83.9,37.9,815.0,2.0,108.0,26.5,84.0,23.5,984.5,2.0,5.0,40.0,0.6577,70.9,-0.174,-1.992,0.0,1.285,0.0,1.0,-0.9882,-0.1531,0,0,0,103.8,103.1,67.8,3.3,40.0
lnjp_hospital,Lok Nayak Jai Prakash Narayan (LNJP) Hospital,healthcare,28.638,77.2405,2026-09-22T01:00,2026,9,22,1,265,102.7,161.6,72.2,36.3,933.0,31.0,123.0,26.1,85.0,23.3,984.7,2.1,15.0,40.0,0.6355,65.27,-0.544,-2.028,0.0,1.05,0.2588,0.9659,-0.9882,-0.1531,0,0,0,107.8,103.8,72.9,-9.1,29.8
lnjp_hospital,Lok Nayak Jai Prakash Narayan (LNJP) Hospital,healthcare,28.638,77.2405,2026-09-22T02:00,2026,9,22,2,265,95.0,146.2,55.8,34.1,1113.0,74.0,143.0,27.2,79.0,23.3,985.1,1.4,337.0,65.0,0.6498,61.73,0.547,-1.289,0.0,1.298,0.5,0.866,-0.9882,-0.1531,0,0,0,102.7,107.8,79.2,-2.6,15.8
lnjp_hospital,Lok Nayak Jai Prakash Narayan (LNJP) Hospital,healthcare,28.638,77.2405,2026-09-22T03:00,2026,9,22,3,265,69.8,152.3,40.7,33.2,1188.0,115.0,155.0,29.7,65.0,22.5,985.9,1.3,16.0,190.0,0.4583,31.99,-0.358,-1.25,0.0,0.63,0.7071,0.7071,-0.9882,-0.1531,0,0,0,95.0,102.7,65.4,-17.5,4.4
lnjp_hospital,Lok Nayak Jai Prakash Narayan (LNJP) Hospital,healthcare,28.638,77.2405,2026-09-22T04:00,2026,9,22,4,265,58.0,153.2,28.4,35.2,1050.0,155.0,152.0,31.8,52.0,20.7,986.0,0.9,360.0,1040.0,0.3786,21.96,0.0,-0.9,0.0,0.636,0.866,0.5,-0.9882,-0.1531,0,0,0,69.8,95.0,51.8,13.4,6.2
lnjp_hospital,Lok Nayak Jai Prakash Narayan (LNJP) Hospital,healthcare,28.638,77.2405,2026-09-22T05:00,2026,9,22,5,265,52.0,133.2,17.5,38.5,806.0,194.0,141.0,33.2,45.0,19.8,986.1,1.9,319.0,1250.0,0.3904,20.3,1.247,-1.434,0.0,1.895,0.9659,0.2588,-0.9882,-0.1531,0,0,0,58.0,69.8,49.9,5.8,2.1
lnjp_hospital,Lok Nayak Jai Prakash Narayan (LNJP) Hospital,healthcare,28.638,77.2405,2026-09-22T06:00,2026,9,22,6,265,50.3,115.9,9.7,39.6,609.0,223.0,129.0,34.7,42.0,19.8,985.5,3.5,339.0,1720.0,0.434,21.83,1.254,-3.268,0.0,3.197,1.0,0.0,-0.9882,-0.1531,0,0,0,52.0,58.0,51.6,4.3,-1.3
lnjp_hospital,Lok Nayak Jai Prakash Narayan (LNJP) Hospital,healthcare,28.638,77.2405,2026-09-22T07:00,2026,9,22,7,265,49.2,104.1,6.0,36.4,520.0,237.0,115.0,35.3,39.0,19.4,984.7,5.3,342.0,1835.0,0.4726,23.25,1.638,-5.041,0.0,4.722,0.9659,-0.2588,-0.9882,-0.1531,0,0,1,50.3,52.0,52.9,0.6,-3.7
lnjp_hospital,Lok Nayak Jai Prakash Narayan (LNJP) Hospital,healthcare,28.638,77.2405,2026-09-22T08:00,2026,9,22,8,265,48.0,95.9,5.3,31.0,479.0,242.0,98.0,35.9,37.0,18.8,983.6,7.4,346.0,1845.0,0.5005,24.03,1.79,-7.18,0.0,6.342,0.866,-0.5,-0.9882,-0.1531,0,0,1,49.2,50.3,53.8,-0.1,-5.8
lnjp_hospital,Lok Nayak Jai Prakash Narayan (LNJP) Hospital,healthcare,28.638,77.2405,2026-09-22T09:00,2026,9,22,9,265,46.0,90.8,6.2,26.7,458.0,238.0,89.0,35.9,36.0,18.5,982.6,9.0,347.0,1925.0,0.5066,23.3,2.025,-8.769,0.0,7.631,0.7071,-0.7071,-0.9882,-0.1531,0,0,1,48.0,49.2,54.8,-0.8,-8.8
lnjp_hospital,Lok Nayak Jai Prakash Narayan (LNJP) Hospital,healthcare,28.638,77.2405,2026-09-22T10:00,2026,9,22,10,265,44.4,89.4,8.6,24.5,446.0,225.0,90.0,35.5,37.0,18.7,981.9,9.8,347.0,1635.0,0.4966,22.05,2.205,-9.549,0.0,8.31,0.5,-0.866,-0.9882,-0.1531,0,0,0,46.0,48.0,55.9,0.4,-11.5
lnjp_hospital,Lok Nayak Jai Prakash Narayan (LNJP) Hospital,healthcare,28.638,77.2405,2026-09-22T11:00,2026,9,22,11,265,44.0,93.4,12.5,23.3,454.0,205.0,97.0,34.8,40.0,19.4,981.3,10.4,342.0,1345.0,0.4711,20.73,3.214,-9.891,0.0,9.265,0.2588,-0.9659,-0.9882,-0.1531,0,0,0,44.4,46.0,57.2,1.2,-13.2
lnjp_hospital,Lok Nayak Jai Prakash Narayan (LNJP) Hospital,healthcare,28.638,77.2405,2026-09-22T12:00,2026,9,22,12,265,43.2,94.8,16.1,22.3,484.0,179.0,102.0,34.0,48.0,21.3,981.4,9.1,342.0,1190.0,0.4557,19.69,2.812,-8.655,0.0,8.107,0.0,-1.0,-0.9882,-0.1531,0,0,0,44.0,44.4,60.1,-0.4,-16.9
lnjp_hospital,Lok Nayak Jai Prakash Narayan (LNJP) Hospital,healthcare,28.638,77.2405,2026-09-22T13:00,2026,9,22,13,265,46.2,100.4,21.9,23.9,546.0,157.0,105.0,33.2,51.0,21.8,981.4,6.7,340.0,1095.0,0.4602,21.26,2.292,-6.296,0.0,6.071,-0.2588,-0.9659,-0.9882,-0.1531,0,0,0,43.2,44.0,66.8,3.8,-20.6
lnjp_hospital,Lok Nayak Jai Prakash Narayan (LNJP) Hospital,healthcare,28.638,77.2405,2026-09-22T14:00,2026,9,22,14,265,50.1,106.4,30.0,26.1,631.0,126.0,110.0,32.4,55.0,22.3,981.8,5.3,352.0,925.0,0.4709,23.59,0.738,-5.248,0.0,4.232,-0.5,-0.866,-0.9882,-0.1531,0,0,0,46.2,43.2,71.5,0.9,-21.4
lnjp_hospital,Lok Nayak Jai Prakash Narayan (LNJP) Hospital,healthcare,28.638,77.2405,2026-09-22T15:00,2026,9,22,15,265,53.7,112.2,36.7,27.8,716.0,100.0,115.0,31.7,60.0,22.9,982.6,3.1,353.0,275.0,0.4786,25.7,0.378,-3.077,0.0,2.442,-0.7071,-0.7071,-0.9882,-0.1531,0,0,0,50.1,46.2,75.0,-0.3,-21.3
lnjp_hospital,Lok Nayak Jai Prakash Narayan (LNJP) Hospital,healthcare,28.638,77.2405,2026-09-22T16:00,2026,9,22,16,265,58.0,119.0,40.5,28.5,802.0,84.0,120.0,31.1,64.0,23.6,983.0,1.8,354.0,125.0,0.4874,28.27,0.188,-1.79,0.0,1.399,-0.866,-0.5,-0.9882,-0.1531,0,0,0,53.7,50.1,80.8,0.7,-22.8
lnjp_hospital,Lok Nayak Jai Prakash Narayan (LNJP) Hospital,healthcare,28.638,77.2405,2026-09-22T17:00,2026,9,22,17,265,61.2,126.2,42.8,28.8,888.0,73.0,125.0,30.7,68.0,24.1,983.3,1.4,310.0,85.0,0.4849,29.68,1.072,-0.9,0.0,1.394,-0.9659,-0.2588,-0.9882,-0.1531,0,0,0,58.0,53.7,89.6,-1.1,-28.4
lnjp_hospital,Lok Nayak Jai Prakash Narayan (LNJP) Hospital,healthcare,28.638,77.2405,2026-09-22T18:00,2026,9,22,18,265,63.3,131.8,45.0,28.9,948.0,63.0,130.0,31.3,63.0,23.3,982.8,3.8,335.0,270.0,0.4803,30.4,1.606,-3.444,0.0,3.57,-1.0,-0.0,-0.9882,-0.1531,0,0,0,61.2,58.0,95.0,-1.1,-31.7
lnjp_hospital,Lok Nayak Jai Prakash Narayan (LNJP) Hospital,healthcare,28.638,77.2405,2026-09-22T19:00,2026,9,22,19,265,65.7,138.8,47.3,28.9,967.0,54.0,137.0,29.8,72.0,24.1,982.9,3.1,336.0,85.0,0.4733,31.1,1.261,-2.832,0.0,2.894,-0.9659,0.2588,-0.9882,-0.1531,0,0,0,63.3,61.2,97.8,0.3,-32.1
lnjp_hospital,Lok Nayak Jai Prakash Narayan (LNJP) Hospital,healthcare,28.638,77.2405,2026-09-22T20:00,2026,9,22,20,265,68.9,146.7,49.3,28.9,960.0,47.0,144.0,28.9,77.0,24.4,982.6,3.8,349.0,120.0,0.4697,32.36,0.725,-3.73,0.0,3.15,-0.866,0.5,-0.9882,-0.1531,0,0,0,65.7,63.3,100.4,0.8,-31.5
lnjp_hospital,Lok Nayak Jai Prakash Narayan (LNJP) Hospital,healthcare,28.638,77.2405,2026-09-22T21:00,2026,9,22,21,265,71.2,150.9,51.3,29.0,950.0,41.0,149.0,27.9,81.0,24.4,982.4,3.8,11.0,115.0,0.4718,33.59,-0.725,-3.73,0.0,2.125,-0.7071,0.7071,-0.9882,-0.1531,0,0,0,68.9,65.7,102.4,-0.9,-31.2
lnjp_hospital,Lok Nayak Jai Prakash Narayan (LNJP) Hospital,healthcare,28.638,77.2405,2026-09-22T22:00,2026,9,22,22,265,72.6,152.3,54.4,29.3,941.0,31.0,150.0,27.1,84.0,24.2,982.2,3.1,28.0,90.0,0.4767,34.61,-1.455,-2.737,0.0,0.906,-0.5,0.866,-0.9882,-0.1531,0,0,0,71.2,68.9,103.1,-0.9,-30.5
lnjp_hospital,Lok Nayak Jai Prakash Narayan (LNJP) Hospital,healthcare,28.638,77.2405,2026-09-22T23:00,2026,9,22,23,265,74.3,153.7,57.5,29.8,928.0,21.0,149.0,26.7,87.0,24.3,982.4,1.9,41.0,70.0,0.4834,35.92,-1.247,-1.434,0.0,0.133,-0.2588,0.9659,-0.9882,-0.1531,0,0,0,72.6,71.2,103.8,0.3,-29.5
lnjp_hospital,Lok Nayak Jai Prakash Narayan (LNJP) Hospital,healthcare,28.638,77.2405,2026-09-23T00:00,2026,9,23,0,266,62.9,120.1,33.8,24.8,923.0,59.0,107.0,27.0,85.0,24.2,982.9,1.9,73.0,55.0,0.5237,32.94,-1.817,-0.556,0.0,0.0,0.0,1.0,-0.9907,-0.1361,0,0,0,74.3,72.6,107.8,-13.1,-44.9
lnjp_hospital,Lok Nayak Jai Prakash Narayan (LNJP) Hospital,healthcare,28.638,77.2405,2026-09-23T01:00,2026,9,23,1,266,70.3,123.9,32.7,27.0,944.0,75.0,95.0,26.5,87.0,24.3,983.4,1.3,82.0,50.0,0.5674,39.89,-1.287,-0.181,0.0,0.0,0.2588,0.9659,-0.9907,-0.1361,0,0,0,62.9,74.3,102.7,18.8,-32.4
lnjp_hospital,Lok Nayak Jai Prakash Narayan (LNJP) Hospital,healthcare,28.638,77.2405,2026-09-23T02:00,2026,9,23,2,266,74.3,112.7,30.9,30.1,972.0,99.0,78.0,27.8,79.0,23.7,984.1,0.6,304.0,100.0,0.6593,48.98,0.497,-0.336,0.0,0.589,0.5,0.866,-0.9907,-0.1361,0,0,0,70.3,62.9,95.0,-3.4,-20.7
lnjp_hospital,Lok Nayak Jai Prakash Narayan (LNJP) Hospital,healthcare,28.638,77.2405,2026-09-23T03:00,2026,9,23,3,266,63.1,96.2,28.1,33.0,961.0,126.0,64.0,29.9,65.0,22.7,984.9,1.3,8.0,415.0,0.6559,41.39,-0.181,-1.287,0.0,0.782,0.7071,0.7071,-0.9907,-0.1361,0,0,0,74.3,70.3,69.8,-15.2,-6.7
lnjp_hospital,Lok Nayak Jai Prakash Narayan (LNJP) Hospital,healthcare,28.638,77.2405,2026-09-23T04:00,2026,9,23,4,266,60.8,88.5,23.4,36.0,874.0,158.0,55.0,31.8,54.0,21.3,985.1,0.4,153.0,980.0,0.687,41.77,-0.182,0.356,0.0,0.0,0.866,0.5,-0.9907,-0.1361,0,0,0,63.1,74.3,58.0,8.9,2.8
lnjp_hospital,Lok Nayak Jai Prakash Narayan (LNJP) Hospital,healthcare,28.638,77.2405,2026-09-23T05:00,2026,9,23,5,266,57.7,82.7,17.6,38.7,749.0,193.0,49.0,33.2,47.0,20.4,985.0,1.3,214.0,1115.0,0.6977,40.26,0.727,1.078,0.0,0.0,0.9659,0.2588,-0.9907,-0.1361,0,0,0,60.8,63.1,52.0,-0.8,5.7
lnjp_hospital,Lok Nayak Jai Prakash Narayan (LNJP) Hospital,healthcare,28.638,77.2405,2026-09-23T06:00,2026,9,23,6,266,55.5,78.2,12.9,39.4,650.0,220.0,44.0,35.0,44.0,20.9,984.4,2.2,318.0,1530.0,0.7097,39.39,1.472,-1.635,0.0,2.197,1.0,0.0,-0.9907,-0.1361,0,0,0,57.7,60.8,50.3,0.9,5.2
lnjp_hospital,Lok Nayak Jai Prakash Narayan (LNJP) Hospital,healthcare,28.638,77.2405,2026-09-23T07:00,2026,9,23,7,266,54.0,73.8,9.8,36.3,604.0,236.0,39.0,36.2,38.0,19.5,983.6,3.6,333.0,1925.0,0.7317,39.51,1.634,-3.208,0.0,3.423,0.9659,-0.2588,-0.9907,-0.1361,0,0,1,55.5,57.7,49.2,0.7,4.8
lnjp_hospital,Lok Nayak Jai Prakash Narayan (LNJP) Hospital,healthcare,28.638,77.2405,2026-09-23T08:00,2026,9,23,8,266,52.9,70.5,7.9,31.1,584.0,243.0,36.0,36.8,34.0,18.2,982.5,5.5,351.0,2170.0,0.7504,39.69,0.86,-5.432,0.0,4.449,0.866,-0.5,-0.9907,-0.1361,0,0,1,54.0,55.5,48.0,0.4,4.9
lnjp_hospital,Lok Nayak Jai Prakash Narayan (LNJP) Hospital,healthcare,28.638,77.2405,2026-09-23T09:00,2026,9,23,9,266,52.2,68.9,7.8,27.0,576.0,243.0,33.0,36.6,33.0,17.9,981.4,8.1,1.0,2125.0,0.7576,39.55,-0.141,-8.099,0.0,5.626,0.7071,-0.7071,-0.9907,-0.1361,0,0,1,52.9,54.0,46.0,0.4,6.2
lnjp_hospital,Lok Nayak Jai Prakash Narayan (LNJP) Hospital,healthcare,28.638,77.2405,2026-09-23T10:00,2026,9,23,10,266,53.1,69.4,9.9,25.0,579.0,233.0,32.0,36.3,33.0,17.4,980.7,10.3,7.0,1925.0,0.7651,40.63,-1.255,-10.223,0.0,6.34,0.5,-0.866,-0.9907,-0.1361,0,0,0,52.2,52.9,44.4,1.6,8.7
lnjp_hospital,Lok Nayak Jai Prakash Narayan (LNJP) Hospital,healthcare,28.638,77.2405,2026-09-23T11:00,2026,9,23,11,266,56.0,71.2,13.9,24.2,593.0,216.0,32.0,35.4,35.0,17.4,980.5,11.0,11.0,1490.0,0.7865,44.04,-2.099,-10.798,0.0,6.15,0.2588,-0.9659,-0.9907,-0.1361,0,0,0,53.1,52.2,44.0,2.0,12.0
lnjp_hospital,Lok Nayak Jai Prakash Narayan (LNJP) Hospital,healthcare,28.638,77.2405,2026-09-23T12:00,2026,9,23,12,266,62.9,76.4,21.5,25.7,609.0,188.0,26.0,34.4,38.0,17.9,980.6,11.4,12.0,1030.0,0.8233,51.79,-2.37,-11.151,0.0,6.208,0.0,-1.0,-0.9907,-0.1361,0,0,0,56.0,53.1,43.2,4.0,19.7
lnjp_hospital,Lok Nayak Jai Prakash Narayan (LNJP) Hospital,healthcare,28.638,77.2405,2026-09-23T13:00,2026,9,23,13,266,69.6,84.8,27.5,27.5,606.0,163.0,27.0,32.9,42.0,18.4,980.8,7.4,13.0,625.0,0.8208,57.12,-1.665,-7.21,0.0,3.921,-0.2588,-0.9659,-0.9907,-0.1361,0,0,0,62.9,56.0,46.2,-0.2,23.4
lnjp_hospital,Lok Nayak Jai Prakash Narayan (LNJP) Hospital,healthcare,28.638,77.2405,2026-09-23T14:00,2026,9,23,14,266,79.4,95.2,36.0,30.1,604.0,128.0,29.0,32.2,48.0,19.9,981.6,3.4,32.0,355.0,0.834,66.22,-1.802,-2.883,0.0,0.765,-0.5,-0.866,-0.9907,-0.1361,0,0,0,69.6,62.9,50.1,3.1,29.3
lnjp_hospital,Lok Nayak Jai Prakash Narayan (LNJP) Hospital,healthcare,28.638,77.2405,2026-09-23T15:00,2026,9,23,15,266,87.5,102.9,43.8,32.3,651.0,97.0,30.0,31.5,53.0,20.7,982.3,3.6,49.0,205.0,0.8503,74.4,-2.717,-2.362,0.0,0.0,-0.7071,-0.7071,-0.9907,-0.1361,0,0,0,79.4,69.6,53.7,-1.7,33.8
lnjp_hospital,Lok Nayak Jai Prakash Narayan (LNJP) Hospital,healthcare,28.638,77.2405,2026-09-23T16:00,2026,9,23,16,266,97.8,111.8,51.3,34.3,811.0,75.0,29.0,30.7,57.0,21.3,983.1,3.2,38.0,145.0,0.8748,85.55,-1.97,-2.522,0.0,0.39,-0.866,-0.5,-0.9907,-0.1361,0,0,0,87.5,79.4,58.0,2.2,39.8
lnjp_hospital,Lok Nayak Jai Prakash Narayan (LNJP) Hospital,healthcare,28.638,77.2405,2026-09-23T17:00,2026,9,23,17,266,108.0,122.0,58.0,36.0,1020.0,57.0,29.0,30.1,62.0,21.9,983.3,3.7,39.0,120.0,0.8852,95.61,-2.328,-2.875,0.0,0.387,-0.9659,-0.2588,-0.9907,-0.1361,0,0,0,97.8,87.5,61.2,-0.1,46.8
lnjp_hospital,Lok Nayak Jai Prakash Narayan (LNJP) Hospital,healthcare,28.638,77.2405,2026-09-23T18:00,2026,9,23,18,266,109.7,126.2,59.9,36.2,1134.0,47.0,32.0,30.2,65.0,22.8,983.0,5.4,75.0,140.0,0.8693,95.36,-5.216,-1.398,0.0,0.0,-1.0,-0.0,-0.9907,-0.1361,0,0,0,108.0,97.8,63.3,-8.5,46.4
lnjp_hospital,Lok Nayak Jai Prakash Narayan (LNJP) Hospital,healthcare,28.638,77.2405,2026-09-23T19:00,2026,9,23,19,266,102.7,122.0,53.1,33.7,1065.0,48.0,44.0,29.0,72.0,23.3,982.7,4.2,110.0,95.0,0.8418,86.45,-3.947,1.436,0.0,0.0,-0.9659,0.2588,-0.9907,-0.1361,0,0,0,109.7,108.0,65.7,-8.7,37.0
lnjp_hospital,Lok Nayak Jai Prakash Narayan (LNJP) Hospital,healthcare,28.638,77.2405,2026-09-23T20:00,2026,9,23,20,266,91.3,116.9,41.4,29.7,900.0,57.0,59.0,28.3,75.0,23.3,982.4,3.5,111.0,95.0,0.781,71.31,-3.268,1.254,0.0,0.0,-0.866,0.5,-0.9907,-0.1361,0,0,0,102.7,109.7,68.9,-4.4,22.4
lnjp_hospital,Lok Nayak Jai Prakash Narayan (LNJP) Hospital,healthcare,28.638,77.2405,2026-09-23T21:00,2026,9,23,21,266,76.1,112.7,31.9,26.6,759.0,63.0,71.0,27.6,76.0,22.9,982.3,4.7,118.0,150.0,0.6752,51.39,-4.15,2.207,0.0,0.0,-0.7071,0.7071,-0.9907,-0.1361,0,0,0,91.3,102.7,71.2,-3.8,4.9
lnjp_hospital,Lok Nayak Jai Prakash Narayan (LNJP) Hospital,healthcare,28.638,77.2405,2026-09-23T22:00,2026,9,23,22,266,66.4,110.4,27.5,25.3,678.0,62.0,76.0,26.9,77.0,22.6,982.5,6.7,124.0,230.0,0.6014,39.94,-5.555,3.747,0.0,0.0,-0.5,0.866,-0.9907,-0.1361,0,0,0,76.1,91.3,72.6,5.5,-6.2
lnjp_hospital,Lok Nayak Jai Prakash Narayan (LNJP) Hospital,healthcare,28.638,77.2405,2026-09-23T23:00,2026,9,23,23,266,58.3,102.4,25.2,24.9,620.0,58.0,78.0,26.3,81.0,22.8,982.6,6.1,130.0,210.0,0.5693,33.19,-4.673,3.921,0.0,0.0,-0.2588,0.9659,-0.9907,-0.1361,0,0,0,66.4,76.1,74.3,1.6,-16.0
lnjp_hospital,Lok Nayak Jai Prakash Narayan (LNJP) Hospital,healthcare,28.638,77.2405,2026-09-24T00:00,2026,9,24,0,267,65.9,91.3,34.6,28.5,593.0,45.0,49.0,27.1,81.0,23.5,982.5,3.9,164.0,115.0,0.7218,47.57,-1.075,3.749,0.0,0.0,0.0,1.0,-0.9929,-0.1191,0,0,0,58.3,66.4,62.9,15.7,3.0
lnjp_hospital,Lok Nayak Jai Prakash Narayan (LNJP) Hospital,healthcare,28.638,77.2405,2026-09-24T01:00,2026,9,24,1,267,63.6,83.6,33.9,30.5,626.0,53.0,42.0,26.4,85.0,23.7,983.0,6.2,102.0,190.0,0.7608,48.38,-6.065,1.289,0.0,0.0,0.2588,0.9659,-0.9929,-0.1191,0,0,0,65.9,58.3,70.3,-9.9,-6.7
lnjp_hospital,Lok Nayak Jai Prakash Narayan (LNJP) Hospital,healthcare,28.638,77.2405,2026-09-24T02:00,2026,9,24,2,267,61.7,77.5,32.8,33.2,691.0,66.0,33.0,26.8,85.0,24.0,983.8,8.0,115.0,315.0,0.7961,49.12,-7.25,3.381,0.0,0.0,0.5,0.866,-0.9929,-0.1191,0,0,0,63.6,65.9,74.3,0.4,-12.6
lnjp_hospital,Lok Nayak Jai Prakash Narayan (LNJP) Hospital,healthcare,28.638,77.2405,2026-09-24T03:00,2026,9,24,3,267,50.8,63.8,29.9,35.0,711.0,87.0,25.0,28.0,79.0,24.1,984.3,8.9,115.0,490.0,0.7962,40.45,-8.066,3.761,0.0,0.0,0.7071,0.7071,-0.9929,-0.1191,0,0,0,61.7,63.6,63.1,-9.0,-12.3
lnjp_hospital,Lok Nayak Jai Prakash Narayan (LNJP) Hospital,healthcare,28.638,77.2405,2026-09-24T04:00,2026,9,24,4,267,39.5,48.8,23.8,35.1,635.0,123.0,21.0,29.4,72.0,23.8,984.8,9.7,124.0,665.0,0.8094,31.97,-8.042,5.424,0.0,0.0,0.866,0.5,-0.9929,-0.1191,0,0,0,50.8,61.7,60.8,-0.4,-21.3
lnjp_hospital,Lok Nayak Jai Prakash Narayan (LNJP) Hospital,healthcare,28.638,77.2405,2026-09-24T05:00,2026,9,24,5,267,37.1,45.6,16.0,34.2,514.0,167.0,19.0,30.8,64.0,23.3,985.0,7.7,126.0,855.0,0.8136,30.18,-6.229,4.526,0.0,0.0,0.9659,0.2588,-0.9929,-0.1191,0,0,0,39.5,50.8,57.7,8.9,-20.6
lnjp_hospital,Lok Nayak Jai Prakash Narayan (LNJP) Hospital,healthcare,28.638,77.2405,2026-09-24T06:00,2026,9,24,6,267,37.6,46.8,10.1,32.8,423.0,201.0,18.0,32.7,49.0,20.7,984.3,7.4,124.0,1425.0,0.8034,30.21,-6.135,4.138,0.0,0.0,1.0,0.0,-0.9929,-0.1191,0,0,0,37.1,39.5,55.5,2.9,-17.9
lnjp_hospital,Lok Nayak Jai Prakash Narayan (LNJP) Hospital,healthcare,28.638,77.2405,2026-09-24T07:00,2026,9,24,7,267,38.2,48.0,7.3,30.7,393.0,218.0,20.0,33.7,44.0,19.8,983.5,6.1,122.0,1550.0,0.7958,30.4,-5.173,3.233,0.0,0.0,0.9659,-0.2588,-0.9929,-0.1191,0,0,1,37.6,37.1,54.0,0.1,-15.8
lnjp_hospital,Lok Nayak Jai Prakash Narayan (LNJP) Hospital,healthcare,28.638,77.2405,2026-09-24T08:00,2026,9,24,8,267,37.8,51.8,6.4,28.2,393.0,224.0,23.0,34.5,40.0,19.0,982.4,4.0,120.0,1665.0,0.7297,27.58,-3.464,2.0,0.0,0.0,0.866,-0.5,-0.9929,-0.1191,0,0,1,38.2,37.6,52.9,-1.0,-15.1
lnjp_hospital,Lok Nayak Jai Prakash Narayan (LNJP) Hospital,healthcare,28.638,77.2405,2026-09-24T09:00,2026,9,24,9,267,39.6,51.7,7.6,26.6,410.0,223.0,24.0,34.8,38.0,18.4,981.3,4.1,105.0,1765.0,0.766,30.33,-3.96,1.061,0.0,0.0,0.7071,-0.7071,-0.9929,-0.1191,0,0,1,37.8,38.2,52.2,2.2,-12.6
lnjp_hospital,Lok Nayak Jai Prakash Narayan (LNJP) Hospital,healthcare,28.638,77.2405,2026-09-24T10:00,2026,9,24,10,267,38.5,51.7,11.6,26.6,447.0,212.0,21.0,34.9,36.0,17.7,980.5,4.8,77.0,1950.0,0.7447,28.67,-4.677,-1.08,0.0,0.0,0.5,-0.866,-0.9929,-0.1191,0,0,0,39.6,37.8,53.1,-2.9,-14.6
lnjp_hospital,Lok Nayak Jai Prakash Narayan (LNJP) Hospital,healthcare,28.638,77.2405,2026-09-24T11:00,2026,9,24,11,267,38.4,49.1,17.6,27.5,501.0,194.0,17.0,34.1,39.0,18.4,980.1,7.5,79.0,1895.0,0.7821,30.03,-7.362,-1.431,0.0,0.0,0.2588,-0.9659,-0.9929,-0.1191,0,0,0,38.5,39.6,56.0,1.0,-17.6
lnjp_hospital,Lok Nayak Jai Prakash Narayan (LNJP) Hospital,healthcare,28.638,77.2405,2026-09-24T12:00,2026,9,24,12,267,53.0,68.2,23.3,29.1,546.0,183.0,30.0,33.8,42.0,19.0,980.2,8.2,104.0,1650.0,0.7771,41.19,-7.956,1.984,0.0,0.0,0.0,-1.0,-0.9929,-0.1191,0,0,0,38.4,38.5,62.9,14.7,-9.9
lnjp_hospital,Lok Nayak Jai Prakash Narayan (LNJP) Hospital,healthcare,28.638,77.2405,2026-09-24T13:00,2026,9,24,13,267,55.3,71.0,26.7,29.4,576.0,158.0,38.0,32.5,48.0,19.9,980.2,8.0,115.0,860.0,0.7789,43.07,-7.25,3.381,0.0,0.0,-0.2588,-0.9659,-0.9929,-0.1191,0,0,0,53.0,38.4,69.6,-12.3,-14.3
lnjp_hospital,Lok Nayak Jai Prakash Narayan (LNJP) Hospital,healthcare,28.638,77.2405,2026-09-24T14:00,2026,9,24,14,267,52.6,74.0,31.3,29.8,597.0,123.0,49.0,31.5,55.0,21.3,981.1,9.8,122.0,570.0,0.7108,37.39,-8.311,5.193,0.0,0.0,-0.5,-0.866,-0.9929,-0.1191,0,0,0,55.3,53.0,79.4,-5.0,-26.8
lnjp_hospital,Lok Nayak Jai Prakash Narayan (LNJP) Hospital,healthcare,28.638,77.2405,2026-09-24T15:00,2026,9,24,15,267,49.0,80.1,34.2,29.6,605.0,95.0,60.0,30.1,62.0,22.1,982.1,10.7,127.0,480.0,0.6117,29.98,-8.545,6.439,0.0,0.0,-0.7071,-0.7071,-0.9929,-0.1191,0,0,0,52.6,55.3,87.5,-0.9,-38.5
lnjp_hospital,Lok Nayak Jai Prakash Narayan (LNJP) Hospital,healthcare,28.638,77.2405,2026-09-24T16:00,2026,9,24,16,267,46.0,84.5,34.0,28.4,598.0,81.0,69.0,29.3,65.0,22.1,982.9,9.2,129.0,445.0,0.5444,25.04,-7.15,5.79,0.0,0.0,-0.866,-0.5,-0.9929,-0.1191,0,0,0,49.0,52.6,97.8,0.6,-51.8
lnjp_hospital,Lok Nayak Jai Prakash Narayan (LNJP) Hospital,healthcare,28.638,77.2405,2026-09-24T17:00,2026,9,24,17,267,43.8,87.3,32.1,26.5,579.0,73.0,77.0,28.7,67.0,21.9,983.4,10.5,131.0,500.0,0.5017,21.98,-7.924,6.889,0.0,0.0,-0.9659,-0.2588,-0.9929,-0.1191,0,0,0,46.0,49.0,108.0,0.8,-64.2
lnjp_hospital,Lok Nayak Jai Prakash Narayan (LNJP) Hospital,healthcare,28.638,77.2405,2026-09-24T18:00,2026,9,24,18,267,40.7,85.4,29.7,24.9,551.0,67.0,86.0,28.9,70.0,22.9,983.1,11.1,137.0,675.0,0.4766,19.4,-7.57,8.118,0.0,0.0,-1.0,-0.0,-0.9929,-0.1191,0,0,0,43.8,46.0,109.7,-0.9,-69.0
lnjp_hospital,Lok Nayak Jai Prakash Narayan (LNJP) Hospital,healthcare,28.638,77.2405,2026-09-24T19:00,2026,9,24,19,267,36.3,85.0,26.6,23.6,507.0,63.0,101.0,27.9,75.0,23.0,982.7,10.8,132.0,630.0,0.4271,15.5,-8.026,7.227,0.0,0.0,-0.9659,0.2588,-0.9929,-0.1191,0,0,0,40.7,43.8,102.7,-1.3,-66.4
lnjp_hospital,Lok Nayak Jai Prakash Narayan (LNJP) Hospital,healthcare,28.638,77.2405,2026-09-24T20:00,2026,9,24,20,267,32.4,90.3,23.0,22.4,455.0,61.0,116.0,27.1,79.0,23.1,982.5,11.6,131.0,595.0,0.3588,11.63,-8.755,7.61,0.0,0.0,-0.866,0.5,-0.9929,-0.1191,0,0,0,36.3,40.7,91.3,0.5,-58.9
lnjp_hospital,Lok Nayak Jai Prakash Narayan (LNJP) Hospital,healthcare,28.638,77.2405,2026-09-24T21:00,2026,9,24,21,267,29.4,93.6,21.0,22.0,423.0,58.0,123.0,26.3,82.0,23.0,982.4,10.4,129.0,520.0,0.3141,9.23,-8.082,6.545,0.0,0.0,-0.7071,0.7071,-0.9929,-0.1191,0,0,0,32.4,36.3,76.1,0.9,-46.7
lnjp_hospital,Lok Nayak Jai Prakash Narayan (LNJP) Hospital,healthcare,28.638,77.2405,2026-09-24T22:00,2026,9,24,22,267,26.8,86.8,21.8,22.3,429.0,49.0,114.0,25.8,83.0,22.7,982.2,9.3,131.0,485.0,0.3088,8.27,-7.019,6.101,0.0,0.0,-0.5,0.866,-0.9929,-0.1191,0,0,0,29.4,32.4,66.4,0.4,-39.6
lnjp_hospital,Lok Nayak Jai Prakash Narayan (LNJP) Hospital,healthcare,28.638,77.2405,2026-09-24T23:00,2026,9,24,23,267,25.3,75.2,24.1,23.3,455.0,39.0,95.0,25.3,84.0,22.4,981.9,7.9,125.0,470.0,0.3364,8.51,-6.471,4.531,0.0,0.0,-0.2588,0.9659,-0.9929,-0.1191,0,0,0,26.8,29.4,58.3,1.1,-33.0
lnjp_hospital,Lok Nayak Jai Prakash Narayan (LNJP) Hospital,healthcare,28.638,77.2405,2026-09-25T00:00,2026,9,25,0,268,24.0,105.5,19.9,22.6,470.0,41.0,156.0,25.8,82.0,22.5,981.6,9.6,128.0,560.0,0.2275,5.46,-7.565,5.91,0.0,0.0,0.0,1.0,-0.9948,-0.102,0,0,0,25.3,26.8,65.9,0.2,-41.9
lnjp_hospital,Lok Nayak Jai Prakash Narayan (LNJP) Hospital,healthcare,28.638,77.2405,2026-09-25T01:00,2026,9,25,1,268,24.7,99.2,20.3,24.4,465.0,39.0,142.0,25.3,83.0,22.1,981.9,10.2,131.0,545.0,0.249,6.15,-7.698,6.692,0.0,0.0,0.2588,0.9659,-0.9948,-0.102,0,0,0,24.0,25.3,63.6,2.0,-38.9
lnjp_hospital,Lok Nayak Jai Prakash Narayan (LNJP) Hospital,healthcare,28.638,77.2405,2026-09-25T02:00,2026,9,25,2,268,24.6,91.0,20.7,26.7,451.0,38.0,123.0,25.7,79.0,21.9,982.9,9.0,133.0,615.0,0.2703,6.65,-6.582,6.138,0.0,0.0,0.5,0.866,-0.9948,-0.102,0,0,0,24.7,24.0,61.7,-0.8,-37.1
lnjp_hospital,Lok Nayak Jai Prakash Narayan (LNJP) Hospital,healthcare,28.638,77.2405,2026-09-25T03:00,2026,9,25,3,268,23.1,79.2,20.0,28.3,425.0,46.0,107.0,26.8,73.0,21.6,983.8,10.0,141.0,640.0,0.2917,6.74,-6.293,7.771,0.0,0.0,0.7071,0.7071,-0.9948,-0.102,0,0,0,24.6,24.7,50.8,-1.4,-27.7
lnjp_hospital,Lok Nayak Jai Prakash Narayan (LNJP) Hospital,healthcare,28.638,77.2405,2026-09-25T04:00,2026,9,25,4,268,23.9,76.4,17.3,28.4,379.0,71.0,99.0,28.2,66.0,21.1,984.2,10.4,146.0,775.0,0.3128,7.48,-5.816,8.622,0.0,0.0,0.866,0.5,-0.9948,-0.102,0,0,0,23.1,24.6,39.5,2.3,-15.6
lnjp_hospital,Lok Nayak Jai Prakash Narayan (LNJP) Hospital,healthcare,28.638,77.2405,2026-09-25T05:00,2026,9,25,5,268,24.1,74.7,13.6,27.7,322.0,104.0,94.0,29.7,59.0,20.7,984.4,10.6,145.0,935.0,0.3226,7.78,-6.08,8.683,0.0,0.0,0.9659,0.2588,-0.9948,-0.102,0,0,0,23.9,23.1,37.1,-0.6,-13.0
lnjp_hospital,Lok Nayak Jai Prakash Narayan (LNJP) Hospital,healthcare,28.638,77.2405,2026-09-25T06:00,2026,9,25,6,268,24.3,70.5,10.5,26.5,282.0,132.0,88.0,30.7,54.0,20.2,984.4,12.1,140.0,1380.0,0.3447,8.38,-7.778,9.269,0.0,0.0,1.0,0.0,-0.9948,-0.102,0,0,0,24.1,23.9,37.6,-0.0,-13.3
lnjp_hospital,Lok Nayak Jai Prakash Narayan (LNJP) Hospital,healthcare,28.638,77.2405,2026-09-25T07:00,2026,9,25,7,268,23.4,65.9,8.3,24.5,268.0,150.0,78.0,30.8,53.0,20.0,983.6,9.8,142.0,1450.0,0.3551,8.31,-6.033,7.723,0.0,0.0,0.9659,-0.2588,-0.9948,-0.102,0,0,1,24.3,24.1,38.2,-1.1,-14.8
lnjp_hospital,Lok Nayak Jai Prakash Narayan (LNJP) Hospital,healthcare,28.638,77.2405,2026-09-25T08:00,2026,9,25,8,268,24.2,66.4,6.8,22.1,271.0,163.0,68.0,31.6,49.0,19.6,982.4,6.6,143.0,1630.0,0.3645,8.82,-3.972,5.271,0.0,0.0,0.866,-0.5,-0.9948,-0.102,0,0,1,23.4,24.3,37.8,1.7,-13.6
lnjp_hospital,Lok Nayak Jai Prakash Narayan (LNJP) Hospital,healthcare,28.638,77.2405,2026-09-25T09:00,2026,9,25,9,268,23.2,53.8,7.1,20.6,290.0,168.0,60.0,31.7,48.0,19.5,981.4,3.6,143.0,1515.0,0.4312,10.0,-2.167,2.875,0.0,0.0,0.7071,-0.7071,-0.9948,-0.102,0,0,1,24.2,23.4,39.6,-1.8,-16.4
lnjp_hospital,Lok Nayak Jai Prakash Narayan (LNJP) Hospital,healthcare,28.638,77.2405,2026-09-25T10:00,2026,9,25,10,268,23.8,51.0,10.1,20.8,332.0,164.0,56.0,31.6,48.0,19.4,980.5,2.9,150.0,1485.0,0.4667,11.11,-1.45,2.511,0.0,0.0,0.5,-0.866,-0.9948,-0.102,0,0,0,23.2,24.2,38.5,1.6,-14.7
lnjp_hospital,Lok Nayak Jai Prakash Narayan (LNJP) Hospital,healthcare,28.638,77.2405,2026-09-25T11:00,2026,9,25,11,268,24.8,55.6,14.8,21.9,389.0,152.0,54.0,31.4,49.0,19.4,980.1,2.5,159.0,1380.0,0.446,11.06,-0.896,2.334,0.0,0.0,0.2588,-0.9659,-0.9948,-0.102,0,0,0,23.8,23.2,38.4,0.4,-13.6
lnjp_hospital,Lok Nayak Jai Prakash Narayan (LNJP) Hospital,healthcare,28.638,77.2405,2026-09-25T12:00,2026,9,25,12,268,40.3,149.0,18.7,22.7,438.0,116.0,212.0,30.7,55.0,20.5,979.7,5.6,135.0,1250.0,0.2705,10.9,-3.96,3.96,0.0,0.0,0.0,-1.0,-0.9948,-0.102,0,0,0,24.8,23.8,53.0,14.5,-12.7
lnjp_hospital,Lok Nayak Jai Prakash Narayan (LNJP) Hospital,healthcare,28.638,77.2405,2026-09-25T13:00,2026,9,25,13,268,45.8,148.5,31.2,25.8,470.0,93.0,211.0,29.7,59.0,21.0,979.7,6.8,158.0,655.0,0.3084,14.13,-2.547,6.305,0.0,0.0,-0.2588,-0.9659,-0.9948,-0.102,0,0,0,40.3,24.8,55.3,-10.0,-9.5
lnjp_hospital,Lok Nayak Jai Prakash Narayan (LNJP) Hospital,healthcare,28.638,77.2405,2026-09-25T14:00,2026,9,25,14,268,54.4,158.3,48.5,30.0,494.0,61.0,210.0,29.2,63.0,21.3,980.1,5.7,169.0,670.0,0.3437,18.69,-1.088,5.595,0.0,0.0,-0.5,-0.866,-0.9948,-0.102,0,0,0,45.8,40.3,52.6,3.1,1.8
lnjp_hospital,Lok Nayak Jai Prakash Narayan (LNJP) Hospital,healthcare,28.638,77.2405,2026-09-25T15:00,2026,9,25,15,268,63.6,170.4,61.3,33.2,511.0,35.0,205.0,28.6,66.0,21.7,981.1,5.3,170.0,545.0,0.3732,23.74,-0.92,5.219,0.0,0.0,-0.7071,-0.7071,-0.9948,-0.102,0,0,0,54.4,45.8,49.0,0.6,14.6
lnjp_hospital,Lok Nayak Jai Prakash Narayan (LNJP) Hospital,healthcare,28.638,77.2405,2026-09-25T16:00,2026,9,25,16,268,69.8,175.6,65.8,34.5,524.0,22.0,194.0,27.7,72.0,22.1,981.9,8.5,148.0,640.0,0.3975,27.75,-4.504,7.208,0.0,0.0,-0.866,-0.5,-0.9948,-0.102,0,0,0,63.6,54.4,46.0,-3.0,23.8
lnjp_hospital,Lok Nayak Jai Prakash Narayan (LNJP) Hospital,healthcare,28.638,77.2405,2026-09-25T17:00,2026,9,25,17,268,72.4,170.4,65.8,34.7,530.0,15.0,179.0,26.5,75.0,21.7,982.1,10.3,142.0,570.0,0.4249,30.76,-6.341,8.117,0.0,0.0,-0.9659,-0.2588,-0.9948,-0.102,0,0,0,69.8,63.6,43.8,-3.6,28.6
lnjp_hospital,Lok Nayak Jai Prakash Narayan (LNJP) Hospital,healthcare,28.638,77.2405,2026-09-25T18:00,2026,9,25,18,268,66.6,152.7,64.1,34.2,522.0,11.0,163.0,25.9,78.0,21.7,982.3,10.2,134.0,480.0,0.4361,29.05,-7.337,7.086,0.0,0.0,-1.0,-0.0,-0.9948,-0.102,0,0,0,72.4,69.8,40.7,-8.4,25.9
lnjp_hospital,Lok Nayak Jai Prakash Narayan (LNJP) Hospital,healthcare,28.638,77.2405,2026-09-25T19:00,2026,9,25,19,268,60.5,132.7,61.2,33.3,487.0,9.0,146.0,25.1,80.0,21.4,981.5,6.6,131.0,365.0,0.4559,27.58,-4.981,4.33,0.0,0.0,-0.9659,0.2588,-0.9948,-0.102,0,0,0,66.6,72.4,36.3,-0.3,24.2
lnjp_hospital,Lok Nayak Jai Prakash Narayan (LNJP) Hospital,healthcare,28.638,77.2405,2026-09-25T20:00,2026,9,25,20,268,56.8,121.1,56.4,31.7,438.0,11.0,130.0,24.8,79.0,21.0,980.9,4.7,137.0,265.0,0.469,26.64,-3.205,3.437,0.0,0.0,-0.866,0.5,-0.9948,-0.102,0,0,0,60.5,66.6,32.4,2.4,24.4
lnjp_hospital,Lok Nayak Jai Prakash Narayan (LNJP) Hospital,healthcare,28.638,77.2405,2026-09-25T21:00,2026,9,25,21,268,51.1,113.2,50.9,29.2,404.0,13.0,118.0,24.4,79.0,20.5,980.5,5.4,116.0,320.0,0.4514,23.07,-4.853,2.367,0.0,0.0,-0.7071,0.7071,-0.9948,-0.102,0,0,0,56.8,60.5,29.4,-2.0,21.7
lnjp_hospital,Lok Nayak Jai Prakash Narayan (LNJP) Hospital,healthcare,28.638,77.2405,2026-09-25T22:00,2026,9,25,22,268,45.8,104.8,44.0,24.7,389.0,16.0,115.0,24.0,79.0,20.1,979.9,4.2,102.0,255.0,0.437,20.02,-4.108,0.873,0.0,0.0,-0.5,0.866,-0.9948,-0.102,0,0,0,51.1,56.8,26.8,0.4,19.0
lnjp_hospital,Lok Nayak Jai Prakash Narayan (LNJP) Hospital,healthcare,28.638,77.2405,2026-09-25T23:00,2026,9,25,23,268,40.9,100.1,36.2,19.1,389.0,19.0,117.0,23.5,80.0,19.9,979.6,3.3,112.0,215.0,0.4086,16.71,-3.06,1.236,0.0425,0.0,-0.2588,0.9659,-0.9948,-0.102,0,0,0,45.8,51.1,25.3,0.4,15.6
lnjp_hospital,Lok Nayak Jai Prakash Narayan (LNJP) Hospital,healthcare,28.638,77.2405,2026-09-26T00:00,2026,9,26,0,269,43.9,74.5,43.2,36.7,420.0,17.0,55.0,23.8,77.0,19.5,980.3,4.5,106.0,315.0,0.5893,25.87,-4.326,1.24,0.017,0.0,0.0,1.0,-0.9964,-0.0848,0,0,0,40.9,45.8,24.0,7.9,19.9
lnjp_hospital,Lok Nayak Jai Prakash Narayan (LNJP) Hospital,healthcare,28.638,77.2405,2026-09-26T01:00,2026,9,26,1,269,50.3,81.0,40.9,40.2,516.0,22.0,63.0,23.5,78.0,19.5,980.1,4.5,310.0,215.0,0.621,31.24,3.447,-2.893,0.0425,4.482,0.2588,0.9659,-0.9964,-0.0848,0,0,0,43.9,40.9,24.7,3.4,25.6
lnjp_hospital,Lok Nayak Jai Prakash Narayan (LNJP) Hospital,healthcare,28.638,77.2405,2026-09-26T02:00,2026,9,26,2,269,51.5,82.9,37.6,45.0,643.0,29.0,75.0,24.0,77.0,19.7,980.4,2.1,75.0,365.0,0.6212,31.99,-2.028,-0.544,0.0,0.0,0.5,0.866,-0.9964,-0.0848,0,0,0,50.3,43.9,24.6,-5.2,26.9
lnjp_hospital,Lok Nayak Jai Prakash Narayan (LNJP) Hospital,healthcare,28.638,77.2405,2026-09-26T03:00,2026,9,26,3,269,48.5,94.5,33.4,47.6,710.0,46.0,84.0,24.9,72.0,19.5,980.9,0.6,236.0,295.0,0.5132,24.89,0.497,0.336,0.0,0.114,0.7071,0.7071,-0.9964,-0.0848,0,0,0,51.5,50.3,23.1,-4.2,25.4
lnjp_hospital,Lok Nayak Jai Prakash Narayan (LNJP) Hospital,healthcare,28.638,77.2405,2026-09-26T04:00,2026,9,26,4,269,47.0,108.7,27.6,46.6,666.0,80.0,90.0,26.7,66.0,19.8,980.7,1.2,309.0,385.0,0.4324,20.32,0.933,-0.755,0.0,1.193,0.866,0.5,-0.9964,-0.0848,0,0,0,48.5,51.5,23.9,1.5,23.1
lnjp_hospital,Lok Nayak Jai Prakash Narayan (LNJP) Hospital,healthcare,28.638,77.2405,2026-09-26T05:00,2026,9,26,5,269,43.3,100.8,21.0,43.5,562.0,123.0,95.0,28.5,62.0,20.5,980.6,3.2,16.0,805.0,0.4296,18.6,-0.882,-3.076,0.0,1.551,0.9659,0.2588,-0.9964,-0.0848,0,0,0,47.0,48.5,24.1,-2.2,19.2
lnjp_hospital,Lok Nayak Jai Prakash Narayan (LNJP) Hospital,healthcare,28.638,77.2405,2026-09-26T06:00,2026,9,26,6,269,48.3,95.5,15.8,39.7,469.0,155.0,92.0,27.6,66.0,20.6,980.9,6.9,41.0,745.0,0.5058,24.43,-4.527,-5.207,0.0,0.481,1.0,0.0,-0.9964,-0.0848,0,0,0,43.3,47.0,24.3,8.7,24.0
lnjp_hospital,Lok Nayak Jai Prakash Narayan (LNJP) Hospital,healthcare,28.638,77.2405,2026-09-26T07:00,2026,9,26,7,269,53.0,91.0,12.9,35.2,403.0,167.0,77.0,29.0,61.0,20.6,980.0,11.6,28.0,1250.0,0.5824,30.87,-5.446,-10.242,0.0,3.391,0.9659,-0.2588,-0.9964,-0.0848,0,0,1,48.3,43.3,23.4,-0.3,29.6
lnjp_hospital,Lok Nayak Jai Prakash Narayan (LNJP) Hospital,healthcare,28.638,77.2405,2026-09-26T08:00,2026,9,26,8,269,55.2,84.5,11.4,30.0,347.0,169.0,56.0,29.6,55.0,19.8,978.9,11.8,34.0,1420.0,0.6533,36.06,-6.598,-9.783,0.0,2.251,0.866,-0.5,-0.9964,-0.0848,0,0,1,53.0,48.3,24.2,-2.5,31.0
lnjp_hospital,Lok Nayak Jai Prakash Narayan (LNJP) Hospital,healthcare,28.638,77.2405,2026-09-26T09:00,2026,9,26,9,269,54.9,75.4,11.4,25.7,318.0,164.0,40.0,28.8,54.0,18.6,977.8,12.6,28.0,1065.0,0.7281,39.97,-5.915,-11.125,0.0,3.683,0.7071,-0.7071,-0.9964,-0.0848,0,0,1,55.2,53.0,23.2,-2.5,31.7
lnjp_hospital,Lok Nayak Jai Prakash Narayan (LNJP) Hospital,healthcare,28.638,77.2405,2026-09-26T10:00,2026,9,26,10,269,50.2,62.9,12.7,22.8,327.0,153.0,37.0,27.2,58.0,18.2,976.8,12.6,20.0,950.0,0.7981,40.06,-4.309,-11.84,0.0,5.324,0.5,-0.866,-0.9964,-0.0848,0,0,0,54.9,55.2,23.8,-4.4,26.4
lnjp_hospital,Lok Nayak Jai Prakash Narayan (LNJP) Hospital,healthcare,28.638,77.2405,2026-09-26T11:00,2026,9,26,11,269,47.4,58.1,15.5,20.9,363.0,137.0,40.0,25.8,66.0,18.8,976.6,10.2,32.0,765.0,0.8158,38.67,-5.405,-8.65,0.0,2.294,0.2588,-0.9659,-0.9964,-0.0848,0,0,0,50.2,54.9,24.8,1.9,22.6
lnjp_hospital,Lok Nayak Jai Prakash Narayan (LNJP) Hospital,healthcare,28.638,77.2405,2026-09-26T12:00,2026,9,26,12,269,64.3,75.4,22.8,12.0,404.0,63.0,21.0,24.5,75.0,19.8,978.5,13.8,29.0,830.0,0.8528,54.83,-6.69,-12.07,0.0,3.803,0.0,-1.0,-0.9964,-0.0848,0,0,0,47.4,50.2,40.3,19.7,24.0
lnjp_hospital,Lok Nayak Jai Prakash Narayan (LNJP) Hospital,healthcare,28.638,77.2405,2026-09-26T13:00,2026,9,26,13,269,53.2,55.6,23.9,12.8,440.0,59.0,15.0,23.2,87.0,20.9,978.8,10.3,25.0,700.0,0.9568,50.9,-4.353,-9.335,0.068,3.522,-0.2588,-0.9659,-0.9964,-0.0848,0,0,0,64.3,47.4,45.8,-28.0,7.4
lnjp_hospital,Lok Nayak Jai Prakash Narayan (LNJP) Hospital,healthcare,28.638,77.2405,2026-09-26T14:00,2026,9,26,14,269,49.9,51.3,25.5,13.9,481.0,52.0,8.0,23.1,89.0,21.2,978.5,8.7,339.0,430.0,0.9727,48.54,3.118,-8.122,0.0765,7.947,-0.5,-0.866,-0.9964,-0.0848,0,0,0,53.2,64.3,54.4,7.8,-4.5
lnjp_hospital,Lok Nayak Jai Prakash Narayan (LNJP) Hospital,healthcare,28.638,77.2405,2026-09-26T15:00,2026,9,26,15,269,48.2,49.4,27.0,15.1,534.0,47.0,2.0,23.2,86.0,20.6,979.3,9.8,6.0,520.0,0.9757,47.03,-1.024,-9.746,0.068,6.166,-0.7071,-0.7071,-0.9964,-0.0848,0,0,0,49.9,53.2,63.6,1.6,-15.4
lnjp_hospital,Lok Nayak Jai Prakash Narayan (LNJP) Hospital,healthcare,28.638,77.2405,2026-09-26T16:00,2026,9,26,16,269,46.9,47.6,28.1,16.2,618.0,44.0,1.0,22.9,86.0,20.3,978.9,7.9,339.0,365.0,0.98,45.96,2.831,-7.375,0.0935,7.216,-0.866,-0.5,-0.9964,-0.0848,0,0,0,48.2,49.9,69.8,0.4,-22.9
lnjp_hospital,Lok Nayak Jai Prakash Narayan (LNJP) Hospital,healthcare,28.638,77.2405,2026-09-26T17:00,2026,9,26,17,269,45.8,46.4,29.2,17.4,714.0,41.0,1.0,22.5,88.0,20.5,978.9,7.3,327.0,335.0,0.98,44.88,3.976,-6.122,0.1275,7.139,-0.9659,-0.2588,-0.9964,-0.0848,0,0,0,46.9,48.2,72.4,0.2,-26.6
lnjp_hospital,Lok Nayak Jai Prakash Narayan (LNJP) Hospital,healthcare,28.638,77.2405,2026-09-26T18:00,2026,9,26,18,269,45.2,46.1,31.0,19.2,774.0,37.0,2.0,22.7,89.0,20.8,979.6,8.8,359.0,475.0,0.98,44.3,0.154,-8.799,0.1105,6.329,-1.0,-0.0,-0.9964,-0.0848,0,0,0,45.8,46.9,66.6,0.5,-21.4
lnjp_hospital,Lok Nayak Jai Prakash Narayan (LNJP) Hospital,healthcare,28.638,77.2405,2026-09-26T19:00,2026,9,26,19,269,44.1,45.1,34.1,22.1,766.0,31.0,2.0,22.5,90.0,20.8,979.1,8.6,309.0,320.0,0.9778,43.12,6.683,-5.412,0.1275,8.552,-0.9659,0.2588,-0.9964,-0.0848,0,0,0,45.2,45.8,60.5,-0.5,-16.4
lnjp_hospital,Lok Nayak Jai Prakash Narayan (LNJP) Hospital,healthcare,28.638,77.2405,2026-09-26T20:00,2026,9,26,20,269,43.8,44.6,37.8,25.7,722.0,25.0,2.0,22.7,87.0,20.4,978.8,6.4,344.0,255.0,0.98,42.92,1.764,-6.152,0.1105,5.597,-0.866,0.5,-0.9964,-0.0848,0,0,0,44.1,45.2,56.8,0.8,-13.0
lnjp_hospital,Lok Nayak Jai Prakash Narayan (LNJP) Hospital,healthcare,28.638,77.2405,2026-09-26T21:00,2026,9,26,21,269,44.4,45.3,41.1,29.0,688.0,19.0,2.0,22.9,87.0,20.7,978.8,3.7,35.0,130.0,0.98,43.51,-2.122,-3.031,0.0935,0.642,-0.7071,0.7071,-0.9964,-0.0848,0,0,0,43.8,44.1,51.1,0.9,-6.7
lnjp_hospital,Lok Nayak Jai Prakash Narayan (LNJP) Hospital,healthcare,28.638,77.2405,2026-09-26T22:00,2026,9,26,22,269,45.5,46.8,44.2,32.0,689.0,14.0,3.0,23.1,89.0,21.2,978.4,0.3,225.0,15.0,0.9722,44.24,0.212,0.212,0.1215,0.0,-0.5,0.866,-0.9964,-0.0848,0,0,0,44.4,43.8,45.8,0.5,-0.3
lnjp_hospital,Lok Nayak Jai Prakash Narayan (LNJP) Hospital,healthcare,28.638,77.2405,2026-09-26T23:00,2026,9,26,23,269,46.9,48.7,46.8,34.7,701.0,10.0,4.0,23.2,90.0,21.5,978.9,3.1,152.0,80.0,0.963,45.17,-1.455,2.737,0.068,0.0,-0.2588,0.9659,-0.9964,-0.0848,0,0,0,45.5,44.4,40.9,0.3,6.0
lnjp_hospital,Lok Nayak Jai Prakash Narayan (LNJP) Hospital,healthcare,28.638,77.2405,2026-09-27T00:00,2026,9,27,0,270,22.2,22.8,17.7,13.4,695.0,56.0,1.0,22.7,91.0,21.2,979.6,3.4,245.0,175.0,0.9737,21.62,3.081,1.437,0.1105,1.163,0.0,1.0,-0.9977,-0.0677,0,0,0,46.9,45.5,43.9,-26.1,-21.7
lnjp_hospital,Lok Nayak Jai Prakash Narayan (LNJP) Hospital,healthcare,28.638,77.2405,2026-09-27T01:00,2026,9,27,1,270,23.7,24.0,18.2,14.6,656.0,58.0,0.0,22.7,92.0,21.3,980.4,7.6,252.0,250.0,0.98,23.23,7.228,2.349,0.1105,3.45,0.2588,0.9659,-0.9977,-0.0677,0,0,0,22.2,46.9,50.3,26.2,-26.6
lnjp_hospital,Lok Nayak Jai Prakash Narayan (LNJP) Hospital,healthcare,28.638,77.2405,2026-09-27T02:00,2026,9,27,2,270,24.1,24.4,18.9,16.4,600.0,63.0,0.0,23.1,90.0,21.4,981.7,2.5,266.0,285.0,0.98,23.62,2.494,0.174,0.0765,1.64,0.5,0.866,-0.9977,-0.0677,0,0,0,23.7,22.2,51.5,-1.1,-27.4
lnjp_hospital,Lok Nayak Jai Prakash Narayan (LNJP) Hospital,healthcare,28.638,77.2405,2026-09-27T03:00,2026,9,27,3,270,24.0,24.3,18.7,18.7,545.0,73.0,0.0,24.1,85.0,21.5,982.6,2.4,312.0,265.0,0.98,23.52,1.784,-1.606,0.0,2.396,0.7071,0.7071,-0.9977,-0.0677,0,0,0,24.1,23.7,48.5,-0.5,-24.5
lnjp_hospital,Lok Nayak Jai Prakash Narayan (LNJP) Hospital,healthcare,28.638,77.2405,2026-09-27T04:00,2026,9,27,4,270,20.8,21.3,17.1,22.4,498.0,95.0,1.0,25.6,78.0,21.5,982.9,4.2,335.0,435.0,0.9765,20.31,1.775,-3.806,0.0,3.946,0.866,0.5,-0.9977,-0.0677,0,0,0,24.0,24.1,47.0,-3.1,-26.2
lnjp_hospital,Lok Nayak Jai Prakash Narayan (LNJP) Hospital,healthcare,28.638,77.2405,2026-09-27T05:00,2026,9,27,5,270,18.6,19.5,14.8,26.6,452.0,123.0,3.0,27.0,70.0,21.1,983.4,5.6,15.0,840.0,0.9538,17.74,-1.449,-5.409,0.0,2.8,0.9659,0.2588,-0.9977,-0.0677,0,0,0,20.8,24.0,43.3,1.0,-24.7
lnjp_hospital,Lok Nayak Jai Prakash Narayan (LNJP) Hospital,healthcare,28.638,77.2405,2026-09-27T06:00,2026,9,27,6,270,18.9,24.0,12.5,28.7,411.0,143.0,10.0,28.0,63.0,20.4,983.7,7.4,51.0,1080.0,0.7875,14.88,-5.751,-4.657,0.0,0.0,1.0,0.0,-0.9977,-0.0677,0,0,0,18.6,20.8,48.3,2.5,-29.4
lnjp_hospital,Lok Nayak Jai Prakash Narayan (LNJP) Hospital,healthcare,28.638,77.2405,2026-09-27T07:00,2026,9,27,7,270,19.4,32.4,10.1,26.8,368.0,151.0,26.0,28.3,61.0,19.9,983.3,8.0,52.0,1100.0,0.5988,11.62,-6.304,-4.925,0.0,0.0,0.9659,-0.2588,-0.9977,-0.0677,0,0,1,18.9,18.6,53.0,0.2,-33.6
lnjp_hospital,Lok Nayak Jai Prakash Narayan (LNJP) Hospital,healthcare,28.638,77.2405,2026-09-27T08:00,2026,9,27,8,270,18.6,39.7,7.7,22.7,329.0,152.0,46.0,28.5,60.0,20.0,982.8,8.5,52.0,1120.0,0.4685,8.71,-6.698,-5.233,0.0,0.0,0.866,-0.5,-0.9977,-0.0677,0,0,1,19.4,18.9,55.2,-1.3,-36.6
lnjp_hospital,Lok Nayak Jai Prakash Narayan (LNJP) Hospital,healthcare,28.638,77.2405,2026-09-27T09:00,2026,9,27,9,270,18.4,49.8,6.8,19.7,317.0,147.0,60.0,28.4,60.0,19.8,982.1,9.2,42.0,990.0,0.3695,6.8,-6.156,-6.837,0.0,0.481,0.7071,-0.7071,-0.9977,-0.0677,0,0,1,18.6,19.4,54.9,0.6,-36.5
lnjp_hospital,Lok Nayak Jai Prakash Narayan (LNJP) Hospital,healthcare,28.638,77.2405,2026-09-27T10:00,2026,9,27,10,270,18.0,55.3,8.0,18.9,350.0,135.0,65.0,27.9,61.0,19.7,981.6,9.0,38.0,830.0,0.3255,5.86,-5.541,-7.092,0.0,1.097,0.5,-0.866,-0.9977,-0.0677,0,0,0,18.4,18.6,50.2,-0.2,-32.2
lnjp_hospital,Lok Nayak Jai Prakash Narayan (LNJP) Hospital,healthcare,28.638,77.2405,2026-09-27T11:00,2026,9,27,11,270,17.1,54.6,10.6,19.0,409.0,116.0,63.0,27.5,62.0,19.6,981.1,8.5,36.0,730.0,0.3132,5.36,-4.996,-6.877,0.0,1.329,0.2588,-0.9659,-0.9977,-0.0677,0,0,0,18.0,18.4,47.4,-0.5,-30.3
lnjp_hospital,Lok Nayak Jai Prakash Narayan (LNJP) Hospital,healthcare,28.638,77.2405,2026-09-27T12:00,2026,9,27,12,270,19.2,41.3,13.7,17.4,465.0,103.0,42.0,26.0,73.0,20.9,981.4,12.7,50.0,660.0,0.4649,8.93,-9.729,-8.163,0.0,0.0,0.0,-1.0,-0.9977,-0.0677,0,0,0,17.1,18.0,64.3,3.0,-45.1
lnjp_hospital,Lok Nayak Jai Prakash Narayan (LNJP) Hospital,healthcare,28.638,77.2405,2026-09-27T13:00,2026,9,27,13,270,21.9,39.5,19.1,19.0,511.0,87.0,36.0,24.5,80.0,20.9,981.7,9.0,43.0,460.0,0.5544,12.14,-6.138,-6.582,0.0,0.314,-0.2588,-0.9659,-0.9977,-0.0677,0,0,0,19.2,17.1,53.2,0.6,-31.3
lnjp_hospital,Lok Nayak Jai Prakash Narayan (LNJP) Hospital,healthcare,28.638,77.2405,2026-09-27T14:00,2026,9,27,14,270,25.7,36.1,26.7,21.3,553.0,64.0,28.0,24.0,84.0,21.0,982.4,5.2,49.0,410.0,0.7119,18.3,-3.924,-3.412,0.0,0.0,-0.5,-0.866,-0.9977,-0.0677,0,0,0,21.9,19.2,49.9,1.1,-24.2
lnjp_hospital,Lok Nayak Jai Prakash Narayan (LNJP) Hospital,healthcare,28.638,77.2405,2026-09-27T15:00,2026,9,27,15,270,27.7,38.1,32.5,22.9,580.0,46.0,20.0,23.6,87.0,21.2,982.9,5.6,61.0,365.0,0.727,20.14,-4.898,-2.715,0.034,0.0,-0.7071,-0.7071,-0.9977,-0.0677,0,0,0,25.7,21.9,48.2,-1.8,-20.5
lnjp_hospital,Lok Nayak Jai Prakash Narayan (LNJP) Hospital,healthcare,28.638,77.2405,2026-09-27T16:00,2026,9,27,16,270,29.6,37.1,35.1,23.5,584.0,36.0,14.0,23.2,90.0,21.5,983.2,4.8,77.0,270.0,0.7978,23.62,-4.677,-1.08,0.068,0.0,-0.866,-0.5,-0.9977,-0.0677,0,0,0,27.7,25.7,46.9,-0.1,-17.3
lnjp_hospital,Lok Nayak Jai Prakash Narayan (LNJP) Hospital,healthcare,28.638,77.2405,2026-09-27T17:00,2026,9,27,17,270,31.8,35.7,35.9,23.5,574.0,30.0,8.0,22.9,93.0,21.7,983.1,4.0,72.0,205.0,0.8908,28.33,-3.804,-1.236,0.0935,0.0,-0.9659,-0.2588,-0.9977,-0.0677,0,0,0,29.6,27.7,45.8,0.3,-14.0
lnjp_hospital,Lok Nayak Jai Prakash Narayan (LNJP) Hospital,healthcare,28.638,77.2405,2026-09-27T18:00,2026,9,27,18,270,33.1,34.9,35.8,23.0,565.0,26.0,4.0,24.1,92.0,22.7,982.9,2.7,48.0,335.0,0.9484,31.39,-2.006,-1.807,0.0,0.0,-1.0,-0.0,-0.9977,-0.0677,0,0,0,31.8,29.6,45.2,-0.9,-12.1
lnjp_hospital,Lok Nayak Jai Prakash Narayan (LNJP) Hospital,healthcare,28.638,77.2405,2026-09-27T19:00,2026,9,27,19,270,32.4,35.2,34.1,21.6,564.0,24.0,2.0,23.4,96.0,22.7,982.5,3.6,18.0,210.0,0.9205,29.82,-1.112,-3.424,0.051,1.634,-0.9659,0.2588,-0.9977,-0.0677,0,0,0,33.1,31.8,44.1,-2.0,-11.7
lnjp_hospital,Lok Nayak Jai Prakash Narayan (LNJP) Hospital,healthcare,28.638,77.2405,2026-09-27T20:00,2026,9,27,20,270,32.2,34.6,31.3,19.7,565.0,25.0,2.0,23.0,97.0,22.6,982.2,5.1,23.0,210.0,0.9306,29.97,-1.993,-4.695,0.085,1.91,-0.866,0.5,-0.9977,-0.0677,0,0,0,32.4,33.1,43.8,0.5,-11.6
lnjp_hospital,Lok Nayak Jai Prakash Narayan (LNJP) Hospital,healthcare,28.638,77.2405,2026-09-27T21:00,2026,9,27,21,270,32.5,33.6,30.0,18.6,563.0,25.0,2.0,22.6,98.0,22.3,981.9,5.2,25.0,195.0,0.9673,31.44,-2.198,-4.713,0.119,1.778,-0.7071,0.7071,-0.9977,-0.0677,0,0,0,32.2,32.4,44.4,0.5,-11.9
lnjp_hospital,Lok Nayak Jai Prakash Narayan (LNJP) Hospital,healthcare,28.638,77.2405,2026-09-27T22:00,2026,9,27,22,270,32.8,33.9,31.9,18.8,550.0,21.0,2.0,22.3,98.0,22.0,981.5,4.0,36.0,185.0,0.9676,31.74,-2.351,-3.236,0.1445,0.626,-0.5,0.866,-0.9977,-0.0677,0,0,0,32.5,32.2,45.5,0.0,-12.7
lnjp_hospital,Lok Nayak Jai Prakash Narayan (LNJP) Hospital,healthcare,28.638,77.2405,2026-09-27T23:00,2026,9,27,23,270,33.9,35.0,35.2,19.8,533.0,16.0,2.0,22.1,98.0,21.7,981.5,3.5,39.0,190.0,0.9686,32.83,-2.203,-2.72,0.1615,0.366,-0.2588,0.9659,-0.9977,-0.0677,0,0,0,32.8,32.5,46.9,0.8,-13.0
lnjp_hospital,Lok Nayak Jai Prakash Narayan (LNJP) Hospital,healthcare,28.638,77.2405,2026-09-28T00:00,2026,9,28,0,271,16.3,20.1,14.8,15.0,535.0,66.0,7.0,22.6,95.0,21.7,981.2,3.7,23.0,65.0,0.8109,13.22,-1.446,-3.406,0.119,1.386,0.0,1.0,-0.9987,-0.0505,0,0,0,33.9,32.8,22.2,-18.7,-5.9
lnjp_hospital,Lok Nayak Jai Prakash Narayan (LNJP) Hospital,healthcare,28.638,77.2405,2026-09-28T01:00,2026,9,28,1,271,18.3,20.3,17.0,18.6,574.0,66.0,5.0,22.8,93.0,21.6,981.4,2.8,79.0,155.0,0.9015,16.5,-2.749,-0.534,0.102,0.0,0.2588,0.9659,-0.9987,-0.0505,0,0,0,16.3,33.9,23.7,19.6,-5.4
lnjp_hospital,Lok Nayak Jai Prakash Narayan (LNJP) Hospital,healthcare,28.638,77.2405,2026-09-28T02:00,2026,9,28,2,271,15.8,16.8,20.0,23.5,632.0,66.0,2.0,23.1,92.0,21.8,982.3,2.6,124.0,205.0,0.9405,14.86,-2.155,1.454,0.0765,0.0,0.5,0.866,-0.9987,-0.0505,0,0,0,18.3,16.3,24.1,-4.5,-8.3
lnjp_hospital,Lok Nayak Jai Prakash Narayan (LNJP) Hospital,healthcare,28.638,77.2405,2026-09-28T03:00,2026,9,28,3,271,15.7,16.9,21.5,27.8,668.0,73.0,2.0,23.7,90.0,22.0,983.0,2.7,160.0,260.0,0.929,14.59,-0.923,2.537,0.0255,0.0,0.7071,0.7071,-0.9987,-0.0505,0,0,0,15.8,18.3,24.0,2.4,-8.3
lnjp_hospital,Lok Nayak Jai Prakash Narayan (LNJP) Hospital,healthcare,28.638,77.2405,2026-09-28T04:00,2026,9,28,4,271,18.3,22.1,20.5,31.0,667.0,91.0,7.0,24.6,85.0,21.9,983.9,1.5,173.0,400.0,0.8281,15.15,-0.183,1.489,0.0,0.0,0.866,0.5,-0.9987,-0.0505,0,0,0,15.7,15.8,20.8,2.7,-2.5
lnjp_hospital,Lok Nayak Jai Prakash Narayan (LNJP) Hospital,healthcare,28.638,77.2405,2026-09-28T05:00,2026,9,28,5,271,22.5,29.5,18.0,33.5,644.0,115.0,14.0,25.0,82.0,21.8,984.4,1.1,342.0,475.0,0.7627,17.16,0.34,-1.046,0.0,0.98,0.9659,0.2588,-0.9987,-0.0505,0,0,0,18.3,15.7,18.6,1.6,3.9
lnjp_hospital,Lok Nayak Jai Prakash Narayan (LNJP) Hospital,healthcare,28.638,77.2405,2026-09-28T06:00,2026,9,28,6,271,26.5,37.0,15.6,34.1,612.0,137.0,20.0,26.3,70.0,20.5,984.7,8.3,281.0,800.0,0.7162,18.98,8.148,-1.584,0.0,6.88,1.0,0.0,-0.9987,-0.0505,0,0,0,22.5,18.3,18.9,-0.2,7.6
lnjp_hospital,Lok Nayak Jai Prakash Narayan (LNJP) Hospital,healthcare,28.638,77.2405,2026-09-28T07:00,2026,9,28,7,271,28.8,40.5,12.7,31.4,561.0,155.0,22.0,27.7,64.0,20.2,984.0,9.5,280.0,860.0,0.7111,20.48,9.356,-1.65,0.0,7.781,0.9659,-0.2588,-0.9987,-0.0505,0,0,1,26.5,22.5,19.4,-1.7,9.4
lnjp_hospital,Lok Nayak Jai Prakash Narayan (LNJP) Hospital,healthcare,28.638,77.2405,2026-09-28T08:00,2026,9,28,8,271,29.2,40.6,9.7,26.8,500.0,170.0,21.0,28.0,63.0,20.3,983.3,10.5,297.0,875.0,0.7192,21.0,9.356,-4.767,0.0,9.985,0.866,-0.5,-0.9987,-0.0505,0,0,1,28.8,26.5,18.6,-1.9,10.6
lnjp_hospital,Lok Nayak Jai Prakash Narayan (LNJP) Hospital,healthcare,28.638,77.2405,2026-09-28T09:00,2026,9,28,9,271,28.7,39.0,9.5,23.1,467.0,175.0,20.0,27.9,63.0,20.3,982.7,10.8,316.0,855.0,0.7359,21.12,7.502,-7.769,0.0,10.797,0.7071,-0.7071,-0.9987,-0.0505,0,0,1,29.2,28.8,18.4,-0.9,10.3
lnjp_hospital,Lok Nayak Jai Prakash Narayan (LNJP) Hospital,healthcare,28.638,77.2405,2026-09-28T10:00,2026,9,28,10,271,27.5,36.6,13.9,21.4,475.0,165.0,18.0,26.2,74.0,21.1,983.0,13.2,340.0,595.0,0.7514,20.66,4.515,-12.404,0.0,11.961,0.5,-0.866,-0.9987,-0.0505,0,0,0,28.7,29.2,18.0,-0.7,9.5
lnjp_hospital,Lok Nayak Jai Prakash Narayan (LNJP) Hospital,healthcare,28.638,77.2405,2026-09-28T11:00,2026,9,28,11,271,27.1,35.4,21.1,20.6,510.0,145.0,15.0,25.2,80.0,21.6,983.3,14.4,345.0,670.0,0.7655,20.75,3.727,-13.909,0.0,12.469,0.2588,-0.9659,-0.9987,-0.0505,0,0,0,27.5,28.7,17.1,0.8,10.0
lnjp_hospital,Lok Nayak Jai Prakash Narayan (LNJP) Hospital,healthcare,28.638,77.2405,2026-09-28T12:00,2026,9,28,12,271,28.3,31.7,20.7,25.1,567.0,111.0,6.0,24.4,82.0,21.1,983.9,9.0,5.0,650.0,0.8927,25.26,-0.784,-8.966,0.0,5.784,0.0,-1.0,-0.9987,-0.0505,0,0,0,27.1,27.5,19.2,1.6,9.1
lnjp_hospital,Lok Nayak Jai Prakash Narayan (LNJP) Hospital,healthcare,28.638,77.2405,2026-09-28T13:00,2026,9,28,13,271,32.7,35.2,30.6,26.9,667.0,90.0,5.0,23.7,86.0,21.3,984.3,4.5,7.0,465.0,0.929,30.38,-0.548,-4.466,0.0255,2.77,-0.2588,-0.9659,-0.9987,-0.0505,0,0,0,28.3,27.1,21.9,3.2,10.8
lnjp_hospital,Lok Nayak Jai Prakash Narayan (LNJP) Hospital,healthcare,28.638,77.2405,2026-09-28T14:00,2026,9,28,14,271,40.2,42.1,44.2,29.3,788.0,61.0,4.0,23.6,88.0,21.4,985.1,4.0,297.0,285.0,0.9549,38.39,3.564,-1.816,0.034,3.804,-0.5,-0.866,-0.9987,-0.0505,0,0,0,32.7,28.3,25.7,3.1,14.5
lnjp_hospital,Lok Nayak Jai Prakash Narayan (LNJP) Hospital,healthcare,28.638,77.2405,2026-09-28T15:00,2026,9,28,15,271,47.1,48.9,53.6,30.6,860.0,39.0,3.0,23.3,90.0,21.5,985.6,6.7,306.0,255.0,0.9632,45.37,5.42,-3.938,0.0595,6.617,-0.7071,-0.7071,-0.9987,-0.0505,0,0,0,40.2,32.7,27.7,-0.6,19.4
lnjp_hospital,Lok Nayak Jai Prakash Narayan (LNJP) Hospital,healthcare,28.638,77.2405,2026-09-28T16:00,2026,9,28,16,271,51.3,52.9,55.4,30.0,848.0,29.0,3.0,23.0,91.0,21.5,986.0,7.2,305.0,235.0,0.9698,49.75,5.898,-4.13,0.085,7.09,-0.866,-0.5,-0.9987,-0.0505,0,0,0,47.1,40.2,29.6,-2.7,21.7
lnjp_hospital,Lok Nayak Jai Prakash Narayan (LNJP) Hospital,healthcare,28.638,77.2405,2026-09-28T17:00,2026,9,28,17,271,53.8,55.5,53.0,28.4,786.0,26.0,3.0,22.7,93.0,21.5,986.2,8.0,310.0,305.0,0.9694,52.15,6.128,-5.142,0.1105,7.968,-0.9659,-0.2588,-0.9987,-0.0505,0,0,0,51.3,47.1,31.8,-1.7,22.0
lnjp_hospital,Lok Nayak Jai Prakash Narayan (LNJP) Hospital,healthcare,28.638,77.2405,2026-09-28T18:00,2026,9,28,18,271,53.0,55.1,48.9,26.7,712.0,26.0,4.0,23.1,92.0,21.7,986.1,6.9,313.0,310.0,0.9619,50.98,5.046,-4.706,0.0765,6.895,-1.0,-0.0,-0.9987,-0.0505,0,0,0,53.8,51.3,33.1,-3.3,19.9
lnjp_hospital,Lok Nayak Jai Prakash Narayan (LNJP) Hospital,healthcare,28.638,77.2405,2026-09-28T19:00,2026,9,28,19,271,51.3,53.7,42.5,25.0,623.0,29.0,5.0,22.7,94.0,21.6,986.0,6.3,294.0,225.0,0.9553,49.01,5.755,-2.562,0.1105,5.881,-0.9659,0.2588,-0.9987,-0.0505,0,0,0,53.0,53.8,32.4,-0.9,18.9
lnjp_hospital,Lok Nayak Jai Prakash Narayan (LNJP) Hospital,healthcare,28.638,77.2405,2026-09-28T20:00,2026,9,28,20,271,50.5,53.2,34.4,23.2,520.0,35.0,5.0,22.4,94.0,21.4,985.9,5.6,310.0,200.0,0.9492,47.94,4.29,-3.6,0.136,5.578,-0.866,0.5,-0.9987,-0.0505,0,0,0,51.3,53.0,32.2,0.9,18.3
lnjp_hospital,Lok Nayak Jai Prakash Narayan (LNJP) Hospital,healthcare,28.638,77.2405,2026-09-28T21:00,2026,9,28,21,271,50.2,53.2,28.4,21.8,449.0,39.0,6.0,22.2,95.0,21.3,985.7,6.2,316.0,185.0,0.9436,47.37,4.307,-4.46,0.153,6.198,-0.7071,0.7071,-0.9987,-0.0505,0,0,0,50.5,51.3,32.5,0.5,17.7
lnjp_hospital,Lok Nayak Jai Prakash Narayan (LNJP) Hospital,healthcare,28.638,77.2405,2026-09-28T22:00,2026,9,28,22,271,51.3,65.4,26.6,21.0,421.0,37.0,7.0,22.1,95.0,21.2,985.7,6.5,321.0,185.0,0.7844,40.24,4.091,-5.051,0.1615,6.463,-0.5,0.866,-0.9987,-0.0505,0,0,0,50.2,50.5,32.8,1.4,18.5
lnjp_hospital,Lok Nayak Jai Prakash Narayan (LNJP) Hospital,healthcare,28.638,77.2405,2026-09-28T23:00,2026,9,28,23,271,51.6,60.8,26.9,20.7,424.0,33.0,8.0,22.0,95.0,21.1,985.7,6.2,319.0,170.0,0.8487,43.79,4.068,-4.679,0.17,6.184,-0.2588,0.9659,-0.9987,-0.0505,0,0,0,51.3,50.2,33.9,-0.8,17.7
lnjp_hospital,Lok Nayak Jai Prakash Narayan (LNJP) Hospital,healthcare,28.638,77.2405,2026-09-29T00:00,2026,9,29,0,272,50.3,65.7,26.2,21.1,464.0,35.0,29.0,22.2,95.0,21.3,985.9,5.9,315.0,155.0,0.7656,38.51,4.172,-4.172,0.153,5.899,0.0,1.0,-0.9994,-0.0333,0,0,0,51.6,51.3,16.3,-1.6,34.0
lnjp_hospital,Lok Nayak Jai Prakash Narayan (LNJP) Hospital,healthcare,28.638,77.2405,2026-09-29T01:00,2026,9,29,1,272,51.9,65.7,25.7,21.2,582.0,41.0,28.0,22.0,96.0,21.3,986.6,6.1,300.0,160.0,0.79,41.0,5.283,-3.05,0.17,5.891,0.2588,0.9659,-0.9994,-0.0333,0,0,0,50.3,51.6,18.3,2.9,33.6
lnjp_hospital,Lok Nayak Jai Prakash Narayan (LNJP) Hospital,healthcare,28.638,77.2405,2026-09-29T02:00,2026,9,29,2,272,50.4,64.5,24.9,21.4,737.0,50.0,28.0,22.8,92.0,21.5,987.3,4.8,312.0,225.0,0.7814,39.38,3.567,-3.212,0.102,4.793,0.5,0.866,-0.9994,-0.0333,0,0,0,51.9,50.3,15.8,-3.1,34.6
lnjp_hospital,Lok Nayak Jai Prakash Narayan (LNJP) Hospital,healthcare,28.638,77.2405,2026-09-29T03:00,2026,9,29,3,272,39.1,55.9,22.8,21.6,815.0,65.0,32.0,24.2,85.0,21.6,987.9,5.4,323.0,345.0,0.6995,27.35,3.25,-4.313,0.0,5.347,0.7071,0.7071,-0.9994,-0.0333,0,0,0,50.4,51.9,15.7,-9.8,23.4
lnjp_hospital,Lok Nayak Jai Prakash Narayan (LNJP) Hospital,healthcare,28.638,77.2405,2026-09-29T04:00,2026,9,29,4,272,30.0,54.5,18.5,22.1,740.0,91.0,38.0,25.8,76.0,21.3,988.1,6.5,321.0,575.0,0.5505,16.51,4.091,-5.051,0.0,6.463,0.866,0.5,-0.9994,-0.0333,0,0,0,39.1,50.4,18.3,2.2,11.7
lnjp_hospital,Lok Nayak Jai Prakash Narayan (LNJP) Hospital,healthcare,28.638,77.2405,2026-09-29T05:00,2026,9,29,5,272,26.3,56.9,13.0,22.5,587.0,122.0,48.0,27.3,68.0,21.0,988.0,8.1,321.0,730.0,0.4622,12.16,5.097,-6.295,0.0,8.054,0.9659,0.2588,-0.9994,-0.0333,0,0,0,30.0,39.1,22.5,5.4,3.8
lnjp_hospital,Lok Nayak Jai Prakash Narayan (LNJP) Hospital,healthcare,28.638,77.2405,2026-09-29T06:00,2026,9,29,6,272,26.4,67.3,8.7,22.0,468.0,147.0,78.0,29.3,60.0,20.6,988.1,9.0,317.0,1195.0,0.3923,10.36,6.138,-6.582,0.0,8.993,1.0,0.0,-0.9994,-0.0333,0,0,0,26.3,30.0,26.5,3.8,-0.1
lnjp_hospital,Lok Nayak Jai Prakash Narayan (LNJP) Hospital,healthcare,28.638,77.2405,2026-09-29T07:00,2026,9,29,7,272,28.8,92.0,6.2,19.6,420.0,160.0,138.0,30.1,55.0,20.0,987.4,10.1,310.0,1370.0,0.313,9.02,7.737,-6.492,0.0,10.06,0.9659,-0.2588,-0.9994,-0.0333,0,0,1,26.4,26.3,28.8,2.3,0.0
lnjp_hospital,Lok Nayak Jai Prakash Narayan (LNJP) Hospital,healthcare,28.638,77.2405,2026-09-29T08:00,2026,9,29,8,272,37.1,142.0,5.0,16.2,406.0,166.0,217.0,30.7,53.0,19.9,986.4,11.1,313.0,1415.0,0.2613,9.69,8.118,-7.57,0.0,11.092,0.866,-0.5,-0.9994,-0.0333,0,0,1,28.8,26.4,29.2,5.9,7.9
lnjp_hospital,Lok Nayak Jai Prakash Narayan (LNJP) Hospital,healthcare,28.638,77.2405,2026-09-29T09:00,2026,9,29,9,272,45.2,198.4,5.7,13.9,427.0,166.0,296.0,31.0,52.0,20.1,985.3,11.4,319.0,1440.0,0.2278,10.3,7.479,-8.604,0.0,11.371,0.7071,-0.7071,-0.9994,-0.0333,0,0,1,37.1,28.8,28.7,-0.2,16.5
lnjp_hospital,Lok Nayak Jai Prakash Narayan (LNJP) Hospital,healthcare,28.638,77.2405,2026-09-29T10:00,2026,9,29,10,272,55.9,270.1,9.5,13.5,498.0,157.0,375.0,31.0,52.0,20.1,984.8,11.5,319.0,1440.0,0.207,11.57,7.545,-8.679,0.0,11.47,0.5,-0.866,-0.9994,-0.0333,0,0,0,45.2,37.1,27.5,2.6,28.4
lnjp_hospital,Lok Nayak Jai Prakash Narayan (LNJP) Hospital,healthcare,28.638,77.2405,2026-09-29T11:00,2026,9,29,11,272,65.9,311.1,15.4,14.2,604.0,143.0,454.0,30.5,55.0,20.3,984.6,10.9,314.0,1350.0,0.2118,13.96,7.841,-7.572,0.0,10.897,0.2588,-0.9659,-0.9994,-0.0333,0,0,0,55.9,45.2,27.1,-0.7,38.8
lnjp_hospital,Lok Nayak Jai Prakash Narayan (LNJP) Hospital,healthcare,28.638,77.2405,2026-09-29T12:00,2026,9,29,12,272,48.4,212.8,18.4,14.8,695.0,124.0,317.0,29.8,58.0,20.6,984.8,10.3,308.0,1190.0,0.2274,11.01,8.117,-6.341,0.0,10.222,0.0,-1.0,-0.9994,-0.0333,0,0,0,65.9,55.9,28.3,-27.5,20.1
lnjp_hospital,Lok Nayak Jai Prakash Narayan (LNJP) Hospital,healthcare,28.638,77.2405,2026-09-29T13:00,2026,9,29,13,272,59.8,250.5,23.8,16.9,760.0,110.0,357.0,28.4,64.0,21.0,985.1,7.2,307.0,385.0,0.2387,14.28,5.75,-4.333,0.0,7.129,-0.2588,-0.9659,-0.9994,-0.0333,0,0,0,48.4,65.9,32.7,28.9,27.1
lnjp_hospital,Lok Nayak Jai Prakash Narayan (LNJP) Hospital,healthcare,28.638,77.2405,2026-09-29T14:00,2026,9,29,14,272,70.3,282.2,31.2,19.8,811.0,92.0,410.0,27.5,69.0,21.2,985.7,6.9,311.0,305.0,0.2491,17.51,5.207,-4.527,0.0,6.882,-0.5,-0.866,-0.9994,-0.0333,0,0,0,59.8,48.4,40.2,-0.9,30.1
lnjp_hospital,Lok Nayak Jai Prakash Narayan (LNJP) Hospital,healthcare,28.638,77.2405,2026-09-29T15:00,2026,9,29,15,272,77.1,307.3,35.7,21.7,830.0,78.0,442.0,26.8,72.0,21.4,986.3,6.8,310.0,250.0,0.2509,19.34,5.209,-4.371,0.0,6.773,-0.7071,-0.7071,-0.9994,-0.0333,0,0,0,70.3,59.8,47.1,-3.7,30.0
lnjp_hospital,Lok Nayak Jai Prakash Narayan (LNJP) Hospital,healthcare,28.638,77.2405,2026-09-29T16:00,2026,9,29,16,272,79.9,313.9,34.9,21.8,803.0,75.0,436.0,26.1,75.0,21.3,986.5,6.0,307.0,185.0,0.2545,20.34,4.792,-3.611,0.0,5.941,-0.866,-0.5,-0.9994,-0.0333,0,0,0,77.1,70.3,51.3,-4.0,28.6
lnjp_hospital,Lok Nayak Jai Prakash Narayan (LNJP) Hospital,healthcare,28.638,77.2405,2026-09-29T17:00,2026,9,29,17,272,79.4,299.0,31.3,21.1,744.0,76.0,409.0,25.5,77.0,21.2,986.5,6.1,300.0,165.0,0.2656,21.08,5.283,-3.05,0.0,5.891,-0.9659,-0.2588,-0.9994,-0.0333,0,0,0,79.9,77.1,53.8,-3.3,25.6
lnjp_hospital,Lok Nayak Jai Prakash Narayan (LNJP) Hospital,healthcare,28.638,77.2405,2026-09-29T18:00,2026,9,29,18,272,75.2,270.1,27.5,20.3,681.0,79.0,371.0,25.6,78.0,21.6,986.1,7.5,300.0,255.0,0.2784,20.94,6.495,-3.75,0.0,7.243,-1.0,-0.0,-0.9994,-0.0333,0,0,0,79.4,79.9,53.0,-3.7,22.2
lnjp_hospital,Lok Nayak Jai Prakash Narayan (LNJP) Hospital,healthcare,28.638,77.2405,2026-09-29T19:00,2026,9,29,19,272,69.2,232.4,23.9,19.7,613.0,81.0,318.0,24.8,82.0,21.4,985.7,7.1,297.0,185.0,0.2978,20.61,6.326,-3.223,0.0,6.751,-0.9659,0.2588,-0.9994,-0.0333,0,0,0,75.2,79.4,51.3,-1.8,17.9
lnjp_hospital,Lok Nayak Jai Prakash Narayan (LNJP) Hospital,healthcare,28.638,77.2405,2026-09-29T20:00,2026,9,29,20,272,62.6,195.1,20.2,19.2,541.0,84.0,255.0,24.3,83.0,21.3,985.3,6.6,299.0,175.0,0.3209,20.09,5.772,-3.2,0.0,6.343,-0.866,0.5,-0.9994,-0.0333,0,0,0,69.2,75.2,50.5,-0.6,12.1
lnjp_hospital,Lok Nayak Jai Prakash Narayan (LNJP) Hospital,healthcare,28.638,77.2405,2026-09-29T21:00,2026,9,29,21,272,57.0,164.4,17.6,19.0,493.0,86.0,202.0,23.9,85.0,21.1,985.1,6.1,302.0,160.0,0.3467,19.76,5.173,-3.233,0.0085,5.943,-0.7071,0.7071,-0.9994,-0.0333,0,0,0,62.6,69.2,50.2,1.0,6.8
lnjp_hospital,Lok Nayak Jai Prakash Narayan (LNJP) Hospital,healthcare,28.638,77.2405,2026-09-29T22:00,2026,9,29,22,272,52.4,142.5,16.7,19.3,470.0,84.0,170.0,23.5,86.0,21.0,985.1,5.8,300.0,150.0,0.3677,19.27,5.023,-2.9,0.0425,5.602,-0.5,0.866,-0.9994,-0.0333,0,0,0,57.0,62.6,51.3,1.0,1.1
lnjp_hospital,Lok Nayak Jai Prakash Narayan (LNJP) Hospital,healthcare,28.638,77.2405,2026-09-29T23:00,2026,9,29,23,272,49.2,128.5,16.9,19.9,472.0,80.0,148.0,23.3,87.0,21.0,985.0,6.0,286.0,150.0,0.3829,18.84,5.768,-1.654,0.0595,5.247,-0.2588,0.9659,-0.9994,-0.0333,0,0,0,52.4,57.0,51.6,1.4,-2.4
lnjp_hospital,Lok Nayak Jai Prakash Narayan (LNJP) Hospital,healthcare,28.638,77.2405,2026-09-30T00:00,2026,9,30,0,273,53.3,138.8,17.7,21.2,522.0,88.0,160.0,24.2,85.0,21.6,985.4,5.9,284.0,150.0,0.384,20.47,5.725,-1.427,0.0,5.057,0.0,1.0,-0.9999,-0.0161,0,0,0,49.2,52.4,50.3,7.3,3.0
lnjp_hospital,Lok Nayak Jai Prakash Narayan (LNJP) Hospital,healthcare,28.638,77.2405,2026-09-30T01:00,2026,9,30,1,273,54.4,131.8,21.0,22.5,682.0,90.0,151.0,23.7,87.0,21.5,985.9,6.3,273.0,135.0,0.4127,22.45,6.291,-0.33,0.0255,4.681,0.2588,0.9659,-0.9999,-0.0161,0,0,0,53.3,49.2,51.9,-3.0,2.5
lnjp_hospital,Lok Nayak Jai Prakash Narayan (LNJP) Hospital,healthcare,28.638,77.2405,2026-09-30T02:00,2026,9,30,2,273,56.9,125.3,25.2,24.4,891.0,93.0,140.0,24.5,85.0,21.9,986.5,6.1,273.0,200.0,0.4541,25.84,6.092,-0.319,0.0,4.532,0.5,0.866,-0.9999,-0.0161,0,0,0,54.4,53.3,50.4,1.4,6.5
lnjp_hospital,Lok Nayak Jai Prakash Narayan (LNJP) Hospital,healthcare,28.638,77.2405,2026-09-30T03:00,2026,9,30,3,273,53.2,123.9,26.4,25.6,991.0,105.0,133.0,26.0,80.0,22.2,987.3,5.8,274.0,370.0,0.4294,22.84,5.786,-0.405,0.0,4.377,0.7071,0.7071,-0.9999,-0.0161,0,0,0,56.9,54.4,39.1,-6.2,14.1
lnjp_hospital,Lok Nayak Jai Prakash Narayan (LNJP) Hospital,healthcare,28.638,77.2405,2026-09-30T04:00,2026,9,30,4,273,44.6,106.9,21.5,25.9,880.0,134.0,129.0,27.8,70.0,21.8,987.7,7.2,284.0,760.0,0.4172,18.61,6.986,-1.742,0.0,6.171,0.866,0.5,-0.9999,-0.0161,0,0,0,53.2,56.9,30.0,-4.9,14.6
lnjp_hospital,Lok Nayak Jai Prakash Narayan (LNJP) Hospital,healthcare,28.638,77.2405,2026-09-30T05:00,2026,9,30,5,273,39.0,100.6,13.6,25.5,660.0,171.0,131.0,29.4,61.0,21.1,987.9,9.3,288.0,1030.0,0.3877,15.12,8.845,-2.874,0.0,8.285,0.9659,0.2588,-0.9999,-0.0161,0,0,0,44.6,53.2,26.3,3.0,12.7
lnjp_hospital,Lok Nayak Jai Prakash Narayan (LNJP) Hospital,healthcare,28.638,77.2405,2026-09-30T06:00,2026,9,30,6,273,41.6,120.1,7.5,24.5,486.0,197.0,150.0,31.5,52.0,20.5,987.8,11.7,297.0,1440.0,0.3464,14.41,10.425,-5.312,0.0,11.126,1.0,0.0,-0.9999,-0.0161,0,0,0,39.0,44.6,26.4,8.2,15.2
lnjp_hospital,Lok Nayak Jai Prakash Narayan (LNJP) Hospital,healthcare,28.638,77.2405,2026-09-30T07:00,2026,9,30,7,273,48.1,156.5,4.8,22.3,407.0,203.0,200.0,32.4,45.0,19.1,987.3,13.0,304.0,1560.0,0.3073,14.78,10.777,-7.27,0.0,12.759,0.9659,-0.2588,-0.9999,-0.0161,0,0,1,41.6,39.0,28.8,3.9,19.3
lnjp_hospital,Lok Nayak Jai Prakash Narayan (LNJP) Hospital,healthcare,28.638,77.2405,2026-09-30T08:00,2026,9,30,8,273,54.0,192.3,4.0,19.5,375.0,198.0,268.0,32.9,41.0,18.1,986.4,12.9,305.0,1680.0,0.2808,15.16,10.567,-7.399,0.0,12.702,0.866,-0.5,-0.9999,-0.0161,0,0,1,48.1,41.6,37.1,-0.6,16.9
lnjp_hospital,Lok Nayak Jai Prakash Narayan (LNJP) Hospital,healthcare,28.638,77.2405,2026-09-30T09:00,2026,9,30,9,273,58.8,227.7,5.5,17.6,393.0,187.0,327.0,33.1,39.0,17.4,985.8,12.9,306.0,1745.0,0.2582,15.18,10.436,-7.582,0.0,12.739,0.7071,-0.7071,-0.9999,-0.0161,0,0,1,54.0,48.1,45.2,-1.1,13.6
lnjp_hospital,Lok Nayak Jai Prakash Narayan (LNJP) Hospital,healthcare,28.638,77.2405,2026-09-30T10:00,2026,9,30,10,273,63.6,262.6,9.9,17.2,479.0,171.0,364.0,32.9,40.0,17.6,985.2,12.6,307.0,1680.0,0.2422,15.4,10.063,-7.583,0.0,12.475,0.5,-0.866,-0.9999,-0.0161,0,0,0,58.8,54.0,55.9,0.0,7.7
lnjp_hospital,Lok Nayak Jai Prakash Narayan (LNJP) Hospital,healthcare,28.638,77.2405,2026-09-30T11:00,2026,9,30,11,273,68.0,280.3,16.6,17.6,615.0,150.0,391.0,32.2,43.0,18.2,984.7,11.7,311.0,1405.0,0.2426,16.5,8.83,-7.676,0.0,11.67,0.2588,-0.9659,-0.9999,-0.0161,0,0,0,63.6,58.8,65.9,-0.4,2.1
lnjp_hospital,Lok Nayak Jai Prakash Narayan (LNJP) Hospital,healthcare,28.638,77.2405,2026-09-30T12:00,2026,9,30,12,273,72.9,374.4,20.2,17.3,759.0,123.0,586.0,31.1,49.0,19.1,984.8,9.6,313.0,1100.0,0.2,14.58,7.021,-6.547,0.0,9.593,0.0,-1.0,-0.9999,-0.0161,0,0,0,68.0,63.6,48.4,0.5,24.5
lnjp_hospital,Lok Nayak Jai Prakash Narayan (LNJP) Hospital,healthcare,28.638,77.2405,2026-09-30T13:00,2026,9,30,13,273,83.6,392.1,28.8,20.4,926.0,105.0,625.0,29.6,56.0,20.0,985.1,5.2,314.0,285.0,0.2132,17.82,3.741,-3.612,0.0,5.198,-0.2588,-0.9659,-0.9999,-0.0161,0,0,0,72.9,68.0,59.8,5.8,23.8
lnjp_hospital,Lok Nayak Jai Prakash Narayan (LNJP) Hospital,healthcare,28.638,77.2405,2026-09-30T14:00,2026,9,30,14,273,95.2,431.2,40.7,24.7,1099.0,81.0,679.0,28.7,61.0,20.6,985.7,5.5,337.0,195.0,0.2208,21.02,2.149,-5.063,0.0,5.099,-0.5,-0.866,-0.9999,-0.0161,0,0,0,83.6,72.9,70.3,0.9,24.9
lnjp_hospital,Lok Nayak Jai Prakash Narayan (LNJP) Hospital,healthcare,28.638,77.2405,2026-09-30T15:00,2026,9,30,15,273,105.7,478.7,49.2,27.8,1186.0,62.0,717.0,27.9,64.0,20.6,986.3,6.8,343.0,200.0,0.2208,23.34,1.988,-6.503,0.0,6.003,-0.7071,-0.7071,-0.9999,-0.0161,0,0,0,95.2,83.6,77.1,-1.1,28.6
lnjp_hospital,Lok Nayak Jai Prakash Narayan (LNJP) Hospital,healthcare,28.638,77.2405,2026-09-30T16:00,2026,9,30,16,273,113.6,510.4,51.7,28.9,1122.0,54.0,733.0,27.2,66.0,20.3,986.5,7.8,345.0,195.0,0.2226,25.28,2.019,-7.534,0.0,6.754,-0.866,-0.5,-0.9999,-0.0161,0,0,0,105.7,95.2,79.9,-2.6,33.7
lnjp_hospital,Lok Nayak Jai Prakash Narayan (LNJP) Hospital,healthcare,28.638,77.2405,2026-09-30T17:00,2026,9,30,17,273,117.8,512.2,51.0,28.9,972.0,51.0,734.0,26.3,70.0,20.3,986.2,6.5,341.0,140.0,0.23,27.09,2.116,-6.146,0.0,5.841,-0.9659,-0.2588,-0.9999,-0.0161,0,0,0,113.6,105.7,79.4,-3.7,38.4
lnjp_hospital,Lok Nayak Jai Prakash Narayan (LNJP) Hospital,healthcare,28.638,77.2405,2026-09-30T18:00,2026,9,30,18,273,115.7,486.2,48.5,28.2,835.0,51.0,706.0,26.7,70.0,20.7,986.0,6.9,319.0,165.0,0.238,27.53,4.527,-5.207,0.0,6.882,-1.0,-0.0,-0.9999,-0.0161,0,0,0,117.8,113.6,75.2,-6.3,40.5
lnjp_hospital,Lok Nayak Jai Prakash Narayan (LNJP) Hospital,healthcare,28.638,77.2405,2026-09-30T19:00,2026,9,30,19,273,109.2,438.7,43.7,26.5,741.0,53.0,633.0,25.6,76.0,20.9,985.8,4.4,305.0,115.0,0.2489,27.18,3.604,-2.524,0.0,4.332,-0.9659,0.2588,-0.9999,-0.0161,0,0,0,115.7,117.8,69.2,-4.4,40.0
lnjp_hospital,Lok Nayak Jai Prakash Narayan (LNJP) Hospital,healthcare,28.638,77.2405,2026-09-30T20:00,2026,9,30,20,273,102.2,384.6,37.2,24.0,660.0,58.0,532.0,25.0,78.0,20.9,985.5,4.3,292.0,100.0,0.2657,27.16,3.987,-1.611,0.0,3.958,-0.866,0.5,-0.9999,-0.0161,0,0,0,109.2,115.7,62.6,-0.5,39.6
lnjp_hospital,Lok Nayak Jai Prakash Narayan (LNJP) Hospital,healthcare,28.638,77.2405,2026-09-30T21:00,2026,9,30,21,273,95.0,326.9,32.3,22.1,603.0,60.0,438.0,24.6,79.0,20.8,985.6,4.2,282.0,90.0,0.2906,27.61,4.108,-0.873,0.0,3.522,-0.7071,0.7071,-0.9999,-0.0161,0,0,0,102.2,109.2,57.0,-0.2,38.0
lnjp_hospital,Lok Nayak Jai Prakash Narayan (LNJP) Hospital,healthcare,28.638,77.2405,2026-09-30T22:00,2026,9,30,22,273,88.5,275.7,30.3,21.2,556.0,57.0,362.0,24.3,81.0,20.8,985.8,5.2,276.0,95.0,0.321,28.41,5.172,-0.544,0.0,4.041,-0.5,0.866,-0.9999,-0.0161,0,0,0,95.0,102.2,52.4,0.7,36.1
lnjp_hospital,Lok Nayak Jai Prakash Narayan (LNJP) Hospital,healthcare,28.638,77.2405,2026-09-30T23:00,2026,9,30,23,273,83.1,235.6,29.9,20.9,532.0,53.0,293.0,24.1,81.0,20.6,985.4,5.8,277.0,110.0,0.3527,29.31,5.757,-0.707,0.0,4.57,-0.2588,0.9659,-0.9999,-0.0161,0,0,0,88.5,95.0,49.2,1.1,33.9
lnjp_hospital,Lok Nayak Jai Prakash Narayan (LNJP) Hospital,healthcare,28.638,77.2405,2026-10-01T00:00,2026,10,1,0,274,68.0,183.9,21.7,20.1,582.0,72.0,217.0,25.0,81.0,21.4,985.7,6.5,272.0,115.0,0.3698,25.14,6.496,-0.227,0.0,4.753,0.0,1.0,-1.0,0.0011,0,0,0,83.1,88.5,53.3,-9.7,14.7
lnjp_hospital,Lok Nayak Jai Prakash Narayan (LNJP) Hospital,healthcare,28.638,77.2405,2026-10-01T01:00,2026,10,1,1,274,68.7,166.7,25.1,21.5,800.0,75.0,199.0,24.5,83.0,21.5,986.4,5.5,261.0,100.0,0.4121,28.31,5.432,0.86,0.0,3.232,0.2588,0.9659,-1.0,0.0011,0,0,0,68.0,83.1,54.4,15.8,14.3
lnjp_hospital,Lok Nayak Jai Prakash Narayan (LNJP) Hospital,healthcare,28.638,77.2405,2026-10-01T02:00,2026,10,1,2,274,71.2,158.3,29.4,23.3,1091.0,81.0,175.0,25.5,81.0,22.1,987.3,6.5,251.0,140.0,0.4498,32.02,6.146,2.116,0.0,2.849,0.5,0.866,-1.0,0.0011,0,0,0,68.7,68.0,56.9,1.8,14.3
lnjp_hospital,Lok Nayak Jai Prakash Narayan (LNJP) Hospital,healthcare,28.638,77.2405,2026-10-01T03:00,2026,10,1,3,274,69.2,154.6,30.2,24.3,1224.0,94.0,158.0,27.4,74.0,22.4,988.4,5.4,255.0,270.0,0.4476,30.97,5.216,1.398,0.0,2.7,0.7071,0.7071,-1.0,0.0011,0,0,0,71.2,68.7,53.2,-4.5,16.0
lnjp_hospital,Lok Nayak Jai Prakash Narayan (LNJP) Hospital,healthcare,28.638,77.2405,2026-10-01T04:00,2026,10,1,4,274,55.8,127.6,24.2,24.0,1042.0,124.0,152.0,29.5,66.0,22.4,988.8,7.4,266.0,765.0,0.4373,24.4,7.382,0.516,0.0,4.854,0.866,0.5,-1.0,0.0011,0,0,0,69.2,71.2,44.6,-11.4,11.2
lnjp_hospital,Lok Nayak Jai Prakash Narayan (LNJP) Hospital,healthcare,28.638,77.2405,2026-10-01T05:00,2026,10,1,5,274,48.8,119.0,14.7,22.8,702.0,161.0,153.0,31.0,59.0,22.0,988.8,8.6,281.0,1075.0,0.4101,20.01,8.442,-1.641,0.0,7.129,0.9659,0.2588,-1.0,0.0011,0,0,0,55.8,69.2,39.0,6.4,9.8
lnjp_hospital,Lok Nayak Jai Prakash Narayan (LNJP) Hospital,healthcare,28.638,77.2405,2026-10-01T06:00,2026,10,1,6,274,52.2,139.7,7.4,21.1,435.0,186.0,166.0,33.1,47.0,20.4,989.1,11.7,302.0,1890.0,0.3737,19.5,9.922,-6.2,0.0,11.398,1.0,0.0,-1.0,0.0011,0,0,0,48.8,55.8,41.6,10.4,10.6
lnjp_hospital,Lok Nayak Jai Prakash Narayan (LNJP) Hospital,healthcare,28.638,77.2405,2026-10-01T07:00,2026,10,1,7,274,56.1,164.4,4.4,18.5,325.0,187.0,199.0,34.0,40.0,18.4,988.6,14.2,310.0,2010.0,0.3412,19.14,10.878,-9.128,0.0,14.144,0.9659,-0.2588,-1.0,0.0011,0,0,1,52.2,48.8,48.1,0.5,8.0
lnjp_hospital,Lok Nayak Jai Prakash Narayan (LNJP) Hospital,healthcare,28.638,77.2405,2026-10-01T08:00,2026,10,1,8,274,57.4,185.3,3.5,15.4,289.0,175.0,244.0,34.7,32.0,15.7,987.9,14.7,307.0,2040.0,0.3098,17.78,11.74,-8.847,0.0,14.555,0.866,-0.5,-1.0,0.0011,0,0,1,56.1,52.2,54.0,-2.6,3.4
lnjp_hospital,Lok Nayak Jai Prakash Narayan (LNJP) Hospital,healthcare,28.638,77.2405,2026-10-01T09:00,2026,10,1,9,274,58.9,206.8,4.8,13.2,312.0,160.0,286.0,34.8,30.0,14.5,987.1,14.5,307.0,2085.0,0.2848,16.78,11.58,-8.726,0.0,14.357,0.7071,-0.7071,-1.0,0.0011,0,0,1,57.4,56.1,58.8,0.2,0.1
lnjp_hospital,Lok Nayak Jai Prakash Narayan (LNJP) Hospital,healthcare,28.638,77.2405,2026-10-01T10:00,2026,10,1,10,274,60.3,221.2,8.6,12.5,413.0,144.0,317.0,34.1,32.0,15.0,986.7,13.3,306.0,1900.0,0.2726,16.44,10.76,-7.818,0.0,13.134,0.5,-0.866,-1.0,0.0011,0,0,0,58.9,57.4,63.6,-0.1,-3.3
lnjp_hospital,Lok Nayak Jai Prakash Narayan (LNJP) Hospital,healthcare,28.638,77.2405,2026-10-01T11:00,2026,10,1,11,274,63.6,245.9,14.4,12.8,572.0,126.0,345.0,33.8,34.0,15.6,986.5,11.7,313.0,1765.0,0.2586,16.45,8.557,-7.979,0.0,11.691,0.2588,-0.9659,-1.0,0.0011,0,0,0,60.3,58.9,68.0,1.9,-4.4
lnjp_hospital,Lok Nayak Jai Prakash Narayan (LNJP) Hospital,healthcare,28.638,77.2405,2026-10-01T12:00,2026,10,1,12,274,73.1,345.5,19.8,13.4,714.0,103.0,530.0,33.3,38.0,17.0,986.6,10.7,329.0,1360.0,0.2116,15.47,5.511,-9.172,0.0,10.381,0.0,-1.0,-1.0,0.0011,0,0,0,63.6,60.3,72.9,6.2,0.2
lnjp_hospital,Lok Nayak Jai Prakash Narayan (LNJP) Hospital,healthcare,28.638,77.2405,2026-10-01T13:00,2026,10,1,13,274,84.1,375.3,26.6,16.2,828.0,89.0,559.0,31.8,45.0,18.3,987.1,8.5,324.0,720.0,0.2241,18.85,4.996,-6.877,0.0,8.394,-0.2588,-0.9659,-1.0,0.0011,0,0,0,73.1,63.6,83.6,1.5,0.5
lnjp_hospital,Lok Nayak Jai Prakash Narayan (LNJP) Hospital,healthcare,28.638,77.2405,2026-10-01T14:00,2026,10,1,14,274,93.6,401.4,35.8,20.0,926.0,70.0,597.0,30.8,49.0,18.9,987.9,9.3,335.0,485.0,0.2332,21.83,3.93,-8.429,0.0,8.738,-0.5,-0.866,-1.0,0.0011,0,0,0,84.1,73.1,95.2,-1.5,-1.6
lnjp_hospital,Lok Nayak Jai Prakash Narayan (LNJP) Hospital,healthcare,28.638,77.2405,2026-10-01T15:00,2026,10,1,15,274,100.1,416.3,41.9,22.7,964.0,56.0,608.0,29.8,52.0,18.9,988.4,8.5,342.0,330.0,0.2405,24.07,2.627,-8.084,0.0,7.572,-0.7071,-0.7071,-1.0,0.0011,0,0,0,93.6,84.1,105.7,-3.0,-5.6
lnjp_hospital,Lok Nayak Jai Prakash Narayan (LNJP) Hospital,healthcare,28.638,77.2405,2026-10-01T16:00,2026,10,1,16,274,102.2,407.9,42.0,23.1,905.0,52.0,573.0,29.0,55.0,19.0,988.5,9.0,350.0,260.0,0.2506,25.61,1.563,-8.863,0.0,7.371,-0.866,-0.5,-1.0,0.0011,0,0,0,100.1,93.6,113.6,-4.4,-11.4
lnjp_hospital,Lok Nayak Jai Prakash Narayan (LNJP) Hospital,healthcare,28.638,77.2405,2026-10-01T17:00,2026,10,1,17,274,100.6,375.3,39.0,22.3,788.0,54.0,511.0,28.3,57.0,19.0,988.4,7.4,337.0,175.0,0.2681,26.97,2.891,-6.812,0.0,6.86,-0.9659,-0.2588,-1.0,0.0011,0,0,0,102.2,100.1,117.8,-3.7,-17.2
lnjp_hospital,Lok Nayak Jai Prakash Narayan (LNJP) Hospital,healthcare,28.638,77.2405,2026-10-01T18:00,2026,10,1,18,274,95.2,327.8,35.6,21.3,683.0,56.0,443.0,28.2,62.0,20.2,988.2,6.6,343.0,175.0,0.2904,27.65,1.93,-6.312,0.0,5.827,-1.0,-0.0,-1.0,0.0011,0,0,0,100.6,102.2,115.7,-3.8,-20.5
lnjp_hospital,Lok Nayak Jai Prakash Narayan (LNJP) Hospital,healthcare,28.638,77.2405,2026-10-01T19:00,2026,10,1,19,274,88.5,278.5,32.3,20.2,616.0,57.0,371.0,26.9,71.0,21.1,988.0,3.9,313.0,110.0,0.3178,28.12,2.852,-2.66,0.0,3.897,-0.9659,0.2588,-1.0,0.0011,0,0,0,95.2,100.6,109.2,-1.3,-20.7
lnjp_hospital,Lok Nayak Jai Prakash Narayan (LNJP) Hospital,healthcare,28.638,77.2405,2026-10-01T20:00,2026,10,1,20,274,82.2,234.2,28.7,18.9,561.0,58.0,295.0,26.2,74.0,21.3,987.8,3.4,273.0,75.0,0.351,28.85,3.395,-0.178,0.0,2.526,-0.866,0.5,-1.0,0.0011,0,0,0,88.5,95.2,102.2,0.4,-20.0
lnjp_hospital,Lok Nayak Jai Prakash Narayan (LNJP) Hospital,healthcare,28.638,77.2405,2026-10-01T21:00,2026,10,1,21,274,77.1,199.3,26.4,18.0,518.0,58.0,229.0,25.7,76.0,21.2,987.9,5.4,256.0,85.0,0.3869,29.83,5.24,1.306,0.0,2.781,-0.7071,0.7071,-1.0,0.0011,0,0,0,82.2,88.5,95.0,1.2,-17.9
lnjp_hospital,Lok Nayak Jai Prakash Narayan (LNJP) Hospital,healthcare,28.638,77.2405,2026-10-01T22:00,2026,10,1,22,274,72.6,170.9,25.9,17.6,462.0,54.0,181.0,25.4,77.0,21.0,988.0,5.6,272.0,95.0,0.4248,30.84,5.597,-0.195,0.0,4.095,-0.5,0.866,-1.0,0.0011,0,0,0,77.1,82.2,88.5,0.6,-15.9
lnjp_hospital,Lok Nayak Jai Prakash Narayan (LNJP) Hospital,healthcare,28.638,77.2405,2026-10-01T23:00,2026,10,1,23,274,68.2,148.1,26.7,17.7,417.0,48.0,145.0,24.9,78.0,20.9,988.1,5.9,270.0,100.0,0.4605,31.41,5.9,0.0,0.0,4.171,-0.2588,0.9659,-1.0,0.0011,0,0,0,72.6,77.1,83.1,0.1,-14.9
lnjp_hospital,Lok Nayak Jai Prakash Narayan (LNJP) Hospital,healthcare,28.638,77.2405,2026-10-02T00:00,2026,10,2,0,275,75.9,183.5,23.6,18.9,455.0,59.0,199.0,25.4,77.0,21.1,988.3,5.5,289.0,95.0,0.4136,31.39,5.2,-1.791,0.0,4.943,0.0,1.0,-0.9998,0.0183,0,0,0,68.2,72.6,68.0,12.1,7.9
lnjp_hospital,Lok Nayak Jai Prakash Narayan (LNJP) Hospital,healthcare,28.638,77.2405,2026-10-02T01:00,2026,10,2,1,275,75.2,161.1,27.3,20.2,681.0,60.0,179.0,24.7,80.0,21.1,988.8,5.6,277.0,95.0,0.4668,35.1,5.558,-0.682,0.0,4.412,0.2588,0.9659,-0.9998,0.0183,0,0,0,75.9,68.2,68.7,-8.4,6.5
lnjp_hospital,Lok Nayak Jai Prakash Narayan (LNJP) Hospital,healthcare,28.638,77.2405,2026-10-02T02:00,2026,10,2,2,275,76.6,150.4,31.9,21.9,990.0,63.0,151.0,25.7,77.0,21.4,989.6,7.0,267.0,135.0,0.5093,39.01,6.99,0.366,0.0,4.683,0.5,0.866,-0.9998,0.0183,0,0,0,75.2,75.9,71.2,2.1,5.4
lnjp_hospital,Lok Nayak Jai Prakash Narayan (LNJP) Hospital,healthcare,28.638,77.2405,2026-10-02T03:00,2026,10,2,3,275,74.7,147.6,32.8,23.0,1137.0,76.0,134.0,27.7,69.0,21.5,990.5,5.1,266.0,255.0,0.5061,37.81,5.088,0.356,0.0,3.345,0.7071,0.7071,-0.9998,0.0183,0,0,0,76.6,75.2,69.2,-3.3,5.5
lnjp_hospital,Lok Nayak Jai Prakash Narayan (LNJP) Hospital,healthcare,28.638,77.2405,2026-10-02T04:00,2026,10,2,4,275,67.5,143.4,26.1,23.3,960.0,110.0,134.0,29.9,59.0,21.0,990.9,6.5,275.0,590.0,0.4707,31.77,6.475,-0.567,0.0,4.979,0.866,0.5,-0.9998,0.0183,0,0,0,74.7,76.6,55.8,-5.3,11.7
lnjp_hospital,Lok Nayak Jai Prakash Narayan (LNJP) Hospital,healthcare,28.638,77.2405,2026-10-02T05:00,2026,10,2,5,275,61.2,140.2,15.5,23.0,621.0,153.0,143.0,31.8,50.0,20.1,991.0,7.2,282.0,1095.0,0.4365,26.71,7.043,-1.497,0.0,6.038,0.9659,0.2588,-0.9998,0.0183,0,0,0,67.5,74.7,48.8,0.9,12.4
lnjp_hospital,Lok Nayak Jai Prakash Narayan (LNJP) Hospital,healthcare,28.638,77.2405,2026-10-02T06:00,2026,10,2,6,275,57.9,143.4,7.5,22.0,358.0,183.0,160.0,34.4,36.0,17.4,990.6,11.5,299.0,2065.0,0.4038,23.38,10.058,-5.575,0.0,11.053,1.0,0.0,-0.9998,0.0183,0,0,0,61.2,67.5,52.2,3.0,5.7
lnjp_hospital,Lok Nayak Jai Prakash Narayan (LNJP) Hospital,healthcare,28.638,77.2405,2026-10-02T07:00,2026,10,2,7,275,53.8,151.3,4.3,19.7,263.0,187.0,186.0,35.3,31.0,15.7,989.8,12.8,308.0,2260.0,0.3556,19.13,10.087,-7.88,0.0,12.703,0.9659,-0.2588,-0.9998,0.0183,0,0,1,57.9,61.2,56.1,-0.8,-2.3
lnjp_hospital,Lok Nayak Jai Prakash Narayan (LNJP) Hospital,healthcare,28.638,77.2405,2026-10-02T08:00,2026,10,2,8,275,50.2,162.5,3.7,16.6,245.0,177.0,218.0,35.6,28.0,14.5,989.0,13.1,314.0,2525.0,0.3089,15.51,9.423,-9.1,0.0,13.096,0.866,-0.5,-0.9998,0.0183,0,0,1,53.8,57.9,57.4,0.5,-7.2
lnjp_hospital,Lok Nayak Jai Prakash Narayan (LNJP) Hospital,healthcare,28.638,77.2405,2026-10-02T09:00,2026,10,2,9,275,49.8,179.3,5.1,14.5,269.0,164.0,248.0,35.6,28.0,14.1,988.4,13.2,317.0,2540.0,0.2777,13.83,9.002,-9.654,0.0,13.19,0.7071,-0.7071,-0.9998,0.0183,0,0,1,50.2,53.8,58.9,3.2,-9.1
lnjp_hospital,Lok Nayak Jai Prakash Narayan (LNJP) Hospital,healthcare,28.638,77.2405,2026-10-02T10:00,2026,10,2,10,275,51.5,199.8,8.6,13.8,336.0,151.0,271.0,35.3,28.0,14.1,988.1,13.1,316.0,2345.0,0.2578,13.27,9.1,-9.423,0.0,13.096,0.5,-0.866,-0.9998,0.0183,0,0,0,49.8,50.2,60.3,2.1,-8.8
lnjp_hospital,Lok Nayak Jai Prakash Narayan (LNJP) Hospital,healthcare,28.638,77.2405,2026-10-02T11:00,2026,10,2,11,275,53.8,212.8,14.1,14.1,445.0,134.0,291.0,34.7,30.0,14.8,988.2,13.0,313.0,2025.0,0.2528,13.6,9.508,-8.866,0.0,12.99,0.2588,-0.9659,-0.9998,0.0183,0,0,0,51.5,49.8,63.6,0.6,-9.8
lnjp_hospital,Lok Nayak Jai Prakash Narayan (LNJP) Hospital,healthcare,28.638,77.2405,2026-10-02T12:00,2026,10,2,12,275,62.4,297.1,20.2,14.6,561.0,109.0,456.0,33.9,34.0,16.1,988.4,12.1,317.0,1570.0,0.21,13.11,8.252,-8.849,0.0,12.091,0.0,-1.0,-0.9998,0.0183,0,0,0,53.8,51.5,73.1,6.3,-10.7
lnjp_hospital,Lok Nayak Jai Prakash Narayan (LNJP) Hospital,healthcare,28.638,77.2405,2026-10-02T13:00,2026,10,2,13,275,73.3,329.7,27.1,17.7,685.0,95.0,493.0,32.7,39.0,17.0,988.5,8.1,313.0,815.0,0.2223,16.3,5.924,-5.524,0.0,8.094,-0.2588,-0.9659,-0.9998,0.0183,0,0,0,62.4,53.8,84.1,2.3,-10.8
lnjp_hospital,Lok Nayak Jai Prakash Narayan (LNJP) Hospital,healthcare,28.638,77.2405,2026-10-02T14:00,2026,10,2,14,275,84.1,366.9,36.8,21.9,815.0,75.0,543.0,31.7,43.0,17.6,988.8,6.9,313.0,425.0,0.2292,19.28,5.046,-4.706,0.0,6.895,-0.5,-0.866,-0.9998,0.0183,0,0,0,73.3,62.4,93.6,-0.1,-9.5
lnjp_hospital,Lok Nayak Jai Prakash Narayan (LNJP) Hospital,healthcare,28.638,77.2405,2026-10-02T15:00,2026,10,2,15,275,93.1,396.7,45.0,25.4,913.0,58.0,583.0,30.7,46.0,17.7,989.2,6.0,327.0,185.0,0.2347,21.85,3.268,-5.032,0.0,5.868,-0.7071,-0.7071,-0.9998,0.0183,0,0,0,84.1,73.3,100.1,-1.8,-7.0
lnjp_hospital,Lok Nayak Jai Prakash Narayan (LNJP) Hospital,healthcare,28.638,77.2405,2026-10-02T16:00,2026,10,2,16,275,100.8,421.9,50.3,27.5,970.0,48.0,609.0,29.7,49.0,18.0,989.1,4.6,321.0,105.0,0.2389,24.08,2.895,-3.575,0.0,4.574,-0.866,-0.5,-0.9998,0.0183,0,0,0,93.1,84.1,102.2,-1.3,-1.4
lnjp_hospital,Lok Nayak Jai Prakash Narayan (LNJP) Hospital,healthcare,28.638,77.2405,2026-10-02T17:00,2026,10,2,17,275,107.1,437.7,54.0,28.9,995.0,42.0,623.0,28.9,53.0,18.4,989.0,4.1,331.0,90.0,0.2447,26.21,1.988,-3.586,0.0,3.941,-0.9659,-0.2588,-0.9998,0.0183,0,0,0,100.8,93.1,100.6,-1.4,6.5
lnjp_hospital,Lok Nayak Jai Prakash Narayan (LNJP) Hospital,healthcare,28.638,77.2405,2026-10-02T18:00,2026,10,2,18,275,109.4,431.2,55.9,29.3,973.0,38.0,613.0,29.1,57.0,19.6,988.7,5.6,327.0,100.0,0.2537,27.76,3.05,-4.697,0.0,5.477,-1.0,-0.0,-0.9998,0.0183,0,0,0,107.1,100.8,95.2,-4.0,14.2
lnjp_hospital,Lok Nayak Jai Prakash Narayan (LNJP) Hospital,healthcare,28.638,77.2405,2026-10-02T19:00,2026,10,2,19,275,107.3,401.4,55.4,28.4,875.0,35.0,563.0,27.6,66.0,20.6,988.3,4.4,333.0,80.0,0.2673,28.68,1.998,-3.92,0.0,4.184,-0.9659,0.2588,-0.9998,0.0183,0,0,0,109.4,107.1,88.5,-4.4,18.8
lnjp_hospital,Lok Nayak Jai Prakash Narayan (LNJP) Hospital,healthcare,28.638,77.2405,2026-10-02T20:00,2026,10,2,20,275,104.3,365.1,53.1,26.6,731.0,34.0,489.0,27.0,70.0,21.1,987.8,3.0,284.0,60.0,0.2857,29.8,2.911,-0.726,0.0,2.571,-0.866,0.5,-0.9998,0.0183,0,0,0,107.3,109.4,82.2,-0.9,22.1
lnjp_hospital,Lok Nayak Jai Prakash Narayan (LNJP) Hospital,healthcare,28.638,77.2405,2026-10-02T21:00,2026,10,2,21,275,99.7,320.4,50.6,25.1,615.0,34.0,417.0,26.4,71.0,20.7,987.6,7.3,254.0,120.0,0.3112,31.02,7.017,2.012,0.0,3.539,-0.7071,0.7071,-0.9998,0.0183,0,0,0,104.3,107.3,77.1,-1.6,22.6
lnjp_hospital,Lok Nayak Jai Prakash Narayan (LNJP) Hospital,healthcare,28.638,77.2405,2026-10-02T22:00,2026,10,2,22,275,94.1,280.3,48.0,24.4,534.0,33.0,355.0,26.2,70.0,20.2,987.5,5.8,266.0,110.0,0.3357,31.59,5.786,0.405,0.0,3.805,-0.5,0.866,-0.9998,0.0183,0,0,0,99.7,104.3,72.6,-1.0,21.5
lnjp_hospital,Lok Nayak Jai Prakash Narayan (LNJP) Hospital,healthcare,28.638,77.2405,2026-10-02T23:00,2026,10,2,23,275,88.2,243.1,45.2,24.0,481.0,32.0,295.0,25.8,69.0,19.8,987.3,6.2,263.0,115.0,0.3628,32.0,6.154,0.756,0.0,3.817,-0.2588,0.9659,-0.9998,0.0183,0,0,0,94.1,99.7,68.2,-0.3,20.0
lnjp_hospital,Lok Nayak Jai Prakash Narayan (LNJP) Hospital,healthcare,28.638,77.2405,2026-10-03T00:00,2026,10,3,0,276,79.9,206.3,32.3,24.0,512.0,50.0,236.0,26.3,67.0,19.7,987.8,6.5,265.0,95.0,0.3873,30.95,6.475,0.567,0.0,4.177,0.0,1.0,-0.9994,0.0355,0,0,0,88.2,94.1,75.9,-2.4,4.0
lnjp_hospital,Lok Nayak Jai Prakash Narayan (LNJP) Hospital,healthcare,28.638,77.2405,2026-10-03T01:00,2026,10,3,1,276,78.2,191.4,34.8,24.6,721.0,54.0,228.0,25.6,70.0,19.7,988.1,5.2,270.0,90.0,0.4086,31.95,5.2,0.0,0.0,3.676,0.2588,0.9659,-0.9994,0.0355,0,0,0,79.9,88.2,75.2,6.6,3.0
lnjp_hospital,Lok Nayak Jai Prakash Narayan (LNJP) Hospital,healthcare,28.638,77.2405,2026-10-03T02:00,2026,10,3,2,276,79.4,181.1,37.8,25.4,1014.0,61.0,218.0,26.4,68.0,20.0,988.6,5.4,262.0,105.0,0.4384,34.81,5.347,0.752,0.0,3.249,0.5,0.866,-0.9994,0.0355,0,0,0,78.2,79.9,76.6,2.9,2.8
lnjp_hospital,Lok Nayak Jai Prakash Narayan (LNJP) Hospital,healthcare,28.638,77.2405,2026-10-03T03:00,2026,10,3,3,276,78.0,191.4,37.0,25.5,1159.0,78.0,211.0,28.1,62.0,20.2,989.2,3.1,260.0,160.0,0.4075,31.79,3.053,0.538,0.0,1.778,0.7071,0.7071,-0.9994,0.0355,0,0,0,79.4,78.2,74.7,-2.6,3.3
lnjp_hospital,Lok Nayak Jai Prakash Narayan (LNJP) Hospital,healthcare,28.638,77.2405,2026-10-03T04:00,2026,10,3,4,276,71.2,201.6,28.8,24.5,1013.0,114.0,212.0,30.3,53.0,19.6,989.7,3.9,257.0,345.0,0.3532,25.15,3.8,0.877,0.0,2.066,0.866,0.5,-0.9994,0.0355,0,0,0,78.0,79.4,67.5,-5.4,3.7
lnjp_hospital,Lok Nayak Jai Prakash Narayan (LNJP) Hospital,healthcare,28.638,77.2405,2026-10-03T05:00,2026,10,3,5,276,60.5,184.4,16.8,22.9,719.0,158.0,217.0,32.2,44.0,18.4,989.5,4.9,264.0,815.0,0.3281,19.85,4.873,0.512,0.0,3.083,0.9659,0.2588,-0.9994,0.0355,0,0,0,71.2,78.0,61.2,-3.9,-0.7
lnjp_hospital,Lok Nayak Jai Prakash Narayan (LNJP) Hospital,healthcare,28.638,77.2405,2026-10-03T06:00,2026,10,3,6,276,55.5,172.8,7.8,21.2,479.0,189.0,222.0,34.6,37.0,17.6,989.0,7.3,281.0,1720.0,0.3212,17.83,7.166,-1.393,0.0,6.051,1.0,0.0,-0.9994,0.0355,0,0,0,60.5,71.2,57.9,5.7,-2.4
lnjp_hospital,Lok Nayak Jai Prakash Narayan (LNJP) Hospital,healthcare,28.638,77.2405,2026-10-03T07:00,2026,10,3,7,276,52.3,165.8,4.3,19.3,353.0,194.0,224.0,35.6,33.0,16.6,987.9,8.7,291.0,1900.0,0.3154,16.5,8.122,-3.118,0.0,7.947,0.9659,-0.2588,-0.9994,0.0355,0,0,1,55.5,60.5,53.8,1.8,-1.5
lnjp_hospital,Lok Nayak Jai Prakash Narayan (LNJP) Hospital,healthcare,28.638,77.2405,2026-10-03T08:00,2026,10,3,8,276,50.9,165.8,3.9,17.2,281.0,185.0,226.0,36.2,29.0,15.4,987.1,10.1,297.0,2015.0,0.307,15.63,8.999,-4.585,0.0,9.604,0.866,-0.5,-0.9994,0.0355,0,0,1,52.3,55.5,50.2,1.8,0.7
lnjp_hospital,Lok Nayak Jai Prakash Narayan (LNJP) Hospital,healthcare,28.638,77.2405,2026-10-03T09:00,2026,10,3,9,276,51.2,172.3,5.3,15.7,279.0,173.0,232.0,36.3,29.0,15.2,986.2,10.9,299.0,1955.0,0.2972,15.21,9.533,-5.284,0.0,10.476,0.7071,-0.7071,-0.9994,0.0355,0,0,1,50.9,52.3,49.8,1.7,1.4
lnjp_hospital,Lok Nayak Jai Prakash Narayan (LNJP) Hospital,healthcare,28.638,77.2405,2026-10-03T10:00,2026,10,3,10,276,53.0,184.4,8.3,14.9,380.0,160.0,246.0,36.1,28.0,15.0,985.8,11.4,298.0,1875.0,0.2874,15.23,10.066,-5.352,0.0,10.9,0.5,-0.866,-0.9994,0.0355,0,0,0,51.2,50.9,51.5,1.5,1.5
lnjp_hospital,Lok Nayak Jai Prakash Narayan (LNJP) Hospital,healthcare,28.638,77.2405,2026-10-03T11:00,2026,10,3,11,276,55.5,192.8,13.3,14.6,550.0,143.0,263.0,35.5,30.0,15.0,985.7,11.8,298.0,1750.0,0.2879,15.98,10.419,-5.54,0.0,11.283,0.2588,-0.9659,-0.9994,0.0355,0,0,0,53.0,51.2,53.8,0.7,1.7
lnjp_hospital,Lok Nayak Jai Prakash Narayan (LNJP) Hospital,healthcare,28.638,77.2405,2026-10-03T12:00,2026,10,3,12,276,55.6,230.0,19.3,14.5,710.0,117.0,339.0,35.1,31.0,15.3,985.7,9.8,319.0,1345.0,0.2417,13.44,6.429,-7.396,0.0,9.775,0.0,-1.0,-0.9994,0.0355,0,0,0,55.5,53.0,62.4,-2.4,-6.8
lnjp_hospital,Lok Nayak Jai Prakash Narayan (LNJP) Hospital,healthcare,28.638,77.2405,2026-10-03T13:00,2026,10,3,13,276,66.1,241.2,29.4,17.8,819.0,99.0,350.0,33.4,40.0,17.8,986.0,7.3,344.0,465.0,0.274,18.11,2.012,-7.017,0.0,6.384,-0.2588,-0.9659,-0.9994,0.0355,0,0,0,55.6,55.5,73.3,10.4,-7.2
lnjp_hospital,Lok Nayak Jai Prakash Narayan (LNJP) Hospital,healthcare,28.638,77.2405,2026-10-03T14:00,2026,10,3,14,276,75.7,261.7,43.5,22.4,916.0,73.0,368.0,32.2,46.0,19.0,986.4,6.7,357.0,265.0,0.2893,21.9,0.351,-6.691,0.0,4.978,-0.5,-0.866,-0.9994,0.0355,0,0,0,66.1,55.6,84.1,-0.9,-8.4
lnjp_hospital,Lok Nayak Jai Prakash Narayan (LNJP) Hospital,healthcare,28.638,77.2405,2026-10-03T15:00,2026,10,3,15,276,84.3,288.7,54.8,26.2,1041.0,52.0,393.0,31.3,50.0,19.6,986.9,4.7,353.0,180.0,0.292,24.62,0.573,-4.665,0.0,3.703,-0.7071,-0.7071,-0.9994,0.0355,0,0,0,75.7,66.1,93.1,-1.0,-8.8
lnjp_hospital,Lok Nayak Jai Prakash Narayan (LNJP) Hospital,healthcare,28.638,77.2405,2026-10-03T16:00,2026,10,3,16,276,92.0,319.4,60.1,28.4,1257.0,41.0,432.0,30.4,55.0,20.3,987.2,3.4,6.0,175.0,0.288,26.5,-0.355,-3.381,0.0,2.139,-0.866,-0.5,-0.9994,0.0355,0,0,0,84.3,75.7,100.8,-0.9,-8.8
lnjp_hospital,Lok Nayak Jai Prakash Narayan (LNJP) Hospital,healthcare,28.638,77.2405,2026-10-03T17:00,2026,10,3,17,276,99.9,351.1,62.6,29.9,1500.0,35.0,480.0,29.7,62.0,21.8,987.1,1.4,90.0,130.0,0.2845,28.42,-1.4,-0.0,0.0,0.0,-0.9659,-0.2588,-0.9994,0.0355,0,0,0,92.0,84.3,107.1,0.2,-7.2
lnjp_hospital,Lok Nayak Jai Prakash Narayan (LNJP) Hospital,healthcare,28.638,77.2405,2026-10-03T18:00,2026,10,3,18,276,106.9,379.0,65.1,31.2,1618.0,30.0,520.0,29.7,60.0,21.0,987.1,1.3,98.0,15.0,0.2821,30.15,-1.287,0.181,0.0,0.0,-1.0,-0.0,-0.9994,0.0355,0,0,0,99.9,92.0,109.4,-0.9,-2.5
lnjp_hospital,Lok Nayak Jai Prakash Narayan (LNJP) Hospital,healthcare,28.638,77.2405,2026-10-03T19:00,2026,10,3,19,276,112.0,400.5,68.7,32.4,1523.0,23.0,550.0,28.8,67.0,22.1,986.5,0.4,243.0,10.0,0.2797,31.32,0.356,0.182,0.0,0.124,-0.9659,0.2588,-0.9994,0.0355,0,0,0,106.9,99.9,107.3,-1.9,4.7
lnjp_hospital,Lok Nayak Jai Prakash Narayan (LNJP) Hospital,healthcare,28.638,77.2405,2026-10-03T20:00,2026,10,3,20,276,115.5,418.2,72.2,33.4,1302.0,17.0,574.0,28.3,70.0,22.2,986.1,1.9,229.0,35.0,0.2762,31.9,1.434,1.247,0.0,0.133,-0.866,0.5,-0.9994,0.0355,0,0,0,112.0,106.9,104.3,-1.6,11.2
lnjp_hospital,Lok Nayak Jai Prakash Narayan (LNJP) Hospital,healthcare,28.638,77.2405,2026-10-03T21:00,2026,10,3,21,276,120.6,429.3,75.2,34.7,1067.0,12.0,585.0,28.0,70.0,22.1,985.7,1.9,236.0,45.0,0.2809,33.88,1.575,1.062,0.0,0.362,-0.7071,0.7071,-0.9994,0.0355,0,0,0,115.5,112.0,99.7,1.6,20.9
lnjp_hospital,Lok Nayak Jai Prakash Narayan (LNJP) Hospital,healthcare,28.638,77.2405,2026-10-03T22:00,2026,10,3,22,276,123.9,441.4,78.6,36.7,818.0,5.0,583.0,27.5,72.0,22.0,985.2,2.4,228.0,40.0,0.2807,34.78,1.784,1.606,0.0,0.126,-0.5,0.866,-0.9994,0.0355,0,0,0,120.6,115.5,94.1,-1.8,29.8
lnjp_hospital,Lok Nayak Jai Prakash Narayan (LNJP) Hospital,healthcare,28.638,77.2405,2026-10-03T23:00,2026,10,3,23,276,125.7,438.7,81.4,38.9,555.0,0.0,569.0,27.0,73.0,21.6,985.1,3.2,251.0,65.0,0.2865,36.02,3.026,1.042,0.0,1.403,-0.2588,0.9659,-0.9994,0.0355,0,0,0,123.9,120.6,88.2,-1.5,37.5
lnjp_hospital,Lok Nayak Jai Prakash Narayan (LNJP) Hospital,healthcare,28.638,77.2405,2026-10-04T00:00,2026,10,4,0,277,122.5,408.9,80.0,40.5,382.0,4.0,541.0,26.6,73.0,21.4,985.3,3.6,243.0,80.0,0.2996,36.7,3.208,1.634,0.0,1.112,0.0,1.0,-0.9986,0.0527,0,0,0,125.7,123.9,79.9,-5.0,42.6
lnjp_hospital,Lok Nayak Jai Prakash Narayan (LNJP) Hospital,healthcare,28.638,77.2405,2026-10-04T01:00,2026,10,4,1,277,118.3,379.0,72.1,41.3,380.0,21.0,490.0,26.2,73.0,21.1,985.8,3.5,249.0,95.0,0.3121,36.93,3.268,1.254,0.0,1.423,0.2588,0.9659,-0.9986,0.0527,0,0,0,122.5,125.7,78.2,-1.0,40.1
lnjp_hospital,Lok Nayak Jai Prakash Narayan (LNJP) Hospital,healthcare,28.638,77.2405,2026-10-04T02:00,2026,10,4,2,277,113.9,317.6,60.1,41.5,468.0,47.0,425.0,27.0,69.0,20.8,986.2,2.6,236.0,105.0,0.3586,40.85,2.155,1.454,0.0,0.496,0.5,0.866,-0.9986,0.0527,0,0,0,118.3,122.5,79.4,-0.2,34.5
lnjp_hospital,Lok Nayak Jai Prakash Narayan (LNJP) Hospital,healthcare,28.638,77.2405,2026-10-04T03:00,2026,10,4,3,277,103.1,299.0,47.6,40.6,511.0,80.0,371.0,28.6,60.0,20.1,986.9,3.2,232.0,205.0,0.3448,35.55,2.522,1.97,0.0,0.39,0.7071,0.7071,-0.9986,0.0527,0,0,0,113.9,118.3,78.0,-6.4,25.1
lnjp_hospital,Lok Nayak Jai Prakash Narayan (LNJP) Hospital,healthcare,28.638,77.2405,2026-10-04T04:00,2026,10,4,4,277,92.0,289.6,34.4,38.5,439.0,128.0,339.0,30.4,48.0,18.1,987.5,5.2,241.0,345.0,0.3177,29.23,4.548,2.521,0.0,1.433,0.866,0.5,-0.9986,0.0527,0,0,0,103.1,113.9,71.2,-0.3,20.8
lnjp_hospital,Lok Nayak Jai Prakash Narayan (LNJP) Hospital,healthcare,28.638,77.2405,2026-10-04T05:00,2026,10,4,5,277,81.0,261.7,20.7,35.3,323.0,183.0,316.0,32.3,37.0,15.8,987.5,6.5,265.0,620.0,0.3095,25.07,6.475,0.567,0.0,4.177,0.9659,0.2588,-0.9986,0.0527,0,0,0,92.0,103.1,60.5,0.1,20.5
lnjp_hospital,Lok Nayak Jai Prakash Narayan (LNJP) Hospital,healthcare,28.638,77.2405,2026-10-04T06:00,2026,10,4,6,277,69.6,225.8,10.5,31.6,239.0,219.0,295.0,33.9,31.0,14.2,987.1,7.1,279.0,880.0,0.3082,21.45,7.013,-1.111,0.0,5.743,1.0,0.0,-0.9986,0.0527,0,0,0,81.0,92.0,55.5,-0.4,14.1
lnjp_hospital,Lok Nayak Jai Prakash Narayan (LNJP) Hospital,healthcare,28.638,77.2405,2026-10-04T07:00,2026,10,4,7,277,59.8,192.8,5.7,26.9,217.0,223.0,266.0,35.1,27.0,13.3,986.4,6.8,282.0,1115.0,0.3102,18.55,6.651,-1.414,0.0,5.702,0.9659,-0.2588,-0.9986,0.0527,0,0,1,69.6,81.0,52.3,1.6,7.5
lnjp_hospital,Lok Nayak Jai Prakash Narayan (LNJP) Hospital,healthcare,28.638,77.2405,2026-10-04T08:00,2026,10,4,8,277,51.9,171.4,4.4,21.7,227.0,208.0,238.0,35.7,26.0,13.5,985.7,7.1,291.0,1450.0,0.3028,15.72,6.628,-2.544,0.0,6.485,0.866,-0.5,-0.9986,0.0527,0,0,1,59.8,69.6,50.9,1.9,1.0
lnjp_hospital,Lok Nayak Jai Prakash Narayan (LNJP) Hospital,healthcare,28.638,77.2405,2026-10-04T09:00,2026,10,4,9,277,46.7,163.0,4.9,17.8,258.0,189.0,224.0,36.0,27.0,13.9,984.6,8.5,294.0,1730.0,0.2865,13.38,7.765,-3.457,0.0,7.934,0.7071,-0.7071,-0.9986,0.0527,0,0,1,51.9,59.8,51.2,2.7,-4.5
lnjp_hospital,Lok Nayak Jai Prakash Narayan (LNJP) Hospital,healthcare,28.638,77.2405,2026-10-04T10:00,2026,10,4,10,277,45.4,170.4,6.3,15.7,289.0,170.0,232.0,35.7,28.0,14.5,984.0,9.7,298.0,1650.0,0.2664,12.1,8.565,-4.554,0.0,9.275,0.5,-0.866,-0.9986,0.0527,0,0,0,46.7,51.9,53.0,3.9,-7.6
lnjp_hospital,Lok Nayak Jai Prakash Narayan (LNJP) Hospital,healthcare,28.638,77.2405,2026-10-04T11:00,2026,10,4,11,277,47.6,184.9,9.5,14.8,339.0,147.0,254.0,35.0,31.0,15.5,983.9,10.1,299.0,1385.0,0.2574,12.25,8.834,-4.897,0.0,9.707,0.2588,-0.9659,-0.9986,0.0527,0,0,0,45.4,46.7,55.5,3.5,-7.9
lnjp_hospital,Lok Nayak Jai Prakash Narayan (LNJP) Hospital,healthcare,28.638,77.2405,2026-10-04T12:00,2026,10,4,12,277,53.0,195.6,15.2,15.7,458.0,124.0,277.0,33.9,36.0,16.6,984.1,8.4,307.0,915.0,0.271,14.36,6.709,-5.055,0.0,8.317,0.0,-1.0,-0.9986,0.0527,0,0,0,47.6,45.4,55.6,3.2,-2.6
lnjp_hospital,Lok Nayak Jai Prakash Narayan (LNJP) Hospital,healthcare,28.638,77.2405,2026-10-04T13:00,2026,10,4,13,277,63.1,212.8,24.7,18.9,695.0,102.0,295.0,32.6,42.0,17.9,984.4,4.8,331.0,440.0,0.2965,18.71,2.327,-4.198,0.0,4.613,-0.2588,-0.9659,-0.9986,0.0527,0,0,0,53.0,47.6,66.1,4.7,-3.0
lnjp_hospital,Lok Nayak Jai Prakash Narayan (LNJP) Hospital,healthcare,28.638,77.2405,2026-10-04T14:00,2026,10,4,14,277,73.6,229.1,36.8,23.7,1001.0,81.0,314.0,31.7,47.0,19.0,985.0,3.4,3.0,280.0,0.3213,23.64,-0.178,-3.395,0.0,2.275,-0.5,-0.866,-0.9986,0.0527,0,0,0,63.1,53.0,75.7,0.4,-2.1
lnjp_hospital,Lok Nayak Jai Prakash Narayan (LNJP) Hospital,healthcare,28.638,77.2405,2026-10-04T15:00,2026,10,4,15,277,85.0,259.8,48.4,28.7,1270.0,62.0,336.0,30.9,54.0,20.5,985.3,2.4,9.0,175.0,0.3272,27.81,-0.375,-2.37,0.0,1.41,-0.7071,-0.7071,-0.9986,0.0527,0,0,0,73.6,63.1,84.3,0.9,0.7
lnjp_hospital,Lok Nayak Jai Prakash Narayan (LNJP) Hospital,healthcare,28.638,77.2405,2026-10-04T16:00,2026,10,4,16,277,96.2,292.4,58.9,33.9,1502.0,46.0,364.0,30.5,56.0,20.6,985.5,0.4,207.0,35.0,0.329,31.65,0.182,0.356,0.0,0.0,-0.866,-0.5,-0.9986,0.0527,0,0,0,85.0,73.6,92.0,-0.2,4.2
lnjp_hospital,Lok Nayak Jai Prakash Narayan (LNJP) Hospital,healthcare,28.638,77.2405,2026-10-04T17:00,2026,10,4,17,277,109.4,317.6,68.9,39.3,1698.0,33.0,395.0,30.1,57.0,20.7,985.1,0.6,162.0,20.0,0.3445,37.68,-0.185,0.571,0.0,0.0,-0.9659,-0.2588,-0.9986,0.0527,0,0,0,96.2,85.0,99.9,2.0,9.5
lnjp_hospital,Lok Nayak Jai Prakash Narayan (LNJP) Hospital,healthcare,28.638,77.2405,2026-10-04T18:00,2026,10,4,18,277,117.6,338.1,77.0,43.2,1758.0,22.0,419.0,29.4,60.0,20.8,985.0,2.2,194.0,40.0,0.3478,40.9,0.532,2.135,0.0,0.0,-1.0,-0.0,-0.9986,0.0527,0,0,0,109.4,96.2,106.9,-5.0,10.7
lnjp_hospital,Lok Nayak Jai Prakash Narayan (LNJP) Hospital,healthcare,28.638,77.2405,2026-10-04T19:00,2026,10,4,19,277,122.0,353.0,82.5,44.8,1596.0,13.0,432.0,28.9,63.0,21.1,984.7,1.1,189.0,30.0,0.3456,42.16,0.172,1.086,0.0,0.0,-0.9659,0.2588,-0.9986,0.0527,0,0,0,117.6,109.4,112.0,-3.8,10.0
lnjp_hospital,Lok Nayak Jai Prakash Narayan (LNJP) Hospital,healthcare,28.638,77.2405,2026-10-04T20:00,2026,10,4,20,277,126.7,359.5,86.1,44.9,1298.0,6.0,437.0,28.1,67.0,21.5,984.3,1.6,207.0,25.0,0.3524,44.65,0.726,1.426,0.0,0.0,-0.866,0.5,-0.9986,0.0527,0,0,0,122.0,117.6,115.5,0.3,11.2
lnjp_hospital,Lok Nayak Jai Prakash Narayan (LNJP) Hospital,healthcare,28.638,77.2405,2026-10-04T21:00,2026,10,4,21,277,129.9,361.4,87.9,44.7,1018.0,2.0,440.0,27.5,68.0,21.1,983.8,3.3,229.0,60.0,0.3594,46.69,2.491,2.165,0.0,0.23,-0.7071,0.7071,-0.9986,0.0527,0,0,0,126.7,122.0,120.6,-1.5,9.3
lnjp_hospital,Lok Nayak Jai Prakash Narayan (LNJP) Hospital,healthcare,28.638,77.2405,2026-10-04T22:00,2026,10,4,22,277,131.8,366.9,88.7,45.1,782.0,0.0,444.0,27.2,69.0,20.9,983.4,3.4,245.0,80.0,0.3592,47.35,3.081,1.437,0.0,1.163,-0.5,0.866,-0.9986,0.0527,0,0,0,129.9,126.7,123.9,-1.3,7.9
lnjp_hospital,Lok Nayak Jai Prakash Narayan (LNJP) Hospital,healthcare,28.638,77.2405,2026-10-04T23:00,2026,10,4,23,277,131.3,366.9,87.7,45.2,565.0,0.0,445.0,26.6,66.0,19.7,983.2,6.5,242.0,125.0,0.3579,46.99,5.739,3.052,0.0,1.9,-0.2588,0.9659,-0.9986,0.0527,0,0,0,131.8,129.9,125.7,-2.4,5.6
